model,z,w_eff_CPL,epsilon_substrate,m_substrate,Omega_DE_fraction,Q_bulk_over_HrhoDE_for_w_int_minus1
Planck-like LCDM geometry control,0.0,-1.0,0.4738843357700109,0.9477686715400218,0.6841078321149945,0.0
Planck-like LCDM geometry control,0.006,-1.0,0.4797222634185721,0.9594445268371442,0.6802164453644803,0.0
Planck-like LCDM geometry control,0.012,-1.0,0.48556303699170134,0.9711260739834027,0.6763231660567599,0.0
Planck-like LCDM geometry control,0.018000000000000002,-1.0,0.4914058317814526,0.9828116635629052,0.6724285439459888,0.0
Planck-like LCDM geometry control,0.024,-1.0,0.49724983168427134,0.9944996633685427,0.6685331230493516,0.0
Planck-like LCDM geometry control,0.03,-1.0,0.5030942294988824,1.0061884589977648,0.6646374414485036,0.0
Planck-like LCDM geometry control,0.036000000000000004,-1.0,0.508938227211467,1.017876454422934,0.6607420310994919,0.0
Planck-like LCDM geometry control,0.042,-1.0,0.5147810362681092,1.0295620725362185,0.6568474176511587,0.0
Planck-like LCDM geometry control,0.048,-1.0,0.5206218778345142,1.0412437556690284,0.652954120272034,0.0
Planck-like LCDM geometry control,0.054,-1.0,0.5264599830430116,1.0529199660860231,0.6490626514856995,0.0
Planck-like LCDM geometry control,0.06,-1.0,0.5322945932268843,1.0645891864537687,0.6451735170146082,0.0
Planck-like LCDM geometry control,0.066,-1.0,0.5381249601420716,1.0762499202841431,0.641287215632315,0.0
Planck-like LCDM geometry control,0.07200000000000001,-1.0,0.5439503461763142,1.0879006923526284,0.6374042390240829,0.0
Planck-like LCDM geometry control,0.078,-1.0,0.5497700245458309,1.0995400490916618,0.6335250716557986,0.0
Planck-like LCDM geometry control,0.084,-1.0,0.5555832794796175,1.111166558959235,0.6296501906511415,0.0
Planck-like LCDM geometry control,0.09,-1.0,0.5613894063914884,1.1227788127829768,0.6257800656769216,0.0
Planck-like LCDM geometry control,0.096,-1.0,0.5671877120399857,1.1343754240799715,0.6219151588365095,0.0
Planck-like LCDM geometry control,0.10200000000000001,-1.0,0.5729775146762932,1.1459550293525864,0.6180559245712554,0.0
Planck-like LCDM geometry control,0.108,-1.0,0.5787581441803132,1.1575162883606265,0.6142028095698074,0.0
Planck-like LCDM geometry control,0.114,-1.0,0.5845289421850655,1.169057884370131,0.6103562526852071,0.0
Planck-like LCDM geometry control,0.12,-1.0,0.5902892621895879,1.1805785243791758,0.6065166848596559,0.0
Planck-like LCDM geometry control,0.126,-1.0,0.5960384696605207,1.1920769393210413,0.6026845290568221,0.0
Planck-like LCDM geometry control,0.132,-1.0,0.6017759421225752,1.2035518842451505,0.5988602002015582,0.0
Planck-like LCDM geometry control,0.138,-1.0,0.6075010692380817,1.2150021384761633,0.595044105126897,0.0
Planck-like LCDM geometry control,0.14400000000000002,-1.0,0.6132132528758453,1.2264265057516905,0.5912366425281793,0.0
Planck-like LCDM geometry control,0.15,-1.0,0.6189119071695118,1.2378238143390237,0.5874382029241686,0.0
Planck-like LCDM geometry control,0.156,-1.0,0.6245964585656891,1.2491929171313783,0.5836491686249992,0.0
Planck-like LCDM geometry control,0.162,-1.0,0.6302663458620448,1.2605326917240895,0.5798699137068043,0.0
Planck-like LCDM geometry control,0.168,-1.0,0.6359210202356275,1.271842040471255,0.5761008039928607,0.0
Planck-like LCDM geometry control,0.17400000000000002,-1.0,0.6415599452616568,1.2831198905233137,0.5723421970410882,0.0
Planck-like LCDM geometry control,0.18,-1.0,0.6471825969230304,1.2943651938460607,0.5685944421377374,0.0
Planck-like LCDM geometry control,0.186,-1.0,0.6527884636108005,1.305576927221601,0.5648578802970935,0.0
Planck-like LCDM geometry control,0.192,-1.0,0.6583770461158838,1.3167540922317675,0.561132844267029,0.0
Planck-like LCDM geometry control,0.198,-1.0,0.6639478576122577,1.3278957152245154,0.557419658540228,0.0
Planck-like LCDM geometry control,0.20400000000000001,-1.0,0.6695004236319131,1.3390008472638262,0.5537186393709068,0.0
Planck-like LCDM geometry control,0.21,-1.0,0.6750342820318219,1.3500685640636438,0.5500300947968566,0.0
Planck-like LCDM geometry control,0.216,-1.0,0.6805489829531911,1.3610979659063822,0.546354324666628,0.0
Planck-like LCDM geometry control,0.222,-1.0,0.6860440887732673,1.3720881775465346,0.5426916206716831,0.0
Planck-like LCDM geometry control,0.228,-1.0,0.6915191740499601,1.3830383480999202,0.5390422663833292,0.0
Planck-like LCDM geometry control,0.234,-1.0,0.6969738254595536,1.393947650919107,0.5354065372942678,0.0
Planck-like LCDM geometry control,0.24,-1.0,0.7024076417277686,1.4048152834555372,0.531784700864567,0.0
Planck-like LCDM geometry control,0.246,-1.0,0.7078202335544478,1.4156404671088956,0.5281770165718902,0.0
Planck-like LCDM geometry control,0.252,-1.0,0.7132112235321244,1.4264224470642488,0.5245837359658021,0.0
Planck-like LCDM geometry control,0.258,-1.0,0.7185802460587383,1.4371604921174765,0.5210051027259703,0.0
Planck-like LCDM geometry control,0.264,-1.0,0.7239269472447639,1.4478538944895278,0.5174413527240996,0.0
Planck-like LCDM geometry control,0.27,-1.0,0.7292509848150043,1.4585019696300086,0.5138927140894136,0.0
Planck-like LCDM geometry control,0.276,-1.0,0.7345520280053119,1.4691040560106239,0.5103594072775233,0.0
Planck-like LCDM geometry control,0.28200000000000003,-1.0,0.7398297574544884,1.4796595149089768,0.5068416451425077,0.0
Planck-like LCDM geometry control,0.28800000000000003,-1.0,0.7450838650916104,1.4901677301832208,0.5033396330120418,0.0
Planck-like LCDM geometry control,0.294,-1.0,0.750314054019035,1.50062810803807,0.4998535687654056,0.0
Planck-like LCDM geometry control,0.3,-1.0,0.7555200383913202,1.5110400767826404,0.4963836429142149,0.0
Planck-like LCDM geometry control,0.306,-1.0,0.7607015432903056,1.5214030865806112,0.49293003868571145,0.0
Planck-like LCDM geometry control,0.312,-1.0,0.7658583045965861,1.5317166091931722,0.48949293210845934,0.0
Planck-like LCDM geometry control,0.318,-1.0,0.7709900688576081,1.5419801377152162,0.48607249210028836,0.0
Planck-like LCDM geometry control,0.324,-1.0,0.7760965931526161,1.5521931863052323,0.48266888055833934,0.0
Planck-like LCDM geometry control,0.33,-1.0,0.781177644954672,1.562355289909344,0.47928225245106093,0.0
Planck-like LCDM geometry control,0.336,-1.0,0.7862330019899603,1.5724660039799205,0.4759127559120129,0.0
Planck-like LCDM geometry control,0.342,-1.0,0.7912624520945976,1.5825249041891951,0.47256053233533457,0.0
Planck-like LCDM geometry control,0.34800000000000003,-1.0,0.7962657930691444,1.5925315861382887,0.46922571647274375,0.0
Planck-like LCDM geometry control,0.354,-1.0,0.8012428325310288,1.6024856650620576,0.4659084365319272,0.0
Planck-like LCDM geometry control,0.36,-1.0,0.8061933877650762,1.6123867755301524,0.46260881427619366,0.0
Planck-like LCDM geometry control,0.366,-1.0,0.8111172855723339,1.6222345711446677,0.459326965125263,0.0
Planck-like LCDM geometry control,0.372,-1.0,0.8160143621173777,1.6320287242347553,0.4560629982570661,0.0
Planck-like LCDM geometry control,0.378,-1.0,0.8208844627742863,1.6417689255485726,0.45281701671043334,0.0
Planck-like LCDM geometry control,0.384,-1.0,0.8257274419714482,1.6514548839428964,0.4495891174885611,0.0
Planck-like LCDM geometry control,0.39,-1.0,0.8305431630353831,1.6610863260707662,0.4463793916631342,0.0
Planck-like LCDM geometry control,0.396,-1.0,0.8353314980337296,1.6706629960674593,0.44318792447900285,0.0
Planck-like LCDM geometry control,0.402,-1.0,0.8400923276175715,1.680184655235143,0.4400147954593025,0.0
Planck-like LCDM geometry control,0.40800000000000003,-1.0,0.844825540863243,1.689651081726486,0.4368600785109186,0.0
Planck-like LCDM geometry control,0.41400000000000003,-1.0,0.8495310351137719,1.6990620702275439,0.43372384203019265,0.0
Planck-like LCDM geometry control,0.42,-1.0,0.854208715820097,1.708417431640194,0.4306061490087797,0.0
Planck-like LCDM geometry control,0.426,-1.0,0.8588584963821995,1.717716992764399,0.4275070571395613,0.0
Planck-like LCDM geometry control,0.432,-1.0,0.8634802979902789,1.7269605959805578,0.4244266189225277,0.0
Planck-like LCDM geometry control,0.438,-1.0,0.8680740494661056,1.7361480989322111,0.4213648817705462,0.0
Planck-like LCDM geometry control,0.444,-1.0,0.8726396871046626,1.745279374209325,0.41832188811493026,0.0
Planck-like LCDM geometry control,0.45,-1.0,0.8771771545162027,1.7543543090324054,0.41529767551073565,0.0
Planck-like LCDM geometry control,0.456,-1.0,0.8816864024688262,1.7633728049376525,0.4122922767417084,0.0
Planck-like LCDM geometry control,0.462,-1.0,0.8861673887316889,1.7723347774633778,0.4093057199248115,0.0
Planck-like LCDM geometry control,0.468,-1.0,0.8906200779189395,1.781240155837879,0.4063380286142647,0.0
Planck-like LCDM geometry control,0.47400000000000003,-1.0,0.8950444413344879,1.7900888826689758,0.40338922190503224,0.0
Planck-like LCDM geometry control,0.48,-1.0,0.8994404568176899,1.7988809136353798,0.40045931453569605,0.0
Planck-like LCDM geometry control,0.486,-1.0,0.9038081085900435,1.807616217180087,0.39754831699065857,0.0
Planck-like LCDM geometry control,0.492,-1.0,0.9081473871029708,1.8162947742059417,0.3946562356016164,0.0
Planck-like LCDM geometry control,0.498,-1.0,0.9124582888867747,1.8249165777735494,0.39178307264825535,0.0
Planck-like LCDM geometry control,0.504,-1.0,0.9167408164008334,1.8334816328016668,0.38892882645811716,0.0
Planck-like LCDM geometry control,0.51,-1.0,0.9209949778851134,1.8419899557702268,0.38609349150558836,0.0
Planck-like LCDM geometry control,0.516,-1.0,0.9252207872130551,1.8504415744261102,0.383277058509972,0.0
Planck-like LCDM geometry control,0.522,-1.0,0.9294182637459065,1.858836527491813,0.3804795145325969,0.0
Planck-like LCDM geometry control,0.528,-1.0,0.9335874321885487,1.8671748643770973,0.37770084307292895,0.0
Planck-like LCDM geometry control,0.534,-1.0,0.9377283224468778,1.8754566448937555,0.3749410241636468,0.0
Planck-like LCDM geometry control,0.54,-1.0,0.941840969486788,1.883681938973576,0.37220003446464855,0.0
Planck-like LCDM geometry control,0.546,-1.0,0.945925413194805,1.89185082638961,0.3694778473559595,0.0
Planck-like LCDM geometry control,0.552,-1.0,0.9499816982404103,1.8999633964808207,0.3667744330295112,0.0
Planck-like LCDM geometry control,0.558,-1.0,0.9540098739400983,1.9080197478801966,0.3640897585797654,0.0
Planck-like LCDM geometry control,0.5640000000000001,-1.0,0.9580099941232019,1.9160199882464037,0.3614237880931594,0.0
Planck-like LCDM geometry control,0.5700000000000001,-1.0,0.9619821169995196,1.9239642339990393,0.35877648273634977,0.0
Planck-like LCDM geometry control,0.5760000000000001,-1.0,0.9659263050287746,1.9318526100575493,0.3561478008432349,0.0
Planck-like LCDM geometry control,0.582,-1.0,0.9698426247919326,1.9396852495838652,0.3535376980007386,0.0
Planck-like LCDM geometry control,0.588,-1.0,0.9737311468644031,1.9474622937288062,0.35094612713333667,0.0
Planck-like LCDM geometry control,0.594,-1.0,0.9775919456911427,1.9551838913822854,0.3483730385863164,0.0
Planck-like LCDM geometry control,0.6,-1.0,0.9814250994636882,1.9628501989273763,0.34581838020775035,0.0
Planck-like LCDM geometry control,0.606,-1.0,0.9852306899991209,1.9704613799982418,0.34328209742917987,0.0
Planck-like LCDM geometry control,0.612,-1.0,0.9890088026209932,1.9780176052419864,0.34076413334499334,0.0
Planck-like LCDM geometry control,0.618,-1.0,0.9927595260422117,1.9855190520844235,0.3382644287904977,0.0
Planck-like LCDM geometry control,0.624,-1.0,0.9964829522499018,1.9929659044998036,0.3357829224186703,0.0
Planck-like LCDM geometry control,0.63,-1.0,1.000179176392248,2.000358352784496,0.3333195507755931,0.0
Planck-like LCDM geometry control,0.636,-1.0,1.0038482966673237,2.0076965933346473,0.3308742483745606,0.0
Planck-like LCDM geometry control,0.642,-1.0,1.007490414213906,2.014980828427812,0.3284469477688637,0.0
Planck-like LCDM geometry control,0.648,-1.0,1.0111056330042854,2.0222112660085707,0.32603757962324453,0.0
Planck-like LCDM geometry control,0.654,-1.0,1.0146940597390592,2.0293881194781185,0.3236460727840289,0.0
Planck-like LCDM geometry control,0.66,-1.0,1.0182558037439164,2.036511607487833,0.3212723543479297,0.0
Planck-like LCDM geometry control,0.666,-1.0,1.0217909768683997,2.0435819537367994,0.318916349729534,0.0
Planck-like LCDM geometry control,0.672,-1.0,1.0252996933866478,2.0505993867732957,0.31657798272746723,0.0
Planck-like LCDM geometry control,0.678,-1.0,1.0287820699001056,2.057564139800211,0.3142571755892496,0.0
Planck-like LCDM geometry control,0.684,-1.0,1.032238225242196,2.064476450484392,0.3119538490748408,0.0
Planck-like LCDM geometry control,0.6900000000000001,-1.0,1.0356682803849389,2.0713365607698777,0.30966792251888847,0.0
Planck-like LCDM geometry control,0.6960000000000001,-1.0,1.0390723583475145,2.078144716695029,0.3073993138916798,0.0
Planck-like LCDM geometry control,0.7020000000000001,-1.0,1.0424505841067493,2.0849011682134986,0.30514793985881244,0.0
Planck-like LCDM geometry control,0.708,-1.0,1.0458030845095183,2.0916061690190366,0.3029137158395862,0.0
Planck-like LCDM geometry control,0.714,-1.0,1.0491299881870437,2.0982599763740875,0.3006965560641313,0.0
Planck-like LCDM geometry control,0.72,-1.0,1.05243142547108,2.10486285094216,0.29849637362928144,0.0
Planck-like LCDM geometry control,0.726,-1.0,1.0557075283119604,2.1114150566239207,0.2963130805531995,0.0
Planck-like LCDM geometry control,0.732,-1.0,1.0589584301984991,2.1179168603969982,0.29414658782877373,0.0
Planck-like LCDM geometry control,0.738,-1.0,1.0621842660797198,2.1243685321594397,0.29199680547579115,0.0
Planck-like LCDM geometry control,0.744,-1.0,1.0653851722883994,2.1307703445767987,0.289863642591904,0.0
Planck-like LCDM geometry control,0.75,-1.0,1.0685612864664014,2.1371225729328027,0.2877470074023998,0.0
Planck-like LCDM geometry control,0.756,-1.0,1.0717127474917845,2.143425494983569,0.2856468073087908,0.0
Planck-like LCDM geometry control,0.762,-1.0,1.0748396954076629,2.1496793908153258,0.2835629489362357,0.0
Planck-like LCDM geometry control,0.768,-1.0,1.0779422713527933,2.1558845427055866,0.2814953381798074,0.0
Planck-like LCDM geometry control,0.774,-1.0,1.0810206174938755,2.162041234987751,0.27944388024962236,0.0
Planck-like LCDM geometry control,0.78,-1.0,1.0840748769595332,2.1681497539190664,0.27740847971484517,0.0
Planck-like LCDM geometry control,0.786,-1.0,1.0871051937759646,2.174210387551929,0.2753890405465857,0.0
Planck-like LCDM geometry control,0.792,-1.0,1.0901117128042268,2.1802234256084536,0.27338546615970066,0.0
Planck-like LCDM geometry control,0.798,-1.0,1.093094579679144,2.186189159358288,0.2713976594535192,0.0
Planck-like LCDM geometry control,0.804,-1.0,1.0960539407498022,2.1921078814996044,0.2694255228515047,0.0
Planck-like LCDM geometry control,0.81,-1.0,1.0989899430216192,2.1979798860432385,0.2674689583398717,0.0
Planck-like LCDM geometry control,0.8160000000000001,-1.0,1.101902734099956,2.203805468199912,0.2655278675051718,0.0
Planck-like LCDM geometry control,0.8220000000000001,-1.0,1.1047924621352514,2.209584924270503,0.26360215157086536,0.0
Planck-like LCDM geometry control,0.8280000000000001,-1.0,1.1076592757696508,2.2153185515393017,0.26169171143289643,0.0
Planck-like LCDM geometry control,0.834,-1.0,1.1105033240851123,2.2210066481702246,0.25979644769428556,0.0
Planck-like LCDM geometry control,0.84,-1.0,1.1133247565529527,2.2266495131059054,0.257916260698758,0.0
Planck-like LCDM geometry control,0.846,-1.0,1.1161237229848242,2.2322474459696484,0.2560510505634229,0.0
Planck-like LCDM geometry control,0.852,-1.0,1.1189003734850822,2.2378007469701644,0.25420071721052157,0.0
Planck-like LCDM geometry control,0.858,-1.0,1.1216548584045316,2.243309716809063,0.25236516039825857,0.0
Planck-like LCDM geometry control,0.864,-1.0,1.1243873282955206,2.248774656591041,0.2505442797507362,0.0
Planck-like LCDM geometry control,0.87,-1.0,1.1270979338683562,2.2541958677367124,0.24873797478700224,0.0
Planck-like LCDM geometry control,0.876,-1.0,1.1297868259490216,2.259573651898043,0.2469461449492367,0.0
Planck-like LCDM geometry control,0.882,-1.0,1.1324541554381695,2.264908310876339,0.2451686896300837,0.0
Planck-like LCDM geometry control,0.888,-1.0,1.135100073271362,2.270200146542724,0.24340550819915316,0.0
Planck-like LCDM geometry control,0.894,-1.0,1.1377247303805413,2.2754494607610827,0.2416565000287023,0.0
Planck-like LCDM geometry control,0.9,-1.0,1.1403282776567,2.2806565553134,0.2399215645185187,0.0
Planck-like LCDM geometry control,0.906,-1.0,1.1429108659137313,2.2858217318274625,0.23820060112001482,0.0
Planck-like LCDM geometry control,0.912,-1.0,1.1454726458534292,2.2909452917068585,0.23649350935955538,0.0
Planck-like LCDM geometry control,0.918,-1.0,1.1480137680316271,2.2960275360632543,0.23480018886102932,0.0
Planck-like LCDM geometry control,0.924,-1.0,1.1505343828254375,2.301068765650875,0.2331205393676855,0.0
Planck-like LCDM geometry control,0.93,-1.0,1.153034640401577,2.306069280803154,0.23145446076324308,0.0
Planck-like LCDM geometry control,0.936,-1.0,1.1555146906857532,2.3110293813715064,0.22980185309229764,0.0
Planck-like LCDM geometry control,0.9420000000000001,-1.0,1.1579746833330917,2.3159493666661835,0.2281626165800325,0.0
Planck-like LCDM geometry control,0.9480000000000001,-1.0,1.1604147676995737,2.3208295353991475,0.2265366516512551,0.0
Planck-like LCDM geometry control,0.9540000000000001,-1.0,1.1628350928144717,2.3256701856289435,0.22492385894876957,0.0
Planck-like LCDM geometry control,0.96,-1.0,1.1652358073537548,2.3304716147075095,0.2233241393511033,0.0
Planck-like LCDM geometry control,0.966,-1.0,1.167617059614442,2.335234119228884,0.22173739398959877,0.0
Planck-like LCDM geometry control,0.972,-1.0,1.169978997489887,2.339957994979774,0.2201635242648895,0.0
Planck-like LCDM geometry control,0.978,-1.0,1.1723217684459653,2.3446435368919305,0.21860243186276826,0.0
Planck-like LCDM geometry control,0.984,-1.0,1.174645519498151,2.349291038996302,0.21705401876946792,0.0
Planck-like LCDM geometry control,0.99,-1.0,1.1769503971894548,2.3539007943789096,0.21551818728636354,0.0
Planck-like LCDM geometry control,0.996,-1.0,1.179236547569211,2.358473095138422,0.21399484004411334,0.0
Planck-like LCDM geometry control,1.002,-1.0,1.1815041161726842,2.3630082323453685,0.21248388001624796,0.0
Planck-like LCDM geometry control,1.008,-1.0,1.183753248001485,2.36750649600297,0.2109852105322252,0.0
Planck-like LCDM geometry control,1.014,-1.0,1.185984087504766,2.371968175009532,0.2094987352899608,0.0
Planck-like LCDM geometry control,1.02,-1.0,1.188196778561189,2.376393557122378,0.2080243583678485,0.0
Planck-like LCDM geometry control,1.026,-1.0,1.1903914644616347,2.3807829289232694,0.20656198423628197,0.0
Planck-like LCDM geometry control,1.032,-1.0,1.1925682878926436,2.385136575785287,0.20511151776869244,0.0
Planck-like LCDM geometry control,1.038,-1.0,1.1947273909205645,2.389454781841129,0.20367286425211195,0.0
Planck-like LCDM geometry control,1.044,-1.0,1.196868914976396,2.393737829952792,0.20224592939727576,0.0
Planck-like LCDM geometry control,1.05,-1.0,1.198993000841304,2.397986001682608,0.2008306193482751,0.0
Planck-like LCDM geometry control,1.056,-1.0,1.2010997886327937,2.4021995772655873,0.19942684069177236,0.0
Planck-like LCDM geometry control,1.062,-1.0,1.2031894177915199,2.4063788355830398,0.19803450046579027,0.0
Planck-like LCDM geometry control,1.068,-1.0,1.2052620270687255,2.410524054137451,0.1966535061680848,0.0
Planck-like LCDM geometry control,1.074,-1.0,1.2073177545142812,2.4146355090285625,0.19528376576411433,0.0
Planck-like LCDM geometry control,1.08,-1.0,1.2093567374653187,2.4187134749306374,0.19392518769461564,0.0
Planck-like LCDM geometry control,1.086,-1.0,1.2113791125354365,2.422758225070873,0.19257768088279692,0.0
Planck-like LCDM geometry control,1.092,-1.0,1.2133850156044639,2.4267700312089278,0.191241154741158,0.0
Planck-like LCDM geometry control,1.098,-1.0,1.2153745818087724,2.430749163617545,0.18991551917794844,0.0
Planck-like LCDM geometry control,1.104,-1.0,1.2173479455321106,2.434695891064221,0.18860068460327326,0.0
Planck-like LCDM geometry control,1.11,-1.0,1.2193052403969564,2.438610480793913,0.18729656193485675,0.0
Planck-like LCDM geometry control,1.116,-1.0,1.2212465992563666,2.442493198512733,0.18600306260347277,0.0
Planck-like LCDM geometry control,1.122,-1.0,1.2231721541863125,2.446344308372625,0.18472009855805135,0.0
Planck-like LCDM geometry control,1.1280000000000001,-1.0,1.2250820364784893,2.4501640729569787,0.18344758227047162,0.0
Planck-like LCDM geometry control,1.1340000000000001,-1.0,1.2269763766335777,2.4539527532671555,0.18218542674004942,0.0
Planck-like LCDM geometry control,1.1400000000000001,-1.0,1.2288553043549568,2.4577106087099136,0.18093354549772858,0.0
Planck-like LCDM geometry control,1.1460000000000001,-1.0,1.2307189485428434,2.4614378970856867,0.17969185260998308,0.0
Planck-like LCDM geometry control,1.1520000000000001,-1.0,1.2325674372888547,2.4651348745777093,0.1784602626824422,0.0
Planck-like LCDM geometry control,1.158,-1.0,1.2344008978709728,2.4688017957419457,0.17723869086324326,0.0
Planck-like LCDM geometry control,1.164,-1.0,1.2362194567489093,2.4724389134978186,0.17602705284612125,0.0
Planck-like LCDM geometry control,1.17,-1.0,1.238023239559846,2.476046479119692,0.17482526487324415,0.0
Planck-like LCDM geometry control,1.176,-1.0,1.2398123711145534,2.479624742229107,0.17363324373780123,0.0
Planck-like LCDM geometry control,1.182,-1.0,1.2415869753938615,2.483173950787723,0.17245090678635086,0.0
Planck-like LCDM geometry control,1.188,-1.0,1.2433471755454863,2.4866943510909727,0.1712781719209364,0.0
Planck-like LCDM geometry control,1.194,-1.0,1.2450930938811864,2.4901861877623728,0.1701149576009776,0.0
Planck-like LCDM geometry control,1.2,-1.0,1.2468248518742548,2.4936497037485097,0.16896118284494352,0.0
Planck-like LCDM geometry control,1.206,-1.0,1.2485425701573178,2.4970851403146357,0.16781676723181513,0.0
Planck-like LCDM geometry control,1.212,-1.0,1.25024636852045,2.5004927370409,0.1666816309023421,0.0
Planck-like LCDM geometry control,1.218,-1.0,1.2519363659095775,2.503872731819155,0.16555569456010413,0.0
Planck-like LCDM geometry control,1.224,-1.0,1.2536126804251748,2.5072253608503496,0.16443887947237948,0.0
Planck-like LCDM geometry control,1.23,-1.0,1.2552754293212325,2.510550858642465,0.16333110747082913,0.0
Planck-like LCDM geometry control,1.236,-1.0,1.2569247290044996,2.513849458008999,0.16223230095200186,0.0
Planck-like LCDM geometry control,1.242,-1.0,1.2585606950339816,2.517121390067963,0.16114238287766716,0.0
Planck-like LCDM geometry control,1.248,-1.0,1.2601834421206886,2.520366884241377,0.1600612767749804,0.0
Planck-like LCDM geometry control,1.254,-1.0,1.2617930841276266,2.523586168255253,0.1589889067364874,0.0
Planck-like LCDM geometry control,1.26,-1.0,1.2633897340700242,2.5267794681400484,0.15792519741997238,0.0
Planck-like LCDM geometry control,1.266,-1.0,1.2649735041157804,2.5299470082315607,0.15687007404815695,0.0
Planck-like LCDM geometry control,1.272,-1.0,1.2665445055861335,2.533089011172267,0.15582346240825282,0.0
Planck-like LCDM geometry control,1.278,-1.0,1.2681028489565394,2.5362056979130787,0.15478528885137546,0.0
Planck-like LCDM geometry control,1.284,-1.0,1.2696486438577503,2.5392972877155007,0.15375548029182237,0.0
Planck-like LCDM geometry control,1.29,-1.0,1.27118199907709,2.54236399815418,0.152733964206222,0.0
Planck-like LCDM geometry control,1.296,-1.0,1.2727030225599179,2.5454060451198357,0.15172066863255684,0.0
Planck-like LCDM geometry control,1.302,-1.0,1.2742118214112703,2.5484236428225406,0.15071552216906664,0.0
Planck-like LCDM geometry control,1.308,-1.0,1.2757085018976804,2.5514170037953607,0.14971845397303485,0.0
Planck-like LCDM geometry control,1.314,-1.0,1.2771931694491618,2.5543863388983237,0.14872939375946406,0.0
Planck-like LCDM geometry control,1.32,-1.0,1.2786659286613553,2.5573318573227106,0.14774827179964398,0.0
Planck-like LCDM geometry control,1.326,-1.0,1.2801268832978308,2.5602537665956615,0.1467750189196163,0.0
Planck-like LCDM geometry control,1.332,-1.0,1.2815761362925342,2.5631522725850684,0.14580956649853985,0.0
Planck-like LCDM geometry control,1.338,-1.0,1.283013789752383,2.566027579504766,0.14485184646696148,0.0
Planck-like LCDM geometry control,1.344,-1.0,1.2844399449599946,2.568879889919989,0.14390179130499564,0.0
Planck-like LCDM geometry control,1.35,-1.0,1.2858547023765448,2.5717094047530895,0.14295933404041536,0.0
Planck-like LCDM geometry control,1.356,-1.0,1.2872581616447578,2.5745163232895156,0.14202440824666035,0.0
Planck-like LCDM geometry control,1.362,-1.0,1.2886504215920114,2.5773008431840227,0.1410969480407645,0.0
Planck-like LCDM geometry control,1.368,-1.0,1.2900315802335607,2.5800631604671214,0.14017688808120624,0.0
Planck-like LCDM geometry control,1.374,-1.0,1.2914017347758693,2.5828034695517386,0.13926416356568538,0.0
Planck-like LCDM geometry control,1.3800000000000001,-1.0,1.2927609816200505,2.585521963240101,0.13835871022882965,0.0
Planck-like LCDM geometry control,1.3860000000000001,-1.0,1.2941094163654052,2.5882188327308104,0.13746046433983433,0.0
Planck-like LCDM geometry control,1.3920000000000001,-1.0,1.295447133813058,2.590894267626116,0.136569362700037,0.0
Planck-like LCDM geometry control,1.3980000000000001,-1.0,1.2967742279696837,2.5935484559393673,0.1356853426404325,0.0
Planck-like LCDM geometry control,1.4040000000000001,-1.0,1.2980907920513225,2.596181584102645,0.1348083420191279,0.0
Planck-like LCDM geometry control,1.41,-1.0,1.2993969184872787,2.5987938369745573,0.1339382992187435,0.0
Planck-like LCDM geometry control,1.416,-1.0,1.3006926989240963,2.6013853978481927,0.13307515314376106,0.0
Planck-like LCDM geometry control,1.422,-1.0,1.3019782242296116,2.6039564484592232,0.13221884321782085,0.0
Planck-like LCDM geometry control,1.428,-1.0,1.303253584497076,2.606507168994152,0.1313693093809723,0.0
Planck-like LCDM geometry control,1.434,-1.0,1.3045188690493472,2.6090377380986944,0.13052649208687966,0.0
Planck-like LCDM geometry control,1.44,-1.0,1.3057741664431428,2.6115483328862856,0.12969033229998464,0.0
Planck-like LCDM geometry control,1.446,-1.0,1.3070195644733564,2.614039128946713,0.12886077149262912,0.0
Planck-like LCDM geometry control,1.452,-1.0,1.3082551501774276,2.616510300354855,0.1280377516421396,0.0
Planck-like LCDM geometry control,1.458,-1.0,1.3094810098397682,2.6189620196795365,0.12722121522787716,0.0
Planck-like LCDM geometry control,1.464,-1.0,1.3106972289962382,2.6213944579924764,0.12641110522825216,0.0
Planck-like LCDM geometry control,1.47,-1.0,1.3119038924386668,2.6238077848773336,0.12560736511770867,0.0
Planck-like LCDM geometry control,1.476,-1.0,1.3131010842194222,2.6262021684388444,0.12480993886367892,0.0
Planck-like LCDM geometry control,1.482,-1.0,1.3142888876560164,2.6285777753120327,0.12401877092351071,0.0
Planck-like LCDM geometry control,1.488,-1.0,1.3154673853357555,2.630934770671511,0.12323380624136884,0.0
Planck-like LCDM geometry control,1.494,-1.0,1.3166366591204193,2.6332733182408385,0.12245499024511236,0.0
Planck-like LCDM geometry control,1.5,-1.0,1.3177967901509786,2.6355935803019572,0.12168226884315075,0.0
Planck-like LCDM geometry control,1.506,-1.0,1.3189478588523404,2.637895717704681,0.1209155884212792,0.0
Planck-like LCDM geometry control,1.512,-1.0,1.3200899449381218,2.6401798898762436,0.1201548958394954,0.0
Planck-like LCDM geometry control,1.518,-1.0,1.3212231274154498,2.6424462548308996,0.11940013842879892,0.0
Planck-like LCDM geometry control,1.524,-1.0,1.3223474845897845,2.644694969179569,0.1186512639879758,0.0
Planck-like LCDM geometry control,1.53,-1.0,1.3234630940697611,2.6469261881395223,0.11790822078036865,0.0
Planck-like LCDM geometry control,1.536,-1.0,1.3245700327720555,2.649140065544111,0.11717095753063457,0.0
Planck-like LCDM geometry control,1.542,-1.0,1.3256683769262603,2.6513367538525205,0.11643942342149137,0.0
Planck-like LCDM geometry control,1.548,-1.0,1.326758202079781,2.653516404159562,0.11571356809045456,0.0
Planck-like LCDM geometry control,1.554,-1.0,1.3278395831027425,2.655679166205485,0.11499334162656603,0.0
Planck-like LCDM geometry control,1.56,-1.0,1.3289125941929048,2.6578251883858095,0.11427869456711497,0.0
Planck-like LCDM geometry control,1.566,-1.0,1.3299773088805913,2.6599546177611826,0.113569577894353,0.0
Planck-like LCDM geometry control,1.572,-1.0,1.331033800033622,2.662067600067244,0.11286594303220475,0.0
Planck-like LCDM geometry control,1.578,-1.0,1.3320821398622518,2.6641642797245035,0.11216774184297484,0.0
Planck-like LCDM geometry control,1.584,-1.0,1.3331223999241137,2.6662447998482275,0.11147492662405195,0.0
Planck-like LCDM geometry control,1.59,-1.0,1.3341546511291655,2.668309302258331,0.11078745010461154,0.0
Planck-like LCDM geometry control,1.596,-1.0,1.3351789637446334,2.670357927489267,0.11010526544231822,0.0
Planck-like LCDM geometry control,1.602,-1.0,1.3361954073999587,2.6723908147999174,0.10942832622002861,0.0
Planck-like LCDM geometry control,1.608,-1.0,1.3372040510917396,2.674408102183479,0.10875658644249585,0.0
Planck-like LCDM geometry control,1.614,-1.0,1.3382049631886712,2.6764099263773424,0.10809000053307583,0.0
Planck-like LCDM geometry control,1.62,-1.0,1.339198211436481,2.678396422872962,0.10742852333043747,0.0
Planck-like LCDM geometry control,1.6260000000000001,-1.0,1.3401838629628555,2.680367725925711,0.10677211008527664,0.0
Planck-like LCDM geometry control,1.6320000000000001,-1.0,1.3411619842823617,2.6823239685647233,0.10612071645703554,0.0
Planck-like LCDM geometry control,1.6380000000000001,-1.0,1.3421326413013595,2.684265282602719,0.10547429851062674,0.0
Planck-like LCDM geometry control,1.6440000000000001,-1.0,1.3430958993229054,2.686191798645811,0.10483281271316483,0.0
Planck-like LCDM geometry control,1.6500000000000001,-1.0,1.3440518230516432,2.6881036461032863,0.10419621593070465,0.0
Planck-like LCDM geometry control,1.6560000000000001,-1.0,1.345000476598685,2.69000095319737,0.10356446542498761,0.0
Planck-like LCDM geometry control,1.6620000000000001,-1.0,1.3459419234864773,2.6918838469729547,0.10293751885019625,0.0
Planck-like LCDM geometry control,1.668,-1.0,1.3468762266536571,2.6937524533073143,0.10231533424971838,0.0
Planck-like LCDM geometry control,1.674,-1.0,1.3478034484598875,2.695606896919775,0.10169787005292102,0.0
Planck-like LCDM geometry control,1.68,-1.0,1.3487236506906837,2.6974473013813673,0.10108508507193424,0.0
Planck-like LCDM geometry control,1.686,-1.0,1.3496368945622181,2.6992737891244363,0.10047693849844636,0.0
Planck-like LCDM geometry control,1.692,-1.0,1.3505432407261113,2.7010864814522226,0.0998733899005109,0.0
Planck-like LCDM geometry control,1.698,-1.0,1.3514427492742032,2.7028854985484063,0.09927439921936485,0.0
Planck-like LCDM geometry control,1.704,-1.0,1.352335479743305,2.70467095948661,0.09867992676625995,0.0
Planck-like LCDM geometry control,1.71,-1.0,1.3532214911199345,2.706442982239869,0.09808993321930669,0.0
Planck-like LCDM geometry control,1.716,-1.0,1.3541008418450287,2.7082016836900573,0.09750437962033216,0.0
Planck-like LCDM geometry control,1.722,-1.0,1.3549735898186344,2.7099471796372687,0.09692322737175119,0.0
Planck-like LCDM geometry control,1.728,-1.0,1.3558397924045829,2.7116795848091657,0.09634643823345185,0.0
Planck-like LCDM geometry control,1.734,-1.0,1.3566995064351364,2.7133990128702727,0.09577397431969614,0.0
Planck-like LCDM geometry control,1.74,-1.0,1.3575527882156158,2.7151055764312315,0.09520579809603519,0.0
Planck-like LCDM geometry control,1.746,-1.0,1.3583996935290046,2.716799387058009,0.09464187237624,0.0
Planck-like LCDM geometry control,1.752,-1.0,1.359240277640528,2.718480555281056,0.09408216031924763,0.0
Planck-like LCDM geometry control,1.758,-1.0,1.3600745953022095,2.720149190604419,0.09352662542612396,0.0
Planck-like LCDM geometry control,1.764,-1.0,1.3609027007574028,2.7218054015148057,0.09297523153704247,0.0
Planck-like LCDM geometry control,1.77,-1.0,1.3617246477452971,2.7234492954905942,0.09242794282827953,0.0
Planck-like LCDM geometry control,1.776,-1.0,1.3625404895054003,2.7250809790108006,0.09188472380922662,0.0
Planck-like LCDM geometry control,1.782,-1.0,1.3633502787819929,2.7267005575639858,0.09134553931942006,0.0
Planck-like LCDM geometry control,1.788,-1.0,1.3641540678285584,2.728308135657117,0.09081035452558751,0.0
Planck-like LCDM geometry control,1.794,-1.0,1.3649519084121857,2.7299038168243714,0.09027913491871263,0.0
Planck-like LCDM geometry control,1.8,-1.0,1.365743851817947,2.731487703635894,0.08975184631111723,0.0
Planck-like LCDM geometry control,1.806,-1.0,1.3665299488532456,2.7330598977064913,0.08922845483356133,0.0
Planck-like LCDM geometry control,1.812,-1.0,1.3673102498521386,2.734620499704277,0.08870892693236203,0.0
Planck-like LCDM geometry control,1.818,-1.0,1.368084804679632,2.736169609359264,0.08819322936653005,0.0
Planck-like LCDM geometry control,1.824,-1.0,1.368853662735946,2.737707325471892,0.08768132920492504,0.0
Planck-like LCDM geometry control,1.83,-1.0,1.3696168729607558,2.7392337459215117,0.08717319382342975,0.0
Planck-like LCDM geometry control,1.836,-1.0,1.3703744838374008,2.7407489676748016,0.08666879090214293,0.0
Planck-like LCDM geometry control,1.842,-1.0,1.3711265433970665,2.742253086794133,0.08616808842259101,0.0
Planck-like LCDM geometry control,1.848,-1.0,1.3718730992229389,2.7437461984458777,0.085671054664959,0.0
Planck-like LCDM geometry control,1.854,-1.0,1.3726141984543285,2.745228396908657,0.08517765820534055,0.0
Planck-like LCDM geometry control,1.86,-1.0,1.3733498877907675,2.746699775581535,0.08468786791300731,0.0
Planck-like LCDM geometry control,1.866,-1.0,1.374080213496074,2.748160426992148,0.08420165294769744,0.0
Planck-like LCDM geometry control,1.872,-1.0,1.3748052214023936,2.749610442804787,0.08371898275692392,0.0
Planck-like LCDM geometry control,1.8780000000000001,-1.0,1.3755249569142043,2.7510499138284086,0.08323982707330178,0.0
Planck-like LCDM geometry control,1.8840000000000001,-1.0,1.3762394650122973,2.7524789300245946,0.0827641559118956,0.0
Planck-like LCDM geometry control,1.8900000000000001,-1.0,1.3769487902577273,2.7538975805154546,0.08229193956758614,0.0
Planck-like LCDM geometry control,1.8960000000000001,-1.0,1.3776529767957308,2.7553059535914617,0.08182314861245667,0.0
Planck-like LCDM geometry control,1.9020000000000001,-1.0,1.378352068359619,2.756704136719238,0.08135775389319906,0.0
Planck-like LCDM geometry control,1.9080000000000001,-1.0,1.3790461082746386,2.758092216549277,0.08089572652853981,0.0
Planck-like LCDM geometry control,1.9140000000000001,-1.0,1.379735139461801,2.759470278923602,0.0804370379066854,0.0
Planck-like LCDM geometry control,1.92,-1.0,1.3804192044416872,2.7608384088833744,0.07998165968278764,0.0
Planck-like LCDM geometry control,1.926,-1.0,1.3810983453382186,2.7621966906764372,0.07952956377642875,0.0
Planck-like LCDM geometry control,1.932,-1.0,1.3817726038824003,2.7635452077648006,0.07908072236912643,0.0
Planck-like LCDM geometry control,1.938,-1.0,1.3824420214160333,2.7648840428320667,0.07863510790185814,0.0
Planck-like LCDM geometry control,1.944,-1.0,1.3831066388953979,2.7662132777907957,0.07819269307260555,0.0
Planck-like LCDM geometry control,1.95,-1.0,1.3837664968949093,2.7675329937898185,0.07775345083391887,0.0
Planck-like LCDM geometry control,1.956,-1.0,1.3844216356107377,2.7688432712214754,0.07731735439050043,0.0
Planck-like LCDM geometry control,1.962,-1.0,1.3850720948644093,2.7701441897288186,0.07688437719680828,0.0
Planck-like LCDM geometry control,1.968,-1.0,1.3857179141063645,2.771435828212729,0.07645449295467925,0.0
Planck-like LCDM geometry control,1.974,-1.0,1.386359132419499,2.772718264838998,0.07602767561097193,0.0
Planck-like LCDM geometry control,1.98,-1.0,1.3869957885226667,2.7739915770453334,0.0756038993552289,0.0
Planck-like LCDM geometry control,1.986,-1.0,1.3876279207741595,2.775255841548319,0.07518313861735862,0.0
Planck-like LCDM geometry control,1.992,-1.0,1.388255567175154,2.776511134350308,0.07476536806533687,0.0
Planck-like LCDM geometry control,1.998,-1.0,1.388878765373129,2.777757530746258,0.07435056260292755,0.0
Planck-like LCDM geometry control,2.004,-1.0,1.3894975526652573,2.7789951053305146,0.07393869736742294,0.0
Planck-like LCDM geometry control,2.0100000000000002,-1.0,1.3901119660017651,2.7802239320035302,0.07352974772740294,0.0
Planck-like LCDM geometry control,2.016,-1.0,1.3907220419892647,2.7814440839785295,0.07312368928051423,0.0
Planck-like LCDM geometry control,2.0220000000000002,-1.0,1.3913278168940557,2.7826556337881114,0.07272049785126777,0.0
Planck-like LCDM geometry control,2.028,-1.0,1.391929326645403,2.783858653290806,0.07232014948885626,0.0
Planck-like LCDM geometry control,2.0340000000000003,-1.0,1.3925266068387785,2.785053213677557,0.07192262046498966,0.0
Planck-like LCDM geometry control,2.04,-1.0,1.3931196927390816,2.7862393854781633,0.07152788727175081,0.0
Planck-like LCDM geometry control,2.0460000000000003,-1.0,1.393708619283827,2.787417238567654,0.07113592661946887,0.0
Planck-like LCDM geometry control,2.052,-1.0,1.3942934210863065,2.788586842172613,0.07074671543461218,0.0
Planck-like LCDM geometry control,2.058,-1.0,1.3948741324387202,2.7897482648774403,0.07036023085769952,0.0
Planck-like LCDM geometry control,2.064,-1.0,1.3954507873152844,2.7909015746305688,0.06997645024123028,0.0
Planck-like LCDM geometry control,2.07,-1.0,1.3960234193753054,2.7920468387506108,0.06959535114763274,0.0
Planck-like LCDM geometry control,2.076,-1.0,1.3965920619662322,2.7931841239324644,0.06921691134723124,0.0
Planck-like LCDM geometry control,2.082,-1.0,1.3971567481266767,2.7943134962533533,0.06884110881623129,0.0
Planck-like LCDM geometry control,2.088,-1.0,1.3977175105894084,2.795435021178817,0.06846792173472299,0.0
Planck-like LCDM geometry control,2.094,-1.0,1.3982743817843244,2.796548763568649,0.06809732848470304,0.0
Planck-like LCDM geometry control,2.1,-1.0,1.3988273938413858,2.7976547876827715,0.06772930764811388,0.0
Planck-like LCDM geometry control,2.106,-1.0,1.3993765785935344,2.7987531571870687,0.06736383800490182,0.0
Planck-like LCDM geometry control,2.112,-1.0,1.3999219675795793,2.7998439351591586,0.06700089853109205,0.0
Planck-like LCDM geometry control,2.118,-1.0,1.4004635920470563,2.8009271840941126,0.06664046839688209,0.0
Planck-like LCDM geometry control,2.124,-1.0,1.401001482955061,2.802002965910122,0.06628252696475226,0.0
Planck-like LCDM geometry control,2.13,-1.0,1.4015356709770583,2.8030713419541167,0.06592705378759435,0.0
Planck-like LCDM geometry control,2.136,-1.0,1.4020661865036634,2.804132373007327,0.06557402860685686,0.0
Planck-like LCDM geometry control,2.142,-1.0,1.4025930596453966,2.805186119290793,0.06522343135070825,0.0
Planck-like LCDM geometry control,2.148,-1.0,1.4031163202354138,2.8062326404708275,0.06487524213221686,0.0
Planck-like LCDM geometry control,2.154,-1.0,1.4036359978322093,2.8072719956644185,0.0645294412475482,0.0
Planck-like LCDM geometry control,2.16,-1.0,1.4041521217222985,2.808304243444597,0.06418600917417902,0.0
Planck-like LCDM geometry control,2.166,-1.0,1.4046647209228664,2.809329441845733,0.06384492656912834,0.0
Planck-like LCDM geometry control,2.172,-1.0,1.405173824184401,2.810347648368802,0.06350617426720487,0.0
Planck-like LCDM geometry control,2.178,-1.0,1.4056794599932918,2.8113589199865836,0.06316973327927157,0.0
Planck-like LCDM geometry control,2.184,-1.0,1.4061816565744143,2.8123633131488286,0.06283558479052612,0.0
Planck-like LCDM geometry control,2.19,-1.0,1.4066804418936802,2.8133608837873605,0.06250371015879824,0.0
Planck-like LCDM geometry control,2.196,-1.0,1.4071758436605688,2.8143516873211376,0.062174090912862745,0.0
Planck-like LCDM geometry control,2.202,-1.0,1.4076678893306338,2.8153357786612676,0.061846708750769266,0.0
Planck-like LCDM geometry control,2.208,-1.0,1.4081566061079833,2.8163132122159666,0.06152154553818751,0.0
Planck-like LCDM geometry control,2.214,-1.0,1.4086420209477395,2.817284041895479,0.061198583306768785,0.0
Planck-like LCDM geometry control,2.22,-1.0,1.4091241605584726,2.818248321116945,0.06087780425252286,0.0
Planck-like LCDM geometry control,2.226,-1.0,1.4096030514046107,2.8192061028092215,0.060559190734211,0.0
Planck-like LCDM geometry control,2.232,-1.0,1.4100787197088287,2.8201574394176574,0.06024272527175387,0.0
Planck-like LCDM geometry control,2.238,-1.0,1.4105511914544124,2.821102382908825,0.059928390544655666,0.0
Planck-like LCDM geometry control,2.244,-1.0,1.4110204923876002,2.8220409847752004,0.05961616939044264,0.0
Planck-like LCDM geometry control,2.25,-1.0,1.4114866480199018,2.8229732960398035,0.05930604480311743,0.0
Planck-like LCDM geometry control,2.2560000000000002,-1.0,1.4119496836303944,2.823899367260789,0.058997999931628194,0.0
Planck-like LCDM geometry control,2.262,-1.0,1.4124096242679969,2.8248192485359938,0.058692018078352594,0.0
Planck-like LCDM geometry control,2.2680000000000002,-1.0,1.4128664947537224,2.825732989507445,0.0583880826975968,0.0
Planck-like LCDM geometry control,2.274,-1.0,1.4133203196829052,2.8266406393658103,0.05808617739410886,0.0
Planck-like LCDM geometry control,2.2800000000000002,-1.0,1.4137711234274126,2.8275422468548252,0.0577862859216069,0.0
Planck-like LCDM geometry control,2.286,-1.0,1.4142189301378285,2.828437860275657,0.05748839218132171,0.0
Planck-like LCDM geometry control,2.2920000000000003,-1.0,1.4146637637456183,2.8293275274912366,0.05719248022055336,0.0
Planck-like LCDM geometry control,2.298,-1.0,1.4151056479652735,2.830211295930547,0.05689853423124258,0.0
Planck-like LCDM geometry control,2.3040000000000003,-1.0,1.415544606296434,2.831089212592868,0.056606538548555484,0.0
Planck-like LCDM geometry control,2.31,-1.0,1.4159806620259878,2.8319613240519756,0.05631647764948303,0.0
Planck-like LCDM geometry control,2.316,-1.0,1.4164138382301545,2.832827676460309,0.05602833615145355,0.0
Planck-like LCDM geometry control,2.322,-1.0,1.4168441577765423,2.8336883155530845,0.05574209881095966,0.0
Planck-like LCDM geometry control,2.328,-1.0,1.4172716433261907,2.8345432866523814,0.055457750522198306,0.0
Planck-like LCDM geometry control,2.334,-1.0,1.4176963173355879,2.8353926346711757,0.0551752763157245,0.0
Planck-like LCDM geometry control,2.34,-1.0,1.4181182020586711,2.8362364041173422,0.05489466135711842,0.0
Planck-like LCDM geometry control,2.346,-1.0,1.4185373195488065,2.837074639097613,0.05461589094566553,0.0
Planck-like LCDM geometry control,2.352,-1.0,1.4189536916607484,2.8379073833214967,0.054338950513050314,0.0
Planck-like LCDM geometry control,2.358,-1.0,1.4193673400525801,2.8387346801051603,0.05406382562206229,0.0
Planck-like LCDM geometry control,2.364,-1.0,1.419778286187635,2.83955657237527,0.053790501965315755,0.0
Planck-like LCDM geometry control,2.37,-1.0,1.4201865513363978,2.8403731026727956,0.05351896536398153,0.0
Planck-like LCDM geometry control,2.376,-1.0,1.420592156578389,2.841184313156778,0.05324920176653194,0.0
Planck-like LCDM geometry control,2.382,-1.0,1.4209951228040267,2.8419902456080535,0.05298119724749799,0.0
Planck-like LCDM geometry control,2.388,-1.0,1.4213954707164747,2.8427909414329493,0.05271493800623921,0.0
Planck-like LCDM geometry control,2.394,-1.0,1.4217932208334672,2.8435864416669343,0.05245041036572554,0.0
Planck-like LCDM geometry control,2.4,-1.0,1.422188393489119,2.844376786978238,0.052187600771331825,0.0
Planck-like LCDM geometry control,2.406,-1.0,1.422581008835715,2.84516201767143,0.05192649578964391,0.0
Planck-like LCDM geometry control,2.412,-1.0,1.4229710868454837,2.8459421736909674,0.051667082107277204,0.0
Planck-like LCDM geometry control,2.418,-1.0,1.4233586473123503,2.8467172946247006,0.05140934652970668,0.0
Planck-like LCDM geometry control,2.424,-1.0,1.4237437098536765,2.847487419707353,0.05115327598010902,0.0
Planck-like LCDM geometry control,2.43,-1.0,1.4241262939119776,2.8482525878239553,0.05089885749821606,0.0
Planck-like LCDM geometry control,2.436,-1.0,1.4245064187566265,2.849012837513253,0.0506460782391801,0.0
Planck-like LCDM geometry control,2.442,-1.0,1.4248841034855375,2.849768206971075,0.05039492547245036,0.0
Planck-like LCDM geometry control,2.448,-1.0,1.4252593670268352,2.8505187340536704,0.05014538658066091,0.0
Planck-like LCDM geometry control,2.454,-1.0,1.4256322281405074,2.8512644562810148,0.04989744905852985,0.0
Planck-like LCDM geometry control,2.46,-1.0,1.426002705420036,2.852005410840072,0.049651100511769505,0.0
Planck-like LCDM geometry control,2.466,-1.0,1.4263708172940195,2.852741634588039,0.049406328656007616,0.0
Planck-like LCDM geometry control,2.472,-1.0,1.426736582027772,2.853473164055544,0.04916312131571957,0.0
Planck-like LCDM geometry control,2.478,-1.0,1.4271000177249096,2.854200035449819,0.04892146642317119,0.0
Planck-like LCDM geometry control,2.484,-1.0,1.4274611423289207,2.8549222846578415,0.04868135201737248,0.0
Planck-like LCDM geometry control,2.49,-1.0,1.427819973624719,2.855639947249438,0.04844276624304174,0.0
Planck-like LCDM geometry control,2.496,-1.0,1.428176529240182,2.856353058480364,0.048205697349580315,0.0
Planck-like LCDM geometry control,2.5020000000000002,-1.0,1.428530826647673,2.857061653295346,0.04797013369005754,0.0
Planck-like LCDM geometry control,2.508,-1.0,1.428882883165549,2.857765766331098,0.047736063720206265,0.0
Planck-like LCDM geometry control,2.5140000000000002,-1.0,1.4292327159596507,2.8584654319193015,0.04750347599742821,0.0
Planck-like LCDM geometry control,2.52,-1.0,1.4295803420447815,2.859160684089563,0.047272359179809736,0.0
Planck-like LCDM geometry control,2.5260000000000002,-1.0,1.4299257782861672,2.8598515565723344,0.04704270202514724,0.0
Planck-like LCDM geometry control,2.532,-1.0,1.4302690414009043,2.8605380828018085,0.04681449338998283,0.0
Planck-like LCDM geometry control,2.5380000000000003,-1.0,1.4306101479593911,2.8612202959187822,0.04658772222864946,0.0
Planck-like LCDM geometry control,2.544,-1.0,1.4309491143867459,2.8618982287734918,0.04636237759232596,0.0
Planck-like LCDM geometry control,2.5500000000000003,-1.0,1.4312859569642096,2.862571913928419,0.04613844862810151,0.0
Planck-like LCDM geometry control,2.556,-1.0,1.4316206918305359,2.8632413836610717,0.04591592457804974,0.0
Planck-like LCDM geometry control,2.562,-1.0,1.431953334983365,2.86390666996673,0.045694794778312176,0.0
Planck-like LCDM geometry control,2.568,-1.0,1.4322839022805853,2.8645678045611707,0.045475048658190985,0.0
Planck-like LCDM geometry control,2.574,-1.0,1.4326124094416797,2.8652248188833593,0.045256675739251004,0.0
Planck-like LCDM geometry control,2.58,-1.0,1.4329388720490595,2.865877744098119,0.04503966563443081,0.0
Planck-like LCDM geometry control,2.586,-1.0,1.4332633055493844,2.866526611098769,0.04482400804716289,0.0
Planck-like LCDM geometry control,2.592,-1.0,1.4335857252548687,2.8671714505097374,0.044609692770502724,0.0
Planck-like LCDM geometry control,2.598,-1.0,1.433906146344574,2.867812292689148,0.044396709686266765,0.0
Planck-like LCDM geometry control,2.604,-1.0,1.43422458386569,2.86844916773138,0.04418504876417905,0.0
Planck-like LCDM geometry control,2.61,-1.0,1.434541052734801,2.869082105469602,0.043974700061026786,0.0
Planck-like LCDM geometry control,2.616,-1.0,1.4348555677391404,2.8697111354782807,0.04376565371982416,0.0
Planck-like LCDM geometry control,2.622,-1.0,1.4351681435378307,2.8703362870756615,0.04355789996898487,0.0
Planck-like LCDM geometry control,2.628,-1.0,1.4354787946631142,2.8709575893262285,0.04335142912150312,0.0
Planck-like LCDM geometry control,2.634,-1.0,1.4357875355215675,2.871575071043135,0.043146231574142754,0.0
Planck-like LCDM geometry control,2.64,-1.0,1.4360943803953063,2.8721887607906127,0.04294229780663479,0.0
Planck-like LCDM geometry control,2.646,-1.0,1.4363993434431772,2.8727986868863544,0.042739618380883075,0.0
Planck-like LCDM geometry control,2.652,-1.0,1.4367024387019354,2.8734048774038707,0.042538183940178005,0.0
Planck-like LCDM geometry control,2.658,-1.0,1.4370036800874144,2.874007360174829,0.04233798520841831,0.0
Planck-like LCDM geometry control,2.664,-1.0,1.4373030813956804,2.874606162791361,0.04213901298934055,0.0
Planck-like LCDM geometry control,2.67,-1.0,1.437600656304176,2.875201312608352,0.041941258165756855,0.0
Planck-like LCDM geometry control,2.676,-1.0,1.4378964183728535,2.875792836745707,0.04174471169879992,0.0
Planck-like LCDM geometry control,2.682,-1.0,1.4381903810452936,2.8763807620905872,0.04154936462717608,0.0
Planck-like LCDM geometry control,2.688,-1.0,1.4384825576498164,2.8769651152996327,0.04135520806642577,0.0
Planck-like LCDM geometry control,2.694,-1.0,1.4387729614005795,2.877545922801159,0.04116223320819159,0.0
Planck-like LCDM geometry control,2.7,-1.0,1.4390616053986631,2.8781232107973262,0.04097043131949375,0.0
Planck-like LCDM geometry control,2.706,-1.0,1.4393485026331478,2.8786970052662957,0.04077979374201299,0.0
Planck-like LCDM geometry control,2.712,-1.0,1.4396336659821782,2.8792673319643565,0.04059031189138062,0.0
Planck-like LCDM geometry control,2.718,-1.0,1.439917108214017,2.879834216428034,0.04040197725647597,0.0
Planck-like LCDM geometry control,2.724,-1.0,1.4401988419880887,2.8803976839761773,0.040214781398730824,0.0
Planck-like LCDM geometry control,2.73,-1.0,1.440478879856012,2.880957759712024,0.04002871595144107,0.0
Planck-like LCDM geometry control,2.736,-1.0,1.4407572342626225,2.881514468525245,0.03984377261908514,0.0
Planck-like LCDM geometry control,2.742,-1.0,1.441033917546985,2.88206783509397,0.0396599431766496,0.0
Planck-like LCDM geometry control,2.748,-1.0,1.4413089419433924,2.882617883886785,0.039477219468961385,0.0
Planck-like LCDM geometry control,2.754,-1.0,1.44158231958236,2.88316463916472,0.039295593410027065,0.0
Planck-like LCDM geometry control,2.7600000000000002,-1.0,1.4418540624916059,2.8837081249832117,0.03911505698237844,0.0
Planck-like LCDM geometry control,2.766,-1.0,1.4421241825970224,2.8842483651940447,0.03893560223642526,0.0
Planck-like LCDM geometry control,2.7720000000000002,-1.0,1.442392691723637,2.884785383447274,0.03875722128981405,0.0
Planck-like LCDM geometry control,2.778,-1.0,1.4426596015965634,2.8853192031931267,0.038579906326793784,0.0
Planck-like LCDM geometry control,2.7840000000000003,-1.0,1.442924923841947,2.885849847683894,0.03840364959758775,0.0
Planck-like LCDM geometry control,2.79,-1.0,1.4431886699878935,2.886377339975787,0.038228443417772,0.0
Planck-like LCDM geometry control,2.7960000000000003,-1.0,1.4434508514653939,2.8869017029307877,0.03805428016765989,0.0
Planck-like LCDM geometry control,2.802,-1.0,1.4437114796092383,2.8874229592184766,0.03788115229169306,0.0
Planck-like LCDM geometry control,2.8080000000000003,-1.0,1.4439705656589197,2.8879411313178394,0.037709052297838386,0.0
Planck-like LCDM geometry control,2.814,-1.0,1.44422812075953,2.88845624151906,0.037537972756991195,0.0
Planck-like LCDM geometry control,2.82,-1.0,1.4444841559626456,2.888968311925291,0.037367906302384506,0.0
Planck-like LCDM geometry control,2.826,-1.0,1.444738682227205,2.88947736445441,0.03719884562900404,0.0
Planck-like LCDM geometry control,2.832,-1.0,1.444991710420377,2.889983420840754,0.03703078349300956,0.0
Planck-like LCDM geometry control,2.838,-1.0,1.4452432513184215,2.890486502636843,0.03686371271116166,0.0
Planck-like LCDM geometry control,2.844,-1.0,1.4454933156075387,2.8909866312150774,0.03669762616025458,0.0
Planck-like LCDM geometry control,2.85,-1.0,1.4457419138847116,2.8914838277694233,0.03653251677655463,0.0
Planck-like LCDM geometry control,2.856,-1.0,1.445989056658541,2.891978113317082,0.03636837755524442,0.0
Planck-like LCDM geometry control,2.862,-1.0,1.4462347543500704,2.892469508700141,0.03620520154987264,0.0
Planck-like LCDM geometry control,2.868,-1.0,1.4464790172936035,2.892958034587207,0.03604298187180933,0.0
Planck-like LCDM geometry control,2.874,-1.0,1.4467218557375108,2.8934437114750216,0.035881711689706663,0.0
Planck-like LCDM geometry control,2.88,-1.0,1.4469632798450325,2.893926559690065,0.03572138422896544,0.0
Planck-like LCDM geometry control,2.886,-1.0,1.4472032996950719,2.8944065993901438,0.03556199277120645,0.0
Planck-like LCDM geometry control,2.892,-1.0,1.4474419252829762,2.8948838505659524,0.035403530653747683,0.0
Planck-like LCDM geometry control,2.898,-1.0,1.4476791665213176,2.895358333042635,0.03524599126908641,0.0
Planck-like LCDM geometry control,2.904,-1.0,1.4479150332406587,2.8958300664813175,0.03508936806438677,0.0
Planck-like LCDM geometry control,2.91,-1.0,1.448149535190316,2.896299070380632,0.03493365454097231,0.0
Planck-like LCDM geometry control,2.916,-1.0,1.4483826820391104,2.8967653640782207,0.03477884425382383,0.0
Planck-like LCDM geometry control,2.922,-1.0,1.4486144833761179,2.8972289667522357,0.03462493081108202,0.0
Planck-like LCDM geometry control,2.928,-1.0,1.4488449487114026,2.897689897422805,0.03447190787355538,0.0
Planck-like LCDM geometry control,2.934,-1.0,1.4490740874767514,2.8981481749535027,0.03431976915423286,0.0
Planck-like LCDM geometry control,2.94,-1.0,1.4493019090263954,2.898603818052791,0.0341685084178016,0.0
Planck-like LCDM geometry control,2.946,-1.0,1.4495284226377283,2.8990568452754566,0.03401811948016923,0.0
Planck-like LCDM geometry control,2.952,-1.0,1.4497536375120137,2.8995072750240274,0.033868596207991375,0.0
Planck-like LCDM geometry control,2.958,-1.0,1.4499775627750873,2.8999551255501745,0.03371993251820344,0.0
Planck-like LCDM geometry control,2.964,-1.0,1.450200207478054,2.900400414956108,0.033572122377557474,0.0
Planck-like LCDM geometry control,2.97,-1.0,1.4504215805979723,2.9008431611959447,0.0334251598021634,0.0
Planck-like LCDM geometry control,2.976,-1.0,1.4506416910385391,2.9012833820770783,0.03327903885703509,0.0
Planck-like LCDM geometry control,2.982,-1.0,1.4508605476307617,2.9017210952615233,0.03313375365564072,0.0
Planck-like LCDM geometry control,2.988,-1.0,1.4510781591336261,2.9021563182672523,0.03298929835945786,0.0
Planck-like LCDM geometry control,2.994,-1.0,1.4512945342347574,2.902589068469515,0.03284566717753286,0.0
Planck-like LCDM geometry control,3.0,-1.0,1.4515096815510757,2.9030193631021515,0.03270285436604477,0.0
C3 best compressed geometry sample,0.0,-0.85,0.6278085979958846,1.2556171959917692,0.6841078321149945,-0.45000000000000007
C3 best compressed geometry sample,0.006,-0.8528164347249834,0.6291555409572929,1.2583110819145857,0.6807962182399566,-0.4415506958250499
C3 best compressed geometry sample,0.012,-0.8555994729907773,0.6305764857876732,1.2611529715753464,0.6774751953893273,-0.43320158102766804
C3 best compressed geometry sample,0.018000000000000002,-0.8583497053045186,0.6320699314793907,1.2641398629587814,0.6741451694421179,-0.4249508840864442
C3 best compressed geometry sample,0.024,-0.8610677083333333,0.6336343929503888,1.2672687859007776,0.6708065465753841,-0.41679687499999996
C3 best compressed geometry sample,0.03,-0.8637540453074434,0.6352684007705686,1.2705368015411371,0.6674597331040985,-0.4087378640776699
C3 best compressed geometry sample,0.036000000000000004,-0.8664092664092664,0.636970500908411,1.273941001816822,0.6641051353212535,-0.40077220077220077
C3 best compressed geometry sample,0.042,-0.8690339091490723,0.6387392544967603,1.2774785089935206,0.6607431593383886,-0.3928982725527831
C3 best compressed geometry sample,0.048,-0.8716284987277354,0.6405732376167345,1.281146475233469,0.6573742109267154,-0.3851145038167938
C3 best compressed geometry sample,0.054,-0.8741935483870967,0.6424710410987519,1.2849420821975037,0.6539986953590315,-0.3774193548387098
C3 best compressed geometry sample,0.06,-0.8767295597484277,0.6444312703397108,1.2888625406794216,0.6506170172525838,-0.3698113207547169
C3 best compressed geometry sample,0.066,-0.8792370231394622,0.6464525451353891,1.2929050902707782,0.6472295804130558,-0.3622889305816135
C3 best compressed geometry sample,0.07200000000000001,-0.8817164179104477,0.6485334995271623,1.2970669990543247,0.6438367876798435,-0.35485074626865676
C3 best compressed geometry sample,0.078,-0.8841682127396413,0.6506727816621815,1.301345563324363,0.6404390407727695,-0.3474953617810761
C3 best compressed geometry sample,0.084,-0.8865928659286593,0.6528690536661649,1.3057381073323298,0.6370367401403961,-0.3402214022140222
C3 best compressed geometry sample,0.09,-0.8889908256880734,0.6551209915280141,1.3102419830560281,0.6336302848100773,-0.33302752293577975
C3 best compressed geometry sample,0.096,-0.8913625304136252,0.6574272849954667,1.3148545699909333,0.6302200722398925,-0.3259124087591243
C3 best compressed geometry sample,0.10200000000000001,-0.893708408953418,0.6597866374810518,1.3195732749621036,0.6268064981726008,-0.3188747731397461
C3 best compressed geometry sample,0.108,-0.896028880866426,0.6621977659776255,1.324395531955251,0.6233899564917409,-0.3119133574007221
C3 best compressed geometry sample,0.114,-0.8983243566726511,0.6646594009827994,1.3293188019655988,0.6199708390800032,-0.3050269299820467
C3 best compressed geometry sample,0.12,-0.9005952380952381,0.6671702864315979,1.3343405728631959,0.6165495356799935,-0.29821428571428565
C3 best compressed geometry sample,0.126,-0.902841918294849,0.6697291796367083,1.3394583592734166,0.6131264337575004,-0.29147424511545283
C3 best compressed geometry sample,0.132,-0.9050647820965843,0.6723348512357151,1.3446697024714303,0.6097019183673716,-0.28480565371024724
C3 best compressed geometry sample,0.138,-0.9072642062097247,0.6749860851447206,1.3499721702894412,0.6062763720221069,-0.2782073813708259
C3 best compressed geometry sample,0.14400000000000002,-0.9094405594405595,0.6776816785178068,1.3553633570356136,0.6028501745632544,-0.2716783216783216
C3 best compressed geometry sample,0.15,-0.9115942028985508,0.6804204417117785,1.360840883423557,0.5994237030357116,-0.26521739130434774
C3 best compressed geometry sample,0.156,-0.9137254901960784,0.6832011982556889,1.3664023965113778,0.5959973315650035,-0.2588235294117648
C3 best compressed geometry sample,0.162,-0.9158347676419966,0.6860227848246365,1.372045569649273,0.5925714312376286,-0.2524956970740103
C3 best compressed geometry sample,0.168,-0.9179223744292238,0.6888840512173744,1.3777681024347488,0.5891463699845368,-0.24623287671232874
C3 best compressed geometry sample,0.17400000000000002,-0.9199886428165815,0.6917838603372687,1.3835677206745374,0.5857225124678127,-0.24003407155025536
C3 best compressed geometry sample,0.18,-0.9220338983050848,0.6947210881761828,1.3894421763523657,0.5823002199706221,-0.23389830508474574
C3 best compressed geometry sample,0.186,-0.9240584598088813,0.6976946238008693,1.3953892476017387,0.5788798502904838,-0.22782462057335595
C3 best compressed geometry sample,0.192,-0.9260626398210291,0.7007033693414845,1.401406738682969,0.5754617576359117,-0.2218120805369127
C3 best compressed geometry sample,0.198,-0.9280467445742905,0.7037462399818438,1.4074924799636876,0.5720462925264789,-0.21585976627712855
C3 best compressed geometry sample,0.20400000000000001,-0.9300110741971207,0.7068221639510757,1.4136443279021513,0.5686338016963393,-0.2099667774086379
C3 best compressed geometry sample,0.21,-0.9319559228650137,0.7099300825163258,1.4198601650326517,0.5652246280012464,-0.20413223140495884
C3 best compressed geometry sample,0.216,-0.9338815789473685,0.7130689499762023,1.4261378999524046,0.561819110329097,-0.19835526315789465
C3 best compressed geometry sample,0.222,-0.9357883251500273,0.7162377336546574,1.4324754673093147,0.5584175835140255,-0.1926350245499181
C3 best compressed geometry sample,0.228,-0.9376764386536374,0.7194354138950193,1.4388708277900386,0.5550203782540688,-0.1869706840390879
C3 best compressed geometry sample,0.234,-0.9395461912479741,0.7226609840539107,1.4453219681078213,0.5516278210324189,-0.18136142625607765
C3 best compressed geometry sample,0.24,-0.9413978494623656,0.7259134504947975,1.451826900989595,0.5482402340422724,-0.1758064516129032
C3 best compressed geometry sample,0.246,-0.9432316746923488,0.7291918325809355,1.458383665161871,0.5448579351152808,-0.17030497592295357
C3 best compressed geometry sample,0.252,-0.9450479233226837,0.7324951626674872,1.4649903253349743,0.5414812376536097,-0.16485623003194882
C3 best compressed geometry sample,0.258,-0.9468468468468468,0.7358224860926093,1.4716449721852185,0.5381104505655961,-0.1594594594594595
C3 best compressed geometry sample,0.264,-0.9486286919831224,0.7391728611673116,1.4783457223346232,0.5347458782050024,-0.15411392405063284
C3 best compressed geometry sample,0.27,-0.9503937007874016,0.7425453591639103,1.4850907183278206,0.5313878203138543,-0.1488188976377952
C3 best compressed geometry sample,0.276,-0.9521421107628004,0.7459390643029117,1.4918781286058234,0.5280365719688448,-0.14357366771159874
C3 best compressed geometry sample,0.28200000000000003,-0.9538741549661987,0.74935307373817,1.49870614747634,0.5246924235312891,-0.13837753510140405
C3 best compressed geometry sample,0.28800000000000003,-0.9555900621118012,0.75278649754018,1.50557299508036,0.5213556606006056,-0.1332298136645964
C3 best compressed geometry sample,0.294,-0.9572900566718187,0.7562384586773792,1.5124769173547583,0.5180265639712955,-0.12812982998454403
C3 best compressed geometry sample,0.3,-0.958974358974359,0.7597080929953355,1.519416185990671,0.5147054095933946,-0.12307692307692297
C3 best compressed geometry sample,0.306,-0.9606431852986217,0.7631945491937231,1.5263890983874462,0.5113924685363573,-0.11807044410413492
C3 best compressed geometry sample,0.312,-0.9622967479674797,0.7666969888009851,1.5333939776019703,0.5080880069563449,-0.11310975609756102
C3 best compressed geometry sample,0.318,-0.9639352554375316,0.7702145861466038,1.5404291722932075,0.5047922860668732,-0.10819423368740533
C3 best compressed geometry sample,0.324,-0.965558912386707,0.7737465283309011,1.5474930566618021,0.5015055621127769,-0.10332326283987903
C3 best compressed geometry sample,0.33,-0.9671679197994988,0.7772920151923058,1.5545840303846117,0.49822808634744814,-0.09849624060150364
C3 best compressed geometry sample,0.336,-0.9687624750499002,0.7808502592720327,1.5617005185440653,0.4949601050133014,-0.09371257485029938
C3 best compressed geometry sample,0.342,-0.9703427719821163,0.7844204857761277,1.5688409715522553,0.49170185932541155,-0.08897168405365119
C3 best compressed geometry sample,0.34800000000000003,-0.9719090009891197,0.7880019325348409,1.5760038650696817,0.48845358545827583,-0.0842729970326409
C3 best compressed geometry sample,0.354,-0.9734613490891186,0.7915938499592963,1.5831876999185925,0.4852155145356441,-0.0796159527326441
C3 best compressed geometry sample,0.36,-0.975,0.7951955009954413,1.5903910019908827,0.4819878726233597,-0.07500000000000007
C3 best compressed geometry sample,0.366,-0.9765251342118106,0.7988061610752576,1.5976123221505152,0.47877088072515267,-0.07042459736456808
C3 best compressed geometry sample,0.372,-0.9780369290573372,0.8024251180652254,1.6048502361304509,0.47556475478132776,-0.06588921282798843
C3 best compressed geometry sample,0.378,-0.9795355587808419,0.806051672212049,1.612103344424098,0.47236970567027947,-0.06139332365747441
C3 best compressed geometry sample,0.384,-0.9810211946050096,0.809685136085636,1.619370272171272,0.4691859392127783,-0.05693641618497125
C3 best compressed geometry sample,0.39,-0.982494004796163,0.8133248345193597,1.6266496690387193,0.46601365617895457,-0.052517985611511
C3 best compressed geometry sample,0.396,-0.9839541547277937,0.8169701045476038,1.6339402090952075,0.4628530522979242,-0.04813753581661895
C3 best compressed geometry sample,0.402,-0.9854018069424632,0.8206202953406331,1.6412405906812662,0.45970431826997826,-0.04379457917261054
C3 best compressed geometry sample,0.40800000000000003,-0.9868371212121212,0.8242747681367973,1.6485495362735947,0.45656763978127873,-0.03948863636363642
C3 best compressed geometry sample,0.41400000000000003,-0.9882602545968883,0.827932896172124,1.655865792344248,0.453443197520983,-0.0352192362093352
C3 best compressed geometry sample,0.42,-0.9896713615023474,0.8315940646073179,1.6631881292146358,0.45033116720073557,-0.030985915492957927
C3 best compressed geometry sample,0.426,-0.9910705937353904,0.8352576704522245,1.670515340904449,0.447231719576447,-0.026788218793828755
C3 best compressed geometry sample,0.432,-0.9924581005586592,0.8389231224877961,1.6778462449755922,0.444145020472301,-0.02262569832402228
C3 best compressed geometry sample,0.438,-0.9938340287436254,0.8425898411856121,1.6851796823712242,0.4410712308069093,-0.018497913769123908
C3 best compressed geometry sample,0.444,-0.9951985226223454,0.8462572586250067,1.6925145172500133,0.43801050662154684,-0.014404432132963718
C3 best compressed geometry sample,0.45,-0.996551724137931,0.8499248184078637,1.6998496368157274,0.434962999110397,-0.010344827586206917
C3 best compressed geometry sample,0.456,-0.9978937728937729,0.8535919755711315,1.707183951142263,0.4319288546527331,-0.006318681318681296
C3 best compressed geometry sample,0.462,-0.9992248062015504,0.8572581964971262,1.7145163929942524,0.4289082148469654,-0.0023255813953487747
C3 best compressed geometry sample,0.468,-1.0005449591280655,0.8609229588216849,1.7218459176433698,0.4259012165464825,0.0016348773841965425
C3 best compressed geometry sample,0.47400000000000003,-1.0018543645409317,0.8645857513402355,1.729171502680471,0.4229079918972171,0.005563093622795057
C3 best compressed geometry sample,0.48,-1.0031531531531532,0.8682460739118519,1.7364921478237039,0.41992866837686293,0.009459459459459696
C3 best compressed geometry sample,0.486,-1.0044414535666217,0.8719034373613667,1.7438068747227333,0.41696336883567525,0.013324360699865201
C3 best compressed geometry sample,0.492,-1.0057193923145666,0.8755573633796087,1.7511147267592173,0.4140122115387815,0.01715817694369992
C3 best compressed geometry sample,0.498,-1.0069870939029817,0.8792073844218465,1.758414768843693,0.4110753102099376,0.020961281708945068
C3 best compressed geometry sample,0.504,-1.008244680851064,0.8828530436045011,1.7657060872090022,0.4081527740766557,0.02473404255319167
C3 best compressed geometry sample,0.51,-1.0094922737306844,0.8864938946002163,1.7729877892004327,0.4052447079166393,0.028476821192053192
C3 best compressed geometry sample,0.516,-1.0107299912049252,0.8901295015313478,1.7802590030626957,0.4023512121054565,0.03218997361477571
C3 best compressed geometry sample,0.522,-1.011957950065703,0.893759438861964,1.787518877723928,0.3994723826653859,0.03587385019710898
C3 best compressed geometry sample,0.528,-1.013176265270506,0.8973832912884204,1.7947665825768409,0.3966083113153672,0.03952879581151825
C3 best compressed geometry sample,0.534,-1.0143850499782703,0.9010006536285962,1.8020013072571923,0.3937590855219964,0.043155149934810844
C3 best compressed geometry sample,0.54,-1.0155844155844156,0.9046111307098635,1.809222261419727,0.3909247885514948,0.04675324675324677
C3 best compressed geometry sample,0.546,-1.0167744717550669,0.9082143372558721,1.8164286745117442,0.38810549952259643,0.050323415265200566
C3 best compressed geometry sample,0.552,-1.017955326460481,0.9118098977722209,1.8236197955444418,0.3853012934602866,0.05386597938144311
C3 best compressed geometry sample,0.558,-1.0191270860077022,0.9153974464310988,1.8307948928621975,0.3825122413503332,0.05738125802310656
C3 best compressed geometry sample,0.5640000000000001,-1.0202898550724637,0.9189766269549697,1.8379532539099395,0.3797384101945523,0.060869565217391175
C3 best compressed geometry sample,0.5700000000000001,-1.021443736730361,0.9225470924993757,1.8450941849987514,0.3769798630667461,0.06433121019108312
C3 best compressed geometry sample,0.5760000000000001,-1.0225888324873096,0.9261085055349376,1.8522170110698752,0.37423665916926,0.06776649746192875
C3 best compressed geometry sample,0.582,-1.023725242309313,0.9296605377286233,1.8593210754572467,0.37150885389010063,0.07117572692793916
C3 best compressed geometry sample,0.588,-1.0248530646515532,0.9332028698243653,1.8664057396487306,0.3687964988605589,0.07455919395465971
C3 best compressed geometry sample,0.594,-1.0259723964868257,0.9367351915230875,1.873470383046175,0.36609964201328943,0.0779171894604771
C3 best compressed geometry sample,0.6,-1.0270833333333333,0.9402572013622329,1.8805144027244658,0.36341832764078724,0.08125000000000004
C3 best compressed geometry sample,0.606,-1.0281859692818598,0.9437686065948385,1.887537213189677,0.360752596454218,0.08455790784557937
C3 best compressed geometry sample,0.612,-1.0292803970223325,0.9472691230682553,1.8945382461365106,0.3581024856425447,0.08784119106699761
C3 best compressed geometry sample,0.618,-1.0303667078697982,0.950758475102553,1.901516950205106,0.3554680289319111,0.09110012360939468
C3 best compressed geometry sample,0.624,-1.0314449917898194,0.9542363953687046,1.9084727907374093,0.3528492566452253,0.09433497536945823
C3 best compressed geometry sample,0.63,-1.032515337423313,0.9577026247665937,1.9154052495331875,0.35024619576190874,0.09754601226993875
C3 best compressed geometry sample,0.636,-1.0335778321108395,0.961156912302928,1.922313824605856,0.34765886997775336,0.1007334963325186
C3 best compressed geometry sample,0.642,-1.034632561916362,0.9645990149691048,1.9291980299382097,0.3450872997648587,0.10389768574908631
C3 best compressed geometry sample,0.648,-1.0356796116504854,0.96802869761911,1.93605739523822,0.3425315024315936,0.10703883495145616
C3 best compressed geometry sample,0.654,-1.0367190648931883,0.9714457328474908,1.9428914656949816,0.33999149218255253,0.11015719467956497
C3 best compressed geometry sample,0.66,-1.0377510040160642,0.9748499008674807,1.9496998017349614,0.33746728017846017,0.11325301204819271
C3 best compressed geometry sample,0.666,-1.0387755102040817,0.9782409893893136,1.9564819787786272,0.33495887459599344,0.11632653061224496
C3 best compressed geometry sample,0.672,-1.039792663476874,0.9816187934988047,1.9632375869976093,0.33246628068747786,0.1193779904306218
C3 best compressed geometry sample,0.678,-1.0408025427095748,0.9849831155362314,1.9699662310724628,0.3299895008404299,0.12240762812872452
C3 best compressed geometry sample,0.684,-1.0418052256532067,0.9883337649755869,1.9766675299511738,0.327528534636905,0.12541567695961997
C3 best compressed geometry sample,0.6900000000000001,-1.0428007889546351,0.9916705583042374,1.983341116608475,0.3250833789126261,0.12840236686390538
C3 best compressed geometry sample,0.6960000000000001,-1.0437893081761007,0.9949933189030505,1.989986637806101,0.3226540278158537,0.13136792452830215
C3 best compressed geometry sample,0.7020000000000001,-1.0447708578143362,0.9983018769270299,1.9966037538540597,0.3202404728659761,0.13431257344300862
C3 best compressed geometry sample,0.708,-1.0457455113192817,1.0015960691865093,2.0031921383730187,0.3178427030117825,0.13723653395784519
C3 best compressed geometry sample,0.714,-1.0467133411124077,1.0048757390289467,2.0097514780578933,0.3154607046893996,0.14014002333722297
C3 best compressed geometry sample,0.72,-1.0476744186046512,1.008140736221363,2.016281472442726,0.3130944618798598,0.14302325581395348
C3 best compressed geometry sample,0.726,-1.0486288142139824,1.0113909168334678,2.0227818336669356,0.3107439561662796,0.14588644264194706
C3 best compressed geometry sample,0.732,-1.0495765973826021,1.0146261431215071,2.0292522862430142,0.30840916679062147,0.14872979214780635
C3 best compressed geometry sample,0.738,-1.050517836593786,1.0178462834128785,2.035692566825757,0.30609007071001965,0.15155350978135784
C3 best compressed geometry sample,0.744,-1.0514525993883792,1.0210512119915423,2.0421024239830845,0.30378664265264654,0.15435779816513762
C3 best compressed geometry sample,0.75,-1.0523809523809524,1.0242408089842685,2.048481617968537,0.3014988551730992,0.15714285714285725
C3 best compressed geometry sample,0.756,-1.0533029612756264,1.02741496024775,2.0548299204955,0.2992266787072879,0.15990888382687918
C3 best compressed geometry sample,0.762,-1.054218690881574,1.0305735572566186,2.061147114513237,0.2969700816268072,0.16265607264472215
C3 best compressed geometry sample,0.768,-1.0551282051282052,1.0337164969923853,2.0674329939847707,0.2947290302927745,0.16538461538461546
C3 best compressed geometry sample,0.774,-1.056031567080045,1.0368436818333422,2.0736873636666844,0.2925034891091167,0.16809470124013526
C3 best compressed geometry sample,0.78,-1.056928838951311,1.0399550194454468,2.0799100388908935,0.2902934205752929,0.17078651685393287
C3 best compressed geometry sample,0.786,-1.0578200821201942,1.04305042267422,2.08610084534844,0.2880987853384378,0.17346024636058255
C3 best compressed geometry sample,0.792,-1.0587053571428573,1.0461298094376759,2.0922596188753517,0.2859195422449118,0.17611607142857189
C3 best compressed geometry sample,0.798,-1.0595847237671487,1.0491931026203098,2.0983862052406197,0.28375564839124784,0.17875417130144622
C3 best compressed geometry sample,0.804,-1.060458240946046,1.0522402299681668,2.1044804599363336,0.28160705917448076,0.18137472283813771
C3 best compressed geometry sample,0.81,-1.0613259668508288,1.0552711239850066,2.110542247970013,0.27947372834185075,0.18397790055248642
C3 best compressed geometry sample,0.8160000000000001,-1.0621879588839942,1.058285721829588,2.116571443659176,0.27735560803987136,0.1865638766519826
C3 best compressed geometry sample,0.8220000000000001,-1.0630442736919137,1.0612839652140873,2.1225679304281746,0.2752526488627514,0.18913282107574103
C3 best compressed geometry sample,0.8280000000000001,-1.0638949671772429,1.064265800303666,2.128531600607332,0.27316479990016507,0.19168490153172857
C3 best compressed geometry sample,0.834,-1.064740094511087,1.0672311776172072,2.1344623552344144,0.27109200878436146,0.19422028353326093
C3 best compressed geometry sample,0.84,-1.0655797101449276,1.070180051929228,2.140360103858456,0.26903422173660807,0.19673913043478275
C3 best compressed geometry sample,0.846,-1.0664138678223185,1.0731123821729858,2.1462247643459715,0.26699138361296165,0.19924160346695552
C3 best compressed geometry sample,0.852,-1.067242620590353,1.076028131344783,2.152056262689566,0.26496343794936367,0.20172786177105873
C3 best compressed geometry sample,0.858,-1.0680660208109078,1.0789272664094922,2.1578545328189844,0.26295032700605087,0.20419806243272354
C3 best compressed geometry sample,0.864,-1.068884120171674,1.0818097582072927,2.1636195164145855,0.260951991811286,0.20665236051502167
C3 best compressed geometry sample,0.87,-1.0696969696969698,1.0846755813616455,2.169351162723291,0.2589683722043952,0.20909090909090944
C3 best compressed geometry sample,0.876,-1.0705046197583512,1.0875247141884976,2.175049428376995,0.2569994068781205,0.21151385927505362
C3 best compressed geometry sample,0.882,-1.071307120085016,1.0903571386067337,2.1807142772134673,0.25504503342027446,0.21392136025504782
C3 best compressed geometry sample,0.888,-1.0721045197740113,1.093172840049869,2.186345680099738,0.2531051883547079,0.216313559322034
C3 best compressed geometry sample,0.894,-1.0728968673002464,1.0959718073789997,2.1919436147579994,0.2511798071815779,0.21869060190073908
C3 best compressed geometry sample,0.9,-1.0736842105263158,1.0987540327969993,2.1975080655939987,0.24926882441692663,0.2210526315789474
C3 best compressed geometry sample,0.906,-1.0744665967121372,1.1015195117639778,2.2030390235279556,0.24737217363156336,0.22339979013641154
C3 best compressed geometry sample,0.912,-1.0752440725244072,1.1042682429139896,2.2085364858279792,0.2454897874892559,0.2257322175732217
C3 best compressed geometry sample,0.918,-1.0760166840458811,1.1070002279730082,2.2140004559460165,0.24362159778422932,0.2280500521376434
C3 best compressed geometry sample,0.924,-1.0767844767844768,1.1097154716781494,2.219430943356299,0.24176753547797694,0.23035343035343026
C3 best compressed geometry sample,0.93,-1.0775474956822106,1.1124139816981533,2.2248279633963066,0.23992753073538145,0.23264248704663193
C3 best compressed geometry sample,0.936,-1.078305785123967,1.1150957685551206,2.230191537110241,0.23810151296015494,0.23491735537190106
C3 best compressed geometry sample,0.9420000000000001,-1.0790593889461038,1.1177608455474992,2.2355216910949984,0.23628941082959387,0.23717816683831128
C3 best compressed geometry sample,0.9480000000000001,-1.0798083504449008,1.1204092286743172,2.2408184573486345,0.23449115232865908,0.23942505133470227
C3 best compressed geometry sample,0.9540000000000001,-1.0805527123848515,1.1230409365606606,2.2460818731213212,0.23270666478337843,0.24165813715455453
C3 best compressed geometry sample,0.96,-1.0812925170068028,1.12565599038439,2.25131198076878,0.23093587489358203,0.24387755102040853
C3 best compressed geometry sample,0.966,-1.0820278060359443,1.1282544138040913,2.2565088276081826,0.22917870876496915,0.24608341810783285
C3 best compressed geometry sample,0.972,-1.0827586206896551,1.1308362328882535,2.261672465776507,0.2274350919405157,0.24827586206896535
C3 best compressed geometry sample,0.978,-1.083485001685204,1.133401476045668,2.266802952091336,0.2257049494312243,0.250455005055612
C3 best compressed geometry sample,0.984,-1.0842069892473118,1.1359501739570452,2.2719003479140905,0.22398820574622436,0.25262096774193554
C3 best compressed geometry sample,0.99,-1.0849246231155778,1.138482359507833,2.276964719015666,0.22228478492222598,0.2547738693467334
C3 best compressed geometry sample,0.996,-1.0856379425517702,1.1409980677222429,2.2819961354444858,0.22059461055233479,0.25691382765531046
C3 best compressed geometry sample,1.002,-1.0863469863469863,1.1434973356984592,2.2869946713969185,0.2189176058142326,0.25904095904095903
C3 best compressed geometry sample,1.008,-1.0870517928286854,1.145980202545039,2.291960405090078,0.21725369349773077,0.2611553784860561
C3 best compressed geometry sample,1.014,-1.0877523998675935,1.148446709318476,2.296893418636952,0.21560279603170224,0.2632571996027806
C3 best compressed geometry sample,1.02,-1.0884488448844885,1.1508968989619377,2.3017937979238754,0.2139648355103994,0.26534653465346536
C3 best compressed geometry sample,1.026,-1.0891411648568607,1.1533308162451532,2.3066616324903064,0.21233973371916304,0.26742349457058223
C3 best compressed geometry sample,1.032,-1.0898293963254593,1.1557485077054424,2.3114970154108847,0.21072741215953125,0.26948818897637783
C3 best compressed geometry sample,1.038,-1.0905135754007196,1.1581500215898832,2.3163000431797665,0.209127792073754,0.27154072620215874
C3 best compressed geometry sample,1.044,-1.0911937377690804,1.1605354077985988,2.3210708155971975,0.20754079446872092,0.27358121330724106
C3 best compressed geometry sample,1.05,-1.0918699186991871,1.1629047178291583,2.3258094356583165,0.20596634013930867,0.27560975609756144
C3 best compressed geometry sample,1.056,-1.0925421530479897,1.1652580047220773,2.3305160094441546,0.20440434969115678,0.2776264591439692
C3 best compressed geometry sample,1.062,-1.0932104752667313,1.1675953230074054,2.335190646014811,0.2028547435628795,0.27963142580019396
C3 best compressed geometry sample,1.068,-1.0938749194068345,1.1699167286523944,2.3398334573047888,0.20131744204771868,0.28162475822050337
C3 best compressed geometry sample,1.074,-1.0945355191256831,1.1722222790102306,2.344444558020461,0.19979236531464772,0.28360655737704943
C3 best compressed geometry sample,1.08,-1.0951923076923078,1.1745120327698189,2.3490240655396377,0.19827943342893423,0.2855769230769234
C3 best compressed geometry sample,1.086,-1.095845317992969,1.176786049906608,2.353572099813216,0.1967785663721681,0.2875359539789071
C3 best compressed geometry sample,1.092,-1.0964945825366477,1.1790443916344442,2.3580887832688884,0.1952896840617634,0.289483747609943
C3 best compressed geometry sample,1.098,-1.0971401334604387,1.1812871203584419,2.3625742407168837,0.1938127063699408,0.2914204003813161
C3 best compressed geometry sample,1.104,-1.0977820025348544,1.1835142996288563,2.3670285992577127,0.19234755314220092,0.2933460076045631
C3 best compressed geometry sample,1.11,-1.0984202211690364,1.1857259940959455,2.371451988191891,0.19089414421529455,0.2952606635071091
C3 best compressed geometry sample,1.116,-1.099054820415879,1.1879222694658094,2.3758445389316187,0.18945239943469752,0.29716446124763696
C3 best compressed geometry sample,1.122,-1.0996858309770658,1.190103192457194,2.380206384914388,0.1880222386715991,0.29905749293119754
C3 best compressed geometry sample,1.1280000000000001,-1.10031328320802,1.19226883075925,2.3845376615185,0.18660358183941136,0.30093984962406006
C3 best compressed geometry sample,1.1340000000000001,-1.100937207122774,1.1944192529902193,2.3888385059804387,0.1851963489098089,0.3028116213683223
C3 best compressed geometry sample,1.1400000000000001,-1.101557632398754,1.196554528657057,2.393109057314114,0.18380045992830385,0.3046728971962618
C3 best compressed geometry sample,1.1460000000000001,-1.102174588381485,1.1986747281159602,2.3973494562319204,0.1824158350293662,0.30652376514445523
C3 best compressed geometry sample,1.1520000000000001,-1.1027881040892193,1.200779922533794,2.401559845067588,0.181042394451098,0.30836431226765804
C3 best compressed geometry sample,1.158,-1.1033982082174854,1.2028701838504037,2.4057403677008073,0.17968005854946778,0.31019462465245606
C3 best compressed geometry sample,1.164,-1.1040049291435614,1.2049455847418,2.4098911694836,0.17832874781211322,0.3120147874306842
C3 best compressed geometry sample,1.17,-1.1046082949308755,1.2070061985842007,2.4140123971684013,0.1769883828717201,0.3138248847926266
C3 best compressed geometry sample,1.176,-1.1052083333333333,1.209052099418918,2.418104198837836,0.17565888451898654,0.31562500000000004
C3 best compressed geometry sample,1.182,-1.1058050717995722,1.2110833619180779,2.4221667238361557,0.17434017371517882,0.31741521539871664
C3 best compressed geometry sample,1.188,-1.1063985374771481,1.2131000613511589,2.4262001227023178,0.17303217160428525,0.31919561243144434
C3 best compressed geometry sample,1.194,-1.1069887572166515,1.215102273552335,2.43020454710467,0.17173479952477952,0.3209662716499544
C3 best compressed geometry sample,1.2,-1.1075757575757577,1.2170900748886133,2.4341801497772266,0.1704479790209983,0.322727272727273
C3 best compressed geometry sample,1.206,-1.1081595648232094,1.2190635422287472,2.4381270844574945,0.16917163185414041,0.3244786944696283
C3 best compressed geometry sample,1.212,-1.1087402049427366,1.2210227529129212,2.4420455058258423,0.1679056800128963,0.32622061482820985
C3 best compressed geometry sample,1.218,-1.1093177036369102,1.222967784723185,2.44593556944637,0.16665004572371528,0.32795311091073054
C3 best compressed geometry sample,1.224,-1.1098920863309352,1.2248987158546287,2.4497974317092575,0.16540465146071695,0.3296762589928055
C3 best compressed geometry sample,1.23,-1.1104633781763826,1.226815624887288,2.453631249774576,0.16416941995525433,0.3313901345291479
C3 best compressed geometry sample,1.236,-1.11103160405486,1.228718590758763,2.457437181517526,0.16294427420513613,0.33309481216458003
C3 best compressed geometry sample,1.242,-1.1115967885816236,1.2306076927375416,2.461215385475083,0.16172913748351592,0.33479036574487075
C3 best compressed geometry sample,1.248,-1.112158956109134,1.2324830103970066,2.464966020794013,0.16052393334745335,0.3364768683274022
C3 best compressed geometry sample,1.254,-1.1127181307305531,1.2343446235901288,2.4686892471802575,0.15932858564615682,0.33815439219165944
C3 best compressed geometry sample,1.26,-1.1132743362831858,1.2361926124248208,2.4723852248496416,0.15814301852891205,0.3398230088495575
C3 best compressed geometry sample,1.266,-1.1138275963518682,1.2380270572399446,2.476054114479889,0.1569671564527051,0.3414827890556047
C3 best compressed geometry sample,1.272,-1.1143779342723006,1.2398480385819584,2.4796960771639167,0.15580092418954697,0.34313380281690176
C3 best compressed geometry sample,1.278,-1.1149253731343283,1.2416556371821974,2.483311274364395,0.1546442468335036,0.3447761194029848
C3 best compressed geometry sample,1.284,-1.1154699357851723,1.2434499339347658,2.4868998678695315,0.15349704980744117,0.34640980735551685
C3 best compressed geometry sample,1.29,-1.1160116448326056,1.2452310098750397,2.4904620197500793,0.15235925886949075,0.34803493449781686
C3 best compressed geometry sample,1.296,-1.1165505226480836,1.2469989461587587,2.4939978923175175,0.151230800119241,0.3496515679442509
C3 best compressed geometry sample,1.302,-1.1170865913698234,1.2487538240417033,2.4975076480834066,0.15011160000366222,0.35125977410947007
C3 best compressed geometry sample,1.308,-1.1176198729058349,1.250495724859943,2.500991449719886,0.14900158532277047,0.3528596187175046
C3 best compressed geometry sample,1.314,-1.1181503889369058,1.252224730010642,2.504449460021284,0.14790068323503677,0.3544511668107173
C3 best compressed geometry sample,1.32,-1.1186781609195402,1.2539409209334151,2.5078818418668303,0.14680882126254843,0.3560344827586206
C3 best compressed geometry sample,1.326,-1.1192032100888507,1.2556443790922216,2.511288758184443,0.1457259272959261,0.3576096302665521
C3 best compressed geometry sample,1.332,-1.1197255574614067,1.2573351859577853,2.5146703719155705,0.1446519295990053,0.35917667238422
C3 best compressed geometry sample,1.338,-1.1202452238380383,1.2590134229905297,2.5180268459810593,0.14358675681328592,0.3607356715141148
C3 best compressed geometry sample,1.344,-1.1207622298065985,1.2606791716240213,2.5213583432480426,0.14253033796215772,0.36228668941979536
C3 best compressed geometry sample,1.35,-1.1212765957446809,1.2623325132489034,2.5246650264978068,0.14148260245490385,0.3638297872340426
C3 best compressed geometry sample,1.356,-1.1217883418222978,1.2639735291973226,2.5279470583946453,0.1404434800904913,0.3653650254668934
C3 best compressed geometry sample,1.362,-1.122297488004516,1.26560230072782,2.53120460145564,0.13941290106115267,0.366892464013548
C3 best compressed geometry sample,1.368,-1.122804054054054,1.2672189090106958,2.5344378180213916,0.13839079595576337,0.3684121621621621
C3 best compressed geometry sample,1.374,-1.123308059533839,1.2688234351138226,2.537646870227645,0.13737709576302073,0.36992417860151683
C3 best compressed geometry sample,1.3800000000000001,-1.1238095238095238,1.2704159599889087,2.5408319199778173,0.13637173187442972,0.37142857142857144
C3 best compressed geometry sample,1.3860000000000001,-1.12430846605197,1.2719965644581934,2.543993128916387,0.1353746360871005,0.37292539815590997
C3 best compressed geometry sample,1.3920000000000001,-1.1248049052396878,1.2735653292015694,2.547130658403139,0.13438574060636227,0.3744147157190634
C3 best compressed geometry sample,1.3980000000000001,-1.1252988601612455,1.2751223347441227,2.5502446694882455,0.1334049780481996,0.3758965804837364
C3 best compressed geometry sample,1.4040000000000001,-1.1257903494176373,1.276667661444078,2.553335322888156,0.1324322814415129,0.377371048252912
C3 best compressed geometry sample,1.41,-1.1262793914246196,1.278201389481148,2.556402778962296,0.13146758423021246,0.3788381742738589
C3 best compressed geometry sample,1.416,-1.126766004415011,1.2797235988452644,2.559447197690529,0.1305108202751464,0.3802980132450329
C3 best compressed geometry sample,1.422,-1.127250206440958,1.2812343693256987,2.5624687386513973,0.1295619238558689,0.3817506193228739
C3 best compressed geometry sample,1.428,-1.127732015376167,1.2827337805005472,2.5654675610010944,0.1286208296722528,0.3831960461285009
C3 best compressed geometry sample,1.434,-1.1282114489181048,1.2842219117265863,2.5684438234531726,0.12768747284595225,0.3846343467543143
C3 best compressed geometry sample,1.44,-1.128688524590164,1.2856988421294806,2.571397684258961,0.12676178892171663,0.38606557377049233
C3 best compressed geometry sample,1.446,-1.1291632597437995,1.28716465059434,2.57432930118868,0.12584371386856255,0.3874897792313985
C3 best compressed geometry sample,1.452,-1.1296356715606308,1.2886194157566133,2.5772388315132266,0.12493318408080759,0.3889070146818925
C3 best compressed geometry sample,1.458,-1.1301057770545158,1.2900632159933172,2.5801264319866344,0.12403013637896879,0.3903173311635473
C3 best compressed geometry sample,1.464,-1.1305735930735932,1.2914961294145868,2.5829922588291736,0.12313450801053075,0.3917207792207795
C3 best compressed geometry sample,1.47,-1.1310391363022942,1.2929182338555432,2.5858364677110863,0.12224623665058613,0.39311740890688274
C3 best compressed geometry sample,1.476,-1.131502423263328,1.29432960686847,2.58865921373694,0.12136526040235421,0.39450726978998385
C3 best compressed geometry sample,1.482,-1.1319634703196346,1.295730325715289,2.591460651430578,0.12049151779757916,0.39589041095890387
C3 best compressed geometry sample,1.488,-1.132422293676313,1.2971204673603347,2.5942409347206694,0.11962494779681286,0.39726688102893926
C3 best compressed geometry sample,1.494,-1.132878909382518,1.2985001084634102,2.5970002169268205,0.11876548978958491,0.398636728147554
C3 best compressed geometry sample,1.5,-1.1333333333333333,1.2998693253731275,2.599738650746255,0.11791308359446454,0.3999999999999999
C3 best compressed geometry sample,1.506,-1.1337855812716149,1.3012281941205195,2.602456388241039,0.11706766945901699,0.40135674381484465
C3 best compressed geometry sample,1.512,-1.134235668789809,1.302576790412918,2.605153580825836,0.11622918805965722,0.4027070063694269
C3 best compressed geometry sample,1.518,-1.134683611331745,1.3039151896280916,2.607830379256183,0.11539758050140514,0.40405083399523467
C3 best compressed geometry sample,1.524,-1.1351294241944005,1.3052434668086401,2.6104869336172802,0.11457278831754504,0.40538827258320165
C3 best compressed geometry sample,1.53,-1.1355731225296442,1.3065616966566302,2.6131233933132605,0.11375475346919281,0.40671936758893246
C3 best compressed geometry sample,1.536,-1.1360147213459517,1.3078699535284788,2.6157399070569576,0.11294341834477309,0.40804416403785515
C3 best compressed geometry sample,1.542,-1.136454235510097,1.3091683114300656,2.6183366228601312,0.11213872575940971,0.40936270653029116
C3 best compressed geometry sample,1.548,-1.1368916797488227,1.3104568440120776,2.6209136880241553,0.11134061895423292,0.410675039246468
C3 best compressed geometry sample,1.554,-1.137327068650483,1.3117356245655771,2.6234712491311543,0.11054904159560582,0.41198120595144916
C3 best compressed geometry sample,1.56,-1.1377604166666666,1.313004726017783,2.626009452035566,0.10976393777427192,0.4132812499999998
C3 best compressed geometry sample,1.566,-1.1381917381137958,1.3142642209280686,2.628528441856137,0.10898525200442785,0.41457521434138744
C3 best compressed geometry sample,1.572,-1.138621047174702,1.315514181484163,2.631028362968326,0.10821292922272321,0.4158631415241061
C3 best compressed geometry sample,1.578,-1.139048357900181,1.316754679498552,2.633509358997104,0.10744691478719055,0.4171450737005433
C3 best compressed geometry sample,1.584,-1.1394736842105264,1.3179857864050777,2.6359715728101554,0.1066871544761071,0.41842105263157925
C3 best compressed geometry sample,1.59,-1.13989703989704,1.3192075732557254,2.6384151465114507,0.10593359448679127,0.41969111969112016
C3 best compressed geometry sample,1.596,-1.1403184386235234,1.3204201107175968,2.6408402214351936,0.10518618143433693,0.42095531587057033
C3 best compressed geometry sample,1.602,-1.140737893927748,1.321623469070063,2.643246938140126,0.10444486235028683,0.4222136817832438
C3 best compressed geometry sample,1.608,-1.1411554192229039,1.322817718202094,2.645635436404188,0.10370958468124786,0.4234662576687116
C3 best compressed geometry sample,1.614,-1.141571027799031,1.3240029276097545,2.648005855219509,0.10298029628745003,0.4247130833970929
C3 best compressed geometry sample,1.62,-1.1419847328244275,1.325179166393874,2.650358332787748,0.10225694544125231,0.4259541984732824
C3 best compressed geometry sample,1.6260000000000001,-1.1423965473470425,1.3263465032578663,2.6526930065157326,0.10153948082559627,0.42718964204112764
C3 best compressed geometry sample,1.6320000000000001,-1.142806484295846,1.3275050065057175,2.655010013011435,0.10082785153241058,0.42841945288753824
C3 best compressed geometry sample,1.6380000000000001,-1.1432145564821834,1.328654744040117,2.657309488080234,0.1001220070609669,0.4296436694465502
C3 best compressed geometry sample,1.6440000000000001,-1.1436207766011095,1.3297957833607437,2.6595915667214873,0.0994218973161914,0.4308623298033285
C3 best compressed geometry sample,1.6500000000000001,-1.1440251572327045,1.3309281915626914,2.6618563831253828,0.09872747260693196,0.43207547169811344
C3 best compressed geometry sample,1.6560000000000001,-1.1444277108433736,1.3320520353350354,2.6641040706700707,0.09803868364418332,0.43328313253012074
C3 best compressed geometry sample,1.6620000000000001,-1.1448284497871275,1.3331673809595346,2.666334761919069,0.09735548153927238,0.4344853493613825
C3 best compressed geometry sample,1.668,-1.1452273863068467,1.334274294309468,2.668548588618936,0.09667781780200543,0.4356821589205402
C3 best compressed geometry sample,1.674,-1.1456245325355274,1.3353728408485945,2.670745681697189,0.09600564433877865,0.4368735976065823
C3 best compressed geometry sample,1.68,-1.1460199004975125,1.3364630856302404,2.672926171260481,0.09533891345065353,0.43805970149253737
C3 best compressed geometry sample,1.686,-1.1464135021097046,1.3375450932965067,2.6750901865930135,0.09467757783139923,0.4392405063291138
C3 best compressed geometry sample,1.692,-1.1468053491827637,1.3386189280775935,2.677237856155187,0.09402159056550369,0.440416047548291
C3 best compressed geometry sample,1.698,-1.1471954534222881,1.3396846537912364,2.6793693075824727,0.09337090512615402,0.4415863602668644
C3 best compressed geometry sample,1.704,-1.1475838264299805,1.3407423338422542,2.6814846676845083,0.09272547537318827,0.4427514792899414
C3 best compressed geometry sample,1.71,-1.1479704797047972,1.3417920312222054,2.6835840624444107,0.09208525555102069,0.44391143911439146
C3 best compressed geometry sample,1.716,-1.1483554246440844,1.3428338085091434,2.6856676170182867,0.09145020028654097,0.44506627393225306
C3 best compressed geometry sample,1.722,-1.1487386725446975,1.3438677278674744,2.687735455734949,0.0908202645869888,0.4462160176340926
C3 best compressed geometry sample,1.728,-1.1491202346041056,1.3448938510479156,2.689787702095831,0.09019540383780598,0.44736070381231685
C3 best compressed geometry sample,1.734,-1.1495001219214827,1.3459122393875393,2.6918244787750787,0.08957557380046656,0.44850036576444796
C3 best compressed geometry sample,1.74,-1.1498783454987835,1.3469229538099183,2.6938459076198367,0.0889607306102868,0.4496350364963506
C3 best compressed geometry sample,1.746,-1.1502549162418063,1.3479260548253502,2.6958521096507004,0.08835083077421596,0.45076474872541894
C3 best compressed geometry sample,1.752,-1.1506298449612404,1.348921602531173,2.697843205062346,0.0877458311686087,0.4518895348837213
C3 best compressed geometry sample,1.758,-1.1510031423737008,1.3499096566121613,2.6998193132243227,0.08714568903698125,0.4530094271211025
C3 best compressed geometry sample,1.764,-1.1513748191027497,1.3508902763410011,2.7017805526820022,0.0865503619877519,0.45412445730824924
C3 best compressed geometry sample,1.77,-1.1517448856799037,1.3518635205788452,2.7037270411576904,0.08595980799196663,0.4552346570397112
C3 best compressed geometry sample,1.776,-1.1521133525456293,1.3528294477759377,2.7056588955518754,0.08537398538101125,0.4563400576368879
C3 best compressed geometry sample,1.782,-1.1524802300503234,1.353788115972318,2.707576231944636,0.08479285284431148,0.4574406901509702
C3 best compressed geometry sample,1.788,-1.1528455284552845,1.3547395827985877,2.7094791655971755,0.08421636942702136,0.4585365853658536
C3 best compressed geometry sample,1.794,-1.1532092579336675,1.355683905476747,2.711367810953494,0.08364449452770133,0.4596277738010024
C3 best compressed geometry sample,1.8,-1.1535714285714287,1.356621140821099,2.713242281642198,0.08307718789598631,0.4607142857142861
C3 best compressed geometry sample,1.806,-1.1539320503682586,1.357551345239212,2.715102690478424,0.08251440963024588,0.4617961511047759
C3 best compressed geometry sample,1.812,-1.1542911332385017,1.3584745747329452,2.7169491494658904,0.08195612017523664,0.46287339971550523
C3 best compressed geometry sample,1.818,-1.1546486870120654,1.3593908848995306,2.7187817697990613,0.08140228031974735,0.46394606103619607
C3 best compressed geometry sample,1.824,-1.1550047214353163,1.360300330932714,2.720600661865428,0.08085285119423805,0.4650141643059489
C3 best compressed geometry sample,1.83,-1.155359246171967,1.3612029676239465,2.722405935247893,0.08030779426847472,0.4660777385159012
C3 best compressed geometry sample,1.836,-1.1557122708039493,1.3620988493636306,2.724197698727261,0.07976707134915882,0.467136812411848
C3 best compressed geometry sample,1.842,-1.1560638048322778,1.362988030142415,2.72597606028483,0.07923064457755356,0.4681914144968333
C3 best compressed geometry sample,1.848,-1.1564138576779026,1.3638705635525394,2.727741127105079,0.07869847642710684,0.46924157303370784
C3 best compressed geometry sample,1.854,-1.1567624386825508,1.3647465027892223,2.7294930055784445,0.0781705297010726,0.4702873160476524
C3 best compressed geometry sample,1.86,-1.157109557109557,1.365615900652097,2.731231801304194,0.07764676753013038,0.4713286713286713
C3 best compressed geometry sample,1.866,-1.1574552221446848,1.3664788095466873,2.7329576190933746,0.07712715337000385,0.4723656664340543
C3 best compressed geometry sample,1.872,-1.157799442896936,1.367335281485928,2.734670562971856,0.07661165099907952,0.4733983286908081
C3 best compressed geometry sample,1.8780000000000001,-1.1581422283993514,1.3681853680917198,2.7363707361834395,0.0761002245160255,0.4744266851980543
C3 best compressed geometry sample,1.8840000000000001,-1.1584835876098012,1.3690291205965242,2.7380582411930483,0.07559283833741176,0.4754507628294036
C3 best compressed geometry sample,1.8900000000000001,-1.1588235294117648,1.3698665898449986,2.7397331796899973,0.0750894571953317,0.4764705882352944
C3 best compressed geometry sample,1.8960000000000001,-1.1591620626151014,1.3706978262956566,2.7413956525913132,0.07459004613502573,0.47748618784530406
C3 best compressed geometry sample,1.9020000000000001,-1.1594991959568115,1.371522880022572,2.743045760045144,0.07409457051250803,0.4784975878704345
C3 best compressed geometry sample,1.9080000000000001,-1.1598349381017883,1.3723418007171069,2.7446836014342137,0.07360299599219636,0.47950481430536485
C3 best compressed geometry sample,1.9140000000000001,-1.1601692976435598,1.3731546376896715,2.746309275379343,0.07311528854454548,0.4805078929306794
C3 best compressed geometry sample,1.92,-1.160502283105023,1.3739614398715152,2.7479228797430304,0.07263141444368486,0.4815068493150687
C3 best compressed geometry sample,1.926,-1.160833902939166,1.3747622558165433,2.7495245116330866,0.07215134026506127,0.4825017088174983
C3 best compressed geometry sample,1.932,-1.1611641655297862,1.3755571337031596,2.751114267406319,0.07167503288308665,0.48349249658935856
C3 best compressed geometry sample,1.938,-1.1614930791921942,1.3763461213361337,2.7526922426722673,0.07120245946879082,0.48447923757658273
C3 best compressed geometry sample,1.944,-1.1618206521739132,1.3771292661484935,2.754258532296987,0.07073358748748115,0.4854619565217395
C3 best compressed geometry sample,1.95,-1.1621468926553673,1.3779066152034398,2.7558132304068796,0.07026838469640827,0.4864406779661019
C3 best compressed geometry sample,1.956,-1.1624718087505639,1.3786782151962773,2.7573564303925546,0.06980681914243834,0.48741542625169165
C3 best compressed geometry sample,1.962,-1.162795408507765,1.3794441124563757,2.7588882249127513,0.06934885915973284,0.4883862255232949
C3 best compressed geometry sample,1.968,-1.1631176999101527,1.3802043529491381,2.7604087058982762,0.06889447336743573,0.48935309973045804
C3 best compressed geometry sample,1.974,-1.163438690876485,1.3809589822779973,2.7619179645559946,0.06844363066736876,0.4903160726294553
C3 best compressed geometry sample,1.98,-1.1637583892617451,1.3817080456864204,2.7634160913728407,0.0679963002417346,0.4912751677852354
C3 best compressed geometry sample,1.986,-1.1640768028577808,1.382451588059938,2.764903176119876,0.0675524515508287,0.49223040857334244
C3 best compressed geometry sample,1.992,-1.1643939393939395,1.3831896539281794,2.7663793078563588,0.06711205433076009,0.4931818181818186
C3 best compressed geometry sample,1.998,-1.164709806537692,1.3839222874669284,2.7678445749338567,0.06667507859118124,0.4941294196130759
C3 best compressed geometry sample,2.004,-1.1650244118952509,1.384649532500188,2.769299065000376,0.06624149461302731,0.49507323568575257
C3 best compressed geometry sample,2.0100000000000002,-1.1653377630121817,1.385371432502259,2.770742865004518,0.06581127294626483,0.4960132890365452
C3 best compressed geometry sample,2.016,-1.1656498673740052,1.3860880305998298,2.7721760611996595,0.06538438440765096,0.49694960212201567
C3 best compressed geometry sample,2.0220000000000002,-1.1659607324067947,1.3867993695740737,2.7735987391481474,0.06496080007850207,0.49788219722038396
C3 best compressed geometry sample,2.028,-1.166270365477763,1.387505491862762,2.775010983725524,0.06454049130247373,0.49881109643328925
C3 best compressed geometry sample,2.0340000000000003,-1.166578773895847,1.3882064395623777,2.7764128791247553,0.0641234296833503,0.49973632168754123
C3 best compressed geometry sample,2.04,-1.1668859649122807,1.3889022544302414,2.777804508860483,0.06370958708284616,0.5006578947368421
C3 best compressed geometry sample,2.0460000000000003,-1.1671919457211644,1.3895929778866458,2.7791859557732916,0.06329893561841744,0.5015758371634931
C3 best compressed geometry sample,2.052,-1.1674967234600262,1.390278651016993,2.780557302033986,0.06289144766108552,0.5024901703800786
C3 best compressed geometry sample,2.058,-1.1678003052103771,1.3909593145739403,2.7819186291478806,0.0624870958332714,0.5034009156311314
C3 best compressed geometry sample,2.064,-1.1681026979982594,1.3916350089795477,2.7832700179590955,0.062085853006642,0.5043080939947782
C3 best compressed geometry sample,2.07,-1.1684039087947884,1.3923057743274332,2.7846115486548664,0.06168769229996823,0.5052117263843652
C3 best compressed geometry sample,2.076,-1.1687039445166885,1.3929716503849299,2.7859433007698597,0.06129258707699468,0.5061118335500654
C3 best compressed geometry sample,2.082,-1.1690028120268225,1.3936326765952458,2.7872653531904916,0.06090051094432187,0.5070084360804676
C3 best compressed geometry sample,2.088,-1.1693005181347151,1.3942888920796281,2.7885777841592563,0.060511437749299936,0.5079015544041454
C3 best compressed geometry sample,2.094,-1.1695970695970697,1.3949403356395262,2.7898806712790525,0.06012534157793564,0.508791208791209
C3 best compressed geometry sample,2.1,-1.1698924731182796,1.3955870457587585,2.791174091517517,0.059742196752810714,0.5096774193548388
C3 best compressed geometry sample,2.106,-1.1701867353509336,1.3962290606056775,2.792458121211355,0.05936197783101384,0.510560206052801
C3 best compressed geometry sample,2.112,-1.1704798628963153,1.3968664180353396,2.7937328360706792,0.05898465960208442,0.511439588688946
C3 best compressed geometry sample,2.118,-1.1707718623048964,1.397499155591669,2.794998311183338,0.058610217085969696,0.5123155869146891
C3 best compressed geometry sample,2.124,-1.1710627400768248,1.398127310509622,2.796254621019244,0.05823862553099433,0.5131882202304743
C3 best compressed geometry sample,2.13,-1.171352502662407,1.3987509197173544,2.797501839434709,0.05786986041184338,0.5140575079872209
C3 best compressed geometry sample,2.136,-1.171641156462585,1.3993700198383834,2.7987400396767668,0.05750389742755783,0.5149234693877551
C3 best compressed geometry sample,2.142,-1.171928707829408,1.3999846471937443,2.7999692943874885,0.05714071249954355,0.5157861234882242
C3 best compressed geometry sample,2.148,-1.1722151630664972,1.4005948378041524,2.801189675608305,0.056780281769593204,0.5166454891994916
C3 best compressed geometry sample,2.154,-1.1725005284295076,1.4012006273921522,2.8024012547843045,0.05642258159792166,0.5175015852885227
C3 best compressed geometry sample,2.16,-1.1727848101265823,1.4018020513842753,2.8036041027685505,0.05606758856121437,0.5183544303797469
C3 best compressed geometry sample,2.166,-1.173068014318804,1.4023991449131792,2.8047982898263584,0.05571527945068941,0.5192040429564118
C3 best compressed geometry sample,2.172,-1.173350147120639,1.4029919428197963,2.8059838856395927,0.05536563127017253,0.5200504413619167
C3 best compressed geometry sample,2.178,-1.1736312146003776,1.403580479655467,2.807160959310934,0.055018621234186015,0.5208936438011327
C3 best compressed geometry sample,2.184,-1.1739112227805695,1.4041647896840774,2.808329579368155,0.05467422676605071,0.5217336683417084
C3 best compressed geometry sample,2.19,-1.1741901776384536,1.4047449068841822,2.8094898137683644,0.05433242549600173,0.5225705329153607
C3 best compressed geometry sample,2.196,-1.1744680851063831,1.405320864951129,2.810641729902258,0.05399319525931748,0.5234042553191494
C3 best compressed geometry sample,2.202,-1.1747449510722465,1.4058926972991748,2.8117853945983495,0.05365651409446249,0.5242348532167396
C3 best compressed geometry sample,2.208,-1.1750207813798836,1.4064604370635942,2.8129208741271885,0.053322360241243434,0.5250623441396509
C3 best compressed geometry sample,2.214,-1.175295581829496,1.407024117102783,2.814048234205566,0.05299071213897909,0.5258867454884877
C3 best compressed geometry sample,2.22,-1.1755693581780537,1.4075837700003548,2.8151675400007097,0.052661548424683534,0.5267080745341612
C3 best compressed geometry sample,2.226,-1.1758421161396984,1.4081394280672286,2.816278856134457,0.05233484793126325,0.5275263484190951
C3 best compressed geometry sample,2.232,-1.1761138613861386,1.4086911233437125,2.817382246687425,0.05201058968572731,0.5283415841584158
C3 best compressed geometry sample,2.238,-1.1763845995470454,1.4092388876015767,2.8184777752031533,0.05168875290741189,0.5291537986411363
C3 best compressed geometry sample,2.244,-1.1766543362104398,1.4097827523461193,2.8195655046922385,0.051369317006217434,0.5299630086313194
C3 best compressed geometry sample,2.25,-1.176923076923077,1.4103227488182255,2.820645497636451,0.051052261580860195,0.5307692307692309
C3 best compressed geometry sample,2.2560000000000002,-1.1771908271908273,1.4108589079964173,2.8217178159928347,0.0507375664171367,0.531572481572482
C3 best compressed geometry sample,2.262,-1.1774575924790518,1.4113912605988927,2.8227825211977855,0.05042521148620216,0.5323727774371554
C3 best compressed geometry sample,2.2680000000000002,-1.1777233782129743,1.4119198370855626,2.823839674171125,0.05011517694286208,0.533170134638923
C3 best compressed geometry sample,2.274,-1.1779881897780493,1.4124446676600682,2.8248893353201363,0.0498074431238776,0.5339645693341479
C3 best compressed geometry sample,2.2800000000000002,-1.1782520325203252,1.4129657822718023,2.8259315645436045,0.04950199054628405,0.5347560975609755
C3 best compressed geometry sample,2.286,-1.1785149117468048,1.4134832106179103,2.8269664212358205,0.04919879990572316,0.5355447352404143
C3 best compressed geometry sample,2.2920000000000003,-1.1787768327258,1.413996982145287,2.827993964290574,0.04889785207478834,0.5363304981773998
C3 best compressed geometry sample,2.298,-1.1790378006872853,1.4145071260525635,2.829014252105127,0.04859912810138387,0.5371134020618558
C3 best compressed geometry sample,2.3040000000000003,-1.1792978208232445,1.415013671292084,2.830027342584168,0.04830260920709663,0.5378934624697336
C3 best compressed geometry sample,2.31,-1.1795568982880162,1.4155166465718703,2.8310332931437405,0.04800827678558194,0.5386706948640487
C3 best compressed geometry sample,2.316,-1.179815038198633,1.4160160803575814,2.832032160715163,0.04771611240096198,0.539445114595899
C3 best compressed geometry sample,2.322,-1.1800722456351596,1.4165120008744585,2.833024001748917,0.047426097786237784,0.5402167369054787
C3 best compressed geometry sample,2.328,-1.1803285256410256,1.4170044361092604,2.834008872218521,0.04713821484171431,0.5409855769230769
C3 best compressed geometry sample,2.334,-1.1805838832233553,1.4174934138121913,2.8349868276243826,0.0468524456334385,0.5417516496700658
C3 best compressed geometry sample,2.34,-1.1808383233532935,1.4179789614988145,2.835957922997629,0.046568772391650574,0.5425149700598806
C3 best compressed geometry sample,2.346,-1.181091850966328,1.4184611064519588,2.8369222129039176,0.0462871775092481,0.5432755528989839
C3 best compressed geometry sample,2.352,-1.1813444709626095,1.4189398757236102,2.8378797514472205,0.04600764354026335,0.5440334128878286
C3 best compressed geometry sample,2.358,-1.1815961882072663,1.4194152961367976,2.8388305922735952,0.04573015319835315,0.5447885646217989
C3 best compressed geometry sample,2.364,-1.1818470075307175,1.4198873942874644,2.8397747885749287,0.04545468935530199,0.5455410225921524
C3 best compressed geometry sample,2.37,-1.1820969337289813,1.4203561965463283,2.8407123930926566,0.04518123503953748,0.5462908011869438
C3 best compressed geometry sample,2.376,-1.182345971563981,1.4208217290607352,2.8416434581214705,0.04490977343465907,0.5470379146919431
C3 best compressed geometry sample,2.382,-1.182594125763848,1.421284017756494,2.842568035512988,0.04464028787797872,0.5477823772915438
C3 best compressed geometry sample,2.388,-1.1828414010232193,1.4217430883397097,2.8434861766794195,0.04437276185907505,0.548524203069658
C3 best compressed geometry sample,2.394,-1.1830878020035356,1.422198966298596,2.844397932597192,0.04410717901835913,0.5492634060106067
C3 best compressed geometry sample,2.4,-1.1833333333333333,1.4226516769052848,2.8453033538105696,0.04384352314565355,0.55
C3 best compressed geometry sample,2.406,-1.183577999608534,1.423101245217617,2.846202490435234,0.043581778178783184,0.5507339988256021
C3 best compressed geometry sample,2.412,-1.1838218053927316,1.423547696080928,2.847095392161856,0.04332192820217901,0.5514654161781949
C3 best compressed geometry sample,2.418,-1.1840647552174761,1.4239910541298177,2.8479821082596355,0.043063957445493496,0.5521942656524284
C3 best compressed geometry sample,2.424,-1.1843068535825547,1.424431343789913,2.848862687579826,0.04280785028222884,0.5529205607476642
C3 best compressed geometry sample,2.43,-1.1845481049562683,1.4248685892796127,2.8497371785592254,0.04255359122837685,0.5536443148688048
C3 best compressed geometry sample,2.436,-1.1847885137757084,1.4253028146118283,2.8506056292236566,0.0423011649410712,0.5543655413271251
C3 best compressed geometry sample,2.442,-1.185028084447027,1.4257340435957073,2.8514680871914146,0.04205055621725154,0.5550842533410807
C3 best compressed geometry sample,2.448,-1.1852668213457076,1.4261622998383479,2.8523245996766957,0.04180174999233963,0.5558004640371228
C3 best compressed geometry sample,2.454,-1.1855047288168308,1.4265876067465033,2.8531752134930066,0.04155473133892717,0.5565141864504923
C3 best compressed geometry sample,2.46,-1.1857418111753373,1.427009987528268,2.854019975056536,0.041309485465475665,0.5572254335260118
C3 best compressed geometry sample,2.466,-1.1859780727062899,1.4274294651947623,2.8548589303895247,0.04106599771502765,0.5579342181188696
C3 best compressed geometry sample,2.472,-1.1862135176651307,1.4278460625617964,2.8556921251235927,0.04082425356392999,0.5586405529953922
C3 best compressed geometry sample,2.478,-1.1864481502779376,1.4282598022515276,2.856519604503055,0.040584238620568265,0.5593444508338128
C3 best compressed geometry sample,2.484,-1.1866819747416764,1.4286707066941056,2.857341413388211,0.04034593862411304,0.5600459242250291
C3 best compressed geometry sample,2.49,-1.1869149952244509,1.429078798129304,2.858157596258608,0.04010933944327723,0.5607449856733526
C3 best compressed geometry sample,2.496,-1.1871472158657514,1.4294840986081419,2.8589681972162837,0.03987442707508507,0.5614416475972543
C3 best compressed geometry sample,2.5020000000000002,-1.187378640776699,1.4298866299944937,2.8597732599889873,0.03964118764365202,0.5621359223300972
C3 best compressed geometry sample,2.508,-1.1876092740402888,1.4302864139666873,2.8605728279333746,0.039409607398976296,0.5628278221208665
C3 best compressed geometry sample,2.5140000000000002,-1.1878391197116298,1.4306834720190897,2.8613669440381795,0.03917967271574093,0.5635173591348894
C3 best compressed geometry sample,2.52,-1.1880681818181817,1.4310778254636827,2.8621556509273653,0.038951370092127444,0.5642045454545452
C3 best compressed geometry sample,2.5260000000000002,-1.1882964643599925,1.4314694954316256,2.862938990863251,0.03872468614863991,0.5648893930799774
C3 best compressed geometry sample,2.532,-1.1885239713099283,1.4318585028748068,2.8637170057496135,0.03849960762694039,0.5655719139297848
C3 best compressed geometry sample,2.5380000000000003,-1.1887507066139062,1.4322448685673859,2.8644897371347717,0.03827612138869474,0.5662521198417187
C3 best compressed geometry sample,2.544,-1.1889766741911212,1.4326286131073194,2.8652572262146387,0.03805421441442938,0.5669300225733636
C3 best compressed geometry sample,2.5500000000000003,-1.1892018779342723,1.43300975691788,2.86601951383576,0.037833873802398624,0.567605633802817
C3 best compressed geometry sample,2.556,-1.1894263217097865,1.433388320249162,2.866776640498324,0.037615086767462516,0.5682789651293594
C3 best compressed geometry sample,2.562,-1.1896500093580387,1.4337643231795756,2.867528646359151,0.03739784063997518,0.568950028074116
C3 best compressed geometry sample,2.568,-1.1898729446935725,1.4341377856173303,2.8682755712346606,0.03718212286468357,0.5696188340807176
C3 best compressed geometry sample,2.574,-1.1900951315053163,1.434508727301906,2.869017454603812,0.03696792099963657,0.570285394515949
C3 best compressed geometry sample,2.58,-1.190316573556797,1.4348771678055134,2.869754335611027,0.03675522271510418,0.5709497206703913
C3 best compressed geometry sample,2.586,-1.1905372745863545,1.4352431265345436,2.870486253069087,0.03654401579250706,0.5716118237590635
C3 best compressed geometry sample,2.592,-1.1907572383073497,1.4356066227310058,2.8712132454620116,0.03633428812335597,0.5722717149220491
C3 best compressed geometry sample,2.598,-1.190976468408375,1.4359676754739534,2.871935350947907,0.03612602770820142,0.572929405225125
C3 best compressed geometry sample,2.604,-1.191194968553459,1.4363263036809002,2.8726526073618004,0.03591922265559289,0.5735849056603772
C3 best compressed geometry sample,2.61,-1.1914127423822716,1.4366825261092242,2.8733650522184484,0.0357138611810484,0.5742382271468147
C3 best compressed geometry sample,2.616,-1.1916297935103246,1.437036361357562,2.874072722715124,0.03550993160603331,0.5748893805309738
C3 best compressed geometry sample,2.622,-1.1918461255291737,1.4373878278671883,2.8747756557343767,0.035307422356949225,0.575538376587521
C3 best compressed geometry sample,2.628,-1.1920617420066153,1.4377369439233911,2.8754738878467823,0.03510632196413219,0.5761852260198459
C3 best compressed geometry sample,2.634,-1.1922766464868833,1.4380837276568286,2.876167455313657,0.03490661906086071,0.5768299394606498
C3 best compressed geometry sample,2.64,-1.1924908424908427,1.4384281970448796,2.876856394089759,0.03470830238237294,0.5774725274725281
C3 best compressed geometry sample,2.646,-1.1927043335161822,1.4387703699129841,2.8775407398259683,0.034511360764893424,0.5781130005485466
C3 best compressed geometry sample,2.652,-1.192917123037605,1.4391102639359679,2.8782205278719357,0.03431578314466907,0.578751369112815
C3 best compressed geometry sample,2.658,-1.1931292145070167,1.4394478966393611,2.8788957932787222,0.034121558557014396,0.5793876435210501
C3 best compressed geometry sample,2.664,-1.1933406113537117,1.4397832854007055,2.879566570801411,0.03392867613536577,0.5800218340611352
C3 best compressed geometry sample,2.67,-1.1935513169845595,1.4401164474508477,2.8802328949016953,0.03373712511034496,0.5806539509536786
C3 best compressed geometry sample,2.676,-1.1937613347841858,1.440447399875227,2.880894799750454,0.033546894808831385,0.5812840043525573
C3 best compressed geometry sample,2.682,-1.193970668115155,1.4407761596151478,2.8815523192302956,0.03335797465304352,0.5819120043454649
C3 best compressed geometry sample,2.688,-1.194179320318149,1.441102743469045,2.88220548693809,0.03317035415962894,0.582537960954447
C3 best compressed geometry sample,2.694,-1.1943872947121459,1.4414271680937376,2.882854336187475,0.032984022938763374,0.5831618841364377
C3 best compressed geometry sample,2.7,-1.1945945945945946,1.4417494500056691,2.8834989000113382,0.03279897069325806,0.5837837837837838
C3 best compressed geometry sample,2.706,-1.1948012232415903,1.442069605582147,2.884139211164294,0.03261518721767619,0.584403669724771
C3 best compressed geometry sample,2.712,-1.195007183908046,1.4423876510625584,2.884775302125117,0.03243266239745743,0.5850215517241382
C3 best compressed geometry sample,2.718,-1.1952124798278645,1.4427036025495859,2.8854072050991717,0.03225138620805118,0.5856374394835935
C3 best compressed geometry sample,2.724,-1.1954171142141068,1.4430174760104109,2.8860349520208217,0.032071348714058166,0.5862513426423204
C3 best compressed geometry sample,2.73,-1.19562109025916,1.4433292872779038,2.8866585745558075,0.03189254006838033,0.5868632707774799
C3 best compressed geometry sample,2.736,-1.1958244111349037,1.4436390520518074,2.887278104103615,0.031714950511378834,0.587473233404711
C3 best compressed geometry sample,2.742,-1.1960270799928736,1.4439467858999095,2.887893571799819,0.03153857037004054,0.5880812399786208
C3 best compressed geometry sample,2.748,-1.1962290999644254,1.4442525042592034,2.8885050085184067,0.031363390057152184,0.5886872998932762
C3 best compressed geometry sample,2.754,-1.196430474160895,1.4445562224370432,2.8891124448740864,0.031189400070482945,0.5892914224826853
C3 best compressed geometry sample,2.7600000000000002,-1.196631205673759,1.444857955612285,2.88971591122457,0.031016590991974645,0.5898936170212767
C3 best compressed geometry sample,2.766,-1.1968312975747921,1.44515771883642,2.89031543767284,0.03084495348694014,0.5904938927243764
C3 best compressed geometry sample,2.7720000000000002,-1.1970307529162247,1.4454555270346998,2.8909110540693996,0.030674478303269206,0.5910922587486742
C3 best compressed geometry sample,2.778,-1.1972295747308983,1.445751395007246,2.891502790014492,0.030505156270642365,0.5916887241926949
C3 best compressed geometry sample,2.7840000000000003,-1.1974277660324173,1.4460453374301596,2.8920906748603192,0.030336978299752317,0.5922832980972519
C3 best compressed geometry sample,2.79,-1.1976253298153035,1.4463373688566123,2.8926747377132247,0.030169935381533022,0.5928759894459104
C3 best compressed geometry sample,2.7960000000000003,-1.1978222690551459,1.4466275037179337,2.8932550074358674,0.030004018586396154,0.5934668071654376
C3 best compressed geometry sample,2.802,-1.1980185867087498,1.4469157563246866,2.893831512649373,0.029839219063475177,0.5940557601262495
C3 best compressed geometry sample,2.8080000000000003,-1.1982142857142857,1.4472021408677342,2.8944042817354685,0.029675528039876792,0.594642857142857
C3 best compressed geometry sample,2.814,-1.198409368991435,1.4474866714192982,2.8949733428385964,0.02951293681993956,0.5952281069743051
C3 best compressed geometry sample,2.82,-1.1986038394415357,1.4477693619340053,2.8955387238680106,0.029351436784499994,0.5958115183246071
C3 best compressed geometry sample,2.826,-1.1987976999477261,1.4480502262499289,2.8961004524998577,0.02919101939016562,0.5963930998431783
C3 best compressed geometry sample,2.832,-1.198990953375087,1.4483292780896182,2.8966585561792364,0.029031676168595342,0.5969728601252613
C3 best compressed geometry sample,2.838,-1.1991836025707834,1.44860653106112,2.89721306212224,0.028873398725786772,0.5975508077123501
C3 best compressed geometry sample,2.844,-1.1993756503642041,1.4488819986589918,2.8977639973179836,0.028716178741370533,0.5981269510926124
C3 best compressed geometry sample,2.85,-1.1995670995670995,1.4491556942653028,2.8983113885306055,0.028560007967911503,0.5987012987012985
C3 best compressed geometry sample,2.856,-1.1997579529737208,1.4494276311506316,2.898855262301263,0.028404878230216965,0.5992738589211624
C3 best compressed geometry sample,2.862,-1.199948213360953,1.4496978224750523,2.8993956449501046,0.028250781424651514,0.5998446400828588
C3 best compressed geometry sample,2.868,-1.2001378834884524,1.44996628128911,2.89993256257822,0.02809770951845865,0.6004136504653572
C3 best compressed geometry sample,2.874,-1.2003269660987783,1.4502330205347913,2.9004660410695826,0.02794565454908905,0.6009808982963349
C3 best compressed geometry sample,2.88,-1.200515463917526,1.4504980530464833,2.9009961060929665,0.02779460862353556,0.6015463917525778
C3 best compressed geometry sample,2.886,-1.200703379653457,1.4507613915519288,2.9015227831038577,0.027644563917674593,0.6021101389603709
C3 best compressed geometry sample,2.892,-1.2008907159986297,1.4510230486731652,2.9020460973463305,0.027495512675614064,0.6026721479958892
C3 best compressed geometry sample,2.898,-1.2010774756285274,1.4512830369274632,2.9025660738549264,0.027347447209047637,0.6032324268855822
C3 best compressed geometry sample,2.904,-1.2012636612021859,1.451541368728253,2.903082737456506,0.027200359896615556,0.6037909836065576
C3 best compressed geometry sample,2.91,-1.201449275362319,1.4517980563860424,2.903596112772085,0.027054243183271542,0.6043478260869568
C3 best compressed geometry sample,2.916,-1.2016343207354443,1.4520531121093263,2.9041062242186526,0.02690908957965606,0.6049029622063329
C3 best compressed geometry sample,2.922,-1.2018187999320076,1.4523065480054944,2.904613096010989,0.026764891661475634,0.6054563997960227
C3 best compressed geometry sample,2.928,-1.2020027155465038,1.4525583760817184,2.905116752163437,0.02662164206888849,0.6060081466395115
C3 best compressed geometry sample,2.934,-1.2021860701576004,1.452808608245844,2.905617216491688,0.02647933350589602,0.6065582104728011
C3 best compressed geometry sample,2.94,-1.2023688663282572,1.4530572563072668,2.9061145126145336,0.02633795873974038,0.6071065989847717
C3 best compressed geometry sample,2.946,-1.2025511066058456,1.4533043319778052,2.9066086639556103,0.026197510600307984,0.6076533198175369
C3 best compressed geometry sample,2.952,-1.2027327935222671,1.4535498468725623,2.9070996937451246,0.02605798197953894,0.6081983805668014
C3 best compressed geometry sample,2.958,-1.2029139295940712,1.4537938125107803,2.9075876250215607,0.025919365830842162,0.6087417887822135
C3 best compressed geometry sample,2.964,-1.2030945173225698,1.4540362403166909,2.9080724806333818,0.025781655168516535,0.6092835519677093
C3 best compressed geometry sample,2.97,-1.2032745591939547,1.4542771416203526,2.908554283240705,0.02564484306717738,0.609823677581864
C3 best compressed geometry sample,2.976,-1.20345405767941,1.454516527658485,2.90903305531697,0.025508922661188985,0.6103621730382298
C3 best compressed geometry sample,2.982,-1.2036330152352253,1.4547544095752936,2.909508819150587,0.02537388714410252,0.6108990457056758
C3 best compressed geometry sample,2.988,-1.2038114343029087,1.454990798423288,2.909981596846576,0.025239729768099496,0.6114343029087261
C3 best compressed geometry sample,2.994,-1.2039893173092973,1.45522570516409,2.91045141032818,0.02510644384344079,0.6119679519278918
C3 best compressed geometry sample,3.0,-1.2041666666666666,1.4554591406692412,2.9109182813384824,0.024974022737921108,0.6124999999999998
Best nonphantom geometry sample under SN-shape gate,0.0,-0.922,0.5539249521274652,1.1078499042549304,0.6841078321149945,-0.23399999999999987
Best nonphantom geometry sample under SN-shape gate,0.006,-0.9226626905235256,0.558211870840009,1.116423741680018,0.6805195627922896,-0.2320119284294233
Best nonphantom geometry sample under SN-shape gate,0.012,-0.9233175230566535,0.5625174454652989,1.1250348909305978,0.6769287399664666,-0.23004743083003953
Best nonphantom geometry sample under SN-shape gate,0.018000000000000002,-0.9239646365422397,0.5668408078112092,1.1336816156224183,0.6733358025796471,-0.2281060903732809
Best nonphantom geometry sample under SN-shape gate,0.024,-0.9246041666666667,0.5711810991167372,1.1423621982334744,0.6697411859487963,-0.22618749999999999
Best nonphantom geometry sample under SN-shape gate,0.03,-0.9252362459546926,0.5755374701485223,1.1510749402970446,0.6661453216161561,-0.22429126213592232
Best nonphantom geometry sample under SN-shape gate,0.036000000000000004,-0.9258610038610039,0.5799090812950806,1.1598181625901611,0.662548637204709,-0.22241698841698831
Best nonphantom geometry sample under SN-shape gate,0.042,-0.9264785668586053,0.5842951026584843,1.1685902053169686,0.6589515562787022,-0.2205642994241841
Best nonphantom geometry sample under SN-shape gate,0.048,-0.9270890585241731,0.5886947141432347,1.1773894282864694,0.655354498209275,-0.21873282442748065
Best nonphantom geometry sample under SN-shape gate,0.054,-0.9276925996204934,0.5931071055420899,1.1862142110841798,0.6517578780451934,-0.21692220113851968
Best nonphantom geometry sample under SN-shape gate,0.06,-0.9282893081761007,0.5975314766186405,1.195062953237281,0.6481621063887231,-0.215132075471698
Best nonphantom geometry sample under SN-shape gate,0.066,-0.9288792995622265,0.6019670371864292,1.2039340743728584,0.6445675892766398,-0.21336210131332056
Best nonphantom geometry sample under SN-shape gate,0.07200000000000001,-0.9294626865671642,0.6064130071844387,1.2128260143688774,0.640974728066381,-0.21161194029850727
Best nonphantom geometry sample under SN-shape gate,0.078,-0.930039579468151,0.6108686167487839,1.2217372334975678,0.6373839193273393,-0.2098812615955471
Best nonphantom geometry sample under SN-shape gate,0.084,-0.930610086100861,0.6153331062804579,1.2306662125609158,0.6337955547372791,-0.20816974169741687
Best nonphantom geometry sample under SN-shape gate,0.09,-0.9311743119266056,0.6198057265090055,1.239611453018011,0.6302100209838718,-0.2064770642201832
Best nonphantom geometry sample under SN-shape gate,0.096,-0.9317323600973236,0.6242857385520036,1.2485714771040073,0.6266276996713124,-0.2048029197080291
Best nonphantom geometry sample under SN-shape gate,0.10200000000000001,-0.9322843315184514,0.6287724139702451,1.2575448279404902,0.6230489672320084,-0.20314700544464592
Best nonphantom geometry sample under SN-shape gate,0.108,-0.9328303249097474,0.6332650348185407,1.2665300696370814,0.6194741948432919,-0.20150902527075787
Best nonphantom geometry sample under SN-shape gate,0.114,-0.9333704368641532,0.6377628936920603,1.2755257873841206,0.6159037483491268,-0.19988868940754034
Best nonphantom geometry sample under SN-shape gate,0.12,-0.9339047619047619,0.6422652937681537,1.2845305875363073,0.6123379881867648,-0.1982857142857143
Best nonphantom geometry sample under SN-shape gate,0.126,-0.9344333925399645,0.6467715488435934,1.293543097687187,0.6087772693183044,-0.19669982238010653
Best nonphantom geometry sample under SN-shape gate,0.132,-0.9349564193168434,0.6512809833672123,1.3025619667344246,0.6052219411670982,-0.1951307420494699
Best nonphantom geometry sample under SN-shape gate,0.138,-0.9354739308728764,0.6557929324678909,1.3115858649357819,0.6016723475589552,-0.19357820738137066
Best nonphantom geometry sample under SN-shape gate,0.14400000000000002,-0.935986013986014,0.6603067419778976,1.3206134839557953,0.5981288266680755,-0.192041958041958
Best nonphantom geometry sample under SN-shape gate,0.15,-0.9364927536231884,0.6648217684515514,1.3296435369031028,0.594591710967654,-0.1905217391304348
Best nonphantom geometry sample under SN-shape gate,0.156,-0.9369942329873127,0.6693373791792326,1.3386747583584653,0.5910613271850857,-0.18901730103806202
Best nonphantom geometry sample under SN-shape gate,0.162,-0.9374905335628227,0.6738529521967327,1.3477059043934654,0.5875379962616988,-0.18752839931153176
Best nonphantom geometry sample under SN-shape gate,0.168,-0.9379817351598174,0.6783678762899762,1.3567357525799524,0.5840220333169429,-0.18605479452054774
Best nonphantom geometry sample under SN-shape gate,0.17400000000000002,-0.9384679159568428,0.6828815509951386,1.3657631019902772,0.5805137476169562,-0.18459625212947173
Best nonphantom geometry sample under SN-shape gate,0.18,-0.9389491525423729,0.6873933865941944,1.3747867731883887,0.577013442547425,-0.18315254237288137
Best nonphantom geometry sample under SN-shape gate,0.186,-0.939425519955031,0.6919028041059426,1.3838056082118853,0.5735214155906599,-0.18172344013490704
Best nonphantom geometry sample under SN-shape gate,0.192,-0.9398970917225952,0.6964092352725565,1.392818470545113,0.5700379583067962,-0.1803087248322145
Best nonphantom geometry sample under SN-shape gate,0.198,-0.9403639398998331,0.700912122541715,1.40182424508343,0.5665633563190373,-0.1789081803005006
Best nonphantom geometry sample under SN-shape gate,0.20400000000000001,-0.940826135105205,0.7054109190443797,1.4108218380887594,0.5630978893028439,-0.1775215946843851
Best nonphantom geometry sample under SN-shape gate,0.21,-0.9412837465564738,0.709905088568284,1.419810177136568,0.5596418309789832,-0.17614876033057847
Best nonphantom geometry sample under SN-shape gate,0.216,-0.9417368421052632,0.7143941055272086,1.4287882110544172,0.5561954491103429,-0.17478947368421038
Best nonphantom geometry sample under SN-shape gate,0.222,-0.9421854882705947,0.7188774549261217,1.4377549098522433,0.552759005502414,-0.17344353518821598
Best nonphantom geometry sample under SN-shape gate,0.228,-0.9426297502714441,0.7233546323222659,1.4467092646445319,0.5493327560073454,-0.1721107491856676
Best nonphantom geometry sample under SN-shape gate,0.234,-0.9430696920583469,0.7278251437822818,1.4556502875645636,0.5459169505314794,-0.1707909238249593
Best nonphantom geometry sample under SN-shape gate,0.24,-0.943505376344086,0.7322885058354519,1.4645770116709038,0.5425118330462605,-0.16948387096774187
Best nonphantom geometry sample under SN-shape gate,0.246,-0.9439368646334939,0.7367442454231677,1.4734884908463355,0.5391176416024271,-0.16818940609951827
Best nonphantom geometry sample under SN-shape gate,0.252,-0.9443642172523962,0.7411918998447125,1.482383799689425,0.5357346083473815,-0.1669073482428115
Best nonphantom geometry sample under SN-shape gate,0.258,-0.9447874933757288,0.7456310166994564,1.4912620333989128,0.5323629595456402,-0.16563751987281372
Best nonphantom geometry sample under SN-shape gate,0.264,-0.9452067510548524,0.7500611538255757,1.5001223076511514,0.5290029156022658,-0.16437974683544276
Best nonphantom geometry sample under SN-shape gate,0.27,-0.9456220472440946,0.7544818792353901,1.5089637584707802,0.5256546910891751,-0.1631338582677162
Best nonphantom geometry sample under SN-shape gate,0.276,-0.9460334378265414,0.758892771047433,1.517785542094866,0.5223184947742314,-0.1618996865203759
Best nonphantom geometry sample under SN-shape gate,0.28200000000000003,-0.9464409776391056,0.7632934174153583,1.5265868348307166,0.5189945296530126,-0.16067706708268314
Best nonphantom geometry sample under SN-shape gate,0.28800000000000003,-0.9468447204968945,0.7676834164537925,1.535366832907585,0.5156829929831612,-0.1594658385093165
Best nonphantom geometry sample under SN-shape gate,0.294,-0.9472447192168986,0.7720623761612477,1.5441247523224955,0.5123840763212125,-0.1582658423493043
Best nonphantom geometry sample under SN-shape gate,0.3,-0.9476410256410257,0.7764299143402006,1.5528598286804012,0.5090979655618076,-0.1570769230769229
Best nonphantom geometry sample under SN-shape gate,0.306,-0.9480336906584993,0.780785658514454,1.561571317028908,0.5058248409791862,-0.15589892802450211
Best nonphantom geometry sample under SN-shape gate,0.312,-0.9484227642276424,0.7851292458438901,1.5702584916877802,0.5025648772708677,-0.15473170731707286
Best nonphantom geometry sample under SN-shape gate,0.318,-0.9488082953970663,0.7894603230367313,1.5789206460734626,0.4993182436034211,-0.15357511380880096
Best nonphantom geometry sample under SN-shape gate,0.324,-0.949190332326284,0.7937785462594169,1.5875570925188338,0.4960851036602276,-0.15242900302114792
Best nonphantom geometry sample under SN-shape gate,0.33,-0.9495689223057645,0.7980835810442128,1.5961671620884257,0.49286561569114484,-0.15129323308270648
Best nonphantom geometry sample under SN-shape gate,0.336,-0.9499441117764471,0.8023751021946615,1.604750204389323,0.4896599325639744,-0.15016766467065867
Best nonphantom geometry sample under SN-shape gate,0.342,-0.9503159463487333,0.8066527936889876,1.6133055873779751,0.4864682018176446,-0.14905216095380014
Best nonphantom geometry sample under SN-shape gate,0.34800000000000003,-0.9506844708209694,0.8109163485815657,1.6218326971631314,0.48329056571701473,-0.14794658753709178
Best nonphantom geometry sample under SN-shape gate,0.354,-0.9510497291974397,0.8151654689025648,1.6303309378051296,0.48012716130921473,-0.14685081240768094
Best nonphantom geometry sample under SN-shape gate,0.36,-0.9514117647058824,0.819399865555873,1.638799731111746,0.47697812048142685,-0.1457647058823528
Best nonphantom geometry sample under SN-shape gate,0.366,-0.9517706198145437,0.8236192582154148,1.6472385164308296,0.47384357002002897,-0.14468814055636892
Best nonphantom geometry sample under SN-shape gate,0.372,-0.9521263362487853,0.8278233752199636,1.6556467504399273,0.4707236316710094,-0.14362099125364414
Best nonphantom geometry sample under SN-shape gate,0.378,-0.952478955007257,0.8320119534665573,1.6640239069331146,0.467618422201572,-0.14256313497822903
Best nonphantom geometry sample under SN-shape gate,0.384,-0.9528285163776494,0.8361847383026156,1.6723694766052313,0.4645280534628509,-0.14151445086705172
Best nonphantom geometry sample under SN-shape gate,0.39,-0.9531750599520384,0.8403414834168699,1.6806829668337397,0.46145263245365054,-0.14047482014388468
Best nonphantom geometry sample under SN-shape gate,0.396,-0.9535186246418339,0.8444819507291921,1.6889639014583842,0.4583922613851394,-0.1394441260744983
Best nonphantom geometry sample under SN-shape gate,0.402,-0.9538592486923443,0.8486059102794372,1.6972118205588744,0.4553470377464123,-0.13842225392296714
Best nonphantom geometry sample under SN-shape gate,0.40800000000000003,-0.9541969696969698,0.8527131401153799,1.7054262802307598,0.4523170543708547,-0.1374090909090907
Best nonphantom geometry sample under SN-shape gate,0.41400000000000003,-0.9545318246110326,0.8568034261798525,1.713606852359705,0.4493023995032301,-0.13640452616690224
Best nonphantom geometry sample under SN-shape gate,0.42,-0.9548638497652583,0.8608765621971689,1.7217531243943378,0.4463031568674218,-0.13540845070422514
Best nonphantom geometry sample under SN-shape gate,0.426,-0.9551930808789154,0.8649323495589286,1.7298646991178572,0.44331940573475986,-0.13442075736325376
Best nonphantom geometry sample under SN-shape gate,0.432,-0.9555195530726257,0.8689705972092875,1.737941194418575,0.4403512209928642,-0.13344134078212289
Best nonphantom geometry sample under SN-shape gate,0.438,-0.9558433008808531,0.8729911215297833,1.7459822430595666,0.43739867321494,-0.13247009735744064
Best nonphantom geometry sample under SN-shape gate,0.444,-0.9561643582640813,0.8769937462237983,1.7539874924475967,0.43446182872946015,-0.1315069252077561
Best nonphantom geometry sample under SN-shape gate,0.45,-0.9564827586206898,0.8809783022007429,1.7619566044014858,0.4315407496901747,-0.1305517241379307
Best nonphantom geometry sample under SN-shape gate,0.456,-0.9567985347985348,0.8849446274600353,1.7698892549200707,0.42863549414638374,-0.12960439560439552
Best nonphantom geometry sample under SN-shape gate,0.462,-0.9571117191062473,0.888892566974962,1.777785133949924,0.4257461161134218,-0.12866484268125822
Best nonphantom geometry sample under SN-shape gate,0.468,-0.9574223433242507,0.8928219725764865,1.785643945152973,0.4228726656432896,-0.12773297002724793
Best nonphantom geometry sample under SN-shape gate,0.47400000000000003,-0.9577304387155134,0.8967327028370857,1.7934654056741715,0.420015188895386,-0.12680868385345967
Best nonphantom geometry sample under SN-shape gate,0.48,-0.958036036036036,0.9006246229546776,1.8012492459093552,0.41717372820728327,-0.12589189189189187
Best nonphantom geometry sample under SN-shape gate,0.486,-0.9583391655450876,0.9044976046367159,1.8089952092734318,0.4143483221654967,-0.12498250336473726
Best nonphantom geometry sample under SN-shape gate,0.492,-0.9586398570151922,0.9083515259845106,1.8167030519690213,0.4115390056761988,-0.1240804289544235
Best nonphantom geometry sample under SN-shape gate,0.498,-0.9589381397418781,0.9121862713778435,1.824372542755687,0.40874581003583266,-0.12318558077436559
Best nonphantom geometry sample under SN-shape gate,0.504,-0.9592340425531916,0.9160017313599362,1.8320034627198725,0.40596876300157714,-0.12229787234042533
Best nonphantom geometry sample under SN-shape gate,0.51,-0.9595275938189846,0.9197978025228336,1.8395956050456672,0.4032078888616225,-0.12141721854304632
Best nonphantom geometry sample under SN-shape gate,0.516,-0.9598188214599824,0.9235743873932514,1.8471487747865027,0.4004632085052121,-0.12054353562005271
Best nonphantom geometry sample under SN-shape gate,0.522,-0.9601077529566361,0.9273313943189556,1.8546627886379112,0.39773473949241467,-0.11967674113009175
Best nonphantom geometry sample under SN-shape gate,0.528,-0.9603944153577662,0.9310687373557134,1.8621374747114268,0.3950224961235828,-0.11881675392670155
Best nonphantom geometry sample under SN-shape gate,0.534,-0.9606788352890049,0.9347863361548718,1.8695726723097437,0.3923264895084675,-0.11796349413298535
Best nonphantom geometry sample under SN-shape gate,0.54,-0.960961038961039,0.9384841158516118,1.8769682317032237,0.3896467276349477,-0.11711688311688295
Best nonphantom geometry sample under SN-shape gate,0.546,-0.9612410521776629,0.9421620069539235,1.884324013907847,0.3869832154373475,-0.11627684346701139
Best nonphantom geometry sample under SN-shape gate,0.552,-0.9615189003436426,0.9458199452323421,1.8916398904646843,0.3843359548643039,-0.11544329896907213
Best nonphantom geometry sample under SN-shape gate,0.558,-0.9617946084724006,0.949457871610494,1.898915743220988,0.3817049449461588,-0.11461617458279816
Best nonphantom geometry sample under SN-shape gate,0.5640000000000001,-0.962068201193521,0.9530757320564855,1.906151464112971,0.3790901818618447,-0.11379539641943703
Best nonphantom geometry sample under SN-shape gate,0.5700000000000001,-0.962339702760085,0.956673477475174,1.913346954950348,0.37649165900523707,-0.11298089171974512
Best nonphantom geometry sample under SN-shape gate,0.5760000000000001,-0.9626091370558376,0.9602510636013585,1.920502127202717,0.37390936705094924,-0.11217258883248715
Best nonphantom geometry sample under SN-shape gate,0.582,-0.9628765276021913,0.9638084508939223,1.9276169017878446,0.37134329401954363,-0.111370417193426
Best nonphantom geometry sample under SN-shape gate,0.588,-0.9631418975650714,0.9673456044309591,1.9346912088619181,0.3687934253421367,-0.11057430730478579
Best nonphantom geometry sample under SN-shape gate,0.594,-0.9634052697616061,0.970862493805909,1.941724987611818,0.36625974392437943,-0.10978419071518164
Best nonphantom geometry sample under SN-shape gate,0.6,-0.9636666666666667,0.9743590930247431,1.9487181860494862,0.3637422302097864,-0.10899999999999999
Best nonphantom geometry sample under SN-shape gate,0.606,-0.9639261104192611,0.9778353804042074,1.9556707608084147,0.36124086224240404,-0.10822166874221661
Best nonphantom geometry sample under SN-shape gate,0.612,-0.9641836228287842,0.9812913384711663,1.9625826769423327,0.35875561572879,-0.10744913151364732
Best nonphantom geometry sample under SN-shape gate,0.618,-0.964439225381129,0.984726953863055,1.96945390772611,0.3562864640992971,-0.10668232385661292
Best nonphantom geometry sample under SN-shape gate,0.624,-0.9646929392446635,0.9881422172294706,1.9762844344589412,0.35383337856863867,-0.10592118226600955
Best nonphantom geometry sample under SN-shape gate,0.63,-0.9649447852760736,0.9915371231349188,1.9830742462698376,0.3513963281957282,-0.1051656441717791
Best nonphantom geometry sample under SN-shape gate,0.636,-0.9651947840260799,0.9949116699627338,1.9898233399254677,0.3489752799427735,-0.10441564792176017
Best nonphantom geometry sample under SN-shape gate,0.642,-0.9654429557450265,0.9982658598201861,1.9965317196403722,0.3465701987336215,-0.10367113276492057
Best nonphantom geometry sample under SN-shape gate,0.648,-0.9656893203883495,1.001599698444798,2.003199396889596,0.3441810475113341,-0.10293203883495139
Best nonphantom geometry sample under SN-shape gate,0.654,-0.9659338976219267,1.0049131951118742,2.0098263902237483,0.3418077872949949,-0.10219830713421985
Best nonphantom geometry sample under SN-shape gate,0.66,-0.9661767068273093,1.0082063625432676,2.016412725086535,0.3394503772357279,-0.10146987951807218
Best nonphantom geometry sample under SN-shape gate,0.666,-0.9664177671068428,1.0114792168173783,2.0229584336347566,0.3371087746719323,-0.10074669867947161
Best nonphantom geometry sample under SN-shape gate,0.672,-0.9666570972886763,1.014731777280412,2.029463554560824,0.334782935183713,-0.10002870813397102
Best nonphantom geometry sample under SN-shape gate,0.678,-0.9668947159316648,1.0179640664588896,2.035928132917779,0.33247281264651496,-0.09931585220500572
Best nonphantom geometry sample under SN-shape gate,0.684,-0.9671306413301664,1.0211761099734287,2.0423522199468573,0.33017835928394346,-0.09860807600950094
Best nonphantom geometry sample under SN-shape gate,0.6900000000000001,-0.9673648915187377,1.0243679364537899,2.0487358729075797,0.3278995257197771,-0.09790532544378683
Best nonphantom geometry sample under SN-shape gate,0.6960000000000001,-0.9675974842767296,1.0275395774552072,2.0550791549104144,0.3256362610291606,-0.09720754716981106
Best nonphantom geometry sample under SN-shape gate,0.7020000000000001,-0.967828437132785,1.03069106737599,2.06138213475198,0.3233885127889836,-0.09651468860164503
Best nonphantom geometry sample under SN-shape gate,0.708,-0.9680577673692429,1.0338224433764127,2.0676448867528254,0.3211562271274351,-0.09582669789227138
Best nonphantom geometry sample under SN-shape gate,0.714,-0.9682854920264489,1.0369337452988867,2.0738674905977734,0.31893934877273894,-0.0951435239206534
Best nonphantom geometry sample under SN-shape gate,0.72,-0.9685116279069768,1.0400250155894144,2.080050031178829,0.3167378211010671,-0.09446511627906973
Best nonphantom geometry sample under SN-shape gate,0.726,-0.9687361915797605,1.0430962992203296,2.0861925984406593,0.31455158618363,-0.09379142526071838
Best nonphantom geometry sample under SN-shape gate,0.732,-0.9689591993841418,1.04614764361432,2.09229528722864,0.31238058483294595,-0.0931224018475747
Best nonphantom geometry sample under SN-shape gate,0.738,-0.969180667433832,1.0491790985697282,2.0983581971394565,0.3102247566482914,-0.09245799769850394
Best nonphantom geometry sample under SN-shape gate,0.744,-0.9694006116207952,1.0521907161871313,2.1043814323742627,0.30808404006033363,-0.09179816513761452
Best nonphantom geometry sample under SN-shape gate,0.75,-0.9696190476190477,1.0551825507971953,2.1103651015943905,0.3059583723749452,-0.09114285714285686
Best nonphantom geometry sample under SN-shape gate,0.756,-0.9698359908883828,1.0581546588897937,2.1163093177795873,0.3038476898162096,-0.09049202733485162
Best nonphantom geometry sample under SN-shape gate,0.762,-0.9700514566780175,1.0611070990443972,2.1222141980887943,0.30175192756861513,-0.08984562996594747
Best nonphantom geometry sample under SN-shape gate,0.768,-0.970265460030166,1.0640399318617133,2.1280798637234266,0.2996710198184444,-0.08920361990950199
Best nonphantom geometry sample under SN-shape gate,0.774,-0.9704780157835401,1.066953219896584,2.133906439793168,0.2976048997943638,-0.08856595264937972
Best nonphantom geometry sample under SN-shape gate,0.78,-0.9706891385767791,1.0698470275921232,2.1396940551842465,0.29555349980721474,-0.08793258426966277
Best nonphantom geometry sample under SN-shape gate,0.786,-0.9708988428518104,1.0727214212150913,2.1454428424301826,0.2935167512890165,-0.08730347144456885
Best nonphantom geometry sample under SN-shape gate,0.792,-0.971107142857143,1.075576468792499,2.151152937584998,0.29149458483118207,-0.08667857142857116
Best nonphantom geometry sample under SN-shape gate,0.798,-0.9713140526510938,1.07841224004943,2.15682448009886,0.2894869302219545,-0.08605784204671851
Best nonphantom geometry sample under SN-shape gate,0.804,-0.971519586104952,1.081228806348073,2.162457612696146,0.28749371648307065,-0.08544124168514389
Best nonphantom geometry sample under SN-shape gate,0.81,-0.9717237569060774,1.0840262406279524,2.1680524812559048,0.28551487190565805,-0.08482872928176788
Best nonphantom geometry sample under SN-shape gate,0.8160000000000001,-0.9719265785609399,1.0868046173473536,2.173609234694707,0.2835503240853712,-0.08422026431718033
Best nonphantom geometry sample under SN-shape gate,0.8220000000000001,-0.9721280643980974,1.0895640124259212,2.1791280248518423,0.28159999995677565,-0.08361580680570779
Best nonphantom geometry sample under SN-shape gate,0.8280000000000001,-0.972328227571116,1.0923045031884306,2.1846090063768613,0.2796638258269864,-0.0830153172866519
Best nonphantom geometry sample under SN-shape gate,0.834,-0.9725270810614323,1.095026168309714,2.190052336619428,0.27774172740856834,-0.08241875681570321
Best nonphantom geometry sample under SN-shape gate,0.84,-0.9727246376811595,1.097729087760732,2.195458175521464,0.2758336298517061,-0.0818260869565216
Best nonphantom geometry sample under SN-shape gate,0.846,-0.9729209100758397,1.1004133427557792,2.2008266855115584,0.27393945777565304,-0.08123726977248091
Best nonphantom geometry sample under SN-shape gate,0.852,-0.9731159107271419,1.103079015700809,2.206158031401618,0.2720591352994652,-0.08065226781857437
Best nonphantom geometry sample under SN-shape gate,0.858,-0.9733096519555078,1.1057261901428688,2.2114523802857375,0.2701925860720298,-0.08007104413347665
Best nonphantom geometry sample under SN-shape gate,0.864,-0.9735021459227469,1.1083549507206292,2.2167099014412583,0.2683397333013975,-0.07949356223175941
Best nonphantom geometry sample under SN-shape gate,0.87,-0.9736934046345812,1.1109653831159967,2.2219307662319934,0.26650049978342555,-0.07891978609625638
Best nonphantom geometry sample under SN-shape gate,0.876,-0.9738834399431415,1.1135575740067953,2.2271151480135907,0.2646748079297423,-0.07834968017057542
Best nonphantom geometry sample under SN-shape gate,0.882,-0.9740722635494156,1.1161316110205048,2.2322632220410097,0.262862579795039,-0.07778320935175331
Best nonphantom geometry sample under SN-shape gate,0.888,-0.9742598870056498,1.118687582689039,2.237375165378078,0.2610637371037037,-0.07722033898305058
Best nonphantom geometry sample under SN-shape gate,0.894,-0.9744463217177051,1.1212255784045568,2.2424511568091137,0.2592782012757979,-0.0766610348468848
Best nonphantom geometry sample under SN-shape gate,0.9,-0.9746315789473685,1.1237456883762853,2.2474913767525706,0.2575058934523954,-0.07610526315789445
Best nonphantom geometry sample under SN-shape gate,0.906,-0.9748156698146205,1.1262480035883442,2.2524960071766884,0.25574673452028107,-0.0755529905561384
Best nonphantom geometry sample under SN-shape gate,0.912,-0.9749986052998606,1.1287326157585564,2.257465231517113,0.2540006451360306,-0.0750041841004182
Best nonphantom geometry sample under SN-shape gate,0.918,-0.9751803962460898,1.131199617298235,2.26239923459647,0.2522675457494705,-0.0744588112617307
Best nonphantom geometry sample under SN-shape gate,0.924,-0.9753610533610534,1.1336491012729246,2.2672982025458492,0.2505473566265355,-0.07391683991683984
Best nonphantom geometry sample under SN-shape gate,0.93,-0.9755405872193438,1.1360811613640887,2.2721623227281773,0.24883999787152586,-0.07337823834196866
Best nonphantom geometry sample under SN-shape gate,0.936,-0.9757190082644629,1.1384958918317283,2.2769917836634566,0.247145389448782,-0.07284297520661132
Best nonphantom geometry sample under SN-shape gate,0.9420000000000001,-0.975896326810848,1.1408933874779164,2.2817867749558327,0.24546345120377722,-0.07231101956745589
Best nonphantom geometry sample under SN-shape gate,0.9480000000000001,-0.976072553045859,1.1432737436112301,2.2865474872224603,0.24379410288364514,-0.07178234086242286
Best nonphantom geometry sample under SN-shape gate,0.9540000000000001,-0.9762476970317299,1.1456370560120772,2.2912741120241544,0.2421372641571471,-0.0712569089048104
Best nonphantom geometry sample under SN-shape gate,0.96,-0.9764217687074831,1.147983420898888,2.295966841797776,0.240492854634091,-0.07073469387755071
Best nonphantom geometry sample under SN-shape gate,0.966,-0.9765947778908105,1.1503129348951715,2.300625869790343,0.23886079388420953,-0.07021566632756848
Best nonphantom geometry sample under SN-shape gate,0.972,-0.9767667342799189,1.1526256949974145,2.305251389994829,0.23724100145550883,-0.06969979716024333
Best nonphantom geometry sample under SN-shape gate,0.978,-0.9769376474553422,1.1549217985438094,2.3098435970876188,0.2356333968920955,-0.06918705763397348
Best nonphantom geometry sample under SN-shape gate,0.984,-0.9771075268817205,1.1572013431838,2.3144026863676,0.2340378997514921,-0.0686774193548384
Best nonphantom geometry sample under SN-shape gate,0.99,-0.9772763819095478,1.159464426848428,2.318928853696856,0.23245442962144983,-0.0681708542713566
Best nonphantom geometry sample under SN-shape gate,0.996,-0.9774442217768872,1.1617111477214699,2.3234222954429398,0.23088290613626875,-0.0676673346693385
Best nonphantom geometry sample under SN-shape gate,1.002,-0.9776110556110557,1.1639416042113448,2.3278832084226897,0.22932324899263276,-0.06716683316683303
Best nonphantom geometry sample under SN-shape gate,1.008,-0.977776892430279,1.1661558949237854,2.3323117898475707,0.22777537796497077,-0.06666932270916304
Best nonphantom geometry sample under SN-shape gate,1.014,-0.9779417411453162,1.1683541186352528,2.3367082372705057,0.2262392129203514,-0.06617477656405146
Best nonphantom geometry sample under SN-shape gate,1.02,-0.9781056105610562,1.1705363742670847,2.3410727485341694,0.224714673832921,-0.06568316831683152
Best nonphantom geometry sample under SN-shape gate,1.026,-0.978268509378085,1.1727027608603664,2.345405521720733,0.2232016807978927,-0.06519447186574512
Best nonphantom geometry sample under SN-shape gate,1.032,-0.9784304461942258,1.174853377551502,2.349706755103004,0.22170015404509785,-0.06470866141732257
Best nonphantom geometry sample under SN-shape gate,1.038,-0.9785914295060517,1.1769883235484808,2.3539766470969616,0.22021001395210613,-0.06422571148184486
Best nonphantom geometry sample under SN-shape gate,1.044,-0.9787514677103719,1.1791076981078226,2.358215396215645,0.21873118105692393,-0.06374559686888426
Best nonphantom geometry sample under SN-shape gate,1.05,-0.9789105691056912,1.1812116005121895,2.362423201024379,0.21726357607027932,-0.06326829268292644
Best nonphantom geometry sample under SN-shape gate,1.056,-0.9790687418936447,1.1833001300486496,2.3666002600972993,0.21580711988750279,-0.06279377431906596
Best nonphantom geometry sample under SN-shape gate,1.062,-0.9792259941804075,1.1853733859875806,2.370746771975161,0.21436173360001204,-0.062322017458777634
Best nonphantom geometry sample under SN-shape gate,1.068,-0.9793823339780787,1.1874314675622015,2.374862935124403,0.212927338506408,-0.06185299806576383
Best nonphantom geometry sample under SN-shape gate,1.074,-0.9795377692060432,1.1894744739487202,2.3789489478974404,0.21150385612319103,-0.061386692381870445
Best nonphantom geometry sample under SN-shape gate,1.08,-0.9796923076923078,1.1915025042470808,2.3830050084941616,0.2100912081951063,-0.06092307692307675
Best nonphantom geometry sample under SN-shape gate,1.086,-0.9798459571748163,1.1935156574623027,2.3870313149246054,0.20868931670512525,-0.06046212847555121
Best nonphantom geometry sample under SN-shape gate,1.092,-0.9799987253027407,1.1955140324863962,2.3910280649727924,0.2072981038840713,-0.06000382409177796
Best nonphantom geometry sample under SN-shape gate,1.098,-0.9801506196377503,1.197497728080846,2.394995456161692,0.20591749221989689,-0.05954814108674911
Best nonphantom geometry sample under SN-shape gate,1.104,-0.9803016476552598,1.199466842859647,2.398933685719294,0.20454740446662198,-0.059095057034220466
Best nonphantom geometry sample under SN-shape gate,1.11,-0.9804518167456556,1.2014214752728825,2.402842950545765,0.20318776365293856,-0.05864454976303313
Best nonphantom geometry sample under SN-shape gate,1.116,-0.980601134215501,1.2033617235908323,2.4067234471816645,0.2018384930904912,-0.058196597353497026
Best nonphantom geometry sample under SN-shape gate,1.122,-0.9807496072887214,1.2052876858886008,2.4105753717772016,0.20049951638183863,-0.05775117813383579
Best nonphantom geometry sample under SN-shape gate,1.1280000000000001,-0.9808972431077695,1.2071994600312568,2.4143989200625136,0.1991707574281063,-0.05730827067669153
Best nonphantom geometry sample under SN-shape gate,1.1340000000000001,-0.9810440487347705,1.2090971436594606,2.4181942873189213,0.197852140436335,-0.056867853795688594
Best nonphantom geometry sample under SN-shape gate,1.1400000000000001,-0.981190031152648,1.2109808341755877,2.4219616683511753,0.19654358992653392,-0.05642990654205593
Best nonphantom geometry sample under SN-shape gate,1.1460000000000001,-0.9813351972662319,1.2128506287303202,2.4257012574606405,0.1952450307384434,-0.05599440820130441
Best nonphantom geometry sample under SN-shape gate,1.1520000000000001,-0.9814795539033458,1.2147066242097064,2.429413248419413,0.1939563880380166,-0.05556133828996246
Best nonphantom geometry sample under SN-shape gate,1.158,-0.9816231078158789,1.2165489172226729,2.4330978344453458,0.19267758732362586,-0.055130676552363256
Best nonphantom geometry sample under SN-shape gate,1.164,-0.981765865680838,1.2183776040889807,2.4367552081779613,0.19140855443199845,-0.05470240295748596
Best nonphantom geometry sample under SN-shape gate,1.17,-0.9819078341013826,1.2201927808276163,2.4403855616552326,0.19014921554389166,-0.05427649769585219
Best nonphantom geometry sample under SN-shape gate,1.176,-0.9820490196078432,1.2219945431456039,2.4439890862912077,0.18889949718951163,-0.05385294117647044
Best nonphantom geometry sample under SN-shape gate,1.182,-0.9821894286587229,1.2237829864272325,2.447565972854465,0.18765932625368145,-0.05343171402383118
Best nonphantom geometry sample under SN-shape gate,1.188,-0.9823290676416819,1.2255582057236896,2.451116411447379,0.18642862998076737,-0.05301279707495421
Best nonphantom geometry sample under SN-shape gate,1.194,-0.9824679428745063,1.227320295743083,2.454640591486166,0.18520733597936664,-0.05259617137648098
Best nonphantom geometry sample under SN-shape gate,1.2,-0.9826060606060607,1.2290693508408574,2.458138701681715,0.18399537222676451,-0.052181818181817885
Best nonphantom geometry sample under SN-shape gate,1.206,-0.9827434270172258,1.2308054650105766,2.4616109300211533,0.18279266707316624,-0.051769718948322496
Best nonphantom geometry sample under SN-shape gate,1.212,-0.9828800482218204,1.232528731875081,2.465057463750162,0.1815991492457074,-0.051359855334538795
Best nonphantom geometry sample under SN-shape gate,1.218,-0.9830159302675083,1.2342392446780004,2.468478489356001,0.18041474785225356,-0.05095220919747501
Best nonphantom geometry sample under SN-shape gate,1.224,-0.9831510791366908,1.2359370962756135,2.471874192551227,0.1792393923849882,-0.05054676258992774
Best nonphantom geometry sample under SN-shape gate,1.23,-0.9832855007473842,1.237622379129053,2.475244758258106,0.17807301272380072,-0.05014349775784743
Best nonphantom geometry sample under SN-shape gate,1.236,-0.9834192009540847,1.2392951852968395,2.478590370593679,0.17691553913947378,-0.04974239713774575
Best nonphantom geometry sample under SN-shape gate,1.242,-0.9835521855486173,1.240955606427743,2.481911212855486,0.17576690229668113,-0.049343443354147976
Best nonphantom geometry sample under SN-shape gate,1.248,-0.9836844602609728,1.2426037337539562,2.4852074675079123,0.17462703325679713,-0.048946619217081655
Best nonphantom geometry sample under SN-shape gate,1.254,-0.9838160307601302,1.2442396580845796,2.488479316169159,0.17349586348052345,-0.048551907719609266
Best nonphantom geometry sample under SN-shape gate,1.26,-0.9839469026548673,1.245863469799406,2.491726939598812,0.17237332483034015,-0.04815929203539815
Best nonphantom geometry sample under SN-shape gate,1.266,-0.9840770814945573,1.2474752588429963,2.4949505176859925,0.1712593495727834,-0.04776875551632809
Best nonphantom geometry sample under SN-shape gate,1.272,-0.9842065727699532,1.2490751147190418,2.4981502294380835,0.1701538703805568,-0.047380281690140524
Best nonphantom geometry sample under SN-shape gate,1.278,-0.9843353819139596,1.2506631264850039,2.5013262529700078,0.16905682033447844,-0.04699385425812108
Best nonphantom geometry sample under SN-shape gate,1.284,-0.9844635143023935,1.2522393827470244,2.504478765494049,0.16796813292527088,-0.046609457092819384
Best nonphantom geometry sample under SN-shape gate,1.29,-0.9845909752547308,1.2538039716550993,2.5076079433101985,0.16688774205519752,-0.04622707423580752
Best nonphantom geometry sample under SN-shape gate,1.296,-0.9847177700348433,1.2553569808985097,2.5107139617970193,0.16581558203954863,-0.04584668989547014
Best nonphantom geometry sample under SN-shape gate,1.302,-0.9848439038517232,1.256898497701499,2.513796995402998,0.16475158760798353,-0.04546828844483053
Best nonphantom geometry sample under SN-shape gate,1.308,-0.9849693818601964,1.2584286088191998,2.5168572176383996,0.16369569390573066,-0.04509185441941066
Best nonphantom geometry sample under SN-shape gate,1.314,-0.9850942091616249,1.2599474005337896,2.5198948010675792,0.1626478364946522,-0.0447173725151252
Best nonphantom geometry sample under SN-shape gate,1.32,-0.9852183908045977,1.261454958650883,2.522909917301766,0.16160795135417536,-0.044344827586206836
Best nonphantom geometry sample under SN-shape gate,1.326,-0.985341931785612,1.262951368496143,2.525902736992286,0.16057597488209505,-0.04397420464316393
Best nonphantom geometry sample under SN-shape gate,1.332,-0.9854648370497427,1.2644367149121134,2.528873429824227,0.15955184389525165,-0.043605488850771756
Best nonphantom geometry sample under SN-shape gate,1.338,-0.9855871114913032,1.26591108225526,2.53182216451052,0.1585354956300876,-0.04323866552609046
Best nonphantom geometry sample under SN-shape gate,1.344,-0.9857087599544938,1.2673745543932198,2.5347491087864396,0.1575268677430877,-0.04287372013651858
Best nonphantom geometry sample under SN-shape gate,1.35,-0.9858297872340427,1.2688272147022484,2.5376544294044967,0.15652589831110353,-0.04251063829787194
Best nonphantom geometry sample under SN-shape gate,1.356,-0.9859501980758348,1.2702691460648639,2.5405382921297277,0.15553252583156962,-0.042149405772495485
Best nonphantom geometry sample under SN-shape gate,1.362,-0.9860699971775332,1.2717004308676758,2.5434008617353516,0.15454668922261153,-0.04179000846740044
Best nonphantom geometry sample under SN-shape gate,1.368,-0.9861891891891893,1.2731211509994025,2.546242301998805,0.1535683278230519,-0.04143243243243211
Best nonphantom geometry sample under SN-shape gate,1.374,-0.9863077787138446,1.2745313878490614,2.549062775698123,0.15259738139231474,-0.04107666385846631
Best nonphantom geometry sample under SN-shape gate,1.3800000000000001,-0.9864257703081233,1.275931222304337,2.551862444608674,0.15163379011023392,-0.04072268907563015
Best nonphantom geometry sample under SN-shape gate,1.3860000000000001,-0.9865431684828165,1.277320734750113,2.554641469500226,0.1506774945767678,-0.040370494551550395
Best nonphantom geometry sample under SN-shape gate,1.3920000000000001,-0.986659977703456,1.2787000050671684,2.557400010134337,0.14972843581162296,-0.04002006688963189
Best nonphantom geometry sample under SN-shape gate,1.3980000000000001,-0.9867762023908814,1.280069112631033,2.560138225262066,0.1487865552537907,-0.03967139282735588
Best nonphantom geometry sample under SN-shape gate,1.4040000000000001,-0.9868918469217971,1.2814281363109952,2.5628562726219903,0.14785179476099777,-0.0393244592346087
Best nonphantom geometry sample under SN-shape gate,1.41,-0.9870069156293223,1.2827771544692579,2.5655543089385158,0.14692409660907665,-0.038979253112033097
Best nonphantom geometry sample under SN-shape gate,1.416,-0.987121412803532,1.284116244960239,2.568232489920478,0.14600340349125632,-0.03863576158940385
Best nonphantom geometry sample under SN-shape gate,1.422,-0.9872353426919902,1.2854454851300137,2.5708909702600273,0.14508965851737562,-0.03829397192402939
Best nonphantom geometry sample under SN-shape gate,1.428,-0.9873487095002746,1.2867649518158881,2.5735299036317762,0.1441828052130247,-0.03795387149917606
Best nonphantom geometry sample under SN-shape gate,1.434,-0.9874615173924952,1.2880747213461072,2.5761494426922145,0.14328278751861406,-0.03761544782251436
Best nonphantom geometry sample under SN-shape gate,1.44,-0.9875737704918034,1.2893748695396905,2.578749739079381,0.14238954978837587,-0.03727868852458982
Best nonphantom geometry sample under SN-shape gate,1.446,-0.987685472880894,1.2906654717063881,2.5813309434127762,0.1415030367892987,-0.0369435813573179
Best nonphantom geometry sample under SN-shape gate,1.452,-0.9877966286025014,1.2919466026467563,2.5838932052935126,0.14062319369999868,-0.036610114192495824
Best nonphantom geometry sample under SN-shape gate,1.458,-0.9879072416598862,1.2932183366523518,2.5864366733047035,0.13974996610953003,-0.03627827502034142
Best nonphantom geometry sample under SN-shape gate,1.464,-0.9880173160173161,1.2944807475060336,2.588961495012067,0.1388833000161358,-0.03594805194805162
Best nonphantom geometry sample under SN-shape gate,1.47,-0.9881268556005399,1.2957339084823738,2.5914678169647476,0.13802314182594186,-0.035619433198380235
Best nonphantom geometry sample under SN-shape gate,1.476,-0.9882358642972537,1.296977892348176,2.593955784696352,0.13716943835159726,-0.03529240710823878
Best nonphantom geometry sample under SN-shape gate,1.482,-0.9883443459575612,1.298212771363088,2.596425542726176,0.13632213681086086,-0.034966962127316537
Best nonphantom geometry sample under SN-shape gate,1.488,-0.9884523043944267,1.2994386172803192,2.5988772345606383,0.13548118482513882,-0.034643086816720015
Best nonphantom geometry sample under SN-shape gate,1.494,-0.988559743384122,1.3006555013474468,2.6013110026948936,0.1346465304179725,-0.03432076984763399
Best nonphantom geometry sample under SN-shape gate,1.5,-0.9886666666666667,1.301863494307315,2.60372698861463,0.13381812201348098,-0.03399999999999992
Best nonphantom geometry sample under SN-shape gate,1.506,-0.9887730779462623,1.3030626663990232,2.6061253327980465,0.13299590843475856,-0.03368076616121296
Best nonphantom geometry sample under SN-shape gate,1.512,-0.9888789808917198,1.3042530873589955,2.608506174717991,0.13217983890223015,-0.033363057324840684
Best nonphantom geometry sample under SN-shape gate,1.518,-0.9889843791368812,1.3054348264221352,2.6108696528442703,0.1313698630319648,-0.03304686258935641
Best nonphantom geometry sample under SN-shape gate,1.524,-0.9890892762810355,1.3066079523230556,2.613215904646111,0.13056593083395143,-0.03273217115689353
Best nonphantom geometry sample under SN-shape gate,1.53,-0.9891936758893282,1.3077725332973889,2.6155450665947777,0.12976799271033668,-0.03241897233201552
Best nonphantom geometry sample under SN-shape gate,1.536,-0.9892975814931652,1.3089286370831668,2.6178572741663335,0.1289759994536271,-0.03210725552050453
Best nonphantom geometry sample under SN-shape gate,1.542,-0.9894009965906112,1.31007633092227,2.62015266184454,0.12818990224485727,-0.03179701022816639
Best nonphantom geometry sample under SN-shape gate,1.548,-0.9895039246467818,1.3112156815619491,2.6224313631238982,0.12740965265172563,-0.03148822605965451
Best nonphantom geometry sample under SN-shape gate,1.554,-0.9896063690942314,1.312346755256409,2.624693510512818,0.1266352026266998,-0.03118089271730584
Best nonphantom geometry sample under SN-shape gate,1.56,-0.9897083333333334,1.3134696177684524,2.626939235536905,0.1258665045050917,-0.030874999999999764
Best nonphantom geometry sample under SN-shape gate,1.566,-0.9898098207326579,1.3145843343711903,2.6291686687423805,0.12510351100310527,-0.030570537802026343
Best nonphantom geometry sample under SN-shape gate,1.572,-0.9899108346293417,1.3156909698498054,2.6313819396996108,0.12434617521585774,-0.03026749611197488
Best nonphantom geometry sample under SN-shape gate,1.578,-0.9900113783294544,1.316789588503372,2.633579177006744,0.12359445061537583,-0.029965865011636783
Best nonphantom geometry sample under SN-shape gate,1.584,-0.9901114551083592,1.3178802541467292,2.6357605082934583,0.12284829104856763,-0.029665634674922448
Best nonphantom geometry sample under SN-shape gate,1.59,-0.9902110682110683,1.318963030112406,2.637926060224812,0.12210765073517248,-0.029366795366795095
Best nonphantom geometry sample under SN-shape gate,1.596,-0.9903102208525938,1.3200379792525954,2.6400759585051907,0.12137248426568949,-0.029069337442218623
Best nonphantom geometry sample under SN-shape gate,1.602,-0.9904089162182936,1.321105163941173,2.642210327882346,0.12064274659928634,-0.0287732513451191
Best nonphantom geometry sample under SN-shape gate,1.608,-0.9905071574642128,1.3221646460757628,2.6443292921515256,0.11991839306168889,-0.02847852760736158
Best nonphantom geometry sample under SN-shape gate,1.614,-0.9906049477174191,1.323216487079844,2.646432974159688,0.11919937934305312,-0.028185156847742587
Best nonphantom geometry sample under SN-shape gate,1.62,-0.9907022900763359,1.324260747904902,2.648521495809804,0.1184856614958212,-0.02789312977099223
Best nonphantom geometry sample under SN-shape gate,1.6260000000000001,-0.9907991876110689,1.3252974890326132,2.6505949780652265,0.1177771959325614,-0.027602437166793337
Best nonphantom geometry sample under SN-shape gate,1.6320000000000001,-0.9908956433637286,1.3263267704770711,2.6526535409541423,0.11707393942379438,-0.027313069908814214
Best nonphantom geometry sample under SN-shape gate,1.6380000000000001,-0.9909916603487492,1.3273486517870474,2.654697303574095,0.11637584909580505,-0.027025018953752422
Best nonphantom geometry sample under SN-shape gate,1.6440000000000001,-0.9910872415532023,1.328363192048284,2.656726384096568,0.11568288242844361,-0.02673827534039319
Best nonphantom geometry sample under SN-shape gate,1.6500000000000001,-0.991182389937107,1.3293704498858203,2.6587408997716406,0.11499499725291411,-0.026452830188679166
Best nonphantom geometry sample under SN-shape gate,1.6560000000000001,-0.9912771084337351,1.3303704834663495,2.660740966932699,0.11431215174955309,-0.026168674698794803
Best nonphantom geometry sample under SN-shape gate,1.6620000000000001,-0.9913713999499124,1.3313633505006028,2.6627267010012057,0.11363430444559819,-0.02588580015026276
Best nonphantom geometry sample under SN-shape gate,1.668,-0.9914652673663169,1.3323491082457635,2.664698216491527,0.11296141421294907,-0.025604197901049286
Best nonphantom geometry sample under SN-shape gate,1.674,-0.9915587135377713,1.3333278135079027,2.6666556270158055,0.11229344026591995,-0.025323859386686243
Best nonphantom geometry sample under SN-shape gate,1.68,-0.9916517412935324,1.3342995226444458,2.6685990452888917,0.11163034215898504,-0.025044776119402812
Best nonphantom geometry sample under SN-shape gate,1.686,-0.9917443534375776,1.3352642915666524,2.6705285831333048,0.1109720797845184,-0.024766939687267175
Best nonphantom geometry sample under SN-shape gate,1.692,-0.9918365527488857,1.336222175742129,2.672444351484258,0.11031861337052816,-0.02449034175334286
Best nonphantom geometry sample under SN-shape gate,1.698,-0.9919283419817149,1.3371732301973531,2.6743464603947062,0.10966990347838623,-0.024214974054855398
Best nonphantom geometry sample under SN-shape gate,1.704,-0.9920197238658778,1.3381175095202194,2.6762350190404387,0.10902591100055402,-0.023940828402366665
Best nonphantom geometry sample under SN-shape gate,1.71,-0.9921107011070112,1.3390550678626056,2.6781101357252113,0.10838659715830493,-0.023667896678966516
Best nonphantom geometry sample under SN-shape gate,1.716,-0.9922012763868434,1.339985958942951,2.679971917885902,0.10775192349944512,-0.023396170839469765
Best nonphantom geometry sample under SN-shape gate,1.722,-0.9922914523634583,1.340910236048852,2.681820472097704,0.10712185189603135,-0.023125642909625155
Best nonphantom geometry sample under SN-shape gate,1.728,-0.9923812316715543,1.341827952039675,2.68365590407935,0.10649634454208837,-0.022856304985336973
Best nonphantom geometry sample under SN-shape gate,1.734,-0.9924706169227019,1.342739159349174,2.685478318698348,0.1058753639513256,-0.02258814923189434
Best nonphantom geometry sample under SN-shape gate,1.74,-0.9925596107055962,1.3436439099881305,2.687287819976261,0.10525887295485403,-0.02232116788321148
Best nonphantom geometry sample under SN-shape gate,1.746,-0.9926482155863074,1.3445422555469961,2.6890845110939923,0.10464683469890337,-0.022055353241077658
Best nonphantom geometry sample under SN-shape gate,1.752,-0.9927364341085272,1.3454342471985494,2.690868494397099,0.1040392126425406,-0.021790697674418436
Best nonphantom geometry sample under SN-shape gate,1.758,-0.992824268793812,1.3463199357005602,2.6926398714011204,0.10343597055539022,-0.021527193618563922
Best nonphantom geometry sample under SN-shape gate,1.764,-0.9929117221418235,1.347199371398462,2.694398742796924,0.10283707251535702,-0.02126483357452935
Best nonphantom geometry sample under SN-shape gate,1.77,-0.9929987966305657,1.3480726042280313,2.6961452084560626,0.1022424829063511,-0.021003610108302984
Best nonphantom geometry sample under SN-shape gate,1.776,-0.9930854947166187,1.3489396837180747,2.6978793674361494,0.1016521664160163,-0.020743515850144
Best nonphantom geometry sample under SN-shape gate,1.782,-0.9931718188353703,1.3498006589931177,2.6996013179862355,0.10106608803346259,-0.020484543493889062
Best nonphantom geometry sample under SN-shape gate,1.788,-0.9932577714012435,1.3506555787761025,2.701311157552205,0.10048421304700224,-0.020226685796269517
Best nonphantom geometry sample under SN-shape gate,1.794,-0.9933433548079218,1.3515044913910843,2.7030089827821686,0.099906507041891,-0.01996993557623461
Best nonphantom geometry sample under SN-shape gate,1.8,-0.9934285714285715,1.352347444765937,2.704694889531874,0.09933293589807361,-0.01971428571428535
Best nonphantom geometry sample under SN-shape gate,1.806,-0.9935134236160609,1.3531844864350533,2.7063689728701066,0.09876346578793539,-0.019459729151817373
Best nonphantom geometry sample under SN-shape gate,1.812,-0.993597913703177,1.3540156635420535,2.708031327084107,0.09819806317405944,-0.01920625889046912
Best nonphantom geometry sample under SN-shape gate,1.818,-0.993682044002839,1.3548410228424899,2.7096820456849797,0.09763669480698975,-0.01895386799148302
Best nonphantom geometry sample under SN-shape gate,1.824,-0.9937658168083098,1.3556606107065525,2.711321221413105,0.0970793277230008,-0.01870254957507067
Best nonphantom geometry sample under SN-shape gate,1.83,-0.9938492343934041,1.3564744731217762,2.7129489462435523,0.09652592924187468,-0.01845229681978766
Best nonphantom geometry sample under SN-shape gate,1.836,-0.993932299012694,1.357282655695743,2.714565311391486,0.09597646696468463,-0.018203102961918072
Best nonphantom geometry sample under SN-shape gate,1.842,-0.9940150129017125,1.3580852036587843,2.7161704073175685,0.09543090877158653,-0.017954961294862626
Best nonphantom geometry sample under SN-shape gate,1.848,-0.9940973782771536,1.3588821618666829,2.7177643237333657,0.09488922281961794,-0.017707865168539172
Best nonphantom geometry sample under SN-shape gate,1.854,-0.9941793973370708,1.3596735748033661,2.7193471496067323,0.0943513775405054,-0.017461807988787492
Best nonphantom geometry sample under SN-shape gate,1.86,-0.9942610722610723,1.3604594865836006,2.720918973167201,0.09381734163848053,-0.017216783216783105
Best nonphantom geometry sample under SN-shape gate,1.866,-0.9943424052105141,1.36123994095568,2.72247988191136,0.09328708408810375,-0.016972784368457727
Best nonphantom geometry sample under SN-shape gate,1.872,-0.9944233983286909,1.3620149813041096,2.724029962608219,0.09276057413209798,-0.0167298050139274
Best nonphantom geometry sample under SN-shape gate,1.8780000000000001,-0.9945040537410239,1.3627846506522845,2.725569301304569,0.09223778127919081,-0.016487838776928276
Best nonphantom geometry sample under SN-shape gate,1.8840000000000001,-0.9945843735552474,1.3635489916651615,2.727097983330323,0.0917186753019665,-0.016246879334257724
Best nonphantom geometry sample under SN-shape gate,1.8900000000000001,-0.9946643598615917,1.3643080466519286,2.7286160933038572,0.09120322623472737,-0.01600692041522478
Best nonphantom geometry sample under SN-shape gate,1.8960000000000001,-0.9947440147329651,1.3650618575686613,2.7301237151373225,0.09069140437136496,-0.01576795580110457
Best nonphantom geometry sample under SN-shape gate,1.9020000000000001,-0.9948233402251322,1.3658104660209787,2.7316209320419573,0.09018318026324143,-0.015529979324603427
Best nonphantom geometry sample under SN-shape gate,1.9080000000000001,-0.9949023383768913,1.366553913266688,2.733107826533376,0.08967852471708114,-0.015292984869325954
Best nonphantom geometry sample under SN-shape gate,1.9140000000000001,-0.9949810112102495,1.367292240218421,2.734584480436842,0.08917740879287253,-0.015056966369251468
Best nonphantom geometry sample under SN-shape gate,1.92,-0.9950593607305936,1.3680254874462665,2.736050974892533,0.08867980380178081,-0.014821917808219065
Best nonphantom geometry sample under SN-shape gate,1.926,-0.9951373889268627,1.3687536951803878,2.7375073903607756,0.08818568130407085,-0.014587833219412039
Best nonphantom geometry sample under SN-shape gate,1.932,-0.9952150977717145,1.3694769033136367,2.7389538066272734,0.08769501310704227,-0.01435470668485661
Best nonphantom geometry sample under SN-shape gate,1.938,-0.9952924892216929,1.370195151404156,2.740390302808312,0.08720777126297373,-0.014122532334921334
Best nonphantom geometry sample under SN-shape gate,1.944,-0.9953695652173914,1.37090847867797,2.74181695735594,0.08672392806708015,-0.013891304347825817
Best nonphantom geometry sample under SN-shape gate,1.95,-0.9954463276836159,1.371616924031573,2.743233848063146,0.08624345605548034,-0.013661016949152449
Best nonphantom geometry sample under SN-shape gate,1.956,-0.9955227785295445,1.3723205260344942,2.7446410520689883,0.08576632800317645,-0.01343166441136645
Best nonphantom geometry sample under SN-shape gate,1.962,-0.9955989196488859,1.3730193229318681,2.7460386458637362,0.08529251692204468,-0.013203241053342252
Best nonphantom geometry sample under SN-shape gate,1.968,-0.995674752920036,1.3737133526469802,2.7474267052939605,0.08482199605883806,-0.01297574123989187
Best nonphantom geometry sample under SN-shape gate,1.974,-0.9957502802062319,1.3744026527838102,2.7488053055676205,0.08435473889320089,-0.012749159381304276
Best nonphantom geometry sample under SN-shape gate,1.98,-0.9958255033557047,1.3750872606295592,2.7501745212591184,0.08389071913569515,-0.012523489932885767
Best nonphantom geometry sample under SN-shape gate,1.986,-0.9959004242018309,1.3757672131571699,2.7515344263143398,0.08342991072583869,-0.012298727394507325
Best nonphantom geometry sample under SN-shape gate,1.992,-0.9959750445632799,1.37644254702783,2.75288509405566,0.08297228783015574,-0.012074866310160304
Best nonphantom geometry sample under SN-shape gate,1.998,-0.9960493662441628,1.3771132985934667,2.7542265971869333,0.08251782484023955,-0.011851901267511455
Best nonphantom geometry sample under SN-shape gate,2.004,-0.9961233910341767,1.37777950389923,2.75555900779846,0.08206649637082723,-0.011629826897469941
Best nonphantom geometry sample under SN-shape gate,2.0100000000000002,-0.9961971207087487,1.3784411986859588,2.7568823973719176,0.08161827725788676,-0.011408637873754013
Best nonphantom geometry sample under SN-shape gate,2.016,-0.9962705570291778,1.3790984183926405,2.758196836785281,0.08117314255671665,-0.011188328912466683
Best nonphantom geometry sample under SN-shape gate,2.0220000000000002,-0.9963437017427753,1.3797511981588524,2.7595023963177048,0.08073106754005761,-0.010968894771674065
Best nonphantom geometry sample under SN-shape gate,2.028,-0.9964165565830032,1.3803995728271967,2.7607991456543934,0.08029202769621753,-0.01075033025099037
Best nonphantom geometry sample under SN-shape gate,2.0340000000000003,-0.9964891232696111,1.3810435769457134,2.762087153891427,0.07985599872720751,-0.01053263019116657
Best nonphantom geometry sample under SN-shape gate,2.04,-0.996561403508772,1.381683244770289,2.763366489540578,0.0794229565468922,-0.010315789473684056
Best nonphantom geometry sample under SN-shape gate,2.0460000000000003,-0.9966333989932152,1.3823186102670453,2.7646372205340906,0.07899287727915139,-0.010099803020354292
Best nonphantom geometry sample under SN-shape gate,2.052,-0.9967051114023592,1.3829497071147197,2.7658994142294393,0.07856573725605481,-0.009884665792922465
Best nonphantom geometry sample under SN-shape gate,2.058,-0.9967765424024417,1.3835765687070272,2.7671531374140543,0.07814151301604956,-0.009670372792674797
Best nonphantom geometry sample under SN-shape gate,2.064,-0.9968476936466494,1.3841992281550135,2.768398456310027,0.07772018130216003,-0.00945691906005186
Best nonphantom geometry sample under SN-shape gate,2.07,-0.9969185667752444,1.3848177182893877,2.7696354365787754,0.07730171906020085,-0.009244299674266876
Best nonphantom geometry sample under SN-shape gate,2.076,-0.9969891634156914,1.38543207166285,2.7708641433257,0.07688610343700208,-0.009032509752925688
Best nonphantom geometry sample under SN-shape gate,2.082,-0.9970594851827819,1.3860423205523968,2.7720846411047937,0.07647331177864772,-0.008821544451654395
Best nonphantom geometry sample under SN-shape gate,2.088,-0.9971295336787566,1.386648496961617,2.773296993923234,0.07606332162872614,-0.00861139896373031
Best nonphantom geometry sample under SN-shape gate,2.094,-0.9971993104934282,1.3872506326229719,2.7745012652459438,0.07565611072659437,-0.008402068519715256
Best nonphantom geometry sample under SN-shape gate,2.1,-0.9972688172043012,1.3878487590000608,2.7756975180001215,0.07525165700565377,-0.008193548387096516
Best nonphantom geometry sample under SN-shape gate,2.106,-0.9973380553766904,1.3884429072898743,2.7768858145797486,0.07484993859163971,-0.007985833869928793
Best nonphantom geometry sample under SN-shape gate,2.112,-0.997407026563839,1.3890331084250291,2.7780662168500583,0.07445093380092313,-0.00777892030848315
Best nonphantom geometry sample under SN-shape gate,2.118,-0.9974757323070345,1.3896193930759952,2.7792387861519905,0.07405462113882522,-0.007572803078896628
Best nonphantom geometry sample under SN-shape gate,2.124,-0.9975441741357235,1.3902017916532983,2.7804035833065965,0.07366097929794435,-0.007367477592829519
Best nonphantom geometry sample under SN-shape gate,2.13,-0.9976123535676252,1.390780334309719,2.781560668619438,0.0732699871564967,-0.0071629392971243044
Best nonphantom geometry sample under SN-shape gate,2.136,-0.9976802721088436,1.3913550509424686,2.782710101884937,0.07288162377666807,-0.00695918367346926
Best nonphantom geometry sample under SN-shape gate,2.142,-0.9977479312539784,1.3919259711953558,2.7838519423907115,0.07249586840297971,-0.006756206238064721
Best nonphantom geometry sample under SN-shape gate,2.148,-0.9978153324862347,1.392493124460935,2.78498624892187,0.07211270046066595,-0.006554002541296011
Best nonphantom geometry sample under SN-shape gate,2.154,-0.9978824772775312,1.3930565398826418,2.7861130797652836,0.07173209955406475,-0.006352568167406369
Best nonphantom geometry sample under SN-shape gate,2.16,-0.9979493670886077,1.3936162463569146,2.7872324927138292,0.07135404546502068,-0.006151898734176875
Best nonphantom geometry sample under SN-shape gate,2.166,-0.9980160033691304,1.3941722725352987,2.7883445450705975,0.07097851815130067,-0.0059519898926087
Best nonphantom geometry sample under SN-shape gate,2.172,-0.9980823875577974,1.394724646826538,2.789449293653076,0.07060549774502192,-0.005752837326607696
Best nonphantom geometry sample under SN-shape gate,2.178,-0.9981485210824419,1.3952733973986513,2.7905467947973026,0.07023496455109256,-0.005554436752674308
Best nonphantom geometry sample under SN-shape gate,2.184,-0.9982144053601341,1.395818552180994,2.791637104361988,0.06986689904566454,-0.005356783919597818
Best nonphantom geometry sample under SN-shape gate,2.19,-0.9982800417972832,1.3963601388663034,2.792720277732607,0.06950128187459924,-0.005159874608150261
Best nonphantom geometry sample under SN-shape gate,2.196,-0.9983454317897372,1.396898184912732,2.793796369825464,0.06913809385194487,-0.004963704630788324
Best nonphantom geometry sample under SN-shape gate,2.202,-0.9984105767228816,1.3974327175458643,2.7948654350917286,0.06877731595842677,-0.004768269831355254
Best nonphantom geometry sample under SN-shape gate,2.208,-0.9984754779717374,1.3979637637607187,2.7959275275214375,0.06841892933994968,-0.004573566084787761
Best nonphantom geometry sample under SN-shape gate,2.214,-0.9985401369010579,1.398491350323737,2.796982700647474,0.0680629153061121,-0.004379589296826247
Best nonphantom geometry sample under SN-shape gate,2.22,-0.9986045548654245,1.3990155037747545,2.798031007549509,0.06770925532873315,-0.004186335403726371
Best nonphantom geometry sample under SN-shape gate,2.226,-0.9986687332093408,1.3995362504289603,2.7990725008579207,0.06735793104039123,-0.003993800371977607
Best nonphantom geometry sample under SN-shape gate,2.232,-0.9987326732673268,1.4000536163788404,2.800107232757681,0.067008924232975,-0.0038019801980194723
Best nonphantom geometry sample under SN-shape gate,2.238,-0.9987963763640108,1.4005676274961065,2.801135254992213,0.06666221685624621,-0.003610870907967745
Best nonphantom geometry sample under SN-shape gate,2.244,-0.9988598438142212,1.4010783094336117,2.8021566188672233,0.06631779101641445,-0.0034204685573363536
Best nonphantom geometry sample under SN-shape gate,2.25,-0.998923076923077,1.4015856876272477,2.8031713752544953,0.0659756289747241,-0.003230769230768926
Best nonphantom geometry sample under SN-shape gate,2.2560000000000002,-0.9989860769860771,1.4020897872978322,2.8041795745956644,0.06563571314605271,-0.0030417690417686716
Best nonphantom geometry sample under SN-shape gate,2.262,-0.9990488452891887,1.4025906334529796,2.8051812669059593,0.06529802609752153,-0.002853464132433925
Best nonphantom geometry sample under SN-shape gate,2.2680000000000002,-0.9991113831089352,1.403088250888956,2.806176501777912,0.06496255054711743,-0.0026658506731943588
Best nonphantom geometry sample under SN-shape gate,2.274,-0.9991736917124823,1.4035826641925218,2.8071653283850435,0.06462926936232695,-0.002478924862553189
Best nonphantom geometry sample under SN-shape gate,2.2800000000000002,-0.9992357723577237,1.4040738977427596,2.808147795485519,0.06429816555878139,-0.0022926829268290483
Best nonphantom geometry sample under SN-shape gate,2.286,-0.9992976262933658,1.404561975712887,2.809123951425774,0.06396922229891401,-0.002107121119902522
Best nonphantom geometry sample under SN-shape gate,2.2920000000000003,-0.9993592547590118,1.4050469220720552,2.8100938441441103,0.06364242289062828,-0.0019222357229646825
Best nonphantom geometry sample under SN-shape gate,2.298,-0.9994206589852437,1.4055287605871336,2.811057521174267,0.06331775078597779,-0.0017380230442689548
Best nonphantom geometry sample under SN-shape gate,2.3040000000000003,-0.9994818401937047,1.4060075148244817,2.8120150296489634,0.06299518957985742,-0.001554479418885979
Best nonphantom geometry sample under SN-shape gate,2.31,-0.9995427995971803,1.406483208151703,2.812966416303406,0.0626747230087059,-0.001371601208459139
Best nonphantom geometry sample under SN-shape gate,2.316,-0.9996035383996784,1.4069558637393889,2.8139117274787777,0.06235633494921942,-0.0011893848009647545
Best nonphantom geometry sample under SN-shape gate,2.322,-0.9996640577965082,1.4074255045628474,2.814851009125695,0.06204000941707661,-0.0010078266104752709
Best nonphantom geometry sample under SN-shape gate,2.328,-0.9997243589743591,1.4078921534038158,2.8157843068076316,0.06172573056567451,-0.0008269230769227809
Best nonphantom geometry sample under SN-shape gate,2.334,-0.9997844431113778,1.408355832852162,2.816711665704324,0.061413482684875474,-0.0006466706658665444
Best nonphantom geometry sample under SN-shape gate,2.34,-0.9998443113772456,1.4088165653075717,2.8176331306151434,0.061103250199765306,-0.0004670658682631723
Best nonphantom geometry sample under SN-shape gate,2.346,-0.9999039649332537,1.4092743729812196,2.818548745962439,0.0607950176694218,-0.0002881052002388085
Best nonphantom geometry sample under SN-shape gate,2.352,-0.9999634049323788,1.4097292778974304,2.819458555794861,0.06048876978569482,-0.00010978520286364368
Best nonphantom geometry sample under SN-shape gate,2.358,-1.0000226325193569,1.4101813018953226,2.8203626037906453,0.06018449137199631,6.789755807057318e-05
Best nonphantom geometry sample under SN-shape gate,2.364,-1.0000816488307571,1.410630466630442,2.821260933260884,0.05988216738210168,0.00024494649227135845
Best nonphantom geometry sample under SN-shape gate,2.37,-1.0001404549950546,1.4110767935763773,2.8221535871527546,0.05958178289896131,0.0004213649851636525
Best nonphantom geometry sample under SN-shape gate,2.376,-1.0001990521327015,1.4115203040263695,2.823040608052739,0.05928332313352303,0.0005971563981046479
Best nonphantom geometry sample under SN-shape gate,2.382,-1.0002574413561995,1.4119610190948992,2.8239220381897985,0.058986773423564516,0.0007723240685986177
Best nonphantom geometry sample under SN-shape gate,2.388,-1.0003156237701694,1.4123989597192674,2.824797919438535,0.058692119232536685,0.0009468713105080795
Best nonphantom geometry sample under SN-shape gate,2.394,-1.0003736004714203,1.4128341466611605,2.825668293322321,0.05839934614841692,0.0011208014142609635
Best nonphantom geometry sample under SN-shape gate,2.4,-1.0004313725490197,1.4132666005082002,2.8265332010164004,0.058108439882573,0.001294117647059112
Best nonphantom geometry sample under SN-shape gate,2.406,-1.000488941084361,1.4136963416754846,2.8273926833509693,0.05781938626863658,0.001466823253082783
Best nonphantom geometry sample under SN-shape gate,2.412,-1.000546307151231,1.4141233904071147,2.8282467808142293,0.05753217126138767,0.001638921453693154
Best nonphantom geometry sample under SN-shape gate,2.418,-1.0006034718158767,1.414547766777703,2.829095533555406,0.05724678093564812,0.0018104154476301648
Best nonphantom geometry sample under SN-shape gate,2.424,-1.0006604361370717,1.41496949069388,2.82993898138776,0.05696320148518608,0.0019813084112150214
Best nonphantom geometry sample under SN-shape gate,2.43,-1.000717201166181,1.4153885818957759,2.8307771637915518,0.05668141922162948,0.002151603498542709
Best nonphantom geometry sample under SN-shape gate,2.436,-1.0007737679472255,1.4158050599584986,2.831610119916997,0.056401420573390044,0.002321303841676503
Best nonphantom geometry sample under SN-shape gate,2.442,-1.0008301375169475,1.4162189442935944,2.832437888587189,0.05612319208459645,0.00249041255084248
Best nonphantom geometry sample under SN-shape gate,2.448,-1.0008863109048725,1.4166302541504983,2.8332605083009965,0.05584672041403766,0.002658932714617368
Best nonphantom geometry sample under SN-shape gate,2.454,-1.0009422891333721,1.4170390086179705,2.834078017235941,0.05557199233411546,0.002826867400116395
Best nonphantom geometry sample under SN-shape gate,2.46,-1.0009980732177264,1.4174452266255204,2.834890453251041,0.055298994729806934,0.002994219653179142
Best nonphantom geometry sample under SN-shape gate,2.466,-1.0010536641661858,1.417848926944822,2.835697853889644,0.05502771459763584,0.003160992498557391
Best nonphantom geometry sample under SN-shape gate,2.472,-1.0011090629800308,1.4182501281911095,2.836500256382219,0.05475813904465407,0.0033271889400923182
Best nonphantom geometry sample under SN-shape gate,2.478,-1.0011642706536323,1.4186488488245697,2.8372976976491393,0.05449025528743174,0.003492811960897013
Best nonphantom geometry sample under SN-shape gate,2.484,-1.0012192881745121,1.4190451071517145,2.838090214303429,0.05422405065105703,0.003657864523536336
Best nonphantom geometry sample under SN-shape gate,2.49,-1.0012741165234003,1.4194389213267484,2.838877842653497,0.05395951256814488,0.003822349570200778
Best nonphantom geometry sample under SN-shape gate,2.496,-1.0013287566742946,1.4198303093529177,2.8396606187058353,0.053696628577854975,0.003986270022883653
Best nonphantom geometry sample under SN-shape gate,2.5020000000000002,-1.0013832095945174,1.4202192890838514,2.840438578167703,0.05343538632491856,0.004149628783552295
Best nonphantom geometry sample under SN-shape gate,2.508,-1.001437476244774,1.4206058782248925,2.841211756449785,0.05317577355867458,0.004312428734321916
Best nonphantom geometry sample under SN-shape gate,2.5140000000000002,-1.0014915575792072,1.4209900943344103,2.8419801886688205,0.05291777813211403,0.004474672737621477
Best nonphantom geometry sample under SN-shape gate,2.52,-1.0015454545454547,1.4213719548251098,2.8427439096502196,0.05266138800093396,0.004636363636364216
Best nonphantom geometry sample under SN-shape gate,2.5260000000000002,-1.0015991680847043,1.421751476965324,2.843502953930648,0.05240659122259946,0.00479750425411285
Best nonphantom geometry sample under SN-shape gate,2.532,-1.0016526991317478,1.4221286778802957,2.8442573557605915,0.0521533759554149,0.004958097395243444
Best nonphantom geometry sample under SN-shape gate,2.5380000000000003,-1.0017060486150369,1.422503574553451,2.845007149106902,0.05190173045760324,0.005118145845110611
Best nonphantom geometry sample under SN-shape gate,2.544,-1.0017592174567345,1.4228761838276562,2.8457523676553125,0.051651643086394396,0.0052776523702033895
Best nonphantom geometry sample under SN-shape gate,2.5500000000000003,-1.0018122065727701,1.4232465224064694,2.846493044812939,0.05140310229712161,0.0054366197183104426
Best nonphantom geometry sample under SN-shape gate,2.556,-1.0018650168728909,1.4236146068553768,2.8472292137107535,0.05115609664232651,0.0055950506186726034
Best nonphantom geometry sample under SN-shape gate,2.562,-1.0019176492607151,1.423980453603019,2.847960907206038,0.050910614770872234,0.005752947782145412
Best nonphantom geometry sample under SN-shape gate,2.568,-1.0019701046337819,1.424344078942409,2.848688157884818,0.050666645427065074,0.005910313901345665
Best nonphantom geometry sample under SN-shape gate,2.574,-1.0020223838836038,1.4247054990321344,2.849410998064269,0.05042417744978422,0.006067151650811287
Best nonphantom geometry sample under SN-shape gate,2.58,-1.002074487895717,1.4250647298975536,2.8501294597951072,0.05018319977161927,0.0062234636871512095
Best nonphantom geometry sample under SN-shape gate,2.586,-1.0021264175497304,1.4254217874319788,2.8508435748639576,0.04994370141801637,0.006379252649191258
Best nonphantom geometry sample under SN-shape gate,2.592,-1.0021781737193765,1.4257766873978495,2.851553374795699,0.04970567150643187,0.006534521158129358
Best nonphantom geometry sample under SN-shape gate,2.598,-1.002229757272559,1.426129445427894,2.852258890855788,0.049469099245494065,0.006689271817676756
Best nonphantom geometry sample under SN-shape gate,2.604,-1.0022811690714022,1.4264800770262822,2.8529601540525644,0.04923397393417266,0.006843507214206568
Best nonphantom geometry sample under SN-shape gate,2.61,-1.0023324099722992,1.4268285975697683,2.8536571951395366,0.04900028496095633,0.006997229916897663
Best nonphantom geometry sample under SN-shape gate,2.616,-1.0023834808259589,1.4271750223088202,2.8543500446176404,0.04876802180303738,0.007150442477876551
Best nonphantom geometry sample under SN-shape gate,2.622,-1.0024343824774526,1.427519366368743,2.855038732737486,0.04853717402550473,0.007303147432357937
Best nonphantom geometry sample under SN-shape gate,2.628,-1.0024851157662624,1.4278616447507884,2.8557232895015767,0.04830773128054391,0.007455347298787274
Best nonphantom geometry sample under SN-shape gate,2.634,-1.0025356815263256,1.4282018723332575,2.856403744666515,0.04807968330664494,0.007607044578976652
Best nonphantom geometry sample under SN-shape gate,2.64,-1.0025860805860807,1.428540063872591,2.857080127745182,0.04785301992781737,0.007758241758242024
Best nonphantom geometry sample under SN-shape gate,2.646,-1.0026363137685135,1.4288762340044525,2.857752468008905,0.04762773105281283,0.007908941305540429
Best nonphantom geometry sample under SN-shape gate,2.652,-1.0026863818912013,1.4292103972447963,2.8584207944895925,0.04740380667435502,0.008059145673603885
Best nonphantom geometry sample under SN-shape gate,2.658,-1.0027362857663569,1.4295425679909348,2.8590851359818696,0.047181236868376594,0.008208857299070615
Best nonphantom geometry sample under SN-shape gate,2.664,-1.0027860262008734,1.4298727605225856,2.859745521045171,0.04696001179326348,0.008358078602620278
Best nonphantom geometry sample under SN-shape gate,2.67,-1.002835603996367,1.4302009890029186,2.860401978005837,0.0467401216891064,0.008506811989101193
Best nonphantom geometry sample under SN-shape gate,2.676,-1.0028850199492203,1.4305272674795866,2.861054534959173,0.046521556876959046,0.008655059847660906
Best nonphantom geometry sample under SN-shape gate,2.682,-1.0029342748506247,1.4308516098857498,2.8617032197714996,0.046304307758103756,0.008802824551874089
Best nonphantom geometry sample under SN-shape gate,2.688,-1.0029833694866233,1.431174030041092,2.862348060082184,0.04608836481332367,0.008950108459869766
Best nonphantom geometry sample under SN-shape gate,2.694,-1.003032304638152,1.4314945416528246,2.8629890833056493,0.04587371860218201,0.009096913914455884
Best nonphantom geometry sample under SN-shape gate,2.7,-1.003081081081081,1.431813158316683,2.863626316633366,0.045660359762308124,0.009243243243243215
Best nonphantom geometry sample under SN-shape gate,2.706,-1.0031296995862566,1.432129893517915,2.86425978703583,0.045448279008690175,0.00938909875876992
Best nonphantom geometry sample under SN-shape gate,2.712,-1.0031781609195403,1.4324447606322577,2.8648895212645153,0.04523746713297457,0.009534482758620788
Best nonphantom geometry sample under SN-shape gate,2.718,-1.0032264658418506,1.4327577729269072,2.8655155458538144,0.045027915002772124,0.009679397525551803
Best nonphantom geometry sample under SN-shape gate,2.724,-1.0032746151092016,1.4330689435614798,2.8661378871229597,0.04481961356097051,0.009823845327604719
Best nonphantom geometry sample under SN-shape gate,2.73,-1.0033226094727437,1.433378285588962,2.866756571177924,0.04461255382505343,0.009967828418230962
Best nonphantom geometry sample under SN-shape gate,2.736,-1.003370449678801,1.433685811956657,2.867371623913314,0.04440672688642625,0.010111349036402872
Best nonphantom geometry sample under SN-shape gate,2.742,-1.0034181364689116,1.4339915355071153,2.8679830710142307,0.044202123909747836,0.010254409406734943
Best nonphantom geometry sample under SN-shape gate,2.748,-1.0034656705798648,1.4342954689790615,2.868590937958123,0.04399873613226876,0.010397011739594397
Best nonphantom geometry sample under SN-shape gate,2.754,-1.0035130527437401,1.434597625008313,2.869195250016626,0.043796554863176004,0.010539158231220425
Best nonphantom geometry sample under SN-shape gate,2.7600000000000002,-1.0035602836879434,1.4348980161286884,2.869796032257377,0.04359557148294353,0.010680851063830099
Best nonphantom geometry sample under SN-shape gate,2.766,-1.0036073641352452,1.4351966547729083,2.8703933095458165,0.04339577744268916,0.010822092405735617
Best nonphantom geometry sample under SN-shape gate,2.7720000000000002,-1.0036542948038176,1.4354935532734872,2.8709871065469743,0.04319716426353763,0.010962884411452878
Best nonphantom geometry sample under SN-shape gate,2.778,-1.0037010764072702,1.435788723863616,2.871577447727232,0.04299972353598956,0.011103229221810729
Best nonphantom geometry sample under SN-shape gate,2.7840000000000003,-1.0037477096546865,1.4360821786780427,2.8721643573560853,0.042803446919296426,0.011243128964059546
Best nonphantom geometry sample under SN-shape gate,2.79,-1.0037941952506597,1.4363739297539355,2.872747859507871,0.042608326140841445,0.011382585751979146
Best nonphantom geometry sample under SN-shape gate,2.7960000000000003,-1.0038405338953285,1.4366639890317472,2.8733279780634944,0.042414352995526455,0.011521601685985372
Best nonphantom geometry sample under SN-shape gate,2.802,-1.0038867262844118,1.4369523683560639,2.8739047367121278,0.04222151934516444,0.011660178853235337
Best nonphantom geometry sample under SN-shape gate,2.8080000000000003,-1.0039327731092438,1.4372390794764502,2.8744781589529005,0.042029817117877885,0.011798319327731344
Best nonphantom geometry sample under SN-shape gate,2.814,-1.0039786750568083,1.4375241340482885,2.875048268096577,0.04183923830750288,0.011936025170424802
Best nonphantom geometry sample under SN-shape gate,2.82,-1.0040244328097732,1.4378075436336026,2.8756150872672053,0.04164977497299883,0.012073298429319479
Best nonphantom geometry sample under SN-shape gate,2.826,-1.0040700470465238,1.438089319701885,2.87617863940377,0.0414614192378637,0.012210141139571418
Best nonphantom geometry sample under SN-shape gate,2.832,-1.004115518441197,1.438369473630905,2.87673894726181,0.04127416328955508,0.012346555323590858
Best nonphantom geometry sample under SN-shape gate,2.838,-1.0041608476637138,1.4386480167075197,2.8772960334150395,0.04108799937891631,0.012482542991141488
Best nonphantom geometry sample under SN-shape gate,2.844,-1.0042060353798128,1.4389249601284695,2.877849920256939,0.04090291981960851,0.012618106139438368
Best nonphantom geometry sample under SN-shape gate,2.85,-1.0042510822510824,1.4392003150011707,2.8784006300023415,0.0407189169875476,0.012753246753247183
Best nonphantom geometry sample under SN-shape gate,2.856,-1.0042959889349932,1.4394740923444989,2.8789481846889977,0.040535983320346976,0.0128879668049795
Best nonphantom geometry sample under SN-shape gate,2.862,-1.0043407560849302,1.4397463030895679,2.8794926061791357,0.040354111316765244,0.013022268254790692
Best nonphantom geometry sample under SN-shape gate,2.868,-1.0043853843502242,1.4400169580804978,2.8800339161609956,0.040173293536159456,0.013156153050672525
Best nonphantom geometry sample under SN-shape gate,2.874,-1.0044298743761833,1.4402860680751763,2.8805721361503527,0.03999352259794317,0.013289623128549755
Best nonphantom geometry sample under SN-shape gate,2.88,-1.0044742268041238,1.4405536437460178,2.8811072874920356,0.03981479118104998,0.01342268041237138
Best nonphantom geometry sample under SN-shape gate,2.886,-1.0045184422714017,1.4408196956807091,2.8816393913614182,0.03963709202340211,0.013555326814205237
Best nonphantom geometry sample under SN-shape gate,2.892,-1.0045625214114424,1.4410842343829524,2.882168468765905,0.03946041792138378,0.013687564234327265
Best nonphantom geometry sample under SN-shape gate,2.898,-1.0046064648537714,1.4413472702732006,2.8826945405464013,0.03928476172931984,0.013819394561314091
Best nonphantom geometry sample under SN-shape gate,2.904,-1.0046502732240439,1.441608813689383,2.883217627378766,0.0391101163589593,0.013950819672131631
Best nonphantom geometry sample under SN-shape gate,2.91,-1.004693947144075,1.4418688748876307,2.8837377497752614,0.03893647477896366,0.014081841432225017
Best nonphantom geometry sample under SN-shape gate,2.916,-1.0047374872318693,1.4421274640429858,2.8842549280859715,0.03876383001440025,0.014212461695607859
Best nonphantom geometry sample under SN-shape gate,2.922,-1.004780894101649,1.4423845912501163,2.8847691825002326,0.03859217514624021,0.014342682304946841
Best nonphantom geometry sample under SN-shape gate,2.928,-1.0048241683638832,1.4426402665240123,2.8852805330480247,0.03842150331086135,0.014472505091649657
Best nonphantom geometry sample under SN-shape gate,2.934,-1.0048673106253179,1.4428944998006823,2.8857889996013646,0.03825180769955569,0.0146019318759536
Best nonphantom geometry sample under SN-shape gate,2.94,-1.0049103214890018,1.4431473009378433,2.8862946018756865,0.03808308155804171,0.014730964467005503
Best nonphantom geometry sample under SN-shape gate,2.946,-1.0049532015543168,1.443398679715602,2.886797359431204,0.03791531818598109,0.014859604662950332
Best nonphantom geometry sample under SN-shape gate,2.952,-1.0049959514170042,1.4436486458371312,2.8872972916742623,0.03774851093650027,0.014987854251012456
Best nonphantom geometry sample under SN-shape gate,2.958,-1.0050385716691932,1.4438972089293391,2.8877944178586783,0.037582653215716307,0.015115715007579578
Best nonphantom geometry sample under SN-shape gate,2.964,-1.0050810628994282,1.4441443785435344,2.888288757087069,0.037417738482267406,0.015243188698284671
Best nonphantom geometry sample under SN-shape gate,2.97,-1.0051234256926953,1.4443901641560803,2.8887803283121607,0.03725376024684768,0.015370277078085914
Best nonphantom geometry sample under SN-shape gate,2.976,-1.0051656606304495,1.4446345751690508,2.8892691503381016,0.037090712071746725,0.015496981891348627
Best nonphantom geometry sample under SN-shape gate,2.982,-1.0052077682906413,1.4448776209108707,2.8897552418217414,0.03692858757039305,0.015623304871923871
Best nonphantom geometry sample under SN-shape gate,2.988,-1.0052497492477432,1.4451193106369598,2.8902386212739195,0.036767380406902236,0.015749247743229722
Best nonphantom geometry sample under SN-shape gate,2.994,-1.005291604072776,1.4453596535303628,2.8907193070607256,0.03660708429562911,0.01587481221832787
Best nonphantom geometry sample under SN-shape gate,3.0,-1.0053333333333334,1.44559865870238,2.89119731740476,0.036447693000724424,0.016000000000000236
