delta,zt,s,w0,wa,chi2_bao,chi2_snproxy,chi2_shoes,chi2_total,logprob
0.01504536013290698,1.569188299227391,5.8924629932571655,-0.9422642780214615,-0.39685866521131885,10.221710663449942,1.8410699900760197,21.230443500832383,33.29322415435834,-16.64661207717917
0.02090419989576719,0.5098643055753452,9.72663889913261,-1.0424176431673113,0.2435684888517211,13.837340916976556,4.745448727000649,17.880558716182122,36.46334836015933,-18.231674180079665
0.011142150842603477,1.3741366890428275,4.5694968901039035,-0.9440297636273585,-0.3535326333414872,11.931205847214947,1.4356268660099114,23.621705285189627,36.988537998414486,-18.494268999207243
0.024559227501286918,1.6060590859750703,9.209816758655805,-1.0406892572707689,0.10197568126119183,19.522631595471466,2.0435882914790824,15.93633610337746,37.502555990328005,-18.751277995164003
0.026631443005092244,0.1385198402386132,0.803581640523826,-0.8823340174620018,-0.4982069990206668,10.39699613575718,12.36143066151055,14.883752404845092,37.64217920211282,-18.82108960105641
0.030404404972054617,1.8634943224767468,3.2633029282754915,-0.9955446917712275,-0.2120885605905749,21.112842490719473,4.516145505974014,13.059612295488868,38.68860029218236,-19.34430014609118
0.017995232701009622,0.06358557855908006,1.3399391455370342,-0.7474107376587233,-0.8782077684449057,13.957145471752693,5.297391340815335,19.507877694230316,38.76241450679834,-19.38120725339917
0.010368801122780782,1.8274958472851823,0.5185460295916263,-0.8272137744665746,-0.7154584835442246,9.75410005864097,6.936011399473838,24.110633071708115,40.80074452982292,-20.40037226491146
0.011259812568408568,0.22428760350892119,9.84370738113971,-0.820013264890727,-0.6635090439889146,10.277695643335084,7.228343504223629,23.547756053366637,41.05379520092535,-20.526897600462675
0.020270205510542948,1.2014442993206769,5.3962307678847266,-0.8564776664852022,-0.89852101926106,14.896615911591716,8.127933867551013,18.22918544824174,41.25373522738447,-20.626867613692234
0.030448261441844336,0.5879169289399557,10.15731410334195,-1.0379387802104492,0.30327016501659143,24.654713237322646,4.131865751293651,13.039109580035104,41.8256885686514,-20.9128442843257
0.021461888363213624,0.3585090663123593,1.3958293635582222,-1.0118483576897894,0.017256941101564394,13.249866655168441,11.587933002812983,17.576674442429745,42.41447410041117,-21.207237050205585
0.02207488860162627,1.2970775370575411,1.8720534814419527,-1.0659895390916239,0.36753261620555255,23.844158233976856,1.4342648096059627,17.2456555516712,42.52407859525402,-21.26203929762701
0.0104424760773853,1.3774250833028514,1.8100183862089883,-0.9998950775766868,-0.10430078120295327,16.909458258848627,1.9242323781744262,24.063838396971956,42.89752903399501,-21.448764516997507
0.016493659716820444,0.7759042993796202,3.9267745585206404,-1.1054804215127723,0.5840790579820778,20.34951297187401,2.4836083596189704,20.375609334362082,43.20873066585506,-21.60436533292753
0.01997002508814572,0.4850838660424032,6.810830954492998,-0.8808936466386135,-0.5882154983190171,16.48952562911786,8.412257637021597,18.395425583778252,43.29720884991771,-21.648604424958855
0.005270461143436198,0.5978663968017393,1.378563048875968,-0.966373405596249,-0.11467734207695557,16.10900107982596,0.2528930240334886,27.459252145975665,43.82114624983511,-21.910573124917555
0.033454886005827404,1.6939812604456133,7.880211285276684,-0.9653148952641996,-0.39615241978022286,27.589355456091905,4.921105560152088,11.671927217869307,44.182388234113304,-22.091194117056652
0.03497234672057773,1.8417704306944487,9.559947497027233,-0.9369703064585946,-0.6313570382765112,26.087146093393425,7.7172693331662146,11.010646897033565,44.81506232359321,-22.407531161796605
0.018814342757955464,0.9987170391673299,2.563949998238408,-1.0356042209539125,0.35351004044371326,27.04491299633456,0.3578293005980179,19.042488039266896,46.44523033619947,-23.222615168099736
0.012424184105666617,0.8521091602016775,11.150768022873311,-1.054104762447917,0.11073385194208463,18.133116624132214,5.763041817434483,22.822210295966187,46.718368737532884,-23.359184368766442
0.021167650713795744,1.3228021849002145,11.797684791899426,-1.0566738324214824,-0.09486749673905681,15.286012692386537,16.01136774108778,17.73667987999569,49.03406031347001,-24.517030156735004
0.01956341153400966,1.8078897802578144,6.426917514697415,-1.0955935825493452,0.49697195505668823,30.65766815467982,1.967789934488612,18.62181178432001,51.24726987348844,-25.62363493674422
0.029109621612888596,1.625174718428616,5.898538303396371,-1.0112565388074186,0.04029350892123773,37.20272699391759,0.40882350300609,13.672175245436142,51.28372574235982,-25.64186287117991
0.03227961192008796,0.709694327036772,2.93402504124172,-0.9779023993280889,0.053979932284475396,37.18288171567791,2.003474782627318,12.19733986404546,51.38369636235068,-25.69184818117534
0.04056781880171379,1.551271928881172,1.0601810030324543,-0.9688387501573266,-0.465445349438645,20.62182053349537,23.647372449922898,8.738892088706017,53.00808507212428,-26.50404253606214
0.038306912803371694,1.8708636884825418,11.27860455413038,-0.9271967903489,-0.6853403494070354,35.564432892991164,7.82037005386377,9.625250532649636,53.01005347950457,-26.505026739752285
0.03644128342961401,1.724026999132937,2.9777987723915817,-0.8659980536833077,-1.1733365082907685,21.98680937255861,21.52145209486361,10.38888020041078,53.897141667833,-26.9485708339165
0.036889591826487454,1.955093706548135,9.351652087749207,-1.0435049946740529,-0.3924181517174983,14.206558916962486,29.54081247180725,10.202720522706107,53.950091911475845,-26.975045955737922
0.02629135396037691,0.694960818054988,3.775125293213616,-0.8783979280257508,-0.8255949821900015,21.56453163263744,17.33987670514161,15.054034450888262,53.958442788667305,-26.979221394333653
0.035136769740446494,1.4919968116209033,7.309124304379784,-0.8711469564720645,-0.8650959333010215,35.2159619295043,8.220201142789618,10.940152377059762,54.37631544935368,-27.18815772467684
0.027620467481768104,1.5383172108444796,10.63182464674546,-1.1605614418819754,0.4140882204812417,16.148333255050222,23.853816970597084,14.394053377184594,54.3962036028319,-27.19810180141595
0.02630302869757795,0.5287720833201153,3.805495745447106,-0.9470521269046407,0.06427306200184102,37.45894268131467,2.087413061629724,15.048172874751515,54.59452861769591,-27.297264308847954
0.0072490170480585285,1.3954333456168264,4.310363411444666,-0.7791702966736974,-1.095848468287129,16.519927069692205,12.127917873804844,26.13388007377897,54.78172501727602,-27.39086250863801
0.015237207875720951,1.5723207833373727,1.7152618292508435,-0.9449163338014301,-0.5911846331548034,24.248725320928724,9.96535354922969,21.116199364251713,55.33027823441013,-27.665139117205065
0.008864864008730452,0.733415733270752,11.406816948289022,-0.9665335812777995,0.18665688947190473,21.815061552926366,8.561597632418454,25.07579356188646,55.45245274723128,-27.72622637361564
0.023939580229279486,1.9743237102344824,11.72528525789052,-0.9475927140317463,-0.16316563857355515,37.82065211234734,1.757414804202,16.258070475193335,55.836137391742675,-27.918068695871337
0.021812072431808553,1.2306890985076164,3.4796155816214283,-0.78117057534669,-1.0399557185570942,25.392862604219406,13.428609942845714,17.38719040316793,56.20866295023305,-28.104331475116524
0.036081428762611105,1.7819004845508613,9.396780907991756,-0.8122348198814617,-1.3512374490814083,31.937066405189835,14.526181415696792,10.539527220396206,57.00277504128283,-28.501387520641416
0.024314288727550936,1.0716612453331804,1.410846438481295,-0.7505251095418938,-1.1914670742466582,27.029447187488323,14.769384569184465,16.06312936585935,57.861961122532136,-28.930980561266068
0.038143470082718366,1.5943620711820659,1.2825337023924128,-1.0952279296767329,0.30068581542318196,32.86871855497259,15.888618754967782,9.690985178921968,58.44832248886234,-29.22416124443117
0.02090399999801521,1.756529878768626,4.608528231737563,-0.7400896837085803,-1.623328174586072,24.82996171536716,16.73427817560555,17.8806681073459,59.44490799831861,-29.722453999159306
0.009135119781572444,0.056202818307735006,2.6315302859868877,-0.6771717424117686,-1.433395548584545,19.96882621432725,15.759826276984299,24.90095933362741,60.62961182493896,-30.31480591246948
0.007140525530086082,1.326945579000397,9.535121422764309,-1.123067025539998,0.689460910393783,31.14635579317748,3.340240442637261,26.205705622356312,60.69230185817106,-30.34615092908553
0.015506915808262084,0.43715968918676607,7.575710128216921,-0.8453733243385508,-0.8892803880540581,28.76334841440061,12.101915997775432,20.956111192978238,61.82137560515429,-30.910687802577144
0.01812707059216778,1.7964578931644202,1.3062147805461697,-0.8023128429360705,-1.3401063601597718,28.312039689277157,15.279425347715835,19.432592639771165,63.02405767676416,-31.51202883838208
0.03684274229556298,0.711322950373037,5.788228018070459,-1.0521014511967106,0.4151545305470892,50.29729322155916,2.605736980354607,10.22209599992094,63.1251262018347,-31.56256310091735
0.03395268126346791,1.392700033397359,9.11933611335393,-0.9883021596006354,-0.07038046155788269,50.8365103779329,1.0409895445394137,11.452872304146181,63.3303722266185,-31.66518611330925
0.03990820165494758,0.8096780441105538,9.0757340109503,-0.9095469380376788,-0.5242372050046411,40.6852547887889,14.213463561021129,8.993063810414242,63.891782160224274,-31.945891080112137
0.04120705422382317,1.9075898928497899,8.381260429273656,-0.8759176184615132,-0.9626074526896131,45.87538072711055,9.56469892015153,8.496050479317036,63.936130126579116,-31.968065063289558
0.014005284181225439,0.5444135698941471,11.075609833329402,-1.0061015588580149,0.41918986638834177,36.961117801865065,5.30487042110984,21.855167075123866,64.12115529809877,-32.060577649049385
0.016635083354466583,1.5701894903727567,2.0313214137939757,-0.7109027761307486,-1.6025095081926586,24.979962722834752,18.88160581364533,20.293077787613957,64.15464632409403,-32.077323162047016
0.01695081503918916,0.18767857824376533,8.933473006566226,-1.0633128410465613,0.28761417552665236,26.739507694585008,17.457255995827182,20.10942846691195,64.30619215732415,-32.153096078662074
0.04465077292644102,0.19124424474206905,4.937805232557277,-0.8225240242281935,-0.4258920633430514,39.71555669960493,17.567580758776256,7.246674853603291,64.52981231198449,-32.26490615599224
0.04063080397130195,0.720345956386358,10.920870063868053,-0.9725397986618467,-0.05948634817899512,47.6947665655678,8.128474885903385,8.714812440521042,64.53805389199222,-32.26902694599611
0.005378276056925502,0.3595144545456392,11.185249144359275,-1.0276063545275878,0.04277550784423578,33.990476005323856,3.190296309725055,27.386185844439936,64.56695815948885,-32.283479079744424
0.014082368673209661,1.7715424274456502,3.1370223043973513,-1.1795933325442771,0.7354773837644117,31.404517240976155,12.089010145662398,21.808555319680355,65.30208270631891,-32.65104135315946
0.04405437070215396,1.4527385211589503,3.616631533595808,-1.12095323272677,0.2561820696534909,35.107202351126276,22.867367371557673,7.455938433843364,65.43050815652731,-32.715254078263655
0.007815445107217616,1.72999015854743,9.927601668659989,-0.995030247251048,-0.29163047218091886,34.20441944760113,5.4983383887320105,25.76048363484844,65.46324147118159,-32.731620735590795
0.01877002561224381,0.9211562343072391,9.127800729480146,-0.7306866669612271,-1.3033889476322833,26.130834575292752,20.522941949554216,19.06752372131017,65.72130024615714,-32.86065012307857
0.010795144351435993,1.45009358080406,6.6128473590698285,-0.9538741097893888,-0.5635313564614801,33.436156181974084,8.4454277921301,23.840470564537757,65.72205453864194,-32.86102726932097
0.006898215682980755,1.398557573551825,7.324941898488948,-0.783004970890648,-1.2365014605914142,28.94299872861572,10.492197438797241,26.366479949184892,65.80167611659786,-32.90083805829893
0.027920715324629475,1.37200590644589,8.762252699280822,-0.7269672521525151,-1.6152939040928356,32.790483084568045,19.175520696179717,14.247011454414684,66.21301523516244,-33.10650761758122
0.00020854169451239415,1.5533627799001457,11.283926978686326,-0.7855946701253435,-0.7273885518031111,8.793632131376691,26.711275516783903,30.99929078867751,66.50419843683811,-33.252099218419055
0.02828518974185353,1.6316758129879811,9.786715373749761,-1.1721198873368608,0.7523633628324777,43.70573817753676,9.2989733229788,14.069529930553673,67.07424143106923,-33.53712071553461
0.03197286152738178,1.967257400744302,2.9822506240158653,-0.7859666836065192,-1.155121695139493,43.96580021615219,11.238912914651763,12.336377761880406,67.54109089268437,-33.77054544634218
0.04252916017748232,1.9808367701628793,1.673455781123098,-0.8741895613717445,-1.2465800741742452,25.103039302197786,34.547455311818254,8.004647947385122,67.65514256140116,-33.82757128070058
0.039552410921684746,1.5427832846075176,5.162330685520381,-1.131982809548595,0.018787657685173542,12.211947629297814,46.35904193475415,9.131674094259372,67.70266365831134,-33.85133182915567
0.03569917886562347,0.8630914826211108,11.269084361659033,-1.1030709916552521,0.6235268502430547,55.05334543314331,2.584462397718057,10.70073735429609,68.33854518515746,-34.16927259257873
0.0014932669395846634,0.19480019915622532,0.9584594622745001,-0.743299187025639,-0.9676124315214776,10.529228488223067,28.249535714945512,30.08050369733242,68.859267900501,-34.4296339502505
0.03949142655313071,0.8582931260015889,3.4232364582426458,-0.9112379118863111,-0.39348005446412637,52.12651012616536,7.665529648983813,9.155539033335609,68.94757880848478,-34.47378940424239
0.013557570653726246,1.9328037790750654,6.918746053261493,-0.8817843242629488,-1.0171054262247994,35.10200651641136,11.81001958960589,22.126876042943294,69.03890214896055,-34.51945107448027
0.045654487628957276,1.2882825651877805,9.362442360833006,-1.0796175244163215,0.06989224451094245,43.195334683703706,18.957132959859393,6.901219486914809,69.05368713047791,-34.526843565238956
0.01769903771974249,0.3369221948252623,10.849387184805197,-0.8065438978981592,-0.4708326248564365,32.390442821767174,16.99848396429133,19.67754848850749,69.06647527456599,-34.533237637282994
0.04293595879319546,0.8392443579450543,5.673531563198331,-1.1699179972512637,0.7640490019957422,44.22902509239618,17.747701623670096,7.85639317012707,69.83311988619334,-34.91655994309667
0.016991825666659976,1.9050345461927598,0.8137375889970204,-0.7886059946128953,-1.4123317516307663,33.50510304488979,16.4332099053879,20.08563537488412,70.02394832516181,-35.011974162580906
0.03572163972528163,0.4143352077570427,4.4615051808117165,-1.1476233296419822,0.6239862859134648,19.334823240744054,40.68563195298369,10.6912308715602,70.71168606528794,-35.35584303264397
0.022193739781440375,1.5456030215970906,2.21446990364166,-1.0190415551484797,0.3290192224085553,51.55564985539551,2.0849971059052113,17.181840348504732,70.82248730980545,-35.41124365490273
0.005639227665486609,0.6766456003761685,10.412383955630977,-0.7322404892877957,-1.3306117061995197,25.74519757994005,17.887869484189597,27.209741532361694,70.84280859649134,-35.42140429824567
0.034565453532095905,1.8572077982465036,0.8543336245068234,-1.040366175622926,-0.3330627728818838,16.27527258785011,46.17313627019837,11.186071110940475,73.63447996898896,-36.81723998449448
0.014796351927549389,1.4129664416812142,10.246195878448278,-0.9461739918927543,0.07657066015142266,41.754947961880326,10.994551461938697,21.37918597576766,74.12868539958669,-37.06434269979334
0.04922846045580409,1.3312443166249388,4.783030100358712,-1.0518538127044375,-0.364285498715768,24.10557096216157,44.53297210980126,5.739642832999724,74.37818590496255,-37.189092952481275
0.010245561757823745,1.577622236262279,7.28497925906766,-0.9484286380084975,-0.6377148656936038,40.493458082872905,10.145946395741376,24.189010209253507,74.82841468786779,-37.414207343933896
0.016196690302303172,1.5485051196362367,5.461992313280156,-1.0438754785288902,-0.2611043230174568,34.404643397359635,20.665223855113847,20.549458886819515,75.61932613929301,-37.809663069646504
0.006849390631617139,0.7139581994592227,5.42760638903037,-1.178427152683824,0.9096835068393352,42.188794357854164,7.357416344274064,26.39893523933375,75.94514594146197,-37.97257297073099
0.004546365560689498,0.929900442089311,5.614280657111402,-0.7507016870087289,-0.8621648150458769,14.457390910872935,33.68890528114806,27.952494822410245,76.09879101443124,-38.04939550721562
0.03591763437515659,0.2110086694996542,7.628574025233167,-0.8107021825021995,-0.9472999442677059,23.408065702191102,42.16366920613999,10.608456072598205,76.1801909809293,-38.09009549046465
0.007396211868336108,0.025853794061809883,8.812132782291606,-1.1040959491494577,0.5450638860145514,38.41861245382867,11.841032456943028,26.036589035615382,76.29623394638708,-38.14811697319354
0.014824534588917306,1.3202868025437524,1.3009358693900674,-0.8519859337891518,-1.1323886185696497,39.57141124131073,15.731049476566124,21.362325296821375,76.66478601469822,-38.33239300734911
0.04927754694373674,1.0149340794686632,2.273695315806484,-1.1181531420432773,0.15740395502204674,21.677614443517168,49.29346601863855,5.724433872427875,76.69551433458359,-38.347757167291796
0.02444481058316512,1.6322557849277757,5.292506989615234,-1.2405356741620865,1.0073288783301013,40.81670767032571,20.070360221458586,15.995501822203655,76.88256971398795,-38.441284856993974
0.01129410753873103,0.4422252611423026,11.970957163938733,-0.696058477666732,-1.2137716457141217,22.49312926661918,31.02008866939946,23.52622382354443,77.03944175956308,-38.51972087978154
0.01803491461332506,0.8412848093681085,5.041516808243552,-0.6846518306248063,-1.6610422423309341,33.0264094807595,25.476169464917835,19.485202319489076,77.9877812651664,-38.9938906325832
0.0020394270856062316,0.20924053550931865,11.069665760504442,-1.0306958830066513,0.0160232282004813,45.15619805635144,3.277176161684579,29.694097388518568,78.1274716065546,-39.0637358032773
0.006961204777620146,1.3150577155848344,11.180803356568813,-0.9253349098801606,-0.6912168526847653,44.715697443792315,7.5040095976862755,26.324638938144094,78.54434597962269,-39.272172989811345
0.02015795401728993,1.266316079918247,7.383141001050083,-1.106379414743514,0.013185096303485189,29.63005042091962,30.726046069564582,18.29126207987659,78.6473585703608,-39.3236792851804
0.0034541123241493637,1.0911666193593828,10.900639373377903,-0.6993337578993819,-1.2192697230620848,14.797034642582327,35.37654624457352,28.70482748686392,78.87840837401976,-39.43920418700988
0.041368129070435695,1.681379023923233,8.52126392953525,-0.7725681662765415,-1.5006255980779226,54.50429868473073,16.37482571861571,8.435398884392853,79.31452328773929,-39.657261643869646
0.03014781682335484,0.5936812635484576,1.8366037147473504,-1.0941776722397913,0.09199588062850239,20.74585575213578,45.6779316422613,13.179888957972299,79.60367635236938,-39.80183817618469
0.036089331131781824,1.5264464227419081,7.727517268503408,-1.1847521814364763,0.7701870655350138,56.81084535612345,12.614380080697961,10.536207383085102,79.9614328199065,-39.98071640995325
0.026716443019236775,1.4300677582873935,10.964749033489941,-1.2355310911253192,1.0454630235686562,48.508407781718695,16.625300391316124,14.841344320634205,79.97505249366903,-39.98752624683451
0.01950298579943151,1.6605307302524401,9.517209129134736,-0.6752794674525187,-2.056380468926127,37.45368376784447,24.34713344084183,18.65557258500072,80.45638979368701,-40.228194896843505
0.027932034590402492,1.3166143427544885,10.373305623180787,-1.0392484655362246,-0.4906330379266821,25.90243500766243,41.40306285040343,14.241482778528777,81.54698063659464,-40.77349031829732
0.04477684676774606,1.75508613072732,10.325365721950288,-0.7493891883460008,-1.9074507122724245,47.46319993480533,28.267866332381924,7.202819870943765,82.93388613813103,-41.466943069065515
0.03763586758451738,1.8280974974145967,3.919545342000234,-0.6862670087039046,-2.2173245062887226,40.77707525527376,32.97041771296113,9.896562847189127,83.64405581542403,-41.82202790771201
0.036766975392678494,1.9556120279555296,5.458799396658418,-0.6668295799627937,-2.326144334325382,41.31266875715885,32.33447790244589,10.253469681892902,83.90061634149765,-41.950308170748826
0.024657357053493464,1.9534612641765003,7.9885012878208705,-1.1609160980977753,0.1914003660979544,27.06813724710594,41.139653252013275,15.885680014747601,84.09347051386682,-42.04673525693341
0.03157187888355917,0.21202602765132447,2.0240479559520446,-0.9099624966094011,-0.6204082297019466,26.29855400798619,45.52400925157368,12.519315668016484,84.34187892757636,-42.17093946378818
0.03535172745462689,1.44679148258903,7.814714506245795,-1.2799532263066702,0.9017094367953584,24.515020977467454,50.140909222987624,10.848333131284193,85.50426333173927,-42.75213166586963
0.007803380145523673,0.1109943551481899,9.60867993939367,-1.1376337380323052,0.6367062139292843,45.89137172471442,14.233685174640604,25.768409003609342,85.89346590296437,-42.94673295148218
0.04055731360273418,0.029987745043148953,2.735950567374594,-0.7238662463126536,-1.1764682804268995,15.707667531859524,61.643644873711956,8.742911528486836,86.0942239340583,-43.04711196702915
0.051281841612265996,1.4866237990337108,7.788602772030532,-0.9451608176770031,-1.112705947161733,30.419963716368876,51.60658391848394,5.120655151830476,87.1472027866833,-43.57360139334165
0.04351563147894095,1.6413658164731582,9.385576851491079,-0.7395352449136148,-2.1042991137356974,41.41125175589788,38.34367791216978,7.647529976045854,87.40245964411352,-43.70122982205676
0.04598829035544676,1.2004359498164852,1.8175338715336675,-1.2189657591295182,0.6477535662059495,23.923090083942,57.34338316295023,6.788201686680721,88.05467493357295,-44.02733746678648
0.04919293291508345,0.36939618614234987,4.296804117231759,-0.9184314955925523,-0.0581618493830911,68.12906746040665,14.520763114161435,5.750663275252085,88.40049384982017,-44.20024692491008
0.009186664569394523,1.263249201233447,8.539830974363081,-0.711210531968747,-1.7411248444107694,44.91291338299259,18.938946649326418,24.867683361013583,88.7195433933326,-44.3597716966663
0.0012702517587494923,0.31566050618235936,11.994180129114403,-0.8159320986349305,-0.3811059560171204,19.878692750522774,38.608324466830105,30.239004357473206,88.72602157482609,-44.363010787413046
0.04075336946830073,1.1606716526041263,4.400923770755383,-1.2944025522287874,1.0138256630180846,24.394921904745544,56.034791949812416,8.668050059840262,89.09776391439823,-44.548881957199114
0.05122998884267424,1.4479155522958373,3.5758215973570957,-0.8654384575300959,-1.1379778853664881,59.250699670086135,25.113787708424894,5.1358515162679295,89.50033889477896,-44.75016944738948
0.027623658106049453,1.7866609673576859,9.39678308409662,-0.6331372728213274,-2.4319655118081442,42.84275255129396,32.36081088498493,14.392486847858958,89.59605028413786,-44.79802514206893
0.03001759984972263,1.0445069741987605,11.085390490364443,-0.6842893991418009,-1.7219620263485276,48.95050628112852,27.68613545750855,13.241139550403789,89.87778128904085,-44.93889064452043
0.0448599392125546,1.1327049420499928,4.222054363051426,-1.2697962505108369,1.0148324854338258,41.57793581040446,41.795045701618804,7.173988805395138,90.54697031741841,-45.27348515870921
0.008973183970459396,0.48988422385017694,5.405365625646353,-0.9459312736531222,-0.5755973747761098,53.314187256951854,12.420916692830543,25.005645622248917,90.74074957203132,-45.37037478601566
0.049303335072417076,1.4384316991790689,6.697743693400401,-1.2196894735350485,0.6034172740788231,40.99458498000622,44.21222065712946,5.716451761622522,90.92325739875821,-45.461628699379105
0.04096327420115675,1.905832694311424,0.6928642584230841,-0.7008076042933011,-2.06780769626998,38.27601178651369,44.07573462380256,8.588257364997585,90.94000377531384,-45.47000188765692
0.0035337796623112166,0.7978809585917181,8.876636116250266,-1.1116900742254328,0.3335845204603407,52.955808271726674,9.426356637223368,28.649615685322267,91.0317805942723,-45.51589029713615
0.01859870846931022,1.4178000441349439,11.510791764372215,-1.063427096259613,-0.2849725249642834,41.539837756839376,32.22658907883088,19.16445903336613,92.93088586903637,-46.46544293451819
0.022443418434384046,1.856009924460109,8.746965999718931,-0.6582505450588331,-2.330434892463048,45.96329099245916,30.20999379140031,17.048164732425725,93.22144951628519,-46.610724758142595
0.046942873887115356,1.0861779800840843,8.71644404758282,-0.89701283729663,-0.6686298064129446,74.82155760376516,13.2710618343806,6.470151531610867,94.56277096975663,-47.281385484878314
0.025623933377028757,0.6273914355087421,10.327003313506461,-1.0095449309478512,0.49263838314327124,74.8197779375891,4.723935067742156,15.391026376836152,94.93473938216741,-47.467369691083704
0.017677235568707702,1.8469692039723569,2.885689399042218,-0.993194800358302,0.32673504403050124,65.28904046559917,9.967003104397044,19.69006654822131,94.94611011821753,-47.473055059108766
0.022335242445333605,1.4003163726865528,2.9565162212491196,-0.6450935565030234,-1.6912231503988608,44.077158189967925,33.83880375763724,17.10601705373214,95.02197900133729,-47.51098950066864
0.03501127169702813,1.7615557780298894,6.822668791394987,-0.6518571859819162,-2.0021948154344047,58.11667759260815,26.399652217069256,10.993937797609465,95.51026760728686,-47.75513380364343
0.04905511398851675,1.268598110821398,5.651288284892562,-1.1244956718832473,0.42687430523412306,75.7766800163411,14.249560088342458,5.793513956985156,95.81975406166872,-47.90987703083436
0.043645000147505476,1.2792414050696566,11.415241746532587,-1.180976500740378,0.10323958563191171,12.18994920484918,76.19111209658713,7.601300921494765,95.98236222293109,-47.99118111146554
0.03203202192168285,0.8047449480532038,8.900623273661825,-1.2833521935565564,0.9239254931039449,19.171151353389757,64.86354662250238,12.309501350485467,96.3441993263776,-48.1720996631888
0.037965136403686754,1.592476320244781,10.551632749860428,-0.6956868089274274,-2.389059474777706,43.457096367630015,43.13525595019171,9.76296398558753,96.35531630340927,-48.177658151704634
0.004924166028269504,0.41306982703142503,1.411935231732246,-0.6459869709026171,-1.8545845357154906,42.52133917195411,26.215806436804755,27.69459521428541,96.43174082304428,-48.21587041152214
0.03957770696966954,0.8855933290529866,0.7769968531523381,-0.9428041237449271,0.024566907173491526,86.92934750959449,0.4643064721811716,9.121784160863601,96.51543814263927,-48.257719071319634
0.006800670257473588,0.9450781209544559,0.7080531284762355,-0.6733829563075502,-1.8517124377029568,49.22162838504053,20.95146888390349,26.431340846451157,96.60443811539517,-48.302219057697585
0.03961133114425472,0.773296208475268,0.9386983291288971,-0.6207273224800485,-2.111296984706301,51.30233319762771,36.448963652739245,9.10864649549486,96.85994334586181,-48.429971672930904
0.051055289993986244,0.8738858993343179,10.467318963834426,-0.900672904988792,-0.843123276698873,55.818408606088,35.920629822599615,5.187215796455956,96.92625422514358,-48.46312711257179
0.020144042885552774,0.6118479341362797,1.0805999130175732,-0.8968259019705466,0.01831187501270204,66.09815766013818,12.946893888819753,18.298962477055536,97.34401402601348,-48.67200701300674
0.009266674377298698,0.8163918188671878,5.664442825938171,-1.0087536200483582,-0.35616837461501216,56.57300978094361,16.16067387091429,24.81607518402665,97.54975883588455,-48.77487941794227
0.023990659279535184,0.27780205232438243,11.813937130543266,-0.6576921387334295,-1.1815049077870239,48.78289118226781,32.67209391600227,16.23142751932448,97.68641261759456,-48.84320630879728
0.006934272437165071,0.6258446370574656,11.7769396978691,-0.6195689805828597,-1.729642024642927,28.977493555053158,42.397166700856566,26.342524895187225,97.71718515109696,-48.85859257554848
0.03188164349899449,1.729591641096886,3.060712696047461,-1.0078175910350256,-0.8105653006632689,30.666125624550276,54.676325935287046,12.377875306500973,97.72032686633828,-48.86016343316914
0.012767866788101415,0.42818892681937865,9.262291713614616,-0.9457442890342717,-0.6116923687021463,56.561253655400954,19.549687101777295,22.610224091346147,98.72116484852438,-49.36058242426219
0.02966903763652853,1.7658540306044608,2.5883335339881763,-0.8860284611120202,-0.32393067489491933,77.3536198985122,8.126001908538312,13.405792671813359,98.88541447886388,-49.44270723943194
0.0035773186267755055,0.545537385266035,9.728570071091214,-0.6590676817604624,-1.7989086674433274,44.78390997417331,25.93356447798553,28.619464366584623,99.33693881874346,-49.66846940937173
0.0027774522239546132,0.7282024576195767,6.213241057831961,-0.781350616117598,-1.354623637648945,59.07241342339819,11.792077601075045,29.175915603841833,100.04040662831507,-50.020203314157534
0.001416003708286542,0.5769680322494127,3.6455147132160257,-0.9473023121595038,0.28711893943308286,40.783887795080645,29.488785545761516,30.135368831033162,100.40804217187532,-50.20402108593766
0.0016761278259269808,0.6893757262678355,2.5624631241252294,-1.0011394601194772,-0.2760449626991157,63.89123693444989,6.6429011902355715,29.950852130001646,100.48499025468712,-50.24249512734356
0.016540250772000484,0.6158053736763829,10.289354860254134,-1.0665705886104764,-0.0974045046635732,50.74519129206236,29.980388494700385,20.348401378055918,101.07398116481866,-50.53699058240933
0.04235398477400272,0.9190582880414698,6.714248996114124,-1.0207515796307705,0.26668427287540064,91.44704941098465,1.6098291589601077,8.068916198261725,101.12579476820648,-50.56289738410324
0.02569722208588563,0.5050310601651515,3.160817547928311,-0.9481115978688559,-0.7021209082329491,44.831938351316566,41.11554124392912,15.353839353225734,101.30131894847142,-50.65065947423571
0.02533739696303263,1.0238903800651733,7.021667009269152,-0.6176054417452129,-2.0525579779607703,49.54365538694338,36.57852604141322,15.536847949737384,101.65902937809398,-50.82951468904699
0.03255905836607948,1.0195042903537244,2.4542322014420748,-1.3109428428552092,1.138058966919754,31.051996735513512,59.01055654322398,12.071363652510946,102.13391693124842,-51.06695846562421
0.015846457646699966,0.43153181312961586,9.209354862676053,-0.6540558589268951,-1.873013590766952,50.42971068411258,30.949919502529976,20.75543847649098,102.13506866313354,-51.06753433156677
0.009071190406374035,1.9449810273039825,5.582049769523649,-0.811742922842914,-0.43866707622835266,40.44721779257,36.920333028231084,24.942261382782917,102.309812203584,-51.154906101792
0.030029949765845925,0.204081506014419,8.145891237109916,-0.5800281773633198,-2.0515584510172546,46.48158920641026,42.631462028684716,13.235324384298625,102.34837561939361,-51.174187809696804
0.045067451803819554,0.8671675998936929,0.7383321681847879,-0.6577432282641725,-2.148792586786347,45.910746820183945,49.3567738292772,7.102239458553237,102.36976010801439,-51.184880054007195
0.05640494511143539,0.4567150822919378,7.012661296220968,-1.0953614341632352,0.5735547680520714,60.743640297940395,38.004071148841945,3.7302456350216158,102.47795708180396,-51.23897854090198
0.03622701831167677,0.5775130171309856,6.099016261031831,-0.7931458360678986,-0.6904487716900585,74.49819877547286,18.021682659934815,10.478448024858494,102.99832946026616,-51.49916473013308
0.002684991073284009,1.3572978386153476,11.338637990212632,-0.8021446664458555,-0.4180380463208939,28.417839196195796,45.93789286805033,29.24058445143994,103.59631651568607,-51.798158257843035
0.024853940999975926,0.8020652475880758,7.9228041426598725,-1.3139026390082078,1.1729530887252917,34.2658163205717,53.54879284193695,15.784442728304205,103.59905189081285,-51.79952594540642
0.04510605481073368,1.9579055169858897,6.986667377548813,-0.6503112425055643,-2.3358710722505847,65.55382918018043,31.03177598821311,7.08893190149778,103.67453706989133,-51.837268534945665
0.046591693672544954,1.933361593550618,11.069471107425688,-0.6704637922686209,-2.2377952580807428,68.51396152440272,28.715261640627027,6.586271250540577,103.81549441557031,-51.90774720778516
0.024656520967147117,1.2774234922632894,2.493813848204807,-0.6678137500268413,-2.253987951199673,52.42576655070191,36.2295676088956,15.886111275672182,104.5414454352697,-52.27072271763485
0.04042968427211228,1.2087604538299876,5.269544285793955,-0.9159041846774209,-0.31320297706784217,92.18343695320027,4.050829074684668,8.791818158112626,105.02608418599758,-52.51304209299879
0.05119238685941872,0.8312198003733352,3.4243160172335254,-0.865936431234584,-1.1699832875015979,46.81827228423188,53.318981425324175,5.146885521406764,105.28413923096282,-52.64206961548141
0.05269746337920715,1.307975098842308,2.439858756504128,-0.9123259812324811,-1.286143691028404,31.70473478867392,68.87490095698408,4.714480434266821,105.29411617992481,-52.64705808996241
0.023017595838060127,1.4609828425057976,4.372601787909697,-0.789985170842138,-0.7118001204858402,65.04951792105483,23.777191916624243,16.742736151107938,105.56944598878701,-52.784722994393505
0.04280652699809884,1.0343449998750258,11.28213217760061,-0.8447747400981941,-0.7721609588423362,85.62593069955102,12.193838669081552,7.903413325459033,105.7231826940916,-52.8615913470458
0.017259563076859247,1.4063248183876182,8.450358977052995,-1.1376268135971999,0.9443588583860327,78.91349548891702,7.547855258009228,19.930648561266672,106.39199930819294,-53.19599965409647
0.018832006795864033,1.7818234647329372,9.665873412539254,-0.6440691376059365,-2.4102221617872726,55.9665270366034,31.662280274115684,19.032513839114717,106.6613211498338,-53.3306605749169
0.05934404430310228,1.5229105258876292,8.422332599597933,-1.0828952090041786,-0.42316990498790696,39.86905987999585,64.64761791460643,3.0317888448445864,107.54846663944687,-53.774233319723436
0.03656171295897998,1.085467765915875,9.62832167819946,-1.179036188063343,0.11008835426417463,19.60829238783379,78.27870710471015,10.338706611137484,108.22570610368142,-54.11285305184071
0.05641029406098879,0.6666142359350319,9.034308064969395,-1.0919451478096343,0.05565005129573741,32.67722967249744,71.82112405965862,3.7289087888788894,108.22726252103494,-54.11363126051747
0.021555090725911122,0.328924635032323,1.2285651846206402,-0.5932536071820871,-2.268094994678944,54.80863631413067,35.91168030397567,17.526142508223398,108.24645912632975,-54.12322956316488
0.013368238889226568,0.6664835891927524,5.893773624787605,-0.6214020746346788,-2.0889934641250933,52.28023635676785,34.02790070537606,22.24228296049572,108.55042002263963,-54.275210011319814
0.05294850246850914,1.9831797565997291,2.2016525481507445,-0.7189905580041015,-2.155712666216367,61.80140384283041,43.717806691535415,4.644203338822168,110.16341387318799,-55.081706936593996
0.04974068931285663,1.2523740809171104,7.0934501114423885,-1.2722215786461906,1.0158053886185137,65.30118146557824,39.75419325195088,5.581927121066417,110.63730183859553,-55.31865091929777
0.04305319854688684,1.0512589043599045,8.684312552644723,-1.0534284571359323,-0.6026545136090791,23.54708687783058,79.39488973706788,7.81392324362728,110.75589985852575,-55.377949929262876
0.026031531026214468,1.392587725299069,9.551086338540808,-0.7669933324648285,-0.8887820316200044,71.93119372305094,23.647858871063242,15.184780018882838,110.76383261299702,-55.38191630649851
0.001182017749251898,0.7753423796715949,1.1750116209756438,-0.8753030070231635,-0.9490651313955718,72.55016649283122,8.019628459447642,30.301828747500785,110.87162369977966,-55.43581184988983
0.03981104717049657,0.809481121916037,1.195240070271434,-1.1902405633627173,0.4274399937392612,19.030196045003304,83.62527301991157,9.030808407280185,111.68627747219507,-55.843138736097536
0.03249302991970961,0.43907686072379537,8.29205410203354,-1.2387697176479993,0.8871407143550867,33.70459555013921,66.02048801710654,12.101070688275419,111.82615425552116,-55.91307712776058
0.05226136950777228,0.18367508995590184,6.606107617234792,-0.8775985565676131,0.06923037692036749,94.26240486881073,12.788526114541176,4.837817322242774,111.88874830559467,-55.94437415279734
0.045057614688274204,1.185029071171845,10.587762330584587,-0.6978214339220861,-1.9874499701242747,69.09119845381028,35.79014120002467,7.105632587905047,111.98697224173999,-55.993486120869996
0.0061535032971289936,1.563601828022998,10.366001497946288,-0.7560310978972531,-0.6721839211199176,35.25531382298912,49.92142945855442,26.86367964298155,112.04042292452509,-56.020211462262544
0.050709747105186935,1.7571433275391157,5.49023290378032,-0.7079264578783432,-2.0206991493605706,78.16717600020955,28.687085752022277,5.289563666175179,112.143825418407,-56.0719127092035
0.056585859000504675,0.24407130785882913,2.436430696014422,-0.7253660273702025,-1.0530809352155595,66.21870037330339,42.36170764799363,3.685163384663076,112.26557140596009,-56.132785702980044
0.0021118273905588293,0.6562564201753984,4.932350616655739,-0.6952468679152428,-0.9769788755177453,22.98737579916909,59.655854012094615,29.643061949046952,112.28629176031066,-56.14314588015533
0.06042230570220285,1.6287762730529107,5.234810207903525,-1.1034317239662235,-0.3865593662775759,34.43738128888059,75.14282852275957,2.793684646614533,112.3738944582547,-56.18694722912735
0.03293640689733024,1.638823343578916,4.465632299012595,-0.7292544705006889,-1.2492996810100792,79.43630848838355,21.412564236697573,11.902290283110752,112.75116300819187,-56.37558150409593
0.019759082345108238,0.8129408428671483,0.6613425663540804,-0.7062933966851325,-1.9915923630379937,61.83716646013311,32.70491092610333,18.512697264027047,113.05477465026348,-56.52738732513174
0.038600608748973725,0.9620885978547975,1.5724233897773783,-1.3055886797795737,1.1296531183994603,33.88738613217557,69.70403525241798,9.507691795842941,113.0991131804365,-56.54955659021825
0.04105528507764034,1.27204779251398,8.004135303773573,-0.7457637148457316,-1.3522716562475579,85.66921515262962,18.99949354691318,8.55339687906755,113.22210557861035,-56.61105278930518
0.036841380165625374,1.8515153967124893,8.692427842876814,-0.8343395215962959,-0.7412971081413784,94.48268879328195,8.521394657896973,10.222659608542294,113.22674305972123,-56.613371529860615
0.001161601594450472,0.8106233087977244,7.66623628223401,-0.8898680609985583,-0.8907565357216765,74.84465102897973,8.180862398833783,30.316374748243483,113.34188817605698,-56.67094408802849
0.04095351996559323,1.997972878973046,4.727200439025722,-1.2883429830354949,0.6508115704569302,22.596438951476618,82.66407962409312,8.59195714291489,113.85247571848463,-56.92623785924231
0.03702163503047477,1.6341277487351222,9.289042272953852,-1.157119495746076,-0.1549067087287681,24.568186376805816,80.29253006722956,10.148210553845363,115.00892699788074,-57.50446349894037
0.04879006521678844,1.7708522039179673,0.857261679872509,-0.6321657546778234,-2.4225758839651794,58.218885686327916,50.92052920180274,5.876370051174663,115.01578493930532,-57.50789246965266
0.012594577659832013,1.7455974374382466,5.889394516395451,-0.6411348996359979,-1.4436570054796263,40.62799804524049,51.91853693855275,22.71698656823812,115.26352155203136,-57.63176077601568
0.05937984858010479,1.8115453050960197,7.944330553591688,-1.179344682439356,0.1858038959235735,57.49621815181513,56.66295362015263,3.0237261823003636,117.18289795426811,-58.59144897713406
0.03183733348066947,1.3818999386599595,7.709494530545141,-1.3524439490606535,1.1625297547870916,32.7215856512064,73.78141380492069,12.398058274682633,118.90105773080973,-59.45052886540486
0.04835643734951225,0.9489889936100796,2.1348509201694945,-0.6984899599024444,-2.0136958832764638,61.93099102603568,51.01165116501443,6.0131936729691065,118.95583586401922,-59.47791793200961
0.04193312743978086,1.796322839645397,1.4774546180279955,-1.1470461088557837,-0.12850917116061833,20.432664692103625,90.35309077715411,8.2243703889675,119.01012585822524,-59.50506292911262
0.0599133587839476,1.9699575513863592,0.9183422054791552,-1.0101058268731244,-0.6968325430602622,29.38232927168277,86.75253374446517,2.904858296683851,119.03972131283179,-59.519860656415894
0.0373626537436569,1.278454054173196,11.245878631100068,-0.6408063194922053,-1.9674140386271266,77.55330902145946,32.416229278873715,10.008106948392825,119.97764524872599,-59.988822624362996
0.053896586608718315,0.6687727399876868,0.9072669976031076,-0.7007227591315385,-1.427205851479365,90.32422000863758,25.27978401569599,4.3835521940206315,119.98755621835421,-59.99377810917711
0.010952768677470567,1.1376974446396662,9.189264867173675,-0.7119924437820742,-1.964963796856601,71.33293580853466,25.21052470280366,23.740973574512374,120.28443408585068,-60.14221704292534
0.031463754018352594,1.4862412894218582,3.7194021109482236,-1.022799819715426,0.38475681567957265,105.04794067726917,3.271068933271032,12.568875310936214,120.88788492147643,-60.443942460738214
0.04450256209772994,0.24829233039910728,10.64546696553792,-0.9749702023592473,0.5092057484401158,110.80424658567381,3.401743159846249,7.2984004329582035,121.50439017847826,-60.75219508923913
0.03842001053582269,0.3510245761415955,1.5410898315634114,-0.9834970279712585,-0.51959318354031,32.71130028718461,79.62900188514375,9.579894973672925,121.92019714600129,-60.96009857300064
0.048156170320260094,0.2489412280813184,10.52580834324401,-0.6721185179376845,-1.6061198663541887,48.674084380647294,67.47736361294291,6.076915936522622,122.22836393011283,-61.11418196505642
0.03920100154680367,1.6912705789485174,7.985656601817858,-1.2554194842057915,1.119129665469785,92.99727256402542,20.013900506132188,9.26961801965641,122.28079108981402,-61.14039554490701
0.04295122354354528,0.32832231600758505,7.105893653284241,-0.8799412630151043,-0.8585621219636907,41.11791050229557,73.57967611940461,7.850857019373762,122.54844364107394,-61.27422182053697
0.004338388687968078,0.33785025485025605,3.1065008643342726,-1.104909949946879,0.1851339823321556,76.17745920603433,18.596305725831115,28.094977095375267,122.86874202724071,-61.43437101362036
0.05410693773807602,0.9914034742080909,6.407266200615915,-0.8456481091489083,-1.5125192058758017,53.82886197071682,64.91144891057664,4.326741894916236,123.06705277620969,-61.533526388104846
0.020244054994079552,0.5226344421358604,9.96627972786188,-0.80690757886004,-1.4313412126607796,69.68586257988595,35.28016656775532,18.243637618848133,123.20966676648942,-61.60483338324471
0.04618691454655215,0.35020148366419723,8.389617286210509,-0.6956014141254425,-1.498220545219725,62.774738460054465,54.07097890412576,6.721394969214204,123.56711233339442,-61.78355616669721
0.042937449812296614,0.2620642559908562,2.303587083874545,-0.8632283835771943,-0.9660669935582877,36.80172729973763,79.85742004140526,7.855852328061135,124.51499966920403,-62.257499834602015
0.03338755232615238,1.0026691483225336,2.2800530635813985,-0.921077543817068,-1.218467764504698,49.37099737342983,64.90634158310624,11.701716744387399,125.97905570092347,-62.989527850461734
0.06488446743491792,1.511024516425453,6.261177096188817,-0.9947320547574844,-0.7897833782414221,73.25428528904494,51.30975764171737,1.9118525865802476,126.47589551734256,-63.23794775867128
0.048194630541253135,1.0927646336748076,8.119036935662788,-1.100414512296278,0.5384156114310601,116.5091304959081,4.086317299279061,6.064652357288371,126.66010015247552,-63.33005007623776
0.04364955002549347,1.9450486554165436,1.5822992811593228,-0.5737237705526183,-2.568209655774626,76.26453170151025,43.39512125005045,7.599677603322021,127.25933055488272,-63.62966527744136
0.009125168551129964,1.5583304445587514,2.1533904369644588,-1.105575905090125,0.9388449518083082,87.63508450335762,15.457114131086618,24.907386151137075,127.9995847855813,-63.99979239279065
0.03960833111316742,1.761318183040602,1.3632081048656064,-0.7153240799799172,-2.400090466327995,53.25289262340546,66.2351366579149,9.109818285451572,128.59784756677192,-64.29892378338596
0.06553240514075274,1.4490886979272661,1.1934668981980998,-1.054356066092525,-0.3070724454989753,51.45980597591539,75.55081280267457,1.7976676542356198,128.80828643282558,-64.40414321641279
0.06404749321286024,1.8473644047225648,2.6825605074282284,-1.1562232036576447,-0.08179891100102932,43.61189392795021,83.58437239078103,2.064554875956174,129.2608211946874,-64.6304105973437
0.03143462450958201,1.8867810935362623,7.044310907380916,-0.9370614928379141,-0.038508932358173986,110.06277035982629,7.866236674629698,12.582243726267198,130.5112507607232,-65.2556253803616
0.050547326940422195,1.7249426443116251,11.210760540402998,-1.2580200119541578,0.9302256778360194,92.44706358237035,32.96447173213527,5.338017054480688,130.74955236898631,-65.37477618449316
0.0658656357674841,0.9874515616238954,5.9549366245401085,-1.134750766921769,0.051367565898022605,50.707123213221976,78.56008259928423,1.740311974211654,131.00751778671787,-65.50375889335893
0.0021019423219357306,0.7319025683347391,8.98776093864036,-1.1836526978285709,0.5955955224634741,81.71159343579123,20.63627952600012,29.650027409891475,131.99790037168282,-65.99895018584141
0.024398428378565245,1.4843539181541296,3.217382850754401,-0.8900571732194764,-0.10081634163604303,97.47948975731491,19.74540894603611,16.019517584112712,133.24441628746374,-66.62220814373187
0.04596134826748398,1.593482653206664,5.205572790693301,-1.3547690635721206,0.9583055939781051,23.36983670880229,103.50986762930074,6.797289031723638,133.67699336982668,-66.83849668491334
0.023333377351285146,1.2231596670199139,8.920596041664545,-0.8375299646042694,-1.6919603083521337,70.30823956842487,47.415501843166375,16.575935666041932,134.2996770776332,-67.1498385388166
0.05891131616445503,1.1782415945616116,2.8440930064857315,-0.7880673144163306,-1.4852473669213715,94.48523845107594,37.10093655488979,3.130082563250845,134.7162575692166,-67.3581287846083
0.013505207020235764,1.514286164355197,7.831537885044357,-0.7632147161832592,-0.6330497228814274,65.45307248985993,48.20099966064633,22.15876419395171,135.812836344458,-67.906418172229
0.06334113840561562,0.9679057034447548,7.8647213716436895,-1.0054653336599706,-0.7291809016836561,50.31777065726156,83.93256082057746,2.197990665858558,136.4483221436976,-68.2241610718488
0.0368112082028502,1.900973647203792,8.87676815712297,-0.772749003007955,-0.9966560553624575,110.2990087439366,16.716225884897668,10.235147847905413,137.25038247673967,-68.62519123836984
0.054534576236347894,0.16291330900782833,7.781954274634284,-0.8583156406241519,0.08311416743294497,122.20079991737256,10.9510399367153,4.212390344505535,137.3642301985934,-68.6821150992967
0.06250097232569189,1.7694503967112032,10.4651341926824,-1.040316506818757,-0.3108813588078312,111.08246973385339,24.243347358143236,2.3621447762796945,137.68796186827632,-68.84398093413816
0.05795627169470665,0.10470814330692937,0.7900478403328077,-1.0121118890886487,0.2208283954869037,27.881021796659827,106.68844269779272,3.3525692862474292,137.92203378069996,-68.96101689034998
0.007019607994538247,1.3603931055303202,11.792984445289857,-0.9296125321111208,0.2689853982842436,72.65710413771401,39.0108042072429,26.285873817946207,137.9537821629031,-68.97689108145156
0.03763948931284618,1.16463000214864,4.062139278291955,-0.7459680827055247,-2.2748491188557014,60.87435131857747,67.36487602906979,9.895088414290415,138.1343157619377,-69.06715788096885
0.02284728585031273,1.7662667809875745,8.817820617072002,-0.7522175281533742,-2.211156640063844,75.7616974811242,45.58453681583965,16.833043044578634,138.17927734154247,-69.08963867077124
0.053755202849221306,1.6240090413226547,4.561405014717112,-1.34271593726535,1.126045946870935,61.821367731193305,72.60841842391704,4.421944442640946,138.8517305977513,-69.42586529887565
0.04854066548057389,1.4355784432745762,6.061469515675138,-0.8321321036926673,-2.114801999677139,43.238341592183154,89.80980972535728,5.95487135783504,139.00302267537546,-69.50151133768773
0.03870544673039392,1.4317531896566673,4.840158690421785,-0.8360096793999373,-1.991973390333351,52.98468929832633,77.26680394495068,9.465902858843279,139.7173961021203,-69.85869805106014
0.002062183220206366,1.4023495288664696,9.198002128668133,-0.7552112181091241,-1.6818447005883594,93.515372797178,17.182190815245335,29.678051713109376,140.37561532553272,-70.18780766276636
0.045704634267884396,1.4546907777825762,3.6322452999259593,-0.5550588291152802,-2.843987438467434,82.07695460476708,51.51219942494651,6.884181449186583,140.47333547890017,-70.23666773945008
0.015004751350768283,1.8342663494481501,10.394312619716377,-0.6081913038811347,-2.6911526956943588,81.64260296230431,37.58433318430189,21.254665302447545,140.48160144905373,-70.24080072452686
0.044283405204255645,0.9066115650840764,3.8479709589233266,-0.6922701135989128,-1.5087949702098253,102.8104522522479,31.168534409766185,7.3752232918044145,141.3542099538185,-70.67710497690925
0.026338585590749374,1.947160055060404,10.716252422055238,-0.7807883007379489,-0.7300800010873929,97.75859902775112,28.638541619998485,15.030327732786548,141.42746838053617,-70.71373419026808
0.04198133728252311,1.4278142160785952,0.6222400653974461,-1.158184124784137,0.9319219791570665,115.79091308005871,17.59405112917155,8.206487655643365,141.59145186487365,-70.79572593243682
0.05220076095993178,1.4582378213778868,2.202677052125269,-0.6525555304886629,-2.7445766749495473,63.511657219967816,73.4211244052191,4.8550847937357595,141.78786641892268,-70.89393320946134
0.03248845247004516,1.1328259937404248,4.957077833312192,-1.3470448790701222,1.0026412309917108,32.80205328378774,96.91789365901127,12.103131494183788,141.82307843698283,-70.91153921849141
0.06491979514963678,0.8233338037628217,3.4801284006059063,-1.1381089490965652,0.5603663819883247,105.7220523935508,34.65256887712586,1.9055362287952746,142.28015749947193,-71.14007874973596
0.019614198776842885,0.07314926065541312,5.917269552333367,-0.8169005508475873,-1.2692726418333513,76.38713947802022,47.32494544366111,18.593459808553575,142.30554473023489,-71.15277236511744
0.0025375573875501003,1.424152690211523,1.8067555733018836,-0.6328212373854232,-2.229767715746686,85.99923365435335,27.57818670258571,29.343850082440344,142.9212704393794,-71.4606352196897
0.06587448439177258,1.4788619428098773,4.374756894980388,-1.1931785582270975,-0.02016392232140518,32.6931681091906,108.6165375799824,1.738801622202601,143.0485073113756,-71.5242536556878
0.044139773537886964,1.901956848754561,8.056048893492651,-1.3915007243209687,1.2071458988123043,40.487106879926785,96.7605847986075,7.425789852443791,144.67348153097808,-72.33674076548904
0.03261765550632337,1.2946925739270512,10.569733294908865,-1.1131980320727926,-0.43466935080931624,45.75319982959155,87.28872225587514,12.045030632307656,145.08695271777435,-72.54347635888718
0.04924674736548498,0.25934039340476817,3.1575955512735088,-0.6996719046826194,-1.6760990300840823,54.963801144483796,84.43033812414392,5.733974457472205,145.12811372609994,-72.56405686304997
0.06103009503998961,0.3518414220950555,7.3214108550703685,-0.8451406576098677,-0.8060817097814779,58.85721780337516,83.86955647096288,2.6637619048349914,145.390536179173,-72.6952680895865
0.046461727031125,1.183028337420813,10.928393511667625,-0.7551826262132912,-2.37982056447611,56.70987572763467,82.27565992258029,6.629507281489718,145.61504293170466,-72.80752146585233
0.016540992150748286,1.5580543568771335,8.67523455589924,-0.6462608075043405,-1.3299896542575953,66.70016258960761,58.69378751912641,20.347968579207354,145.7419186879414,-72.8709593439707
0.03933600474514092,1.568353791280196,9.111439400468173,-0.6639512854090107,-2.952703427675951,64.26353978181206,72.46779820225699,9.216500888824141,145.9478388728932,-72.9739194364466
0.05167121544982568,1.5823415917561932,10.979014958462557,-0.7304612380448043,-2.7676862411490757,51.31060285143987,89.75809278333398,5.007261653872258,146.07595728864612,-73.03797864432306
0.05769923862347951,0.9734273333595737,2.30285360800979,-1.1314864137278184,-0.22543548620726117,18.9425466767044,124.00348083544226,3.4137520376885298,146.3597795498352,-73.1798897749176
0.06264799265754889,1.6626105284853032,5.2285154239012135,-1.2510005092363217,0.21363099915604966,26.210495036934365,117.90732674308146,2.332992827233212,146.45081460724901,-73.22540730362451
0.05153125799221021,1.123782377085207,9.720232247005184,-1.3777755807039933,1.0486432028350023,14.422063501899865,127.12042064753517,5.047873922709356,146.5903580721444,-73.2951790360722
0.06957443677094949,0.8339996037952169,4.2831611695379035,-1.2179067188807906,0.6346657154396356,60.7868584733348,84.99673573832608,1.1647210469507532,146.94831525861164,-73.47415762930582
0.06941275574498094,0.7474912605607685,3.034330829727505,-1.0270449741776513,-0.29125515525265744,66.37272978592222,79.61937963309079,1.1874120176713059,147.1795214366843,-73.58976071834215
0.06818498864520625,1.3435010905027145,11.236564942804991,-1.1051012557166942,-0.1660535804982799,87.0203860145742,58.973781513434,1.3668645662780414,147.36103209428626,-73.68051604714313
0.02237525263666697,1.7888512870456457,7.948655148912684,-0.6187963020958277,-1.6008002556435412,77.37043879256592,53.02449250458251,17.084608257102495,147.47953955425095,-73.73976977712547
0.0430186690089768,1.190806138316573,6.008385225338695,-1.062736224108874,0.5049739909594013,139.3086779055788,0.6026379935234751,7.8264195594728365,147.73773545857512,-73.86886772928756
0.04949205597283196,1.583871070281412,6.932595321385861,-0.593243959086029,-2.524735582483397,102.76138662873043,39.48901815103326,5.658207131012842,147.90861191077653,-73.95430595538826
0.05052419666582133,0.7940384427167413,1.906036261592775,-0.7824819005267261,-1.8843695086577625,54.61122805536671,88.20778814067666,5.344935277198171,148.16395147324155,-74.08197573662078
0.021974529422659886,1.3585249136975373,6.642318005067119,-0.8628309996324331,-1.627369293681708,80.62440326693809,51.16108344664095,17.299633890232858,149.0851206038119,-74.54256030190595
0.048632540480102196,1.3566745470153705,4.242818396207376,-1.3891072087692466,1.1080216235087272,21.31704571617562,122.18021606449912,5.925892095301124,149.42315387597586,-74.71157693798793
0.012381374041460414,0.25178690911365365,5.895568654711395,-0.8880439841555141,0.21494861824309242,90.82285981692223,36.22935801085529,22.848685160842603,149.90090298862012,-74.95045149431006
0.05286187227256296,0.5878067366738456,10.728895644164652,-1.207651451134118,0.453062476306366,26.37224437531312,118.98719931813815,4.6683953794407325,150.02783907289202,-75.01391953644601
0.06501195227262727,1.4528265821458695,8.330867599663119,-0.7981417841427247,-2.243518999233665,61.94255393863844,86.20186268840574,1.8891083469460235,150.03352497399018,-75.01676248699509
0.05447461498686356,1.191535771195737,2.957151116565971,-0.9198169250569577,-1.5408744656424145,38.63562483647177,107.2759578993959,4.228331816147445,150.1399145520151,-75.06995727600756
0.05720679918141755,0.8307538730433613,0.8595097145106654,-0.687263753021897,-2.288059388892263,54.584299599252724,92.70269415191889,3.5325149457769913,150.81950869694862,-75.40975434847431
0.04613598262137029,1.1803439678948378,5.080221067372327,-0.7658365644908799,-2.340885534880178,58.06483327831154,86.61154056741191,6.7384942906407135,151.41486813636416,-75.70743406818208
0.06952462224562005,1.3754653003110058,6.422945510380098,-1.1474402215881963,-0.2437678112717756,48.01358556921848,102.54211544065957,1.1716888868530075,151.72738989673107,-75.86369494836553
0.056419440828020494,0.7149642392582992,9.98569848504441,-0.7961757467370442,-1.114997693254685,108.57286165974287,39.85215835045766,3.726623321309731,152.15164333151023,-76.07582166575511
0.05434736238928174,1.0987258108162912,8.277392618473652,-0.6630421679462271,-2.345671444695964,92.79095089390093,56.07908545036088,4.2622633102377065,153.1322996544995,-76.56614982724975
0.0075923712736254275,1.3513806633388603,9.824543183839621,-0.8801060327735785,-1.2583983717468483,102.22900994229741,25.4585032903768,25.907215988514466,153.5947292211887,-76.79736461059434
0.007377393958779007,0.0452485240285576,9.217364071688191,-0.551330462315059,-2.605439528061826,94.46856690787895,33.22097476951583,26.049016953135713,153.7385586305305,-76.86927931526525
0.054290967686520024,0.6543500641783512,9.683379825126163,-0.803131356033909,-1.4338307583230525,78.65828812990318,71.41456324481948,4.277344139539873,154.35019551426254,-77.17509775713127
0.0707030880065522,1.4157891054308762,11.703396484190332,-1.0929185242271178,-0.4269586252780737,74.93178026924596,78.56930762372917,1.012419277818711,154.51350717079384,-77.25675358539692
0.013868709919836252,0.9711643734379705,2.9198197621570263,-0.7640634520264896,-0.5203977497399417,78.05590055847735,55.28267333874747,21.937873518370804,155.2764474155956,-77.6382237077978
0.05606287187362962,0.6972651017290064,11.076856336831023,-0.7670717310397219,-1.4214954215395446,99.09801737008213,54.53946229582789,3.816236526643399,157.4537161925534,-78.7268580962767
0.06443446482287347,0.807963990878606,9.802959814912054,-0.912636554965635,-0.6405337088686842,115.91653119015714,39.87914414927832,1.9932244743809295,157.78889981381639,-78.89444990690819
0.008120367980298207,1.718784546556607,0.6955522935751188,-1.075499026451415,-0.20207570430628152,97.62440333693563,35.09840761461366,25.560587147780407,158.2833980993297,-79.14169904966485
0.06728138433004921,0.6476042904919419,0.5652663125944075,-0.6103413193031031,-2.2030140331477996,91.41335503617843,65.52557508584464,1.5070007986311544,158.44593092065423,-79.22296546032712
0.07199471460595934,1.1962465860918914,4.106057769581604,-1.0025169938201446,-0.7185367221161929,86.78952326249602,70.83728831863823,0.8512144463471006,158.47802602748135,-79.23901301374067
0.07140194916276528,1.2635492992303623,8.289828646931223,-1.0923147923027399,-0.3032599884980889,84.75567990169402,72.87857292884382,0.9234615628825757,158.5577143934204,-79.2788571967102
0.003808098402486242,0.8724176867474572,10.109784195126455,-1.2432789692949542,0.8027123647757684,95.77429334229517,34.63454972322771,28.45991133594001,158.8687544014629,-79.43437720073145
0.03567252367608969,1.43187264518482,10.251956110167118,-0.7422231561571139,-1.0457985075570682,122.66100417931551,25.623970193759064,10.712024554590258,158.99699892766483,-79.49849946383242
0.04503612129636244,0.4800247943248972,9.423002309048131,-0.7331504463557782,-0.8402139618076125,123.97539088529349,28.772054038281922,7.113049151713303,159.86049407528873,-79.93024703764436
0.03693542033327762,1.0424954256706944,3.335327538409647,-0.8121832400861374,-1.9912530759861793,69.78608801161994,80.29611942455647,10.183785092191096,160.26599252836752,-80.13299626418376
0.03614120644342528,1.8338420456375433,3.321871658896544,-1.0343658653809658,-1.0290125163864678,52.28687081832439,97.5901622783942,10.514427207086992,160.3914603038056,-80.1957301519028
0.06137139679874683,0.6988699040594154,5.374365145089128,-1.1061173349325937,-0.19432151968361921,32.96907169670156,125.34576356999605,2.5921605806156247,160.90699584731325,-80.45349792365663
0.05681412417852047,1.2796432047445803,8.381591532147311,-0.7603926254488181,-2.5424576021254546,55.98107596345359,101.68707738801652,3.6286726576416526,161.29682600911175,-80.64841300455588
0.00597287732500188,1.9925520259777347,9.203353107625222,-0.5885846385971898,-2.635920008222264,99.49979812912147,35.0645538081951,26.98497256784602,161.54932450516262,-80.77466225258131
0.06729234542614168,1.4853771243446598,2.762249638750278,-0.7407053953019155,-2.21514414626545,91.96922763617894,68.12219239337641,1.5052599204825554,161.59667995003792,-80.79833997501896
0.037249434106000116,1.7610013499398478,3.222832604489187,-0.7821270643445807,-2.4034541350506577,67.99205363589466,84.07854770534279,10.054513941684718,162.12511528292217,-81.06255764146108
0.01285224113165594,0.2269941487992241,9.724245490426958,-1.0443685788206625,-0.25797258835529835,94.5241676815654,45.52033250674511,22.558332550139433,162.60283273844993,-81.30141636922497
0.05823864662600826,1.1686325803683306,4.424801951139727,-1.4108241818505247,1.2460512400344665,25.578221007727187,134.163433604513,3.285992045543747,163.02764665778392,-81.51382332889196
0.0485940128785985,0.8888331583866967,11.037817265446543,-0.632058082436983,-2.457186934275879,91.28296377610482,65.83597346792331,5.938035886606948,163.05697313063507,-81.52848656531754
0.07369723478658279,1.8214539377029988,9.305977572489763,-0.889728256928728,-1.7579760055048148,84.32008599105481,78.24898332512389,0.6600707619493205,163.229140078128,-81.614570039064
0.047077511458944996,1.0325767708422935,5.869714394653263,-0.5872187298493898,-2.4033402066335388,105.86206758740245,51.101398766143255,6.425906729937787,163.3893730834835,-81.69468654174175
0.05495428035705093,1.2485017017920812,8.701332059078995,-0.7297551365893649,-2.6880045688526417,60.483367077516014,99.97947498217493,4.10164951298046,164.56449157267141,-82.28224578633571
0.06601175169218877,1.5631040768151643,7.920266539909527,-1.1904078937812184,0.4440337113407695,121.7863029970725,41.558170795483576,1.715455750883358,165.05992954343944,-82.52996477171972
0.04955341686658321,0.9861732989385997,11.833120022578274,-0.6892462437873603,-2.5642372582048596,74.82555840780448,84.63389243760253,5.6393336672225765,165.09878451262958,-82.54939225631479
0.05527444740113174,1.9248275053694908,3.0668683762743725,-1.3178158153048245,1.1621226304727639,110.26872650918278,51.001989044138924,4.0181638235470265,165.28887937686872,-82.64443968843436
0.009078068672991199,0.8119902879581259,11.802447851433481,-1.0297883696004893,-0.49516132431608995,104.94241677841069,36.00015113981524,24.93781598434347,165.8803839025694,-82.9401919512847
0.022665633767907856,1.1167277125624964,3.0249500562904985,-0.9488375187687809,0.31855541150610733,125.21607319888352,23.981845695192,16.929631781621453,166.12755067569697,-83.06377533784848
0.06988387853568631,1.5104510246448595,10.450855029360797,-1.135949351780957,-0.5649931946983777,37.08686615533726,128.5939465336139,1.1219031417709517,166.80271583072212,-83.40135791536106
0.030113386227299817,0.8304782196315633,11.633544289798945,-0.5947584629560523,-2.7719345139796587,91.29752055789679,62.557175564294376,13.196070383580414,167.05076650577158,-83.52538325288579
0.006369404455845694,1.9030683327349858,7.1223030566705665,-1.0079622569193198,-0.6225606703290163,110.41273207298686,30.094467783349653,26.719057380154577,167.22625723649108,-83.61312861824554
0.07441870432806284,1.7277106809325928,5.495159909872332,-1.1068315258572226,-0.578530000144224,65.13044970927844,102.11876146170954,0.5863930643374002,167.83560423532535,-83.91780211766267
0.04622945282093178,0.5237489866912793,4.457798566969162,-0.7283789963315916,-0.8932867724298221,133.17376077620264,28.244480545534813,6.707130287196636,168.1253716089341,-84.06268580446705
0.010374461521734098,0.8449913498395258,3.9555659887719377,-0.5918825876778689,-2.6446812256674033,103.22981792599724,40.82600253298422,24.107036255250645,168.1628567142321,-84.08142835711605
0.05624818085866063,0.36040458385145935,1.042582352270026,-1.2422112682547246,0.9828053626917304,34.52466854510371,130.66900329913787,3.7695316391537266,168.96320348339532,-84.48160174169766
0.07524326112352722,1.970540463501749,7.443236203147974,-0.9140294235268497,-1.799487630286151,71.26398460636359,97.44750030226018,0.5075254925962823,169.21901040122006,-84.60950520061003
0.06373963923006518,1.9434302569591573,8.842537248534748,-1.1463521493059934,-0.7130714147492618,21.48569175118059,146.33854945231508,2.1221971670119446,169.9464383705076,-84.9732191852538
0.05457609683193112,1.5103994469447353,5.066119094964574,-0.7005086215089386,-1.747687152463055,140.81429532129323,25.119472683649906,4.2013692009986485,170.1351372059418,-85.0675686029709
0.0009610453778527518,1.8162738445803182,7.415026796185464,-0.5578523935810413,-1.606968617051493,37.80814634377696,101.86957190865395,30.45945160531047,170.13716985774138,-85.06858492887069
0.018985927009716252,1.970324036951696,1.5945042336773412,-0.6018639179458679,-1.5064916199787277,83.01822651069493,69.26649853103773,18.94571161831726,171.23043666004992,-85.61521833002496
0.02625705881807423,0.753442338294648,9.898701939727365,-0.7467465739674579,-2.090037024802384,96.83862511336928,60.22423670813428,15.071259733963078,172.13412155546663,-86.06706077773332
0.042997378055430135,0.47190573944048936,9.054902402215431,-0.769631704867705,-1.68373040176056,80.48483814553775,84.6381372588795,7.834129778637806,172.95710518305506,-86.47855259152753
0.01850764943059072,0.4718487403923217,8.836160391671829,-1.2780435911215995,0.87404577768296,81.27291137177758,72.53766986429284,19.216082437550284,173.0266636736207,-86.51333183681035
0.05324834139922357,0.8564610197154158,8.683113609319879,-0.7364926092301987,-2.1939269735428217,80.2022413910379,88.75705368683386,4.56095657164164,173.5202516495134,-86.7601258247567
0.05891881824569735,1.3539537576797407,0.8004950355987002,-0.6634464261444378,-1.6429277043558357,145.73834764231808,24.788177661884614,3.1283651168203574,173.65489042102305,-86.82744521051153
0.04230611832176247,1.7575454562951756,4.816826420590833,-1.0218858972271,0.3129998191068202,166.10656966785587,1.9050413541880222,8.086522116302476,176.09813313834638,-88.04906656917319
0.07040996320786073,1.0366299242891597,9.624389809497385,-0.996527618363811,-0.44297203285738673,130.8053448160354,44.541630196047954,1.050948485573718,176.39792349765705,-88.19896174882852
0.039323598235160975,1.552291795421085,10.065034927137255,-1.0178912058766005,0.35223201751646327,163.5909420506273,3.9325443914084524,9.221375872965348,176.7448623150011,-88.37243115750054
0.0491771827548935,1.6358045573833329,6.6206942488474985,-1.1100105251191337,-0.8493172567525917,32.48688229846092,138.51001288993882,5.755552267469623,176.75244745586937,-88.37622372793469
0.014664570058601934,0.9612736871062425,9.221394676595045,-1.2867571911921278,0.7771816369465099,85.79800224837344,69.99040075176946,21.458114622007837,177.24651762215072,-88.62325881107536
0.019719482052393923,0.9339920703915991,8.71307265689903,-0.6208378403609817,-2.741004874113877,105.66755303208141,53.26779955695271,18.534754224949786,177.4701068139839,-88.73505340699195
0.000731689910101625,1.4936712732341249,6.029423509793567,-0.6814251818373497,-0.822431051575736,50.58505765753828,96.46009727435006,30.623486707841792,177.66864163973014,-88.83432081986507
0.039552481729600124,0.6305581586129156,2.6210776408324774,-0.8334304632638498,-1.681179942712749,75.84426091915857,92.70999387391382,9.131646403184948,177.68590119625736,-88.84295059812868
0.00998993774090878,1.6074416286927447,8.405821763463418,-0.7106379176463276,-0.7601322471740382,77.95524937670204,76.03245456697921,24.351986156648838,178.3396901003301,-89.16984505016505
0.029487494195674823,1.4322933759317686,10.492814241739406,-0.856282856310163,-1.9514002561233361,86.16538870830291,78.93465526707334,13.491952747691267,178.59199672306752,-89.29599836153376
0.010977148432972969,0.7607188427220504,1.8730436282019338,-0.6131253680801552,-1.2580831818454943,69.47879322554542,85.78953922374649,23.725602953197686,178.9939354024896,-89.4969677012448
0.03185190472647685,1.9252671589571195,9.093360018319824,-0.9966685471983225,-1.2931740428117127,74.13460139114021,93.69664196678197,12.391419338468904,180.22266269639107,-90.11133134819553
0.02809708609166586,1.331404848317391,1.5490919639329737,-0.6427736102014155,-1.3042143383573517,113.68451869827553,52.51995358825454,14.160988458674566,180.36546074520464,-90.18273037260232
0.07546634273359017,0.4331044344857197,1.7672382418331876,-1.0361723462255428,-0.07553874039890918,47.850159502173035,132.4374995531129,0.4871666308886119,180.77482568617455,-90.38741284308728
0.07388786785699149,0.8509387671087227,5.8351103440084575,-0.9880421074322989,-0.49260022444277496,113.06196006904295,67.35192363931017,0.6401792816899774,181.0540629900431,-90.52703149502155
0.01495851289984138,1.9921250901015066,5.5227391703777045,-1.272576021394848,0.6274916283675047,89.57662562787738,70.53927622811807,21.282261829940037,181.3981636859355,-90.69908184296774
0.03922908908608961,1.0402768718579358,11.62659796676664,-0.7623549614740912,-2.410738824462646,80.0079123704775,92.82098415157857,9.25855437820206,182.08745090025815,-91.04372545012907
0.018839450387534193,0.163103760140341,0.6993670188101133,-0.9872705797070842,-0.6739768192783506,96.42285199849489,67.21155948419492,19.02831151283347,182.66272299552327,-91.33136149776163
0.056845982130882745,1.771896202430754,9.490608323478739,-0.8366220116874395,-0.9711861905033894,171.22698035475264,7.86410171827567,3.620823196828359,182.71190526985666,-91.35595263492833
0.06731876240026892,0.11966811008683734,7.231524152989707,-0.7797594378253583,-0.17125936758835625,153.2862782812226,27.936424783811695,1.5010684221394321,182.72377148717374,-91.36188574358687
0.06866940748639011,1.059704163454388,11.422998208866519,-0.910830873862445,-0.8776894246053373,140.0553247336576,41.454459142661804,1.2945533599717436,182.8043372362912,-91.4021686181456
0.011946732574094118,1.5854837588072783,7.323622034672544,-0.7721965630028745,-0.4402935529048655,93.78935907478574,66.46929928561852,23.11834772109709,183.37700608150132,-91.68850304075066
0.05780349421656774,1.8159855185052676,9.545407585864824,-0.6558997405938657,-2.128272596096523,152.5270884741346,27.5365502077344,3.388868913852703,183.45250759572167,-91.72625379786083
0.06030924615458612,0.5945976718063667,10.929469975627613,-0.7787491061049366,-1.4542880038156079,100.68878884991574,80.15137914527698,2.818193808701291,183.658361803894,-91.829180901947
0.06219364177628415,0.3601734067871226,11.837188443635315,-0.7759849294909174,-0.5707423681375055,152.86892281820516,29.179724454590318,2.4236685213750566,184.47231579417053,-92.23615789708526
0.06890119759283862,0.8550068768353886,0.7282631857008055,-0.9591447699883551,-0.9656110386667689,28.56803719209656,154.73857355716075,1.260648180756027,184.56725893001334,-92.28362946500667
0.0405956969574438,0.8207015568470538,5.121692419620602,-0.6857684302421876,-2.541807840566628,90.13935147562665,85.9454985596422,8.728229986896551,184.81308002216542,-92.40654001108271
0.021760387166254815,1.0244543220149842,8.16837769575578,-0.6242817964584284,-1.3626921560810688,100.37572810515343,68.24087587867014,17.415092620184033,186.03169660400758,-93.01584830200379
0.06574229568297836,1.6156844180175458,4.507501775774786,-0.8221837741971736,-2.5679310597725893,47.02056805758599,137.4348168151654,1.761432885111127,186.21681775786251,-93.10840887893126
0.012521931077857054,1.2935008903915965,7.138205238714451,-0.6871886224104702,-0.8864327558825686,86.60669709590374,77.65470801062943,22.76181853415939,187.02322364069255,-93.51161182034627
0.06275248660297415,1.762189582036248,7.024245579595998,-1.4140802435210889,1.1678751505313016,57.978787697888485,127.09389541246331,2.312383271635472,187.38506638198726,-93.69253319099363
0.010073859516128885,0.35891165297073296,4.480641282811903,-0.6814670292041256,-2.2134193341049104,124.47590324588042,39.31549296728502,24.298420558147978,188.0898167713134,-94.0449083856567
0.013753655576641984,1.3242678328251505,7.099562599007197,-0.6254793652424303,-2.7803858747940344,120.14499881031378,46.77281734325882,22.00766917935691,188.9254853329295,-94.46274266646475
0.0036966103029268,0.07519070890889232,6.598810386314056,-0.8026678524791319,-1.5869138785613859,134.86712922723953,26.510572175412804,28.536934606029515,189.91463600868187,-94.95731800434093
0.043351377964174306,0.38712523193131076,3.814670453669787,-0.6393251167549859,-2.298209341487069,90.9781284185561,91.50927531296755,7.706426838265332,190.193830569789,-95.0969152848945
0.049586003523458495,1.2540560929326952,8.279401367085924,-1.4389954382521046,1.1731212848590875,20.62066417224741,164.4937657786999,5.629323439100108,190.74375339004743,-95.37187669502372
0.07034441317932295,1.963502966513952,3.502332913156583,-1.307834029961779,0.7449888281116848,96.2774638039779,93.46904787278888,1.059663020969907,190.80617469773668,-95.40308734886834
0.03036648699111084,1.4025996656396034,6.135801602493779,-0.5523675186698737,-2.004521295932137,114.81422637629541,62.993716170759306,13.077351775167438,190.88529432222217,-95.44264716111108
0.03227164160914596,1.6221174539535779,6.623947197498871,-1.148401081330038,1.0239146507094494,170.81974889563367,8.899231928816205,12.200942521892564,191.91992334634242,-95.95996167317121
0.039054094286685936,0.919180673915765,11.210375557439933,-1.3506728825159349,0.796952612530367,37.023878525321145,145.64786608908096,9.327592219030167,191.9993368334323,-95.99966841671615
0.05779687293011082,0.34150203133372764,6.0227307883526,-0.7258020612636882,-1.6484951464994542,76.61580172852528,112.56823426796205,3.3904465375585606,192.57448253404593,-96.28724126702296
0.07363049217299056,1.5016727516118047,6.027030894291437,-0.7005083287487702,-2.711413593830641,109.69085722460547,82.62133858716687,0.6671068998569915,192.97930271162934,-96.48965135581467
0.028204044406247512,1.680808586684382,6.088039822419167,-1.277902639653502,0.37231799288738543,67.275853284275,111.72116946960891,14.108947545645321,193.10597029952925,-96.55298514976462
0.0367028118905015,1.9635915556217054,8.589904859613297,-1.3232437846589309,0.490538315659625,48.24933484780475,135.25958244881178,10.280076201840087,193.7889934984566,-96.8944967492283
0.03088496601706468,0.750177027812603,8.073424436993601,-0.8138146813988697,-1.894080924932142,102.67647243340905,80.14209405499672,12.835830728960422,195.65439721736618,-97.82719860868309
0.04923098180158802,0.0447953142952157,9.02445891740399,-0.8465847936720081,-0.7954324202881038,25.305853916808758,164.6624550056793,5.738861127474081,195.70717004996214,-97.85358502498107
0.02202931346123659,1.29475230495217,3.6483194669294483,-1.2807729193686388,0.5377798424070344,81.88031604025159,96.57972429987659,17.27015775679433,195.7301980969225,-97.86509904846125
0.017854783050723584,0.8534238660358637,6.051062604956039,-0.7500199102946337,-2.158670934921829,122.61681194857387,54.19865648917254,19.588240553522883,196.4037089912693,-98.20185449563465
0.07171511193263762,1.2748971998248126,10.47727438830297,-0.9878140642696243,-0.5060387875321766,164.11514405312008,31.58248102967086,0.884926206553566,196.58255128934448,-98.29127564467224
0.030437431988965643,0.09666338341772476,2.0743845810966057,-0.6243529646246979,-2.368352199241756,101.72479941870976,81.85896350882767,13.044170806225438,196.62793373376286,-98.31396686688143
0.019147906121144496,1.1689104541918518,4.351000536155517,-1.3469477836481993,0.981615606403297,85.0370981043945,93.50300565960924,18.854578885593053,197.39468264959677,-98.69734132479839
0.03020926025068069,1.3628652528936016,4.788998726482038,-1.427965409498679,1.287858010671859,58.70290547003783,125.59513954844006,13.15103691564466,197.44908193412255,-98.72454096706127
0.012165002830358153,1.192794760889691,4.444367956036002,-0.7545517763876963,-2.127224710013842,130.5771463105942,43.976628484382786,22.982729590518563,197.53650438549556,-98.76825219274778
0.07676426466829529,1.1632330300651557,6.010967250431168,-0.9234957685236382,-1.4963262973296982,83.61205674186691,113.57588267032641,0.37698155335522876,197.56492096554854,-98.78246048277427
0.070996813381755,1.1253543378728457,4.060110328492866,-0.8877850925841447,-0.8925945403979929,163.78453131773333,33.060563825979706,0.9745328588194743,197.8196280025325,-98.90981400126626
0.057466513745212,1.2450147790046833,9.769655568406552,-1.0037563223385924,-1.487696925959298,39.690851734055585,154.77759586671323,3.469625832466261,197.93807343323505,-98.96903671661752
0.004516985950344461,1.2625702360366602,7.695344198711534,-0.9738157777318539,-0.8453754628864409,137.26291331772958,32.96375520268108,27.972600444662387,198.19926896507306,-99.09963448253653
0.03685024400452313,1.1950961570862444,11.287409564348488,-0.8657422253681561,-2.02403895792034,83.8074318631027,104.5435476268549,10.218992295571992,198.5699717855296,-99.2849858927648
0.07177511650319617,0.5033898842541004,4.703151469328702,-1.1667661597869246,0.35055353381690013,36.66072972718614,161.03897849539067,0.8776362692852359,198.57734449186205,-99.28867224593102
0.0006195315826878067,0.119903379341546,5.727812805588152,-0.9510634984001036,0.5355079889100853,105.40604698833603,62.530565276967444,30.703862757273935,198.6404750225774,-99.3202375112887
0.05640722058354623,1.589552328861238,9.559808740637035,-0.6943015032203204,-1.7396609639434577,172.14735310494163,23.42088567954067,3.7296769041494353,199.29791568863175,-99.64895784431587
0.0641041371156421,1.2724487244513658,4.67138136000877,-0.900433374885814,-0.6300783256452296,184.690155590331,12.727993801055193,2.054035372614653,199.47218476400084,-99.73609238200042
0.006054582666261741,0.5607603432768831,8.057471888458686,-0.5544393009967681,-2.834803014195179,128.27553454640494,44.63097751492759,26.930072421035447,199.83658448236798,-99.91829224118399
0.06013391996017497,1.8136063676448315,4.35204349614228,-0.8486018700524559,-2.5774676178947726,46.43313464042594,150.7450650770026,2.85641289983057,200.0346126172591,-100.01730630862956
0.048526296535881995,0.7632162198296331,6.3931312911932165,-1.3211389709261576,0.6708475856915674,29.357410594007757,164.74361023548875,5.959410010196852,200.06043083969334,-100.03021541984667
0.06198398688812362,1.0841831845482075,2.1370698038048253,-0.5644301136897792,-2.751134753827465,127.49020623024511,70.19516860287938,2.4660926428203904,200.15146747594488,-100.07573373797244
0.05852111406510922,1.3683341904686908,3.694967737260079,-0.8263929496439595,-2.4706584682579122,55.24491769838209,141.9051701148472,3.220061032875629,200.37014884610494,-100.18507442305247
0.029340741441722593,1.0758803826447834,8.363272376634555,-0.9674300021521951,0.39385133466130107,165.8745541006731,20.97032656452182,13.561802972477789,200.4066836376727,-100.20334181883635
0.06366610966819301,0.454744823684358,9.470762990208774,-0.7610729093608066,-1.4572400545889224,96.2004018726054,102.4917142045613,2.136082190012483,200.82819826717918,-100.41409913358959
0.04052687655751719,1.8033504083386578,2.3565406047798785,-1.3258672470422799,0.5101799461128991,42.47207533655575,149.80637170417143,8.754562396188888,201.03300943691607,-100.51650471845804
0.06295015417122043,1.981758879082037,6.234680870724175,-0.7097945242520596,-1.8539612167432076,178.33442925820128,21.936066484114892,2.2736469720058845,202.54414271432205,-101.27207135716102
0.05371539953630975,0.5580283517733555,3.199248862357671,-0.7152819490585844,-0.9887602786748761,168.33890190024366,29.886819700653593,4.432783084553077,202.65850468545034,-101.32925234272517
0.07393294738721329,0.9198340829359329,1.5182914248833574,-0.7145370016550008,-2.1565589256841178,99.6373933059111,102.46269040365075,0.6355199788710308,202.7356036884329,-101.36780184421644
0.08130970384138361,1.972560036466772,8.197619892661347,-0.8623261048713423,-1.9111964211108903,127.2050666906714,75.6136990720606,0.10231377174136282,202.92107953447336,-101.46053976723668
0.001424219654019048,0.27667465202263203,6.899419983943024,-0.786265231200968,-1.728317035425537,148.3264787127721,25.923476713421056,30.129532258144955,204.3794876843381,-102.18974384216905
0.0682898639926071,1.3370556074431519,4.992195270060617,-0.7708085006228057,-1.5864502226021855,170.26752675803627,32.86208509072522,1.3510427251249353,204.48065457388643,-102.24032728694321
0.06723583150721857,1.2091269969332148,9.900051418719181,-0.834808678780301,-2.374946591784278,58.8260302696962,144.4580917321872,1.514246430131096,204.79836843201448,-102.39918421600724
0.076156433056155,1.1346852822185407,6.39726403716507,-1.2042477781155327,-0.16228928981307478,36.95937785047238,168.78652739999268,0.4268261920760007,206.17273144254105,-103.08636572127052
0.031409077744661645,0.8037349979320297,7.735883911705672,-1.4275310524310356,1.3468945566884267,59.10032668959646,134.77364065934697,12.593973760202966,206.4679411091464,-103.2339705545732
0.05435843658919979,1.9648676386957185,6.7793247196099715,-1.210571578373759,0.924554273351383,188.65677368557212,13.613563674569889,4.259305023638636,206.52964238378064,-103.26482119189032
0.05383268585798502,1.6240596444876179,2.136088203293018,-1.0976199851961927,0.6006933883123757,200.78049790957778,1.9054946065361897,4.400883480878953,207.08687599699292,-103.54343799849646
0.07933028458458238,1.8349176509067047,9.123921654744253,-0.7531363327897423,-2.4326164808206747,139.1476073535044,68.3811742978045,0.20065747504076237,207.7294391263497,-103.86471956317484
0.005885410892326693,0.2590543295642173,2.728130948552393,-0.6400459867741357,-2.46319572520441,142.42903609833368,38.256817290623935,27.043805711016653,207.72965909997427,-103.86482954998714
0.029779185041446523,1.335890469421215,8.887322527925047,-1.4031331222679388,1.0768661918267597,62.65992845114548,131.83425982272826,13.353651506199714,207.84783978007346,-103.92391989003673
0.00464898105832206,0.42496016611081555,6.131487803660145,-0.5905133009049089,-2.693883720875703,139.84487084521052,40.59343741055496,27.882327715905664,208.32063597167115,-104.16031798583558
0.06516438307805905,0.28508946316028205,11.240686847332682,-0.6068083353619801,-1.3895083072867587,151.82170267708855,55.05707863316355,1.8620922131326392,208.74087352338472,-104.37043676169236
0.03946562936848549,0.5892326676532917,3.900055544829732,-0.6971877846488447,-2.377384817275395,104.44644634865081,95.53340182827493,9.165643587945649,209.1454917648714,-104.5727458824357
0.05604278053670581,1.0035598240043,4.5822606400698325,-1.1566953537803082,-0.47772412483474325,33.853005322662284,172.44580316870068,3.8213175839204285,210.1201260752834,-105.0600630376417
0.08073381807375182,0.38911892658042346,0.659712162371195,-0.9794928811437833,-0.15109889422944445,89.86047394757942,120.69765958908835,0.12754129431269678,210.68567483098045,-105.34283741549022
0.07061930393853424,0.24144461695461236,4.0143106425014095,-0.5605504110252408,-1.86597082462564,118.55211690342522,91.180843245619,1.0233586703536643,210.7563188193979,-105.37815940969895
0.08128873033947111,1.1798982658592196,7.708355299375955,-1.0472461881092752,-0.7748026555641214,97.42534740970754,113.37253876258295,0.10318381624767455,210.90106998853815,-105.45053499426908
0.039454956990956705,1.2217303227439533,5.8766799693995395,-0.5646154295357972,-2.0242214585906435,146.2556656846857,55.9618023063168,9.169825504064692,211.3872934950672,-105.6936467475336
0.017529546541233135,0.5931997798039876,3.2904160295095073,-1.0561199418775242,-0.5229963172702137,120.1202761163994,71.58810738012765,19.774969415812222,211.48335291233929,-105.74167645616964
0.07057051155943404,1.4912448325206464,3.667200870069573,-1.3699170726311467,1.2337513351148335,120.70098668034801,89.83596041656577,1.0297564052674977,211.56670350218127,-105.78335175109063
0.034046885476691414,0.31056545025115123,11.530602800094558,-0.5597949523685913,-2.722022721098692,111.31395875274238,88.98064545016123,11.411651225112506,211.7062554280161,-105.85312771400805
0.006895947100139078,1.9700580819527909,8.04418812946848,-0.9088093785840408,0.3173204050405709,120.9834063552294,64.88651487537747,26.36798749338109,212.23790872398797,-106.11895436199399
0.07025321373650945,1.3136211472699872,6.537280456741119,-1.298456387870504,0.16527567172488533,17.975305905553967,193.23619632345276,1.0718473681666731,212.2833495971734,-106.1416747985867
0.05968890787982545,1.406146265230946,3.394417174025343,-1.0207792590932716,-1.4734759672203466,38.16354027665667,171.33783038576107,2.9545762718267072,212.45594693424445,-106.22797346712223
0.0664282655137746,1.0606092314183453,4.909431898561173,-0.6162879293980539,-2.7586813150821237,128.72128379279857,82.78313893516209,1.6455825226865985,213.15000525064727,-106.57500262532363
0.06945141589765003,1.6424902990587338,6.250766562391297,-0.9253444753245943,-0.7221651796377335,198.26650210314463,14.314788232347775,1.1819663815507169,213.76325671704313,-106.88162835852157
0.03246352511308785,1.7845841014161978,3.1622951052619266,-1.339109030368953,0.6226483383918522,63.98644799128821,137.73835821051142,12.114357077065135,213.83916327886476,-106.91958163943238
0.07919364707450348,1.962162555494512,2.0441253451842414,-1.1616864546627075,-0.527830159519425,44.732632692774246,169.01462977698282,0.20865665931733304,213.9559191290744,-106.9779595645372
0.061260077235653,1.5330577980558602,11.698922705174521,-1.2181194566745566,-0.4488978746456813,22.360343216152714,189.12264639675215,2.615406996138103,214.09839660904296,-107.04919830452148
0.042201561388479525,1.2456925116694464,3.9633402963281013,-1.0143734606031076,0.4584780395793633,200.30522926865373,5.857656890107979,8.125046275987549,214.28793243474928,-107.14396621737464
0.03484664082090527,0.8435210152536334,11.209992796017598,-1.4374572659874671,1.3156800397241062,52.215391458209986,151.01232916916936,11.06469459218818,214.29241521956752,-107.14620760978376
0.026689596483712857,1.4400219529948315,6.284504840240295,-0.796702317628707,-2.340321788558768,116.07788498883107,83.42348399389985,14.854732018462483,214.3561010011934,-107.1780505005967
0.047174672883009375,1.4527171219621218,1.6588519387954859,-1.4479394004875727,1.315276063430928,39.840180707903826,170.0163058004213,6.3940716963951605,216.2505582047203,-108.12527910236015
0.08313938300280596,1.6481292218301025,8.255669985774777,-0.9862313071119151,-1.6180102060016188,74.26896594222849,142.08777456353732,0.04059083868254675,216.39733134444833,-108.19866567222417
0.07990014580333268,1.9059764261463952,0.9093139034434308,-0.7468940400802196,-1.884556371562265,145.50963759814417,71.0700588205795,0.16898175421438505,216.74867817293804,-108.37433908646902
0.07745045161016714,1.9586928352699415,7.359937110027882,-1.3187598694895826,0.4427518018623626,75.81419793833982,141.85121694087593,0.32442928952077843,217.9898441687365,-108.99492208436826
0.02231031494940698,1.3528526725036127,1.4731178648261642,-1.0672046467314753,0.9078760071051866,179.60154681565552,21.450277671525388,17.1193621253171,218.17118661249802,-109.08559330624901
0.03241305410912156,1.1091482285451317,5.497038895663741,-0.6991295297739866,-0.9885602462768244,156.33878020359657,50.22612378781913,12.13710171133011,218.7020057027458,-109.3510028513729
0.00520797922404841,0.35477183812123386,8.791551233330411,-1.2686611059105182,0.7933937941809077,133.9936436269017,58.023377464435384,27.50164077278536,219.51866186412244,-109.75933093206122
0.07671636789227411,0.7669345277100224,10.239483618966709,-1.024398932703597,-0.6701536135602875,80.25580323978657,138.96458241542334,0.3807969894602213,219.6011826446701,-109.80059132233505
0.05312846692745864,0.770404651958069,3.1794848182450894,-1.0005592498863483,-1.1236874080405144,61.12213846625686,154.14247559189,4.59414798722788,219.8587620453747,-109.92938102268735
0.02352756406041233,0.5962046648312506,0.92948497908803,-0.7656852779631467,-2.1306449955046474,126.6224894192441,77.07233865994782,16.47377800013273,220.16860607932466,-110.08430303966233
0.07815986704299581,1.752878992996987,10.338430459260668,-1.0635335278198281,-1.4283891269689717,41.06286437145028,179.01023277657293,0.27424347065714905,220.34734061868036,-110.17367030934018
0.06424435696964369,1.916082868461061,2.0196043530336016,-1.2968860489267617,0.12052561604869538,18.190444524760117,200.16678782419072,2.0281103168599595,220.3853426658108,-110.1926713329054
0.05181393451370676,0.47968985055631264,5.640683673080488,-0.927678703688495,-1.1058138858943005,77.61255509817711,138.2184797884839,4.966016952495804,220.79705183915684,-110.39852591957842
0.08247522922463076,0.6734985326552813,7.2978880902573335,-1.05416494042192,-0.07400657605388794,121.65566375613858,99.25194215448249,0.05975446543887383,220.96736037605996,-110.48368018802998
0.05852133736475162,1.3930624123665483,8.056544821866412,-0.7944189521404975,-2.870573893294105,61.97512541114318,155.85699225389146,3.220009176583953,221.0521268416186,-110.5260634208093
0.07831940612512994,1.015539621407333,5.862552306211686,-1.2174325492309075,0.7287397729302407,163.9887302362688,57.1625796690652,0.26353773513243406,221.41484764046643,-110.70742382023322
0.07453769049541867,1.1148727053393326,8.079696459819168,-1.0417101993806583,-0.0950648245185075,190.21881904268693,31.00894822506817,0.5746607084791432,221.80242797623424,-110.90121398811712
0.07449784092177975,1.0331187646236901,6.863154188958603,-0.991120898081993,-0.3004541199302073,189.57610123373016,31.7127590146544,0.5785767794755118,221.8674370278601,-110.93371851393005
0.0594389139812903,0.7039438862031546,8.916495627096706,-0.8373872897843665,-1.7478217117767745,89.49138694849312,129.4465072467056,3.010448875952115,221.94834307115084,-110.97417153557542
0.01431582065835585,1.1360733102211367,11.290906880388372,-0.7095296328904102,-2.496018530685289,145.3586300970522,55.19832793667581,21.66769419048253,222.22465222421056,-111.11232611210528
0.07980367307840379,1.217944767294158,1.884450602425479,-1.1112805188501478,-0.6179555838766788,40.59749696143812,181.73983032935627,0.1741529702051705,222.51148026099955,-111.25574013049977
0.06525592446429254,0.5932162254223281,5.479444135330454,-0.9795503329418302,-0.8926479177233295,65.83390995908643,155.10376039953547,1.8459613507985229,222.78363170942043,-111.39181585471022
0.02215098052972309,0.6511749937316209,4.981615435881567,-1.1963277533297787,0.14233922076893624,107.04120455969569,98.76283118063215,17.20478560846822,223.00882134879606,-111.50441067439803
0.043243031607378794,0.8669709663222125,9.862155214042408,-0.7251346224311804,-2.614522086629165,103.76518221593942,111.59868214040081,7.745400572501275,223.1092649288415,-111.55463246442075
0.005189845911483409,0.7426010046473549,3.602803698076338,-1.130970691024743,-0.0460867827690965,146.15508087272048,49.5621714023113,27.51394879179712,223.23120106682887,-111.61560053341444
0.07763558863053006,0.23932774897960665,8.763421082311362,-0.6165233062226033,-1.3818092480923623,138.60260330820864,84.46446036498754,0.3109258271773235,223.3779895003735,-111.68899475018675
0.07899707437998613,0.38610940265908,3.3364257972016937,-1.2093277091155756,0.8345123823731964,47.03751224304664,176.34074242782557,0.22043888616696763,223.59869355703918,-111.79934677851959
0.0631816182208695,1.1962050755136364,8.838057059494492,-1.3089514398434734,0.18471837244094225,15.695197785411814,205.80817218548196,2.2287035726125497,223.73207354350632,-111.86603677175316
0.07745669813450956,0.6296245537144737,7.985712947844099,-1.3126824239423174,0.9149882180780997,38.34360185849329,185.3507334986483,0.32396900383539473,224.018304360977,-112.0091521804885
0.07654832012496965,0.5906770486235356,7.646494244029739,-0.953270902392447,-0.10555586222872781,180.39649812755422,43.23968565347628,0.39433554385916003,224.03051932488967,-112.01525966244483
0.05498837557315069,1.7060073986444406,10.07448396143355,-0.9995841890849906,0.06879033464664719,220.15134327411815,0.3437111384319613,4.092718119296449,224.58777253184655,-112.29388626592328
0.004697146727593325,1.2626421107938415,4.443917824156291,-0.6217534406024701,-2.7127495128789985,156.89174508942855,40.521317159493314,27.84942308289042,225.2624853318123,-112.63124266590614
0.05298686763391716,0.9068778601394015,10.241128874256932,-1.282381581760764,0.22342434469294892,31.116912138343178,189.5777386233261,4.6335096978637855,225.32816045953305,-112.66408022976653
0.0046467668074783065,0.1693923474118486,11.744625752535576,-0.6128615615070441,-1.0325950378141846,80.25937388923401,117.57922351097695,27.883840860219937,225.72243826043092,-112.86121913021546
0.005312073597901551,1.5925357663153772,2.6750215486061375,-1.3275868462503075,1.0426805181116032,133.66555383926308,64.8534787954624,27.431039798978087,225.95007243370355,-112.97503621685178
0.0618730214806162,0.34085036993622075,7.2288859740023845,-0.8726333845477776,-1.0689447942745878,66.52527561702678,157.0915537564872,2.4886956989784057,226.10552507249238,-113.05276253624619
0.049061853495122605,0.06203973037685097,4.5707651358121355,-0.9528093471923784,-0.3618139222141017,31.867965455198245,188.87805319767895,5.791414809691833,226.53743346256903,-113.26871673128451
0.06817079312252541,1.5428284719676688,8.771900819679502,-1.3412665800601618,0.26950453953729436,18.81897391768226,206.43025058346416,1.3690132269237605,226.61823772807017,-113.30911886403509
0.02755337207928981,1.682406626553924,10.464490276852274,-0.7935338693040457,-2.4773246151861863,122.3419246747618,90.15730408134291,14.427015552225571,226.9262443083303,-113.46312215416515
0.05382997633311025,1.0850475887880926,6.347946922340635,-0.6547975179543796,-1.7044308096317526,184.65703308346698,38.171216967676706,4.401619119210818,227.2298691703545,-113.61493458517725
0.06566455434652943,0.45474433949443316,4.51035702699273,-1.2085416801285174,0.4398823065187667,31.44578868624902,194.2179136129401,1.7748108622513865,227.4385131614405,-113.71925658072026
0.07649869513938003,1.918951192434044,10.966591533893387,-0.9893238266988973,-2.016010207213638,39.285222344173256,187.98132867829278,0.39837874598390904,227.66492976844995,-113.83246488422498
0.07310637737031912,0.5312598277989788,4.760665572544148,-0.8111023103558272,-1.3560070375145683,107.02394666639476,121.25030617304671,0.7236567435883772,228.99790958302987,-114.49895479151493
0.00767780589276828,0.15936980964966418,9.673783110702761,-0.7655005061651871,-1.9013930643364396,159.89286897132075,43.5418729453137,25.85097001021327,229.2857119268477,-114.64285596342386
0.04546537654478254,0.8592889775826809,6.3765034039835635,-1.0265483923181589,-1.1108998221535127,76.11509157679518,147.42843293450778,6.965662129906688,230.50918664120965,-115.25459332060483
0.0158851007045362,0.33066887766445613,3.123698783143047,-0.9741039034932621,0.7051083367765867,170.28415653360636,39.630455511023406,20.73266122232568,230.64727326695544,-115.32363663347772
0.07505799230550987,0.6398985942327652,10.734202486714274,-1.182080126062771,1.0385579632755935,198.40923797626476,31.91216415889036,0.5247502535638847,230.84615238871902,-115.42307619435951
0.056073846904890486,1.313955643038667,1.432832399691869,-0.555108360061638,-2.21221001225479,180.8010034174935,47.27079352263969,3.8134623916747583,231.88525933180796,-115.94262966590398
0.07276873504013665,0.9336268391232252,10.508915771471836,-1.0497814203762301,-1.0184486038068057,51.33931404988203,179.8520501381073,0.761305252740083,231.9526694407294,-115.9763347203647
0.07991065049413901,1.5919029168088683,9.753586083818789,-1.1829155752228395,0.2054720402310326,169.0186483302224,63.09017623121956,0.16842337776195454,232.27724793920393,-116.13862396960197
0.0005826813757036665,1.6531724983949523,3.0132763702199785,-0.9826288157792513,0.7114367690912538,133.96003347558832,67.59859884699043,30.73029372103272,232.28892604361147,-116.14446302180573
0.08744122381970573,0.5638048932091165,1.5365798814822136,-0.96703784882379,-0.4103403664054248,114.72018859018343,118.05056436838396,0.005911876330936075,232.77666483489833,-116.38833241744916
0.04831751788441416,1.7991385067389456,9.927032966739183,-0.5561151954378145,-2.2704521926488392,180.26772001703375,46.782807291177406,6.0255510283281986,233.07607833653935,-116.53803916826968
0.06887097153243948,1.4432288705340564,2.9922502383513616,-0.8092562526782727,-1.1567721377045244,212.11678429963695,20.01337715658968,1.2650439989180535,233.3952054551447,-116.69760272757235
0.03964486791200025,1.1550061837720949,4.097532341016856,-0.7573334705895911,-0.7339566191885494,189.79897325930554,34.95435043076501,9.095552412505796,233.84887610257636,-116.92443805128818
0.08415192488416946,1.719763222405004,2.0899118551007247,-0.8411126748645095,-1.6829814085308503,158.97515196733107,74.96273987607681,0.018483178300910823,233.9563750217088,-116.9781875108544
0.0007951117893854566,1.5638681722754064,2.8927078104644597,-0.9345252878968477,0.5168232479597044,126.41340117134918,77.23654231257902,30.578083296300434,234.22802678022865,-117.11401339011432
0.015094775237133097,1.102682522407747,8.26215568891189,-0.6562534885408503,-2.8109250385353484,152.94717505564205,60.12409532782958,21.20098764419295,234.27225802766458,-117.13612901383229
0.08439599652751559,1.6484639550462967,6.171709429127987,-0.8098756764306582,-2.7664713408682107,82.87767586099615,151.66198980449192,0.014438339465990768,234.55410400495407,-117.27705200247703
0.082289081855664,1.568463071976742,2.4298575263537034,-0.8300789253015449,-2.452406804223016,75.07940195455055,159.94504700244795,0.06578832800667153,235.09023728500517,-117.54511864250259
0.08808458535980136,0.18226560542193612,1.9544806707118372,-0.7701487439959386,-0.7274999894806551,106.58163138957971,128.53675824465756,0.014046729865713417,235.132436364103,-117.5662181820515
0.06672052278064823,1.0559100629642868,1.795322543228854,-1.0160534177269054,-1.2607483110616569,40.42859137257593,193.889882401733,1.5974215532760698,235.915895327585,-117.9579476637925
0.014937258303222744,0.6965628586255699,5.3338191282472485,-0.9490389970123325,0.5509505619832682,162.81888465547144,52.2099103773985,21.294953232383225,236.32374826525316,-118.16187413262658
0.0760369900017196,0.7342993502284844,3.7608508507698297,-0.8547282895800106,-0.7832937851883814,189.84630237370612,46.104383621714696,0.4369847219907182,236.38767071741154,-118.19383535870577
0.08562957947556621,1.3787836670164018,1.7960579901814588,-1.0120642380052298,-1.1684041673041463,68.6263255727432,167.81537086734008,0.0016271419012710729,236.44332358198454,-118.22166179099227
0.07385958864764398,1.7073666678123576,2.3635816546900332,-0.6073499662260705,-2.7341098860201694,175.50499430739492,60.76306161623909,0.6431108332166138,236.91116675685063,-118.45558337842532
0.022594278535625078,1.758658755428464,0.9803191673623305,-0.7790682489940138,-0.3393800414608159,161.81121570983558,58.269555577512854,16.967648647615388,237.04841993496382,-118.52420996748191
0.06839307639307068,1.7363943777179423,5.282203476133998,-1.380907649440668,0.4560750742205726,19.011942135053104,216.90139428685163,1.335561687507095,237.2488981094118,-118.6244490547059
0.08221135160662138,0.11697475362113831,0.5040759285518261,-0.5764136363582538,-1.664196608434267,173.03374372422988,64.40206082410945,0.06839379178815058,237.50419834012746,-118.75209917006373
0.029414808439959087,1.0049700280308624,6.983006017356201,-1.2497321153151686,0.15519583343170984,90.09193632841347,134.6061933737128,13.526526602223486,238.22465630434976,-119.11232815217488
0.053942227521262695,1.216703951764024,11.520249670377154,-1.0698618196257932,-1.2569395138207962,51.59195593818482,182.50791674403862,4.371194309671551,238.471066991895,-119.2355334959475
0.05383813264842957,0.8985627055200941,6.603640431648319,-0.7246153660329674,-1.1240617053745587,202.3873298912404,31.758458926843375,4.399404858604673,238.54519367668843,-119.27259683834421
0.07913778749578182,0.6554431426345074,8.49627498253486,-1.2671146147831376,0.5838253865981367,42.17902823646796,196.33967547364702,0.21197187491402225,238.730675585029,-119.3653377925145
0.08484034664274544,0.6872595620430078,1.3434660313388362,-0.9671972333923833,-0.8760645258801203,63.89957066809463,175.79235282738972,0.008355231461560269,239.70027872694592,-119.85013936347296
0.0387985351821566,1.0287428384253428,10.74096191383875,-1.1676992857480124,-0.4480847970935784,75.44138215964344,154.8959016608432,9.428874487034175,239.7661583075208,-119.8830791537604
0.08067661526034231,1.913260698459202,1.8330428469636504,-0.8021857279967236,-2.732661778637843,69.07026729165632,171.93240807802522,0.13019877868462473,241.13287414836614,-120.56643707418307
0.05530141478149857,1.5030424170815744,11.085191604761627,-1.0990317582955234,-1.2435934571819076,45.84709025673135,191.81401592805665,4.011171095568125,241.67227728035613,-120.83613864017806
0.0058330885066508594,0.398341349146028,6.6489660951098415,-0.6716328407560272,-2.44639707547518,171.34399035958683,43.48613567781546,27.079030298460246,241.90915633586255,-120.95457816793127
0.07911414121584391,1.7616741718493976,3.7224898642818225,-1.3866315615921174,0.7042056094846831,55.84621503863388,186.82853763687922,0.2133831319872877,242.8881358075004,-121.4440679037502
0.08778505605631627,1.6840577482842178,8.354157861547321,-0.9465366630049028,-2.0039602991540457,83.38233669974149,159.67645991825535,0.009828179469589606,243.06862479746644,-121.53431239873322
0.057818252482864936,0.7823424857284934,1.1103479853949745,-1.0186315098944587,0.538286663803277,238.50748064864842,1.2068809316301727,3.3853538502096256,243.09971543048823,-121.54985771524412
0.0338953665984256,0.5045744912808885,4.728394982125223,-1.0375761449277967,0.9064646333836479,218.79405641618257,13.125304479148799,11.477987929436969,243.39734882476836,-121.69867441238418
0.06683348113481577,0.9058275985700777,5.426578563833371,-0.5844065968003299,-2.8138756446733177,148.75157523567967,93.19405831648753,1.578998837776609,243.52463238994378,-121.76231619497189
0.0875944600427455,1.6066218566866488,5.619169001438637,-1.078835630869527,-0.6094109361108302,153.494600057877,90.71253882335994,0.007534973617586565,244.2146738548545,-122.10733692742726
0.06933166504013132,1.952498805092273,2.1662610478393782,-1.351791311932629,0.3360068605147717,19.87154328500111,224.0169490962675,1.1988750441028808,245.0873674253715,-122.54368371268575
0.053040087188970846,1.5686360016147274,6.007886792988112,-0.8104221510740883,-2.9112661250175167,76.19796224555168,164.34077497075052,4.618696055038882,245.15743327134106,-122.57871663567053
0.06676117635117663,1.72495059610084,6.364595548175388,-0.8119423773751214,-1.1564435099411072,232.6382386520289,12.177357038117275,1.5907789334254998,246.40637462357165,-123.20318731178583
0.0856632834294596,0.9924829280754975,10.114170391401295,-1.2961933307530342,0.513651705059945,72.67658461769184,174.21124555835303,0.0014559532834757711,246.88928612932835,-123.44464306466418
0.02586729914371307,0.935297339013043,8.284577345241065,-1.4490306336665835,1.3585982322684345,88.44335694600238,144.00656068690017,15.267714787076432,247.717632419979,-123.8588162099895
0.03202298645656101,0.19239397249187767,0.7666619517700566,-0.7738946703433469,-0.15127211816579722,204.28057771105577,31.295490312099535,12.313604242189738,247.88967226534504,-123.94483613267252
0.06971074255816255,0.44385194127812244,1.7580697096669973,-1.2447140489152586,0.5917076251204634,18.894265547817,227.9343418769661,1.1457614061618244,247.97436883094494,-123.98718441547247
0.024846202499383373,0.9251750520118461,7.331533588619729,-0.7371114804957949,-2.5512935877567156,145.98268686232652,86.44153029535397,15.788421801611202,248.2126389592917,-124.10631947964585
0.01867760907791806,0.31337153419066116,10.947909134004279,-0.6153879969686976,-2.7213024288448358,157.79177004106648,72.30670162967884,19.1197846627084,249.21825633345372,-124.60912816672686
0.08081590931584064,1.819017387164894,5.750444841472714,-1.0685658391186785,-1.5965663497828286,35.47563593221922,214.36470247459218,0.12377544039979299,249.96411384721117,-124.98205692360558
0.024880551405216923,1.4495454468412128,3.2391759621874847,-0.8309626842053316,-2.2097396544005994,141.23301932520036,93.66100352453037,15.770763704074177,250.6647865538049,-125.33239327690245
0.08242036822096498,1.9031033386748104,0.5666855484751052,-1.0217070810570537,-0.909157273879674,42.80309063016018,207.82833672986538,0.06150259700093925,250.6929299570265,-125.34646497851325
0.08631727680267093,1.0197565037803824,7.218256968834713,-1.1869302563186386,-0.19172054429370045,70.05134345259845,180.93061286578026,1.7315377522503794e-05,250.98197363375624,-125.49098681687812
0.049074913182548634,1.0449631854685562,1.2519501961491404,-0.818961640716403,-0.3535646608659673,231.15597977014042,14.152850416554708,5.787348204728945,251.09617839142408,-125.54808919571204
0.07886421712482997,1.118801844435658,2.3758737834032355,-0.6370558662175758,-2.700987775881055,152.63390301903468,98.59699269373492,0.22858537442143356,251.45948108719105,-125.72974054359553
0.07407772242791054,1.682230268902556,1.9936174890278082,-1.0292664533205473,-0.03209888025593255,235.55427614362586,15.526473088885089,0.6206714933869824,251.70142072589795,-125.85071036294897
0.01149569786763,1.7468330525394808,1.886720340505944,-1.251641293415895,0.40072572351432534,142.5992427258239,85.98465948302633,23.399853658039543,251.9837558668898,-125.9918779334449
0.08905078915267833,0.9900018832173088,3.01982022216112,-1.0575564053237785,-0.6930778948588152,94.66490339579173,157.29364217568516,0.03277523472357128,251.99132080620046,-125.99566040310023
0.07885056279561743,1.000007083294028,1.2030731650605375,-1.2170527702440832,0.9150119529667169,179.2712938043252,72.67553025553961,0.22943100137156452,252.17625506123636,-126.08812753061818
0.04621214789540174,0.8756725174037707,11.697178115718687,-1.318699870925818,0.397745225052641,51.36988359357639,194.26832961736764,6.712931450743625,252.35114466168767,-126.17557233084383
0.0038705312726902323,1.4990839495884503,11.999224699801257,-0.9886990344443649,-0.9145758242803907,178.36934303080193,45.9772834298015,28.416824090726557,252.76345055132998,-126.38172527566499
0.08457907327561887,1.66800988411891,3.3648843748915787,-0.959332225410013,-0.8981850722343161,203.89292468199122,49.54989827244283,0.011731758734225196,253.45455471316828,-126.72727735658414
0.02686651316557499,1.1533152823912796,4.236665653782818,-0.7489330357075683,-2.6345657674802094,143.58419805044446,95.15545828974557,14.766619246088826,253.50627558627886,-126.75313779313943
0.08722299373598538,0.06405105111700593,9.124226703345371,-0.6162029693148715,-1.2083408857659264,72.17530751349231,181.51384828470825,0.003939778172670484,253.69309557637322,-126.84654778818661
0.0898564534025567,1.5065740676580806,8.41968807594882,-1.0397269456854206,-0.9673362101015854,146.0472655355988,108.65034551491307,0.05436902239544813,254.7519800729073,-127.37599003645364
0.08948231492133567,0.7177042109214281,0.9276237001224663,-1.0778547213907796,-0.04679417702603228,92.01022139384995,163.1967886928075,0.0436651909922244,255.25067527764966,-127.62533763882483
0.03952583773641746,0.2929203106983724,4.854645073587606,-0.7278676148012135,-0.3591155919971687,210.12258315827555,36.887902836236115,9.142069117978432,256.1525551124901,-128.07627755624506
0.09013315868849149,1.1034393841548447,4.2176115553228595,-1.0733413175932744,-0.696820893809404,107.97372630413861,148.20609437196205,0.06303941109509625,256.24286008719577,-128.12143004359788
0.07344549729284108,1.1249401938601953,2.6235245915952206,-0.8685208546880244,-2.264929105816437,62.12801527309133,194.19530620479645,0.6868044155277604,257.01012589341553,-128.50506294670777
0.089234582887514,1.0031248191263455,2.446366604291358,-0.9180515878455473,-1.3155441946689894,123.7909781381234,134.01413242980666,0.0372227992382211,257.8423333671683,-128.92116668358415
0.028442510284594158,0.7407178190262881,5.137170930362785,-1.2060637031301824,-0.0012993938586802756,111.36825039732112,132.82801378518064,13.993266096892283,258.18953027939403,-129.09476513969702
0.05645645723289338,0.47736442707875915,11.705714673843698,-0.5562709820933036,-2.6775542331847086,136.51353651358997,118.44369212109193,3.717381329085925,258.6746099637678,-129.3373049818839
0.07567285614103784,0.6496274000310628,1.8760565324040135,-1.2116474751511954,0.15333832426107463,23.58560939273053,234.70654764976794,0.4686912770315739,258.76084831953,-129.380424159765
0.09010684321341628,0.2824538064073329,3.628028507636077,-0.8114347649948269,-0.5759504304467447,143.6515823876409,115.15743147938267,0.06218724310398426,258.8712011101276,-129.4356005550638
0.07041672780506741,1.6148490248302039,11.294768059274613,-0.9885843553948235,-0.27126298284165884,251.29919152254286,7.220574955187661,1.050051215764245,259.56981769349477,-129.78490884674738
0.07930771338857592,0.8408433890195408,11.07282307149302,-1.0518394680987244,-0.887508367470554,70.49665496006324,189.08874733628258,0.2019680829807181,259.78737037932655,-129.89368518966327
0.0007928241068852749,0.8960903125084165,2.4272786318783943,-1.2377136246117504,0.5188513111229933,172.46504013360294,57.03541402007151,30.579720451374072,260.0801746050485,-130.04008730252426
0.0365523800107991,1.1817982397602869,9.404893606749415,-0.7391117807951881,-2.939019667723158,125.78793218885578,124.04642380343219,10.342590581150876,260.17694657343884,-130.08847328671942
0.08240493737098793,1.3322627549166615,6.846495557257061,-1.2026727561738062,0.47875992201864737,202.87846266098217,57.511972068773524,0.061998838526401326,260.45243356828206,-130.22621678414103
0.023582122752708073,0.3209192634931682,1.117694217608464,-0.9420865681788005,-1.2016399460687477,141.47605811454363,103.61621631828108,16.445132608358428,261.53740704118314,-130.76870352059157
0.025123379399195237,0.6942829027947623,0.8808322433864864,-1.4040191700745135,1.3035711326216166,102.36651053433249,143.64508800355807,15.646212417574915,261.6578109554655,-130.82890547773275
0.09006854051510983,1.4299150346873417,2.4050896576871037,-1.1588098222303156,-0.5285005933938525,68.47868647305135,193.20022461216706,0.060957258728268404,261.7398683439467,-130.86993417197334
0.07584588356433483,1.7139148375408435,8.024597100001822,-1.028308544926056,-1.9467648144456966,35.19909806730795,226.2355123045244,0.4534866535014333,261.8880970253338,-130.9440485126669
0.0800808110410486,0.8168703203860236,1.0350588417249216,-1.2904304712804362,1.138546792019402,124.55464977231,137.37934495359076,0.15950721829829986,262.0935019441991,-131.04675097209955
0.08178644462613267,0.6659634248425979,11.132853035877751,-1.1233702179022549,0.7206959592853694,225.15021095710694,36.895876628048015,0.08353061909092006,262.1296182042459,-131.06480910212295
0.03504166075910367,1.227926549731351,2.9897568485185797,-0.7982027921738829,-2.5401835045157997,128.14452745021808,123.18081596934951,10.980901680277105,262.3062450998447,-131.15312254992236
0.059952139624700126,1.7466357740735832,4.405858652187135,-0.6517854695794264,-1.8406063281612122,229.60766494354155,29.916354122901016,2.8963107203173015,262.42032978675985,-131.21016489337993
0.06542323621537503,1.4796780183958802,5.526006968024359,-0.9737395982085584,-2.1311937895347324,47.55793181920719,213.57767648257425,1.8166600357907152,262.95226833757215,-131.47613416878607
0.005248238596070543,1.0237299903464105,7.024695776473771,-0.5704417012118619,-1.276888003672356,95.74956108765996,140.55152730379336,27.474324493614237,263.77541288506757,-131.88770644253378
0.08982364996780959,1.4036295703754786,10.58314305029138,-0.9457636655094769,-1.9578347979664579,91.29566858132316,172.8113707194375,0.053383657812210696,264.1604229585729,-132.08021147928645
0.035665148953725946,1.0251798803469216,8.511865293708201,-1.2561825024529638,0.023080433591090355,86.86043261571683,166.94762890384968,10.715148448236935,264.52320996780344,-132.26160498390172
0.03330512909904199,1.8222502552003452,10.041827676133755,-1.2975802329370434,0.1554293649053049,90.33254662640185,162.65727737211625,11.738233817095253,264.72805781561334,-132.36402890780667
0.07763089562254763,1.7832895839728211,4.084482143906783,-0.8632347002101926,-1.1358437337794747,242.65421966672875,21.94552804775816,0.311264578546839,264.91101229303376,-132.45550614651688
0.08290014007152027,1.8721726110599903,5.393656365082511,-0.7024433198043765,-2.4294832083078903,213.95592087216153,51.647928776901736,0.047068361619245394,265.6509180106825,-132.82545900534126
0.08097399268245398,0.5307642375738566,2.2362756679262157,-0.7819452287574358,-0.8911550833993553,214.51149967409347,51.060622438384385,0.11668249510716888,265.68880460758504,-132.84440230379252
0.05949959675033084,0.22330754688244175,7.838550840103252,-0.8139033087702463,-1.3747109057702347,67.45095661586001,195.5477093090916,2.9968384273227087,265.99550435227434,-132.99775217613717
0.0903068050306506,1.6720829582449863,9.17203191445317,-0.9280452417859906,-2.30816118514635,80.28540106334437,185.96901115524588,0.06880794553931358,266.32322016412957,-133.16161008206478
0.07910632997904561,1.101484402645043,9.717255472088832,-0.8529078579331144,-2.4169563044635285,78.15053812559756,189.46431442748053,0.21385035100013822,267.8287029040782,-133.9143514520391
0.011482889490179555,1.9850102318558058,1.717117351864631,-0.9473141857535902,-1.342193015035775,176.21794274735282,68.56794670439942,23.407872672868574,268.19376212462083,-134.09688106231042
0.08251086550059802,1.1431359385790985,6.890916374759,-0.7216214893865195,-2.950110221649701,112.83663454657358,155.90932025688537,0.05863242792600079,268.80458723138497,-134.40229361569249
0.09143839716893523,1.4698868342413556,7.9817604275942005,-0.8321909464914545,-2.362146929171826,138.46640640732386,130.2892940978114,0.1125836915909126,268.8682841967261,-134.43414209836305
0.019502862461025606,0.4361340693698423,4.991700935399914,-1.0850647069651602,-0.45075378195714233,152.35214726587267,99.32626178434248,18.65564152736131,270.3340505775765,-135.16702528878824
0.0838035473952489,0.426816365051575,11.726514902316062,-0.9007785830165722,-0.07715779331716366,217.83285545362804,52.476642173140334,0.02512079568922552,270.3346184224576,-135.1673092112288
0.007937964239831296,0.9815251759509948,3.283664096136025,-1.1023031189666184,-0.3929497178679977,175.9654108574067,68.76621871835795,25.680070919094593,270.41170049485925,-135.20585024742962
4.9284441119967774e-05,1.8388078294321784,3.424831803503142,-1.1053090327870363,-0.23400936859734411,192.00795269979582,47.79193429970221,31.114148445507958,270.914035445006,-135.457017722503
0.08688313280295436,1.1387533079623806,10.99952181669792,-1.30429743288679,0.8181830532144252,161.95044892487635,109.56058459569925,0.0016626965661724862,271.5126962171418,-135.7563481085709
0.08696541695805872,0.9770843545986712,3.7981664147546024,-0.8291425204208467,-1.8982221031293083,134.3304230854117,137.38094402489082,0.0021252616453146457,271.7134923719478,-135.8567461859739
0.062343088624649004,1.7230318150923825,4.743222010559718,-1.414125375077736,0.5169661722530994,22.077276172570624,247.33179330895547,2.3936523312544313,271.80272181278053,-135.90136090639027
0.088394925192201,1.1907862988356472,1.254226548457106,-1.2539257606388101,0.7027367063217906,132.72506467567953,139.15104861974243,0.019210000649827516,271.8953232960718,-135.9476616480359
0.07356634480053602,0.9085377524906327,6.379830692951963,-0.9160345047163838,-1.8745699693464755,75.04309490756296,196.21407586800723,0.6739045976877301,271.93107537325795,-135.96553768662898
0.07319407562134074,0.6589876491704844,6.497152289931845,-0.7253007326539128,-2.0893078721890816,137.18161304145323,134.1758137890458,0.7140342108278199,272.07146104132687,-136.03573052066344
0.08369601471756907,0.9262582301815695,1.6089269075815107,-1.176502068143402,-0.23595450142109264,32.88031446481959,239.99684326985977,0.027374880204172565,272.9045326148835,-136.45226630744176
0.0073901286779845,1.5530669364765413,4.934585022668607,-0.9343273828004177,0.5263921527606747,169.59887321722775,77.58789826055701,26.040606234441178,273.2273777122259,-136.61368885611296
0.08861320327552603,0.7827300066703676,10.595606719223003,-1.3836478762372073,1.053902618749678,53.91534774720843,219.31377748367936,0.023324720128403482,273.2524499510162,-136.6262249755081
0.04126628203611966,1.8458662669641803,3.4213336236588576,-0.5923160479954553,-1.7065925088051568,205.04908515779894,59.89287560769798,8.47372340833524,273.4156841738321,-136.70784208691606
0.06678834480901776,0.9461060484167566,7.275359342893024,-1.083129860705351,0.612167336996535,268.55750589668173,3.9666992161566954,1.5863474385204392,274.11055255135886,-137.05527627567943
0.0696566449278944,0.48548567494752276,11.344762009531268,-0.8924573744964617,0.06772190826128632,257.50682806865547,15.487148277254107,1.1532675695407602,274.14724391545036,-137.07362195772518
0.07267263565464802,1.2362870282774683,6.939079075699848,-1.1427961730221905,0.6000257211493083,258.93610412587884,14.569215549104316,0.7721952548210013,274.27751492980417,-137.13875746490208
0.08633599156357015,1.7014320757143018,3.03064831927336,-1.1060504239649398,-0.08582626519314118,220.53058319298648,54.10810318845748,2.8860062780348972e-05,274.63871524150676,-137.31935762075338
0.05077184476561878,0.6211525898228467,10.773576045431986,-1.382436906402151,0.9370071832770215,54.9046565773642,214.80198452824652,5.271096989562597,274.9777380951733,-137.48886904758666
0.057921418467761145,0.5224553048777916,11.022739752103975,-0.7454803481278538,-0.6212923623884175,239.58897389930553,33.08350909167624,3.3608331353855094,276.0333161263673,-138.01665806318366
0.054810849237473196,1.396940531413718,6.214456725841638,-1.0312609607325038,0.4079369124415311,270.667348215308,1.8527836988677002,4.139328547013527,276.6594604611892,-138.3297302305946
0.06921355373667315,1.7264864125877208,7.842820102333521,-0.7654588477652022,-1.408274844180446,259.83251665035874,15.8232511612059,1.2156698351425401,276.8714376467072,-138.4357188233536
0.08794720376205113,0.5150915178250856,10.450569634821791,-1.074595577241786,0.5724582290784279,215.35985169485892,61.54177844935138,0.012018585975433416,276.91364873018574,-138.45682436509287
0.08124203030077709,0.3453693035199128,8.015892431530357,-0.6732738727284385,-1.5247483567104052,149.19813237812266,127.64422509386428,0.10513430808553842,276.9474917800725,-138.47374589003624
0.09207733374882066,1.7501415930700557,1.5358849674899735,-0.9016895400122211,-1.323873738974494,186.9819763458565,90.09266276001777,0.14203761503652404,277.2166767209108,-138.6083383604554
0.06645353961574463,0.9199041837549302,6.319152991046495,-0.6708437237342134,-1.7006738352305029,228.66569543532754,47.142804776891595,1.6413893594702906,277.4498895716894,-138.7249447858447
0.08253227150749287,1.9670371127146642,10.244056906163145,-0.7229263925707518,-2.2093692001077194,240.3442394709889,37.96974565288881,0.05796355472523765,278.37194867860296,-139.18597433930148
0.04307127851624505,0.7061160057392892,1.9095654314494506,-0.80942993044902,-2.2608446434763323,120.90097220037639,150.449559090766,7.807384045496238,279.1579153366386,-139.5789576683193
0.05238405988527866,1.91626680939859,7.9772531032322505,-1.3463801047168227,0.10422522346990926,45.66599974829652,228.7407864311125,4.802956801144376,279.2097429805534,-139.6048714902767
0.09056901010780274,1.956106351068182,4.0272863003339,-1.2518957594847033,-0.3138238658854231,72.85052090612571,206.87745685165382,0.07799690694264189,279.80597466472216,-139.90298733236108
0.09401087575574255,1.6711276396754868,7.422007480401908,-1.078104490776115,-0.8339733815717869,164.43955398638067,115.37607943384758,0.25199699231138317,280.06763041253964,-140.03381520626982
0.011737804634890141,1.8089862121676095,6.267702343109648,-0.56584202565009,-1.3628511113753965,125.63237913437203,131.66812697951937,23.248534885987585,280.54904099987897,-140.27452049993948
0.03365633305312981,1.2359269369968844,10.955397230631972,-1.3139682433951103,0.26810928657574795,94.0215149114835,175.3284517311072,11.583030440546183,280.93299708313685,-140.46649854156843
0.07891683601753509,1.9337871297791573,10.856051149956862,-1.0325282838914012,-2.09968579879659,37.178025243734375,244.48025280850797,0.22534123224321798,281.8836192844856,-140.9418096422428
0.02076833128612521,1.3728513633043153,7.989891781705683,-0.9382352023818753,0.44554876882900096,210.38148883981023,54.69170436218655,17.95498803467649,283.0281812366733,-141.51409061833664
0.04909217646576554,1.2747369326620783,1.494583925173522,-0.7468156781304619,-0.7415277093583694,250.0708647810197,28.375411567924434,5.78197485032451,284.22825119926864,-142.11412559963432
0.0353590176703972,1.7712267771229075,7.310026100926732,-0.9178153052419574,0.14736348828955537,242.69541615559916,30.707003525881962,10.845225897622315,284.24764557910345,-142.12382278955172
0.08323320442018452,0.4928931414741007,8.875396756737931,-0.7910552189518872,-1.2040166460371686,160.89079938958227,123.76737487735303,0.03818145449293124,284.69635572142823,-142.34817786071412
0.05976000844589624,0.8980621773366577,10.508522612828193,-1.127015645734796,-0.8554209952433487,61.0503925872259,221.3275700974533,2.938781178804879,285.31674386348413,-142.65837193174207
0.07221139347194065,0.12987858975748162,5.172762040141529,-0.7115190050195213,-1.5781751990919362,45.567718977914936,239.04098314097138,0.8255396715294984,285.4342417904158,-142.7171208952079
0.09554803161269075,1.8222890547284325,9.11370467346473,-1.1057652422040452,-1.1135415589743505,111.53825643902645,173.67630332929633,0.36175195591150067,285.57631172423424,-142.78815586211712
0.07775391277737097,0.26050437162739354,7.099254396803145,-0.6573312732494463,-0.8442195529969316,245.40679832693124,40.348565869092745,0.302445882800652,286.0578100788247,-143.02890503941234
0.09205063148072734,1.4626516599560728,10.95272172777137,-1.2237857545921358,-0.41480523216803533,81.38951017457481,204.82759186820775,0.1407382346961291,286.3578402774787,-143.17892013873936
0.07683655473256648,0.871463455401932,9.552502954434399,-0.6770688477923018,-2.173240068356115,198.1450229689874,88.34431968203953,0.37125933688919316,286.86060198791614,-143.43030099395807
0.00045074534118885626,0.23902100073355526,1.8334648232333897,-1.0281776998906424,-0.6958312884995612,208.3536785043536,48.00443949035814,30.825018629819816,287.1831366245315,-143.59156831226576
0.026187688836776756,0.5303658369654385,3.7854573712886923,-0.6356567466505723,-2.9239415266758533,173.8490939634803,98.2321831147508,15.10613202521451,287.1874091034456,-143.5937045517228
0.09645100294053519,1.8712389989252216,8.478646296226762,-0.8702503303545057,-2.6360159324675307,115.8117628704057,171.8117926036211,0.43545086323609994,288.0590063372629,-144.02950316863144
0.05828822731420657,0.35185915451058075,11.847138546834485,-1.2209821087590356,0.4712523925328349,56.529601628518776,228.64833907614104,3.2743710202719423,288.45231172493175,-144.22615586246587
0.0331476620862726,0.7670839872882822,3.659149200577761,-1.3724371845576882,0.8085361216141322,97.78953010533677,179.0708619931918,11.808156713436214,288.6685488119648,-144.3342744059824
0.03326936554850066,1.731449671532371,9.957483779565292,-0.679205918033066,-1.0353075185226976,211.68324506072804,65.69660085049712,11.754096322353409,289.1339422335786,-144.5669711167893
0.0225779748405803,1.599590387494672,10.453228402939606,-0.7230332473794496,-2.951286330667007,175.76762946864133,96.50877141377882,16.976340965704946,289.2527418481251,-144.62637092406254
0.0003967723677788837,0.7537812552710402,8.500128436464012,-0.6209491819589058,-0.8950256265368939,101.78085517031221,156.7336269906374,30.863811125155088,289.3782932861047,-144.68914664305234
0.09574660030811186,1.7533455277626795,5.919061744067753,-1.1472114366446349,-0.8662889103724201,103.68830676688884,185.69706218185493,0.37737312842528686,289.7627420771691,-144.88137103858455
0.05828673714760283,0.20520050976245618,9.965779374159945,-0.7644286568065441,-1.682048180404121,81.28236717282508,205.50453502947772,3.274719994589699,290.06162219689253,-145.03081109844626
0.08797271934756085,0.038917770226464775,4.221829934002265,-0.6170166641902525,-1.1768731496848823,65.18121401409407,225.1765494276174,0.012383317574286732,290.3701467592858,-145.1850733796429
0.08717356682916817,0.9541356689654047,4.150230959202222,-1.1806492304687872,-0.43886636363205467,48.46823720113622,242.159388004149,0.003548510043120249,290.6311737153283,-145.31558685766416
0.05195219213178949,0.5773628200951403,5.070933887857548,-0.884558890748716,-1.7035771737607854,114.56668985559118,171.18413062221177,4.926224228638916,290.6770447064419,-145.33852235322095
0.010689075117557411,1.0271478811481698,7.212912079917498,-0.6628249902791545,-0.7551337780650229,141.88389528828537,124.8939959542107,23.907541613838802,290.6854328563349,-145.34271642816745
0.05400452420264885,1.7336951705200958,10.519346878492232,-0.9604765926039105,-2.3146510570151086,80.10566954294947,206.22957478861346,4.354354808540556,290.6895991401035,-145.34479957005175
0.03335854763700149,0.34514857388091996,4.332007436914882,-1.3957621295807525,1.304618576294919,101.103672537285,178.05865016274367,11.714560595234271,290.8768832952629,-145.43844164763146
0.086446624587541,0.5629278135981262,9.370147528136172,-0.92905964009036,-0.8188365456214193,133.43239354286013,157.68669579101638,0.00015702390774281934,291.1192463577842,-145.5596231788921
0.08676673800809191,1.3663401693851172,4.640410317316435,-0.7359672710293852,-2.1750113729229303,223.23889434712365,68.52523765537453,0.0011052025063881025,291.76523720500455,-145.88261860250228
0.05124446040607037,0.7629517680225419,6.3123426396131705,-0.770471848443157,-2.55901459140395,125.41574501081935,161.6641801285481,5.131608105521579,292.21153324488904,-146.10576662244452
0.09439221788691261,1.5812727666187423,9.708057634743191,-1.2020498745068648,-0.5295925989646975,99.82045618057754,192.48879981360062,0.2773798473234515,292.5866358415016,-146.2933179207508
0.05054410001765572,1.157842042703003,2.4334684315979658,-0.7460974273591836,-0.7948901280808616,256.61184087197313,31.049906890997892,5.338981952243972,293.00072971521496,-146.50036485760748
0.03869933241168464,1.443102347364479,8.833193577667702,-1.0932975522597053,-1.193651091916779,108.54593706314103,175.5458143900837,9.468337529059008,293.56008898228373,-146.78004449114187
0.09072701773490313,1.0540882889023806,3.5418030392112803,-1.3230315313754732,0.3580638714541462,46.867386447762044,247.32632935921762,0.08381228044347432,294.2775280874231,-147.13876404371155
0.06196684489888348,1.3240769510255406,0.9301642806667382,-0.8470519592208386,-2.390919348507637,74.5453372954522,217.8904590494175,2.469577639662393,294.9053739845321,-147.45268699226605
0.0961906994151746,0.5380512127857647,4.976333710085255,-1.0769740331595696,0.20162747570736617,156.1623984137449,138.4482407455537,0.41350491123999705,295.0241440705386,-147.5120720352693
0.06692770679904367,1.5947804553957867,4.4317240698884905,-0.819193498170362,-0.9162408006419973,282.52124334854653,11.201146492309153,1.5637130321040955,295.28610287295976,-147.64305143647988
0.07970642691228987,1.0157821515902732,7.021327200486439,-0.8670278484382736,-0.8789046745319222,259.3418400728395,35.8998193881659,0.17944452193320284,295.4211039829386,-147.7105519914693
0.07515718848933038,0.6777464247667186,3.1585176938308437,-0.6853881049978788,-1.4822112123215565,239.76054439893107,55.210254364299445,0.5154920643798369,295.48629082761033,-147.74314541380517
0.033584033628154854,0.5630147212394894,7.672737537863535,-1.1787510257687963,-0.14217828820791345,126.85508867601469,157.9173065716924,11.614896433530319,296.3872916812374,-148.1936458406187
0.01777269949788214,1.7201117743209446,6.962431311527252,-0.8346320888567054,-2.2407054937144477,187.27113639809042,89.61673515536212,19.63528382357863,296.5231553770312,-148.2615776885156
0.09195159845457988,1.0867893986096266,0.8036636621247877,-1.1908677281586153,0.253621020561277,82.69464741647106,214.00311211380966,0.13597124641165384,296.8337307766924,-148.4168653883462
0.04037352384920666,1.8955520130633914,6.60119948121355,-1.3197446840831208,0.06427717210854222,84.2922345345371,204.2533161200994,8.813381640331547,297.35893229496804,-148.67946614748402
0.021430934677883907,0.6101091644529769,10.7350556066933,-0.9825381759297628,-1.175439216689499,175.91428980133523,104.13801721450501,17.59347282904151,297.64577984488176,-148.82288992244088
0.09502277008968948,1.2706606088104182,5.206886016635406,-0.9696077138749774,-1.165668431105463,190.09489462892097,107.25583273941916,0.3220221418933472,297.6727495102335,-148.83637475511674
0.08312238090991839,0.22855170322036475,7.083171261711543,-0.5811913797990748,-2.088926223148823,99.43867441372424,198.35790310554384,0.041035350861160676,297.83761287012925,-148.91880643506462
0.03778665905642083,0.36329050636623317,5.317315144376793,-1.2008008600822861,0.17768783860194226,109.03718809685908,178.97171576934457,9.835267420867789,297.84417128707145,-148.92208564353572
0.031008692129618508,0.30835205476717736,7.9440460097802905,-1.2814788002687452,0.6741690554177042,117.73957192859324,167.8465903698652,12.778528571660583,298.364690870119,-149.1823454350595
0.07191464189552164,1.7003939360906408,3.466092319034961,-0.8976148663764498,-2.8197682749791824,54.238223108912756,243.55665738097682,0.8608019361032995,298.6556824259929,-149.32784121299645
0.0714804040216521,1.2064547715421785,8.368402503906033,-0.903445167250446,-2.5707152739545194,61.98047171276726,236.31800476534207,0.9137304228639765,299.2122069009733,-149.60610345048664
0.0863006103956514,0.8655575573140332,9.17526472387027,-0.8482741471276434,-1.8399149715038385,138.11271576031672,161.14587567144386,9.503268565241805e-06,299.25860093502916,-149.62930046751458
0.07557929021128706,1.6399742008912,5.510134731319839,-0.6475284641762422,-2.2522212472074195,262.2853238051704,36.811511621934535,0.47701773743992604,299.57385316454486,-149.78692658227243
0.031252111461275836,0.11200589098846815,9.616139446900076,-0.5610598749904807,-2.9821758376703476,164.13566466193913,123.73978023931929,12.666166236062567,300.541611137321,-150.2708055686605
0.06574328454287956,0.8334286018810318,4.198297670587598,-0.643585490216386,-1.6523832561770684,249.5294262014277,49.56407926723842,1.7612630449188056,300.85476851358493,-150.42738425679246
0.09613558871141861,1.8534619857368453,0.9355571146917045,-0.8842812823341988,-1.8679585986416871,104.61821182108577,195.8467340726511,0.40893136016145776,300.8738772538983,-150.43693862694914
0.09810590724553513,1.9290834149906626,5.958984603031153,-1.07645880483347,-1.0496405218349791,162.5863463516898,137.73393609230985,0.588245068009467,300.90852751200913,-150.45426375600456
0.07246382238571342,0.2444723006564256,2.3945113294702356,-1.1242719795161944,0.2058047707808437,26.688697634978343,273.77666885993995,0.7961246048120006,301.2614910997303,-150.63074554986514
0.015327710264832485,1.1014158302165409,9.006965626736255,-1.353768220277053,0.7844607222219149,153.73172812192684,126.53810386348722,21.06241274765664,301.3322447330707,-150.66612236653535
0.09461639701075497,0.10353271365105036,1.0633861753908003,-0.8266763258873769,-0.2383575095997954,150.14490854451935,151.79111119755683,0.2928700042675801,302.2288897463437,-151.11444487317186
0.01689097751160168,1.6564005320662958,6.3017202390799465,-0.7334945796437446,-2.7823770224190674,197.80724266792618,85.18833196400531,20.144169608174764,303.13974424010627,-151.56987212005313
0.07025813719839444,0.582435611802731,4.948946064814811,-0.6169684229345755,-2.69275345480753,149.0992832530432,153.85301779547225,1.0711878096191723,304.0234888581346,-152.0117444290673
0.0022775764627606665,0.693026716430601,6.807756254845229,-0.8902053431075858,-1.5148980051736949,224.77832613723575,50.243041303923754,29.526389639495264,304.5477570806548,-152.2738785403274
0.0029127549106382736,0.6458291214627385,8.994980354350739,-1.078848905914212,-0.5028574110162527,214.38057877075693,62.39867495917663,29.08141171422369,305.86066544415723,-152.93033272207862
0.06914797936976101,0.3764061000976771,1.8897276106320133,-0.6963628300763317,-2.365577317933327,98.56047735797323,206.25355838749059,1.225044589940199,306.039080335404,-153.019540167702
0.04041951690429329,0.9883396419695178,7.666720742167959,-0.7767372307650103,-0.46135861456307037,250.7234600063744,46.53779631194471,8.795720085540497,306.0569764038596,-153.0284882019298
0.0835822557714759,1.337906270658597,2.7396684330753702,-0.9113125122761563,-2.449771235362496,57.40399611079172,248.68992815325313,0.029864882789575786,306.12378914683444,-153.06189457341722
0.048096501303279145,0.4255532212090433,7.031144612240276,-1.1728900847789956,-0.028482740153137343,94.96547558417709,205.06299478218614,6.095966753133291,306.12443711949646,-153.06221855974823
0.09745755165954618,1.3499678710410692,8.641246996230597,-1.1636846914605639,-0.5257158606406809,132.27854864472226,173.89254537450245,0.5256511518975507,306.69674517112225,-153.34837258556112
0.0670218777013728,0.6933317438844013,7.508582921641227,-0.6516921129292719,-2.85372732958982,143.56351951243505,162.5499483233076,1.5485103943268432,307.6619782300695,-153.83098911503475
0.04806242521214175,0.022874819921632393,9.128854997049235,-1.1711737323732232,1.0081643772704112,56.48803903463421,245.09011476351648,6.106859767447973,307.6850135655987,-153.84250678279935
0.09684587747870377,1.5735037021673897,10.001243386851263,-0.9787250118522703,-2.1221085446032304,92.01799466797067,215.3334035397351,0.4698256142903872,307.82122382199617,-153.91061191099809
0.09638316466694906,0.9535733376524901,9.642985957268582,-1.1551406067964045,-0.19405587043289074,136.60924033044063,170.9745466163946,0.42967681245056494,308.0134637592858,-154.0067318796429
0.027840640963255947,0.025730520998207544,9.569917042091726,-1.053653539755411,-0.2607236751510644,120.4572303125702,173.6548020322806,14.286152865480805,308.39818521033163,-154.19909260516582
0.07903173471786153,1.3993501597204974,10.957577658626668,-0.8262389257642371,-1.234809812688387,284.0298307562881,24.230569067988025,0.21833790818701806,308.4787377324632,-154.2393688662316
0.09752434008217868,1.6763045177524944,6.193836149378436,-1.1373662299299137,-1.1188749577548232,87.54164630144489,220.62342190987493,0.5319364455313765,308.69700465685116,-154.34850232842558
0.02239933651769891,0.8905425018772405,4.679727128570451,-0.7839360840067694,-0.18078641487963276,208.26252753984517,83.41217964997853,17.071727830935238,308.74643502075895,-154.37321751037948
0.006162057906407348,0.45368397627762097,4.022655993327968,-0.865292553669941,-1.673139717883242,221.62816547669567,60.446747156278,26.857941876592776,308.9328545095665,-154.46642725478324
0.08523261398851449,0.32828075626717473,1.8526908121984635,-0.5651495472247423,-2.4341549705083105,138.7637642073663,170.27639162601844,0.004359221801814005,309.04451505518654,-154.52225752759327
0.05584390498744277,0.5693345520578785,4.882187286043506,-1.1078791564876642,-0.582681554622301,88.6195738018586,217.40373702828597,3.8717951296048994,309.89510595974946,-154.94755297987473
0.050661401535306336,0.034212638585418925,5.0744495007288375,-0.7068538927152086,-1.835045324735703,82.43674616158087,223.09154866105627,5.303963086042325,310.8322579086794,-155.4161289543397
0.010414366002260228,1.9259689831734281,2.2905737535347996,-1.2175584289140389,0.06400298585683739,187.13276368841576,99.67482037687721,24.081687158725924,310.8892712240189,-155.44463561200945
0.08820467974898173,1.5056780694659773,2.8429509548316827,-1.2621864638286475,0.7771505485856478,239.6922366988693,71.43702747031477,0.01594913426758733,311.14521330345167,-155.57260665172583
0.004178053490893692,0.02699086488635023,11.296132331900557,-0.6146363381621467,-2.919465464647028,229.22018148234477,53.750832607295415,28.205067929263613,311.1760820189038,-155.5880410094519
0.07427444554004226,0.3552883101476659,4.504236240525668,-0.6028673660449535,-2.395417055934369,131.67935949768938,179.15038980864279,0.6007763727097005,311.4305256790418,-155.7152628395209
0.03005861898523325,0.617851697219571,11.915835644964607,-0.9461357915497808,-1.46081842456254,168.7148730129233,130.1377263549281,13.221829923161412,312.07442929101285,-156.03721464550642
0.07273851276364779,1.1144108478121395,6.72327363130714,-0.9831475380179114,-0.014837373057781544,303.83595543608226,7.544471717907766,0.7647217111157575,312.1451488651058,-156.0725744325529
0.04495277426728457,0.09921416027838693,1.9435831346123742,-0.7195500549579078,-0.1444777227707883,288.0599551426854,16.96401812106671,7.141845673809451,312.16581893756154,-156.08290946878077
0.09448734825832578,1.0832366178861486,4.257541121697323,-0.9256098724069656,-1.8826670401030574,107.8508755708875,204.48436343833356,0.28390169076265515,312.6191406999837,-156.30957034999184
0.06939546457454852,0.5559314971203438,7.42487265222592,-0.632638178696763,-1.5056324848324727,249.57139573380658,64.45672824318203,1.1898516879877672,315.21797566497634,-157.60898783248817
0.04569930247648128,1.4664605913019995,11.717074044863699,-0.5762425305130757,-1.8075590689901866,244.96425659898023,63.39741896384901,6.885992001102647,315.2476675639319,-157.62383378196594
0.01502799529376635,1.5496761067065212,0.787268557622093,-0.9958079836513423,-1.1864448233408036,195.78446572823074,98.39039597254343,21.24079936569054,315.4156610664647,-157.70783053323234
0.01416504636152236,0.6783969288704271,11.525453909180953,-1.3376541004996005,0.7699106749362681,170.6197880263903,123.06882704678748,21.75861675369335,315.4472318268711,-157.72361591343554
0.04518683364587046,0.34285827398681323,1.6317507105841598,-0.7418827437101291,-0.28627890934611866,277.48852242798733,32.32716683470177,7.061125511771318,316.8768147744604,-158.4384073872302
0.07294529068680704,1.3610899521716793,1.1426764057401813,-1.438324802711862,0.9972782035605281,26.55133348346856,289.59874179591634,0.7414994892604515,316.89157476864534,-158.44578738432267
0.09450422342070774,0.06980506732052512,4.248793080171529,-0.6772390376956066,-1.0095276679102982,58.23139256105043,258.82256792324256,0.2850665135538862,317.3390269978469,-158.66951349892344
0.04582728606252326,1.1455976103005983,4.032627149564453,-1.2721880577332174,-0.17391214298548796,84.13056818388287,226.60974080382707,6.842597488012063,317.582906475722,-158.791453237861
0.05810936606958692,1.250857242539718,2.4707552958930306,-0.740417196244708,-0.9366753573918549,288.2508610129613,26.81859432199137,3.316390431828796,318.3858457667815,-159.19292288339074
0.08917654014677492,1.984146517553708,5.982095696248023,-0.9286745018833206,-2.9212697519032047,50.50878672853014,268.1723489824477,0.03578768106496735,318.7169233920428,-159.3584616960214
0.08319125065178722,0.4777511263389282,8.704981556195643,-0.6856019182119047,-1.696115630950623,189.20873119889507,129.9344486289667,0.03924973854659473,319.18242956640836,-159.59121478320418
0.003918420782849746,0.1225303580501218,0.8936133057164413,-1.3722518764264924,1.1695733687939773,193.29513562601764,97.55473222281631,28.383795880337175,319.2336637291711,-159.61683186458555
0.08420793070584362,1.8750067026763815,5.274102918735545,-1.3420264376886533,-0.21276165390548396,25.729348378143158,293.5495720299579,0.01751092956120918,319.2964313376622,-159.6482156688311
0.020585673609478633,1.7022112927397102,4.6199432025585985,-0.570172331144697,-1.3741513170754616,178.765220352749,122.60009885017712,18.05529218107433,319.42061138400044,-159.71030569200022
0.09401400692714229,1.6101529320410377,0.8457740711919773,-1.1292976303192948,-0.5660002783394447,57.41119240086068,262.16019760495993,0.2522004505497557,319.82359045637037,-159.91179522818518
0.0989719136263211,1.6114068224042524,3.1936847995163835,-0.970352843188131,-1.21963928423231,216.97226335627235,102.2322390006473,0.6773426225701278,319.88184497948976,-159.94092248974488
0.08502737384542408,1.9840713265979104,2.370803548527123,-0.9944098277592636,-2.30641466922314,44.00863589870894,276.65014447912694,0.006289272563739801,320.6650696503996,-160.3325348251998
0.04318168432557218,1.9169364651486633,11.435415985889245,-0.6661541783023489,-1.2331243326143735,259.2963168728473,54.45577127770965,7.767511655248372,321.5195998058053,-160.75979990290264
0.016364722823771112,0.948364465615936,9.066929924410589,-1.0522278087872927,-0.9588068818351383,194.55287192728312,107.37445254868861,20.450999864900297,322.37832434087204,-161.18916217043602
0.044887563118221174,0.8744535851492002,6.074545343937111,-0.7392958030472462,-2.988092241180527,149.81236421011795,166.45468334923106,7.164416784973407,323.4314643443224,-161.7157321721612
0.058856003793403,0.09898094555605738,2.9871549885291224,-0.9325588136588537,-0.6903171481248531,54.37521226070572,266.21809401962594,3.142759734773856,323.7360660151055,-161.86803300755275
0.09571857537907948,1.2860937384413325,5.308238088038779,-0.9374684124576191,-1.1632542237076464,240.8124544742452,82.84022793900087,0.37514842743929006,324.02783084068534,-162.01391542034267
0.09194525360777499,1.5012388389898552,8.189055873658356,-1.2928403289265615,-0.3703086477170223,45.832513985478506,278.0924918778846,0.13566863453639907,324.06067449789947,-162.03033724894973
0.0070363248408907425,0.8908179323920041,7.435509123316753,-0.8951920076532626,-1.6410545783464707,229.51031577275324,68.40276667014464,26.274783273433474,324.1878657163314,-162.0939328581657
0.085783750521684,0.3483948558524503,4.733121956059249,-0.6215558883834614,-1.953630763094222,159.8350112136102,164.38615033853722,0.0009218424388198834,324.2220833945862,-162.1110416972931
0.029973929353198425,0.5444550580477782,9.745843070803689,-0.8004719066184702,-0.019801787009484872,242.3649050931116,68.71299228756016,13.261712782867539,324.3396101635393,-162.16980508176965
0.044494117468270755,1.5635901446415388,8.262736745772804,-1.1442161351452678,-1.1200783376096997,102.55393011522638,215.05276857786097,7.301353147660197,324.9080518407476,-162.4540259203738
0.08420130162868976,0.8094736965340771,8.213608401469553,-0.9281959975224523,-1.695364658261698,103.94751188601266,221.08116559628763,0.017624638373146893,325.04630212067343,-162.52315106033672
0.08528302072385938,1.5259904498374561,3.7012971122873735,-0.7276008968126236,-1.9361961625979172,282.34936806851664,43.34890011054475,0.003939159078072812,325.7022073381395,-162.85110366906974
0.09908710375995716,1.3871663296902605,4.097424461811524,-1.0639240415618323,-1.5065368877274086,82.57914618530812,243.61242193269467,0.6896669941063115,326.8812351121091,-163.44061755605455
0.05010520181295845,0.09186232210564042,4.570097055834548,-0.6086685355428716,-0.590123873784977,303.4228848801603,18.50245975178163,5.471031509256448,327.39637614119835,-163.69818807059917
0.09393267230176308,0.7492237697591394,1.1755796361181705,-0.5828372028899997,-2.845421611113391,169.85719905160343,158.24748155601577,0.24694209596166058,328.3516227035809,-164.17581135179046
0.03230161978507881,0.5562292722345652,6.478214299091635,-1.1954320688898201,-0.12118416557627709,146.0384075723089,170.43555386049914,12.187394858040719,328.66135629084874,-164.33067814542437
0.04290161319364004,0.37052242143198283,7.145930500038285,-1.3805671313220211,1.1204420405620352,95.71037674710634,225.5407787011841,7.868856611413029,329.12001205970347,-164.56000602985173
0.10144913236512784,1.4972071932115212,11.368120056326255,-0.8625847626474811,-2.513527294212519,156.54317242899668,172.16039819113686,0.9668835260008481,329.6704541461344,-164.8352270730672
0.09471210147083324,0.4186414883961121,2.443530314237198,-1.2153741779517317,0.6011525494131655,49.505701316006395,281.81806073953976,0.2996111005431405,331.62337315608926,-165.81168657804463
0.07019718950218257,0.2988959223528512,3.458167724847371,-1.315821189160528,1.071970845749112,35.13920571133243,295.45541773149085,1.0793668033397799,331.67399024616304,-165.83699512308152
0.05618959311705287,0.27675054163250035,10.048798844358446,-0.623684821679603,-2.614392598229859,132.53026104660574,195.69161521190065,3.78426688470226,332.0061431432087,-166.00307157160435
0.011129114639326861,0.2730669300767157,8.608548550225255,-0.8590120413557529,-1.7251549116717015,226.90865075685966,81.56521648167832,23.62990554399754,332.10377278253554,-166.05188639126777
0.09453924192838087,1.5425721656829963,4.45069708226256,-0.9008319928799056,-1.2983874571617509,272.12637583009143,59.868251630398994,0.2874913054039647,332.28211876589444,-166.14105938294722
0.08259775801074166,1.1050939860671347,8.329070743494544,-0.7047645571537396,-1.9683902142036165,273.125925238639,59.176145407627814,0.05594112427703178,332.35801177054384,-166.17900588527192
0.015330065754592847,1.8698421104560767,4.807746232906132,-1.333645540482621,0.5541760130824507,175.90738347438753,135.87300071488588,21.06101376866039,332.8413979579338,-166.4206989789669
0.10219390749136575,0.17491272807579394,9.969566168962317,-0.6189176967928873,-1.3393431022865476,134.18771067255653,199.5647579110896,1.0639813747148539,334.816449958361,-167.4082249791805
0.09872916915062065,0.4587774268470944,1.3707958133916047,-0.8720726713424422,-1.2110056366955502,96.48117699311676,237.7008486561656,0.6517348107730933,334.8337604600555,-167.41688023002774
0.020854822862481,0.40013904480067497,5.322714235491958,-0.7484370013553577,-0.16778482984489607,220.0746585473218,97.21863584587769,17.90758975304667,335.2008841462462,-167.6004420731231
0.09455117010896145,1.17149854046233,6.231065450618539,-1.3291244426971733,0.9950063366819082,226.9722148066568,108.12485853128626,0.2883195949151207,335.38539293285817,-167.69269646642908
0.05591522838122539,0.08512664177485996,10.023279102261059,-1.0279677179753304,-0.150588144797279,50.03690644505483,281.5095725299217,3.8536541096842627,335.4001330846608,-167.7000665423304
0.060640191904742,1.8337383868250545,6.089304501628531,-0.9171307204167874,-2.880063360206708,84.15769676108972,249.39303466125241,2.746752977810116,336.29748440015226,-168.14874220007613
0.07708817320145879,1.8898557440338266,3.859221486862212,-1.2947564373049547,1.1299606657069177,296.7223724775923,39.917524892979955,0.3516833901719907,336.9915807607442,-168.4957903803721
0.02165784647476506,0.39654206423992067,4.804014996840985,-1.2954352800353808,0.5702370849384759,167.37793336821966,152.52942681113342,17.470515282027915,337.377875461381,-168.6889377306905
0.0974573594220843,0.546548383554909,7.172681464585301,-0.940381585298628,-0.5204896256811806,191.7221563692835,145.59423659255256,0.5256331148174418,337.8420260766535,-168.92101303832675
0.007762107600773803,1.6481975394229478,4.757919115693595,-1.3610791197992187,0.8739376766755118,198.15375558283114,114.16750560750002,25.795529797741743,338.11679098807286,-169.05839549403643
0.0696054835411384,1.288584513165524,7.972713056101382,-1.3890076124879296,0.1412631246070264,24.737390872379112,312.4709235318333,1.160388870764578,338.368703274977,-169.1843516374885
0.009085726505075905,1.1279196514338072,10.78746953656992,-0.6764092799987461,-2.9364321044399175,241.19619894572418,73.03000678291536,24.932867221686443,339.159072950326,-169.579536475163
0.018413194341120903,1.2836000936867302,0.7278906563083849,-1.2382709163347991,0.10704809272782168,177.95747693172603,142.10833360498182,19.26970450713179,339.3355150438397,-169.66775752191984
0.06984298881765572,0.6167273454419254,7.236314718074087,-0.7537994379225508,-2.3835343021629187,139.07415151185808,199.68501167277478,1.1275151334098006,339.88667831804264,-169.94333915902132
0.004475893357941288,0.07276811158470253,0.8603781586437083,-0.6883510255191201,-2.649970766782195,251.6879791842299,60.75162916893748,28.00073384613119,340.4403421992986,-170.2201710996493
0.059355891435142354,1.188469090606775,4.7883270567451195,-1.0630291630554183,-1.6737552225840477,81.11006263357115,257.251951542563,3.029119834749532,341.39113401088366,-170.69556700544183
0.07219816362169898,1.4301110760929772,5.5045840942233815,-1.0250644529644293,0.16730255797979776,338.3811086915465,2.2114322173036074,0.8270960369534894,341.4196369458036,-170.7098184729018
0.06850329348668488,0.9766770014089431,4.614482558380102,-1.156142320562573,1.0324547659276249,336.90455787171624,3.4543710485319465,1.319128495705336,341.6780574159535,-170.83902870797675
0.005836869687807558,1.4235575278173906,2.4933426283591977,-1.0823170164991636,-0.6574661167298634,232.69219662478443,82.1164155830209,27.076483955162523,341.88509616296784,-170.94254808148392
0.03182014278879693,0.8219791066851151,11.973863596616674,-1.3985822566684558,0.7801748397456874,125.90185376297414,203.6752801383166,12.405892966411729,341.98302686770245,-170.99151343385122
0.033634324342687934,1.888735814156684,9.297024237660308,-0.808755656165195,-2.9773695069625203,174.79648643772722,156.09908917332484,11.592726151847653,342.48830176289977,-171.24415088144988
0.06658181684639662,0.44207824174844823,7.319771716639165,-0.9104176927037182,-1.367112642747686,111.50286539262588,229.82172873769886,1.6201896766469595,342.9447838069717,-171.47239190348586
0.05934974303841771,1.0175853552382428,3.9962134186824176,-0.9050383717047387,-2.4141485641082685,104.94029802749098,235.59557158281115,3.0305048446262353,343.5663744549284,-171.7831872274642
0.09662831951938415,0.8966092135009998,1.5931298793901019,-1.3762085871832341,0.9783488270420362,72.36120048636226,270.8139083845784,0.45072516408266394,343.62583403502333,-171.81291701751167
0.06305722230321163,1.717064967735012,4.500718032814885,-0.7521480981879479,-1.0912034343932575,321.2566740086801,20.16721583416417,2.2528017749111138,343.67669161775535,-171.83834580887768
0.09567487681451367,1.0915650282773803,2.0221840258400663,-1.3527953021745116,0.4689686763138283,45.96590305542102,297.51385809976506,0.3716926303898579,343.851453785576,-171.925726892788
0.02615141682304867,0.7007682920043472,4.765125485642697,-0.6852207043240447,-2.9973413248741556,210.33559304957558,118.48668120656548,15.124382011449054,343.9466562675901,-171.97332813379504
0.10359699366936508,1.4287054393735714,11.55989406063439,-0.9661231952252493,-1.8083012347976568,170.02734137139888,172.74502554838875,1.2595227583539097,344.0318896781415,-172.01594483907076
0.09792173171599738,1.0446723697578448,10.152626789731329,-1.1100043880067894,-0.9571434532385767,101.62698748447009,241.97712868833358,0.5701063367180703,344.17422250952177,-172.08711125476088
0.0322505559884474,1.182344126624561,5.334091876458872,-0.9401920992187031,-2.0067055794835627,171.39476963393943,160.73543793845576,12.210475992187305,344.3406835645825,-172.17034178229125
0.05739393984844489,1.125101341982473,10.931263657987333,-0.8215981958329444,-0.49583003985101826,319.9823546995713,21.455421856516526,3.487142520586051,344.9249190766739,-172.46245953833696
0.09572152094331805,0.2910221466918795,5.57858776258976,-0.9065579039636386,-0.5966220049565498,79.54393845059393,265.0251576850448,0.3753819456516218,344.94447808129036,-172.47223904064518
0.09977538020714705,0.8671749156412785,4.393454288047515,-1.3816459818736928,0.8210609848608659,71.53066280157044,272.66650426095663,0.7656222199840428,344.9627892825111,-172.48139464125555
0.016214330523266773,1.867411977851897,9.952775254321418,-0.7898080308044257,-2.605416282285995,226.9309817937023,98.03452487047123,20.539111452926193,345.5046181170997,-172.75230905854986
0.029709952631282305,0.4560090556355706,1.0143652090858715,-0.7427095110012214,-0.23940809939949226,262.30217992938645,70.01665418776408,13.386412624611857,345.7052467417624,-172.8526233708812
0.09942804663855616,1.4982080782041027,5.396644291931548,-1.2432940735284617,0.2587602624798704,225.06128196971423,120.1074310799924,0.7267961504234138,345.89550920013005,-172.94775460006502
0.0751395528181317,1.5466283432514596,3.882796321679382,-0.7374861079143624,-1.4473925249762865,323.0460654716246,22.63642530642493,0.5171320162726277,346.1996227943222,-173.0998113971611
0.03091648045020454,1.571749310139099,0.6007098036516724,-0.7846474400412917,-0.15117850509559627,273.07188980819956,60.835773982358084,12.821223057173675,346.7288868477313,-173.36444342386565
0.08792764780809322,0.6643710451552592,1.2418624257841173,-0.9029021927474697,-0.16530781779835202,321.62561226368973,25.485825026485774,0.011742734631467898,347.12318002480697,-173.56159001240349
0.0479344681596379,0.9604901848023876,7.442443380977614,-1.4392242951264567,0.755198284241263,73.37688084385144,268.95447009544046,6.147850272364998,348.4792012116569,-174.23960060582846
0.005424805171328553,1.5502006789460197,9.295097476092256,-1.3599921056949975,0.8934735732264611,211.7330460901356,109.73482704128581,27.354683074623708,348.82255620604514,-174.41127810302257
0.062011936842914464,1.02571312030312,1.784502959453364,-0.897628552702516,0.009741454413452644,339.29761547948556,7.436951876849038,2.4604156443869485,349.19498300072155,-174.59749150036077
0.010596436920394055,0.8632094564869431,11.525926758672778,-0.8085321672016079,-2.238240718450314,244.18426223108688,81.88956292479591,23.966196853346197,350.040022009229,-175.0200110046145
0.1042846775563037,0.8937194864313224,4.461500836079503,-1.1578678904674404,0.008973319949127756,183.64972052653238,165.33982707625586,1.3613820275215553,350.35092963030974,-175.17546481515487
0.05916772541423925,0.16015680361248583,8.254584119047177,-0.6723014264810807,-2.2393206576506506,107.61696253092191,239.7061937720562,3.0716501907218317,350.3948064936999,-175.19740324684994
0.07227993698995296,1.7901615771981023,7.4651771613383975,-1.3753927023882027,-0.160030703404344,27.775100398313306,322.9415299886071,0.8174996502626155,351.53413003718305,-175.76706501859152
0.0074037120045981845,0.6603083543699967,4.554250459275334,-0.9788743707694825,-1.219904732370882,244.41586981959563,81.14837968705486,26.031636544900845,351.5958860515513,-175.79794302577565
0.08278892450794158,1.7592132625102033,11.431567124492107,-0.9571006122435743,-2.9373823880724794,50.40242433649812,301.50188188237513,0.05024272815630409,351.9545489470296,-175.9772744735148
0.10336891909990555,1.6534083098094272,10.641866632643314,-1.2155665624304974,-0.4181126404824993,165.77375257994038,185.132475402158,1.2266150169489483,352.1328429990473,-176.06642149952364
0.07427632285100662,0.5667537524030762,9.916320643058615,-0.7136745076526492,-2.375215192455216,155.9822065951034,195.96009169413324,0.600588076433554,352.5428863656702,-176.2714431828351
0.10093914733758026,1.8888745864538088,9.834407444849962,-0.9284973613984472,-1.5231601379672914,273.7545226943181,78.24147675408841,0.9030750590989378,352.8990745075054,-176.4495372537527
0.10111996163934868,1.2830123766011732,11.209244287047202,-0.7656340889010131,-2.841956689392859,187.33527741033464,164.68672322759716,0.9254490327113348,352.94744967064315,-176.47372483532158
0.07196627508541958,1.6511547306435101,9.065234174432081,-1.3752230908357357,-0.14650928186695467,28.977988094980038,324.34228882788454,0.854613498240692,354.17489042110526,-177.08744521055263
0.1044691066987666,0.29760033294545346,3.98422327904679,-0.9413009544571547,-0.20786094597927773,117.04956364317194,235.90182867778685,1.3893730015468,354.3407653225056,-177.1703826612528
0.0912263703213613,0.36634555927580587,5.9313538521492335,-0.6939015405459898,-1.6923338040342772,158.67952815609667,195.57351683354992,0.10356505728833139,354.3566100469349,-177.17830502346746
0.00165403469717075,1.2206071177959918,10.488420987798046,-0.6667446573533782,-2.8423012046450022,266.77888463162105,57.66372537887639,29.966501673018065,354.4091116835155,-177.20455584175775
0.05023357372864341,1.1830903107598734,3.885111223846506,-0.9225201082203652,-2.4067981003205237,126.75003263073967,222.8060805957805,5.432241854577774,354.98835508109795,-177.49417754054898
0.0647048133802266,0.8881121426804206,5.655741220537237,-0.8687348998714146,-2.5204017374664316,110.51857902244637,242.5696559468518,1.944135236237296,355.03237020553547,-177.51618510276774
0.0942329223566384,1.4734461606673683,10.02917444324398,-1.4428211632962988,0.5436194751952037,59.667907030306836,295.1043602524508,0.2666287352820499,355.0388960180397,-177.51944800901984
0.10463321224105482,1.711403738100315,11.315153087167507,-1.1067606803023573,-0.8977602606862813,207.31850756325088,146.91766930079052,1.4145189282568487,355.6506957922982,-177.8253478961491
0.04570084310790379,1.4395401261910261,4.899808052155712,-0.6712957640797736,-1.1219228937466548,290.7045717347564,58.11902591523131,6.885468814174489,355.7090664641622,-177.8545332320811
0.08759251071228524,1.1850531615343878,4.936526794013743,-0.9526859840450004,-2.450806111186801,61.17396934149671,294.6238801479652,0.007513091275155673,355.8053625807371,-177.90268129036855
0.08330079191018024,0.055687928648431376,4.201677274640016,-0.6193980073610931,-1.7854892577563712,35.2013209025059,320.61229910981217,0.036491448856113454,355.8501114611742,-177.9250557305871
0.09820283670019445,0.666156216121891,7.190990495212043,-1.3114052345540794,0.6377726763548441,70.95749921985937,284.4530695911259,0.5979053583867613,356.008474169372,-178.004237084686
0.09495542852667793,1.1450831528658425,4.909389410182704,-0.937962358644156,-0.8267485762360369,296.46680024954287,59.70507848684285,0.3170956412332565,356.488974377619,-178.2444871888095
0.05245648478787369,1.4701348031223345,9.132512576032774,-1.186944771218089,-1.076218855696034,88.94609433920934,262.8239135004097,4.782437583779969,356.552445423399,-178.2762227116995
0.10001662185210954,1.4163283846039258,4.6338758612597815,-1.0412762061003797,-0.6167634219520282,274.6364244093533,81.25386039412405,0.7931835030668143,356.68346830654417,-178.34173415327209
0.020327306821793255,1.9979719473911397,7.092396112507808,-0.7838300127647594,-0.1887382829850024,240.1592507260097,99.19970924969529,18.197648121381867,357.55660809708684,-178.77830404854342
0.020430756683656407,1.462846734260967,7.579424068900581,-0.905704920173746,-2.067476356040488,216.34015372311524,123.34197700238785,18.14058181110356,357.8227125366067,-178.91135626830334
0.09860018945935008,0.26999949010155105,7.811891341589242,-0.7645672295506253,-1.1500211566653722,107.59978386466894,249.81342964573793,0.6383291194565535,358.05154262986343,-179.02577131493172
0.038063353499742915,0.1401164337384254,4.532400084790154,-1.335367087240259,1.1574280167135367,109.12930140982063,239.93191803784185,9.723288782535828,358.7845082301983,-179.39225411509915
0.06102383897723796,0.21608613813037533,5.8338717316745194,-0.6410831605224987,-2.487381585741533,122.25410921133742,233.88273614540878,2.6650834614710424,358.8019288182173,-179.40096440910864
0.07088199631411797,1.9277375561673498,5.558060646271228,-1.1408921485477725,0.6580150908417046,352.4662866923385,5.474667796018828,0.9892566277261277,358.93021111608346,-179.46510555804173
0.060356702104882864,0.05378471330712839,3.147139308432473,-0.7420949741616664,0.07600044059658995,345.65339142099157,10.877915728267542,2.807893224809451,359.3392003740686,-179.6696001870343
0.08285082565972418,1.0457903335693233,6.6955780341326,-1.197414838037483,-0.8950005954672413,40.08800489640715,319.6327255097981,0.0484631351709572,359.7691935413762,-179.8845967706881
0.09742119347673173,1.4301515904772146,1.418132001061966,-0.8140272319499232,-2.829823813681551,88.88220724044379,270.51625862469876,0.5222452753409766,359.92071114048355,-179.96035557024177
0.03976033245121925,1.2106801997511683,3.686564535423546,-1.133615247498382,-1.0419103289636888,138.20971849213254,212.67112752951655,9.0505425164596,359.93138853810865,-179.96569426905432
0.09996717009156406,1.4402926907295235,5.3604236072933995,-0.833204528757036,-1.8753787384143152,273.42070048885483,86.24896159124494,0.787494045998585,360.45715612609837,-180.22857806304918
0.08879912963394605,0.8298261025569537,2.4595603494183553,-0.8896911711407705,-0.4592093411148266,328.3061182268367,32.341659289595306,0.027144248171308675,360.6749217646033,-180.33746088230166
0.09219743445715001,0.8677527909287323,4.682263228713649,-0.6691208887391764,-2.670577887810376,206.14721573787426,154.76714160185296,0.1479557534343828,361.06231309316155,-180.53115654658077
0.05070845873394733,0.48563842236600335,5.372769299158255,-1.0780320024130856,-0.7618094563811049,127.91133622710002,227.940662114689,5.289947145489923,361.1419454872789,-180.57097274363946
0.003359337578353352,1.9803022390221487,7.192236083947748,-1.364397163416192,0.9368850375525506,225.5552751137366,107.06865274459501,28.77057838786963,361.3945062462013,-180.69725312310064
0.09628158932134169,1.6488012634483338,8.113393791150106,-1.399451202216997,0.17420524213491895,60.54873102821927,300.5008373865119,0.42110328418213316,361.4706716989133,-180.73533584945665
0.09622869685689373,1.6521107246461293,6.157527998385742,-1.2058724610418603,-1.2068805515778036,42.927122441126215,318.54911645050584,0.41667307265729103,361.8929119642894,-180.9464559821447
0.10013345432981928,1.9300581014357545,4.878931261747062,-1.3712971178109896,0.5209209517731601,166.55542717681274,194.68610174751066,0.8067064984102327,362.0482354227336,-181.0241177113668
0.10550737962964565,0.9031413546876846,4.922207404954709,-1.326516580464227,0.6499451531392522,129.03895427571408,232.65339003030633,1.5522680327687888,363.2446123387892,-181.6223061693946
0.007064882301478104,0.41550927598875315,8.200994298488673,-1.0987597188552396,-0.5314718801781968,245.23071743356726,92.67137363979604,26.25584266199332,364.1579337353566,-182.0789668676783
0.09525206458480191,1.1136749698809163,3.9676621825377163,-0.7458447862138344,-1.9920705087774084,278.05519244125054,86.31355732725387,0.3390814080267911,364.7078311765312,-182.3539155882656
0.09434850395122368,1.095492320039973,5.030478523670818,-1.3938993933306603,0.35300834736861564,33.01717040947301,331.49006772496676,0.27440836827051074,364.78164650271026,-182.39082325135513
0.10589672952969625,0.8053089542419214,0.9943794330537856,-0.9823263469293746,-0.955248387403079,107.67515836322747,255.7711282323706,1.6156806251329103,365.061967220731,-182.5309836103655
0.0973018309084553,1.7598795419932314,11.657154011904602,-1.2131632139700388,0.2036725152159975,282.0624697031407,82.84967823147886,0.5111417340022609,365.42328966862186,-182.71164483431093
0.1005008075261083,1.062487972005964,11.513570318562087,-1.3455306027071352,0.3410223512578954,92.02944303244287,272.7570643587464,0.8499712219531282,365.6364786131424,-182.8182393065712
0.0531939972705225,1.252644714295004,9.650128221010373,-1.1221705465053564,-1.4203233052038675,98.62527717110113,262.7780911135845,4.575988722423982,365.97935700710957,-182.98967850355479
0.02968670725447107,0.7516332694673168,9.238406516557017,-0.6487507772815635,-0.8251370718250053,245.25500681932368,107.47064363081611,13.397421452505073,366.1230719026449,-183.06153595132244
0.0886483042994425,1.7634225784006252,7.846788997126289,-0.985266251279455,-2.8344266094691406,45.75286677996254,321.3311511288514,0.02402364189039705,367.1080415507043,-183.55402077535214
0.06262441730137559,1.1787518014622644,2.4927388694344734,-0.8352720626091267,-0.3797831615508511,349.07133222052266,16.032747722434245,2.33765528499897,367.44173522795586,-183.72086761397793
0.07140951393693472,0.5012043151986172,1.3434299277930903,-0.8927289908571712,-1.8253797707490897,82.00681776985634,284.63482091909896,0.9225210215597414,367.56415971051507,-183.78207985525754
0.07629815206987892,0.3560421496996357,10.419076580972593,-0.7867155077085134,-0.1517350202077563,346.6858323815269,20.473015436938553,0.41492807969655404,367.573775898162,-183.786887949081
0.018524951692434483,0.16382139971263748,1.5118135045274654,-0.6691842366110772,-2.8192250639563703,240.74771871953214,108.41003700997749,19.20626805529364,368.3640237848033,-184.18201189240165
0.10337759414193434,1.7961349292624202,6.009673579952921,-0.8755598267800871,-1.8582202827634446,278.3018828866295,88.89841610875634,1.2278587262917213,368.4281577216776,-184.2140788608388
0.03882381216743505,1.7896623071052258,11.993991486051094,-1.3952907912816108,0.3481836835204293,116.66275627207936,242.91981842439222,9.418832430826086,369.0014071272976,-184.5007035636488
0.055261660982889,1.9668504066017052,9.279339847273226,-1.0640549459787703,-2.0319622036320144,99.1629467085873,265.94907767797105,4.021481510996853,369.1335058975552,-184.5667529487776
0.08823896335009174,1.0086211666600522,3.66689205801585,-0.6211237183079802,-2.4319176324257272,284.74413240922905,84.84723413715089,0.016514378129336624,369.6078809245093,-184.80394046225464
0.07377537825895043,1.3500492522182475,6.953370517374391,-1.208172666054572,-1.164398178326874,41.12206969018217,328.4530970975351,0.6518801281959867,370.22704691591326,-185.11352345795663
0.07633473600659377,0.8272871607967957,11.663229718287399,-0.7322986658359452,-1.188104507327511,325.275747478353,45.01436452234435,0.4118839634984508,370.7019959641958,-185.3509979820979
0.09312918452114768,1.8946495018174734,10.390946945636438,-1.0158019290804443,-2.6863437430139925,47.644720671786224,323.2847680922136,0.19797265408896786,371.1274614180888,-185.5637307090444
0.10225164511022922,0.6325267359376493,1.8122247386487833,-0.7728401457386663,-1.3911531907270303,246.97089542557435,123.31248074792323,1.0717027524251015,371.35507892592267,-185.67753946296133
0.10810897703111726,0.4589116397920691,2.1711166115844938,-1.0201006321947192,-0.19067435580874914,144.65148573187196,224.84335975091707,2.0000826312841853,371.4949281140732,-185.7474640570366
0.03672541174570915,1.3644028014052243,6.027666981196728,-1.1743373700002606,-0.873382228505609,147.7241137560407,213.57102376048996,10.270700843046228,371.5658383595769,-185.78291917978845
0.10356746073558218,1.585889872640798,11.57536681560413,-0.9831534699064564,-2.5241145427058873,88.25646985270512,282.5674674065141,1.2552370479924837,372.07917430721164,-186.03958715360582
0.075853130736251,1.1069031246608299,8.392302685251245,-0.9617481130237182,-2.461230444351807,71.92056451405094,299.91527145276496,0.4528552853023773,372.2886912521183,-186.14434562605916
0.07369622445399464,1.8171206247982266,5.443384482255507,-0.8355869873396288,-0.8553190934846455,363.5835518441844,8.270598434400885,0.6601769951357105,372.514327273721,-186.2571636368605
0.10378262114133684,1.5850892719209277,4.504326582369776,-1.3751875257189343,0.48684006911847,145.86945409975792,225.61828730247765,1.286627560761444,372.77436896299696,-186.38718448149848
0.05015721354713038,0.843682778491994,2.0160660400329,-0.772906173800753,-2.9368705663923644,154.59389571686077,213.1877488058976,5.45529869156863,373.236943214327,-186.6184716071635
0.10661621882202883,1.3377400016358396,0.6163942352745042,-0.7613753236396045,-1.7235540893333057,234.44436941333436,137.16620645406823,1.7362027253447718,373.34677859274734,-186.67338929637367
0.10255699664017427,1.9130518751620884,11.121121211128003,-1.2934727428337989,0.2415884001454316,224.41220685982486,148.16619273791642,1.1130022940623372,373.6914018918036,-186.8457009459018
0.015543410956947369,0.967295368109848,1.9890859476991767,-1.0170639485876491,-1.2297951618106806,234.09742793839277,118.927671064311,20.93449587753291,373.9595948802367,-186.97979744011835
0.03645549840461523,1.4894013023335826,4.586058842072865,-0.9173974050305497,-2.409791354901575,175.58739993436004,188.0931843657782,10.382951607608375,374.0635359077466,-187.0317679538733
0.08012975838611572,1.1364435565781534,8.341610485572376,-1.343301557344202,-0.191589908427928,25.607971034028793,348.37723220454353,0.15698735511682524,374.1421905936892,-187.0710952968446
0.012018110028290814,0.06951608119501324,6.022469191248643,-0.80910635177424,-2.0176825553491646,253.59851379934085,97.89307094992978,23.073954778115652,374.56553952738625,-187.28276976369312
0.09756127747714499,0.6180053470862593,10.398408769640161,-0.9600637983574174,-0.893653108645518,164.79121934555937,209.26883693594323,0.5354285746501831,374.59548485615284,-187.29774242807642
0.08575071189917936,1.1652960686566396,8.927597342835726,-1.1876514338560102,0.7674673791344881,347.94307394687996,26.76497157249416,0.0010562303451530975,374.7091017497193,-187.35455087485965
0.10698847771138682,1.486993304867899,11.985712278196822,-1.1137493197280157,-0.896262303441465,202.40459987089915,170.54337212195392,1.8002617081485792,374.74823370100165,-187.37411685050083
0.0880224823404788,1.2201399723223156,8.36103036751475,-1.2202292642981754,-1.007101039139516,33.79432201837393,341.0244764408783,0.01311033783370457,374.83190879708593,-187.41595439854297
0.10286182807634217,1.6732047087648678,6.62043042035696,-1.0390180098181605,-0.818900384110794,290.5980238852671,85.02611267031315,1.1550102920109664,376.77914684759116,-188.38957342379558
0.0834851991503999,1.919259434406345,11.121989467884713,-1.1004254548788202,0.2038161528645288,364.32657014800014,12.906966724320682,0.032074969070658446,377.2656118413915,-188.63280592069574
0.04710409751377887,0.5347623242194551,7.2858594858415335,-1.2308085182099642,-0.041578929259735276,128.59445819521207,242.44607224519956,6.4171879274241554,377.4577183678358,-188.7288591839179
0.10400293710074096,1.3574343600928447,8.117262850213919,-1.2610106909864192,-0.5162654425648174,87.99791886237394,288.42093773320795,1.319171949343099,377.738028544925,-188.8690142724625
0.07858369805384915,1.0138536863913497,10.80492277573625,-0.8002761787625399,-0.9877386398853361,348.0487808571637,29.727362480754,0.24627165905438347,378.0224149969721,-189.01120749848604
0.09036226366516824,1.0497399238140477,0.8769109556429617,-1.3812442829511657,0.8763780840580324,41.74064048140754,336.71064993409533,0.07070348211721404,378.52199389762006,-189.26099694881003
0.08256579375074106,0.6486418488868035,8.81841882377662,-0.6655574605296165,-1.6116173755208372,297.1965893831262,81.3213620069888,0.05692379531278252,378.5748751854278,-189.2874375927139
0.09700867938662329,0.987852495019643,2.4090597917386827,-0.9660091113456226,-1.909492333176975,78.75423528033389,299.69556722108916,0.48437804463608225,378.9341805460591,-189.46709027302956
0.10616118838448471,0.8844541362530148,4.5345678040352215,-1.0196384506500045,-0.8801809771655393,187.38854284403945,189.89863035457114,1.6594764387529723,378.9466496373636,-189.4733248186818
0.10160513816951625,1.1465544609168588,11.903497394569538,-0.9767456902418035,-2.0453758424286903,112.73591904317442,265.6208906505623,0.9868377353016249,379.3436474290383,-189.67182371451915
0.05830561243296295,0.5121424263340495,8.243481023117775,-0.6880260083862761,-2.7772994778807405,172.18822651307786,204.556913895357,3.2703010642705275,380.0154414727054,-190.0077207363527
0.10900291486092509,1.4239894591909092,8.161330034651309,-1.0043660622567607,-1.8239064849807494,160.18261793795585,217.86667162444127,2.1670403127521114,380.21632987514926,-190.10816493757463
0.0638348061314174,0.1424498834076571,8.902825950693662,-0.5985935806848564,-0.624500248265464,361.438193271215,16.694220785677405,2.1042934568933758,380.23670751378586,-190.11835375689293
0.02175270477144288,1.735496728583768,2.4565619717097413,-0.7645441892841999,-0.23275129339471423,258.51146461162386,105.8247957043086,17.4192418597303,381.75550217566274,-190.87775108783137
0.10500188827740764,1.5354189281667296,11.13644141107296,-1.3138126568723127,-0.1370562718945556,122.18027187196743,258.9453325647074,1.4718336674371248,382.597438104112,-191.298719052056
0.028922941050481134,1.5267560483974338,6.422832691534818,-0.6129122166771692,-1.1367179087081078,256.01715701367897,113.27382129707337,13.761651923118205,383.05263023387056,-191.52631511693528
0.10249510199955023,1.9192507335350546,4.422300660086266,-1.2986666233429838,-0.5654062893168224,70.19456467542743,311.92776217234797,1.104567799429787,383.2268946472052,-191.6134473236026
0.10532391490144802,1.260347230746294,11.139728953706447,-1.2404012483089288,-0.5042729053136759,107.95629806289072,274.1746321496231,1.5228275421699735,383.6537577546838,-191.8268788773419
0.10506574892459783,1.580571880358834,7.1456587563397,-1.1064679243044908,-1.7651386907652111,79.08767276820146,303.27787748402346,1.4818771609484305,383.84742741317336,-191.92371370658668
0.10819286648655833,0.5629696989922388,4.540014428682897,-1.055273054985721,-0.026042292152590463,200.7517516618414,181.28582704899645,2.0154658474601277,384.053044558298,-192.026522279149
0.09880279345837438,1.700681582892723,8.875421778572184,-1.1155014598037578,-0.20898444167663,320.62560616327534,62.934090867137535,0.6594495161940173,384.21914654660685,-192.10957327330343
0.10389752860969674,1.482701942567033,9.071827450504374,-1.3950156391439563,0.5548093964126837,149.86187531639766,233.36856175068604,1.3035506204887657,384.53398768757245,-192.26699384378622
0.010873946340438123,1.9563872798178839,10.419911766395225,-1.1979103686469017,-0.2545674049361666,237.5068342439145,123.4128071941709,23.790702484505832,384.7103439225913,-192.35517196129564
0.08589347628458859,1.392095051596514,2.867197864355752,-0.7804069678073432,-1.302596665169909,356.66588518902716,28.299574327586832,0.0005411114723809953,384.96600062808636,-192.48300031404318
0.10087168795563542,1.9946757016835248,8.086016116226942,-1.0994576645632894,-0.43307452673206326,313.17782657478034,70.94692824720268,0.8947977567715761,385.0195525787546,-192.5097762893773
0.09376708127220117,1.9643366234407285,4.980076950755341,-1.0252620450646703,-2.6678275020486977,44.10308604756957,340.9288581130504,0.23640769340943973,385.2683518540294,-192.6341759270147
0.10518840948764392,1.6798133986057378,0.8388136952982657,-0.8510995772972564,-2.3261990641328785,103.3419687359215,280.5016977961103,1.5012640307388478,385.3449305627707,-192.67246528138534
0.09430607704723663,0.8190026404302327,8.912387324681648,-1.1600514512880689,-0.6700084623461846,77.87506857528061,307.545196769455,0.2715396782118496,385.6918050229475,-192.84590251147375
0.009820817550210166,0.3337690572681758,0.9644775805936093,-0.7218855227607325,-2.677465783505305,273.6247842083076,87.62222122268132,24.46011138966941,385.7071168206583,-192.85355841032916
0.10809273632898467,0.9270611824039369,6.963783324084517,-1.1893132015764927,0.005040792284479068,190.51680848037373,193.35795948636508,1.9971113038767094,385.87187927061547,-192.93593963530773
0.09013004718851891,0.6447070349926184,8.927113717380127,-0.7715464197421414,-2.0411217279349074,181.9069472153988,204.70219926130156,0.06293834980522477,386.67208482650557,-193.33604241325278
0.10305106260591575,1.736200519820239,8.33258369219711,-0.9755469582710437,-2.8367661780742583,71.11443965252752,315.03872397840365,1.181479655857441,387.33464328678866,-193.66732164339433
0.04256318174974376,0.5504824085946294,3.9425248293073727,-1.1893901866349676,-0.32740180715786993,147.1470569853202,232.55048339364748,7.9921959325837735,387.6897363115515,-193.84486815577574
0.05780673333829403,1.6106125767845156,3.8188440297067854,-1.3318980507426963,-0.33015928890358115,71.00737538321813,313.32952193970243,3.3880972768315565,387.7249945997521,-193.86249729987605
0.09411784379409088,0.5996592125796785,9.557834770186533,-0.76216703384453,-1.6088320267263876,230.70302433308413,156.83088664332686,0.258994101402602,387.7929050778136,-193.8964525389068
0.05907636973302377,0.4844787747986878,2.446264033500152,-1.1368662098362663,-0.5377651882638501,99.79651219691087,285.12094644838083,3.092405841823972,388.0098644871157,-194.00493224355785
0.10789218718865257,1.1713629986253407,1.9506803230780663,-0.787430798220244,-2.3124425887285076,204.85163643269385,181.6412646020983,1.9606017551747386,388.4535027899669,-194.22675139498344
0.0975907175506345,1.9757832041378904,1.5132829831375882,-1.4488372508321559,0.755736891805479,71.67347776429297,316.3418383984363,0.5382200753550348,388.5535362380843,-194.27676811904215
0.082549374598568,0.6933118190821723,5.767578403589331,-0.9574985341118791,0.20363957897040263,375.02238586399915,14.65407055429565,0.05743189235764683,389.73388831065245,-194.86694415532622
0.08661523887343658,0.8980545319029467,3.920775708680831,-1.041617050166114,-1.620277334440736,70.98284963036114,318.7625257696011,0.0005495034309382949,389.7459249033932,-194.8729624516966
0.03934994399224204,0.5164606518038228,6.285369749042562,-1.2548773728261153,0.08773563462116662,152.99826689583682,227.75980471356914,9.211025172296914,389.9690967817029,-194.98454839085144
0.11071892945165426,1.2175360893011764,3.5396654931607427,-1.0386837031354632,-1.1862043231916592,185.9430225264221,201.68276974836638,2.5062869601763444,390.13207923496486,-195.06603961748243
0.09303576154199766,1.771459920112469,0.888354428861857,-0.6415606864926182,-2.027104721571722,338.9913974134987,51.14456045986929,0.192629728496201,390.3285876018642,-195.1642938009321
0.06440785044235052,0.7981458856262797,2.9269115090469873,-1.2259993950988706,-0.470100315293112,77.25827192832612,311.1292590516562,1.998090141463229,390.3856211214456,-195.1928105607228
0.08453394224078234,0.5280267569677145,5.621852389682502,-1.2519239889682516,0.2400296104948243,58.02118672028114,332.71172273848117,0.012372902643004963,390.7452823614053,-195.37264118070266
0.015160682792488417,0.2800172723394463,2.7491018035583727,-0.6891466201886169,-2.806768091763031,265.371453052752,104.26762708618233,21.161732624068488,390.8008127630028,-195.4004063815014
0.09343435112635447,0.4553337097610166,4.905542520161417,-0.6933656745539067,-1.95973258801883,184.30916656694663,207.16021291454825,0.21593464068505822,391.68531412218,-195.84265706109
0.0556798895793651,1.5302458564024652,11.954700523555987,-0.7884244689086461,-0.6477450847903157,358.8510153522162,29.109336742991097,3.913673868555777,391.87402596376313,-195.93701298188157
0.05204456439492048,1.3935099695038178,9.91086107766836,-1.006398798288877,-2.270313289097671,124.60883143078719,262.6964165349919,4.899727233602953,392.20497519938203,-196.10248759969102
0.07031790113031955,0.5702254823186402,7.424251100790202,-0.5988431786756105,-1.490736275625651,322.2434369007573,69.30573944582117,1.0631978795229176,392.6123742261014,-196.3061871130507
0.04244644743455554,0.2295249223368891,7.003720584615694,-0.7122145370841922,-2.454778223155941,184.63191738175445,199.99267338386434,8.034961528998581,392.65955229461736,-196.32977614730868
0.09397524006547679,1.9761507901754292,8.002375532800638,-1.4463666835365303,0.16741410229170128,42.10624474117278,350.82158423999306,0.24968722955693204,393.17751621072273,-196.58875810536136
0.08374326376180245,0.061269520272647926,11.461775202117083,-0.867126750754923,-0.4729155642684506,11.310742786348262,381.93376410041697,0.026372526431173104,393.2708794131964,-196.6354397065982
0.08722689627273472,1.2375394734480063,7.891314791395817,-1.0306469427368081,-2.3112191031428244,51.566012718117705,342.1221838510726,0.003971542432982518,393.69216811162323,-196.84608405581162
0.07404794096196143,0.25019405650206794,0.7772078278743556,-1.0217319615704867,-0.8111733440993185,44.98233601922499,348.9910056808624,0.6237116148039833,394.59705331489135,-197.29852665744568
0.004117677732895749,0.1023550411116766,4.287316911795449,-0.8376718094219991,0.34235572794773805,230.35392767865687,136.12206870236474,28.246579484531402,394.72257586555304,-197.36128793277652
0.10219716360701435,0.922564859791784,1.2502695905829695,-1.1763258325683328,0.6860376920761833,289.5707273508831,104.32840183556829,1.0644160793915285,394.9635452658429,-197.48177263292146
0.054115954269427224,1.7164435424095934,5.207939355898491,-0.778329358291364,-0.6599300431989361,357.7718586327659,33.333957998543646,4.324315048984379,395.4301316802939,-197.71506584014696
0.004172472873755324,1.5465019267523616,6.35383406649248,-0.8010468140515259,0.12100247441845458,216.15372555005948,151.0703721198587,28.208903620971988,395.4330012908901,-197.71650064544505
0.043555777537675304,0.46881495219061375,1.1550350435326528,-1.2017502003515748,-0.20812880447384785,129.43614927372965,258.47884553847535,7.633169044687296,395.5481638568923,-197.77408192844615
0.03324485078545692,1.9588374209604678,7.252610866061693,-0.5528292130859509,-1.5485056775091748,269.2171084016638,114.5861422286259,11.764975746473555,395.5682263767632,-197.7841131883816
0.05925544287793798,1.5902761241380274,10.266650486080193,-1.0141765377981016,-2.443475882142943,103.36110127665359,289.7964668272887,3.0517868975501785,396.2093550014925,-198.10467750074625
0.05231583687344419,1.66462190198965,3.849459711789447,-1.063916100959728,0.757250883571269,379.993071728646,11.439803287409516,4.822325727119176,396.25520074317467,-198.12760037158733
0.1029363483722637,1.4453256302131368,5.205718627441112,-1.2703317480341383,-0.7368940783039726,55.28406215148738,340.2093209966115,1.1653980978675602,396.65878124596645,-198.32939062298323
0.10021572387152627,0.9961045412970424,7.806583716505474,-0.7409028032149684,-2.396848621143006,248.89751228493495,146.9910594111556,0.8162975252948292,396.70486922138537,-198.35243461069268
0.06893866539814025,0.6165640874356626,10.555222716784401,-0.5833929732878402,-1.6412556625735295,320.78992506640685,74.82504244967161,1.2552098052614167,396.8701773213399,-198.43508866066995
0.059599664982424604,0.464239118364527,8.936124219395353,-0.8929223477428989,-1.7129734793957152,151.767357963051,242.40313183888358,2.974461624244503,397.1449514261791,-198.57247571308955
0.028004807285697892,1.4698656295939392,0.8157921419184418,-1.1210600225387441,-0.8530132947543576,195.10937952655883,188.72405371179673,14.205963989530849,398.0393972278864,-199.0196986139432
0.047813539109703346,0.36631840491587697,4.7535674405522315,-0.5728446853900682,-1.0474750441126266,310.5390331131619,81.90968031783011,6.186715405586085,398.6354288365781,-199.31771441828906
0.11058254612238727,1.8843481430993225,5.57454942551872,-1.214265970682384,-0.5848586889233207,187.46977701846666,209.7322753334742,2.478422691267128,399.68047504320805,-199.84023752160402
0.044315821895227966,1.4224382607560218,9.479673988990477,-1.3121102704349896,-0.2932746976763463,120.84309826938765,272.18001952810533,7.3638346577142455,400.3869524552072,-200.1934762276036
0.06884447649151285,1.762853968882767,6.067244958288644,-0.7655673838869371,-1.0509244904536386,381.8061277206642,17.590833288456764,1.2689035020975927,400.6658645112186,-200.3329322556093
0.07812192466205732,0.294566408726953,5.9370736216286115,-0.592172682576407,-2.6511009571065047,138.64445514252088,261.9100267661797,0.2768209352044798,400.83130284390506,-200.41565142195253
0.11016085581352737,0.40379585569714105,4.686433825363842,-0.9568631324654069,-0.23996682869432018,188.63504638193658,210.08423235004747,2.3932531427383497,401.1125318747224,-200.5562659373612
0.02485051794785176,1.299174220775844,4.23416765816036,-1.0637993311951623,-1.3273013654450654,217.87916418744624,168.6288885387122,15.786202771679527,402.294255497838,-201.147127748919
0.02292140180784407,0.2078696680367502,10.232131370341836,-1.2947956646764027,0.6021817501083144,195.20381809589801,190.96639199729066,16.793713196823838,402.9639232900125,-201.48196164500624
0.09071144150977563,0.5815291446398827,10.21934336816415,-1.3215313953581949,0.5639731006183757,60.09272351901085,343.19260255564944,0.08322971794842339,403.36855579260873,-201.68427789630437
0.05072780587516733,0.6861579120264757,5.033080839519713,-1.078226820596708,-1.1732640904745828,147.60276000437094,251.88257740984875,5.2841899976385704,404.76952741185823,-202.38476370592912
0.10464202262328369,1.6331702308203773,4.472044280041514,-1.366959641872121,-0.12589595678228704,68.69462822040542,334.68606903547675,1.4158753237322923,404.79657257961446,-202.39828628980723
0.08153215894719201,0.34888267727818306,8.525222849850305,-0.6870696057672296,-2.199381655237466,141.51840098136418,263.2164058688054,0.0933123947631106,404.8281192449327,-202.41405962246634
0.0022552665724074553,0.3410808737553323,3.179060735488288,-0.7792559537255384,0.07183879482417943,212.11838366346416,163.96125557010416,29.542080379307848,405.6217196128761,-202.81085980643806
0.10918305704015392,1.357034733062221,7.274404634888938,-1.1537864026936897,-1.2563488745530462,104.05384080225811,299.40983331038836,2.201494982186318,405.6651690948328,-202.8325845474164
0.039661037208221984,1.606973806675513,3.6183652949705323,-1.2755249190152085,-0.42896180038375054,144.16412421523657,252.51002614102862,9.089242643736494,405.76339300000166,-202.88169650000083
0.10649723203845318,0.5129539674204525,4.935116253339961,-1.1369088821731426,0.0723913505097813,113.67296395488968,290.4177128906017,1.715972003779047,405.8066488492704,-202.9033244246352
0.10450713579319418,0.6026542441369643,10.077503982990727,-0.9493094312401663,-0.695132952596536,220.9647131455436,183.74799713133564,1.3951801326425124,406.10789040952176,-203.05394520476088
0.03564520614240946,0.43143880139172897,1.0238077360322522,-1.3682587992469308,0.7689086376032286,141.2167373656378,254.7440428105131,10.723598399378016,406.68437857552897,-203.34218928776448
0.10514109451260639,1.0398104471728757,10.483632479667886,-1.3454172601753862,0.9941955818349681,258.278522243901,147.22165214102492,1.4937708303968378,406.99394521532275,-203.49697260766138
0.08794242280082286,0.5842465473154103,8.13994025744828,-0.6109147149526315,-2.5374441819556735,230.56005087967728,177.41095879783325,0.011950851178338643,407.98296052868886,-203.99148026434443
0.11275912389609515,1.9724507506471145,2.316927433077133,-0.8026336457491191,-2.9969512589185707,197.34478890501998,207.94607978156824,2.9417090680422184,408.2325777546304,-204.1162888773152
0.09533694338752557,1.977996013744288,7.871156859506148,-0.8870787455738034,-1.2079941548133841,380.4723890962171,27.576489293969612,0.34550795464075434,408.39438634482747,-204.19719317241373
0.11060913048281501,1.042538320751299,1.7658753009446804,-0.8001903393709499,-2.260416583783587,189.67890910727215,216.66851985677283,2.483841879513643,408.8312708435586,-204.4156354217793
0.11166541829281008,0.1774974539665552,4.50137842987257,-0.6887360093128886,-1.144472248223577,120.93365822925453,285.5870585049937,2.7039540437675367,409.22467077801576,-204.61233538900788
0.020465564430042455,0.5382340627803287,9.722492531475313,-0.7095092583182387,-2.8782877376057883,268.9429089646697,122.30031803740695,18.12140087530185,409.3646278773785,-204.68231393868925
0.09857786083524359,1.5496305038627318,3.1849263989790337,-0.9588040201491504,-2.8854638705294358,56.65893974249655,352.8485218643282,0.6360225074332063,410.14348411425794,-205.07174205712897
0.09975861643313448,0.6436551712373727,1.093198007953145,-0.8571560568216992,-0.4539819090129926,362.3560860035142,47.40510668635788,0.7637251082672193,410.5249177981393,-205.26245889906966
0.07843306087453235,1.5610013568515075,0.6341767710864192,-0.8398980776104092,-2.768204971172974,75.6465249235561,334.73658663603356,0.2560410354508345,410.6391525950405,-205.31957629752026
0.10244145106904899,0.4290963764310913,9.784915226311334,-0.7839439067470599,-1.216418257919656,207.50490060693707,202.86188697728147,1.0972826460304814,411.464070230249,-205.7320351151245
0.10989191055213686,0.3773033357193243,10.80750546115536,-1.0950161066559017,0.37931305976771235,140.5947333217204,269.28107655488736,2.339711498128806,412.21552137473657,-206.10776068736828
0.02182500265329724,0.5957211278721086,1.9943959983840367,-0.7778110866059101,-2.6145357208682305,259.4210541502435,135.7848605199524,17.380213539742137,412.586128209938,-206.293064104969
0.08163512352749919,0.9539294552816503,1.6892003722671525,-1.0244100620552095,0.4601253216166956,407.9852118837562,4.68964822453286,0.08928635109733123,412.7641464593864,-206.3820732296932
0.09988786829465766,0.7442635948519506,2.875949562281765,-0.8244359052208087,-0.9658979738213413,337.1773450143166,74.8425535439834,0.778413074141935,412.79831163244194,-206.39915581622097
0.0829605481068481,0.8384332217689618,3.6689339406076265,-0.8292837933273877,-2.795207356705035,111.83059621604963,301.16147844404657,0.04538757609277794,413.03746223618896,-206.51873111809448
0.02092778207176126,1.8765542103651316,7.631309304420079,-0.8950639236228212,-2.3379348148825705,252.4103610748943,144.1179299429163,17.867656058470264,414.3959470762809,-207.19797353814045
0.08783887448660524,0.9448983417022209,7.7283575366278106,-1.3479327335186888,-0.06733454888274526,33.09433416942096,381.8028404265084,0.010530786231537958,414.9077053821609,-207.45385269108044
0.02720984509362865,1.203061621925864,4.133245679027723,-1.0707219218828103,-1.3411684720898855,217.51740649905696,182.87893958213758,14.596371785961392,414.99271786715593,-207.49635893357797
0.10799155473442397,1.955615622115769,7.188151073299629,-1.382619436924968,0.3066460915184983,171.89747564175417,241.82125244222982,1.9786493105287053,415.69737739451267,-207.84868869725634
0.11120866642744469,0.8689483255509344,11.82501052809571,-1.282657071533223,0.3460108666842303,156.0557077181531,257.5846392842717,2.607628258289292,416.2479752607141,-208.12398763035705
0.10786812987754257,1.0221705747596936,8.655733989749727,-1.2748093434711136,-0.18402472790238633,103.63107309033961,311.4893064493781,1.9562447966664331,417.07662433638416,-208.53831216819208
0.03165970293563522,1.164133298812353,4.9038319688051,-1.324835539032855,0.056958762723732015,173.74546499259895,231.15511695316385,12.479133072250773,417.3797150180136,-208.6898575090068
0.11039224048818395,0.9922863481802836,6.463320824495344,-1.229435159017744,-0.29319774770315554,126.41704883908075,289.2796542909505,2.4398019498155907,418.1365050798468,-209.0682525399234
0.07151937390065045,0.46167906561780353,0.5621881576177028,-0.8551860363375458,0.09961383028208992,415.4953817181509,2.0802590865061084,0.9089159580706043,418.4845567627276,-209.2422783813638
0.11560980988823241,1.9950351483970319,10.761587794222535,-1.0487482925908618,-1.8189421313413872,195.93031525669278,218.95985942341517,3.608484918403684,418.49865959851167,-209.24932979925583
0.036663645422200096,0.252408148746011,10.57954776008742,-1.1376998289452627,-0.2813179116945568,176.7592894220928,231.4786789152635,10.296334209099717,418.534302546456,-209.267151273228
0.08001794859932607,1.3653691709904463,8.570419288378282,-1.0172181703662542,0.10688741182956729,414.61601354165896,3.9431254383634347,0.16277287508992,418.7219118551123,-209.36095592755615
0.07691471322732572,1.7795813398757148,9.85788346706735,-1.1885324503066246,-1.7059943936582778,50.646669068104025,368.0375889771511,0.365121831587324,419.0493798768424,-209.5246899384212
0.03658843576437337,1.0342559676467888,4.506658924911856,-1.0908876606680964,-1.335810739556674,187.31386239489822,221.4461231685095,10.327589767739461,419.0875753311472,-209.5437876655736
0.1128070790289855,0.8817161660992818,4.017972897959859,-1.2929218341752833,0.7695373861391968,233.20799970100555,183.14249393758874,2.952363020905176,419.30285665949947,-209.65142832974973
0.05575770930653695,1.4115769921185506,7.488895827976606,-1.1295463811226776,-1.6588903879963421,112.1079283348104,303.3999604371974,3.8937757472443644,419.4016645192522,-209.7008322596261
0.10025359624805463,1.3348296238705188,7.9735795271555,-1.0615748808388172,-2.261596001442814,54.17427910447956,364.50932248665504,0.8207317583190864,419.5043333494537,-209.75216667472685
0.0061474174153315336,1.1374588899912357,4.1876153469049555,-0.7423281471026096,-2.7282229633897845,307.3154541200002,85.49718210856203,26.86776195209926,419.6803981806615,-209.84019909033074
0.1135428975306687,1.5675665876990845,11.73876932880795,-0.8102529063195726,-2.8845408149747778,242.35310717578704,174.53174213081763,3.1182508747011806,420.00310018130585,-210.00155009065293
0.07458958900431793,1.5595544937155723,2.475363121523657,-1.431504910411551,0.14511114375974898,33.33465982826762,387.99693811404967,0.5695805093934926,421.9011784517108,-210.9505892258554
0.08330570788880907,0.10278320573629049,9.818375030582372,-1.0210410100529828,0.0957869661539843,15.582343137104298,407.3711247782071,0.03637001859742254,422.98983793390886,-211.49491896695443
0.06751952579307562,1.4644394956106666,1.4872536638824974,-0.5574477645421069,-1.900792542404444,368.38519266471354,54.075583869640745,1.4694048933741208,423.9301814277284,-211.9650907138642
0.10861062345521787,1.0350303215870416,8.242625330685705,-1.001616150301024,-1.762663154924565,141.26320130374967,282.94751844140944,2.0929494289862416,426.30366917414534,-213.15183458707267
0.11252915533547535,1.0431584141873311,5.038962814625779,-1.0266905856883493,-1.3946632731030912,170.01545327043803,253.60469079331367,2.890885707850641,426.51102977160235,-213.25551488580118
0.08464678136009916,1.6406324285355767,5.904268335968009,-0.8292685704912549,-1.0400019917398238,413.3615860869405,13.213526223470796,0.01080186846914729,426.5859141788805,-213.29295708944025
0.014029265378817792,0.3715850517022124,8.589533477781922,-1.006977473219067,-1.1858071460609023,277.366706727273,127.8233344144047,21.840660697626358,427.0307018393041,-213.51535091965204
0.05938395677761457,0.20938393815671708,2.5458461428616252,-1.0944848582395026,-0.3308724142597854,99.65329473172193,324.47657350890677,3.0228017556154168,427.15266999624413,-213.57633499812206
0.10295665116618297,1.6547928966904601,7.737885554382823,-1.1033506486154034,-0.2520396401969851,363.42659861915905,62.63201657480614,1.16823627999542,427.2268514739606,-213.6134257369803
0.11028078514859181,0.6595114395742654,3.5201253037102473,-0.9277914453309796,-1.0566642580448706,208.2306761339092,216.60826558427385,2.4173239571385468,427.2562656753216,-213.6281328376608
0.03379439518086154,1.7161459026368406,9.535527787478472,-1.4074872261830869,0.3723177959156647,161.9447168570373,254.84602881757476,11.522301120644988,428.31304679525704,-214.15652339762852
0.015722637908714483,1.558067376359181,1.2906164933063478,-0.5681305202217938,-1.07342578219651,232.66530233934822,175.16489642007608,20.828505375960106,428.6587041353844,-214.3293520676922
0.10586764837991736,1.8304287877801395,9.916023855862717,-1.2713201207904075,-1.090136063315675,63.504987475894865,364.53130915300744,1.6109003722972632,429.6471970011995,-214.82359850059976
0.050489118845497706,0.6132483943086395,0.933673055744094,-0.7895470395015863,-0.07027043672300426,392.22986809201444,32.45166331795135,5.35543553806864,430.03696694803443,-215.01848347401722
0.08972200515993865,0.5022452811026452,6.482104754533115,-1.1390105281183367,-0.3185225255082047,86.00025562927145,344.1112834208484,0.05038762439585794,430.1619266745157,-215.08096333725786
0.07640740958524207,0.08979953714635237,4.176084214901689,-0.8767255268514256,-0.8677126496610148,41.81434053688414,388.3888522703399,0.40587010651903094,430.60906291374306,-215.30453145687153
0.005211468681332219,0.5452767185788427,8.141283945047672,-0.9967957587506102,-1.2565205784641802,305.98999912682774,97.13951548797121,27.499272613201637,430.6287872280006,-215.3143936140003
0.10620610962667612,1.2737936967390957,7.575121110969202,-1.347586354550433,0.9166026039394044,296.67311129081503,133.92277918745066,1.666973829169038,432.2628643074347,-216.13143215371736
0.1013942676959912,0.4961765982020144,5.668975220315308,-0.9587695914436987,-0.9480531618681027,135.90745204522344,295.5568192615269,0.959914400789658,432.42418570754,-216.21209285377
0.11599809695093544,0.7009678171938964,3.9798889959617414,-1.241963709792353,0.5177448597836274,183.48654381997514,245.40732136018886,3.704571142554089,432.59843632271804,-216.29921816135902
0.11126247967738191,0.9351548384362223,11.842250488372828,-1.0799222296571853,-0.5658728051576696,246.82555355270668,183.90173974048167,2.6188863084593086,433.3461796016477,-216.67308980082385
0.0982804154311017,0.9054317258640612,5.638214232996177,-0.6356405209974001,-2.610201962344644,302.13245480309234,130.7058096074191,0.6056937801129132,433.44395819062436,-216.72197909531218
0.030979777726831456,1.427643602531999,7.955875819439687,-0.8778026379311635,-2.7104101426554115,231.54203793294036,189.44352250809203,12.791908426899903,433.77746886793227,-216.88873443396614
0.08891104996784567,0.6652485426477569,1.5341639760213637,-1.0864242261401198,-1.0500003051004752,53.627604529494434,380.3234138047478,0.029583028521032256,433.98060136276325,-216.99030068138163
0.05977443689790184,1.6968847040806616,10.875760722638189,-0.9156748864373676,-0.021344361517620314,416.2012822627896,15.505239650290958,2.935581044450506,434.64210295753105,-217.32105147876553
0.10726306123537795,0.6691534889391448,2.9176456763895535,-1.3617643064253142,0.7357149975895307,60.12237574166597,373.00840903440485,1.8482562056833203,434.9790409817541,-217.48952049087706
0.11048662569292537,1.3525375620402231,11.050023281612864,-1.4185451533630318,0.5706298225359578,156.34200215176156,277.2441239913273,2.4589186336566558,436.0450447767455,-218.02252238837275
0.09304351362667944,1.1277974808283742,7.291648302448626,-1.0548342170242913,-2.1794660686151754,58.81537068554088,377.5229868559244,0.19307029492201488,436.53142783638725,-218.26571391819363
0.0473605029597315,1.2335516768028412,3.484386707831108,-0.5984938093322391,-1.3472539792093392,345.0254118859922,85.86087387217452,6.333404483005819,437.21969024117254,-218.60984512058627
0.11718264648120665,0.15190878216338308,5.2136431313394125,-0.6013814392797613,-1.118187333033639,227.78948101656312,205.4588036137804,4.005502798919404,437.2537874292629,-218.62689371463145
0.11399831230020442,1.4228742771659677,7.623180451695331,-0.9852385116977945,-1.4623021229985704,285.701369285681,148.48273810586073,3.2231941187504374,437.40730151029214,-218.70365075514607
0.018569936827741888,0.23193704386190706,7.02624371364509,-1.3394347646374176,0.7422489614103429,228.43378228751024,190.13919742670836,19.18076281638185,437.75374253060045,-218.87687126530022
0.11375360880709087,0.9937403858633334,2.0153901504488116,-0.838178056942964,-1.7023937979547703,267.6598612837849,166.99855244475486,3.166590117306077,437.82500384584586,-218.91250192292293
0.061027780861629626,0.07497170544901058,10.282981996562189,-0.733784942204605,-1.9071020386516153,111.04276337032867,324.33172756714856,2.664250723272317,438.0387416607495,-219.01937083037475
0.1044949510065685,0.33836487024823225,4.888730543502365,-1.1465194530469842,0.34625049436012434,66.09103118034038,370.95959488743205,1.393318168881086,438.4439442366535,-219.22197211832676
0.04963763274198208,1.8227553759246553,2.1942461264844484,-1.0128132691482001,-2.261259291315742,155.17176189622083,277.8072045229426,5.61348177083286,438.5924481899962,-219.2962240949981
0.09275046923109881,1.3295722128557739,3.3797109658080458,-1.2075547146837606,-1.3465037764659329,34.80189651415186,403.8007671321456,0.176766047483453,438.7794296937809,-219.38971484689046
0.11332562077636167,1.7507645104687874,1.8089378271044834,-1.3017044450789665,-0.1314504347252461,125.21856702126807,310.8526448984873,3.068794806625202,439.1400067263806,-219.5700033631903
0.10617988162684269,0.44660050292155223,5.425884264592185,-0.7485254439631994,-1.2365238535221812,268.98012053097597,168.79730614248575,1.6625943026618746,439.4400209761236,-219.7200104880618
0.026281714398267007,1.5760366751767338,11.243013937617091,-1.2513296458402343,-0.4216269350598525,213.73627687575063,210.64631229046515,15.058875079819053,439.44146424603485,-219.72073212301743
0.10786059537017896,0.8548655670484538,8.387305934875911,-1.1546297809028587,-0.7003647740787735,117.16293057454797,320.813137717769,1.9548812378099616,439.93094953012695,-219.96547476506348
0.023699214104730654,0.841308206685811,5.867791277884815,-1.0839415799791188,-1.1344947258128,247.18093283336412,176.72842185797387,16.38373934219995,440.2930940335379,-220.14654701676895
0.061352442010887326,1.1890040073737882,5.636411553313535,-1.3991762993260033,0.005704791116830421,74.89658529537535,363.4229966636699,2.5961115020732723,440.9156934611185,-220.45784673055925
0.10987497911871752,1.3717836275167095,2.3936955339468096,-0.7219292491126958,-2.4654298697420414,318.2558341179656,120.84237078396265,2.3363610534798145,441.4345659554081,-220.71728297770406
0.11786905118119133,0.213882456064727,3.9746376216942467,-0.7960071177210621,-0.3190336654184871,243.13897694255226,194.13729547862462,4.185259205892346,441.46153162706923,-220.73076581353462
0.09617273818125152,0.9559272325528164,1.5883908064167587,-0.9963193382679947,0.12240823336152573,415.3714901929525,25.841703615111747,0.4120115427405516,441.6252053508048,-220.8126026754024
0.11051249809085831,0.6896683391287888,7.429261610767636,-0.9700645732732576,-0.6861420694022362,261.6728521503745,178.30440507610575,2.464171830280634,442.4414290567609,-221.22071452838046
0.06501686358456393,1.0718410048313434,2.7238203751085397,-0.997687365657616,-2.258728545370629,117.94756169141367,323.0217184944994,1.888234855077116,442.8575150409902,-221.4287575204951
0.11713135510556101,1.5181580802635204,1.1231085464103745,-1.0641939098975697,-0.659707908939204,234.61497101695406,204.80411826733243,3.99222898445175,443.4113182687382,-221.7056591343691
0.06726068262711446,1.124691790668021,1.1483670898978553,-1.2246046646181017,-0.6671756559117634,75.87147656619938,366.02973713482686,1.510291457210471,443.4115051582367,-221.70575257911835
0.04248812485752679,0.31621057826189947,7.272462574383208,-1.4402712072930537,1.2947564742660624,141.95869565876077,293.64361110664356,8.019679914437214,443.6219866798416,-221.8109933399208
0.07092576769166872,1.2743550125711358,1.6868124857086189,-0.7868460163976163,-0.5997681091689442,424.66920633854704,18.2370888676554,0.9836305073308425,443.8899257135333,-221.94496285676664
0.10088172415445006,1.7249694516882454,2.2891016841207286,-1.3587003141166745,-0.37400289049442925,34.030411901512544,409.18747489006773,0.8960267907158832,444.11391358229616,-222.05695679114808
0.08813728362917092,0.924003518602516,3.343923697364546,-0.9397539440688346,-2.4583500345487055,90.05761459165232,354.11311069331487,0.014866647495478105,444.18559193246267,-222.09279596623134
0.04776459414984618,1.5965887282055147,8.1634005745662,-1.0168985390081726,-2.3498523228265906,163.18113347275568,275.0724986427257,6.202480536352676,444.456112651834,-222.228056325917
0.056241181768194475,0.772975403520911,3.3926460235783473,-1.1543476007657898,-0.9843720829571314,134.57387649950215,306.50463485580684,3.771290449773312,444.8498018050823,-222.42490090254114
0.10219218285913133,0.34915205326753634,11.194764517334415,-0.696859620321603,-0.8677978466374867,346.4289657801602,97.78876464635226,1.063751165266574,445.281481591779,-222.6407407958895
0.0322213562200372,1.9205446743657586,9.424872805906448,-1.1052224599635612,-1.4826480335482835,212.28657110942277,220.7882287650773,12.223684271005656,445.2984841455057,-222.64924207275286
0.10539104137377023,0.5085454969796437,9.947294827216773,-0.8623086858250752,-0.4348977608964093,344.37549450021896,100.02406619183671,1.5335665945593089,445.933127286615,-222.9665636433075
0.10758782260206819,0.49263093124147783,2.1442071627271413,-1.149498211509909,-0.10201704927256916,69.22726985352924,375.0845996904931,1.9058362771648103,446.21770582118717,-223.10885291059358
0.06539760924900717,1.043641759304961,7.104894483793518,-1.3604801022881159,-0.18940938190069456,72.04147618253134,372.4364267934401,1.8211328847340902,446.29903586070554,-223.14951793035277
0.024820780631104555,0.1159857361813464,8.515627890154017,-0.8655701191025253,-1.7849822529665138,254.65069403485148,176.9925591698315,15.801497046687551,447.4447502513705,-223.72237512568526
0.01684369715370205,0.3241700283613996,9.047492897945894,-1.3631248112915506,0.7877128111650924,241.55007723857645,185.76656183346,20.171641372887397,447.4882804449238,-223.7441402224619
0.10419229790594593,0.3277718406264062,7.702838889224746,-0.6467713474242046,-1.8158353437400032,195.937424969036,250.58334779919863,1.3474685549857244,447.86824132322033,-223.93412066161017
0.04240553737155918,1.169623063476753,9.3171822362987,-0.5849939218907191,-1.3583334898528352,339.4163593285632,101.6571424376678,8.049975926763246,449.12347769299424,-224.56173884649712
0.08888525186035523,0.4470010010297824,7.71198971341694,-0.5582525270780303,-1.7565321111436758,346.25130323633823,103.19584386916948,0.029011576690192976,449.47615868219793,-224.73807934109897
0.006105083876381555,0.8987861623859851,0.8392055391274689,-0.7072683566035118,-0.23685547265701157,239.63778485061795,183.23370677384537,26.89616717413069,449.767658798594,-224.883829399297
0.09990868339229492,0.4811363179825169,4.7179160637108035,-0.6251991697631677,-1.8797116410390582,298.1446538410303,151.2808262418343,0.7807915459626077,450.20627162882715,-225.10313581441358
0.1111232715444363,1.0754740961133504,6.882906917096157,-0.8710700726388498,-1.7551420303697565,296.92477241389673,150.96147376830655,2.5898129177083287,450.47605909991165,-225.23802954995583
0.039521809091303275,0.8171725898363257,9.87269363068483,-1.0832646170641202,-1.3518567220654476,202.72605348532767,239.4481054325153,9.143645578534679,451.3178044963777,-225.65890224818884
0.011125190321081444,1.1728235911208156,0.5908989582674868,-0.6789389127796426,-0.3918128855774361,256.5551880958866,171.15255448996484,23.632374365443148,451.34011695129453,-225.67005847564727
0.11549264123406602,0.506631662754439,7.336056402145017,-1.02685220315481,-0.07086172081315789,234.80132360817737,213.2967883184353,3.5797381206705974,451.67785004728324,-225.83892502364162
0.09676263301543352,1.9148752708051857,0.8161180611256265,-1.425016224594683,0.6610608776515674,43.46123271784722,407.7842889484482,0.46247037149195036,451.7079920377874,-225.8539960188937
0.11200687712923729,1.6281000446559786,11.553956427262927,-1.40450328822836,0.2334853012151532,151.5389858403681,297.5517726053864,2.777106533924676,451.8678649796792,-225.9339324898396
0.025189052823042016,0.8562828926151849,7.09260972549439,-0.9781956194247952,-1.7995757040716678,260.3082812796163,176.26412276045446,15.612612048749991,452.18501608882076,-226.09250804441038
0.064726297311142,1.336145286453477,5.694230577273403,-1.1995293889050251,-1.4024791453611942,90.70275524810933,360.1412572704167,1.940260487417145,452.7842730059432,-226.3921365029716
0.0887786442369204,1.1553745403850706,2.0176049359852093,-1.3444498391513284,-0.22526190116689904,28.78542931271852,425.1747331474101,0.02670922156862153,453.98687168169727,-226.99343584084863
0.09695119973943775,1.468787450278353,6.926323856151861,-1.3677225857157524,-0.5630978587644195,26.53995048128405,427.0336277668605,0.4792147437551138,454.05279299189965,-227.02639649594983
0.1184124833965027,0.7186205925415031,2.191629115572155,-1.1208515661714575,0.1644595939883886,266.69229395232446,183.26687476391984,4.33037215510683,454.28954087135116,-227.14477043567558
0.04484565817559377,0.15826427878067797,2.3476387236375125,-1.2042203987455276,0.1843660892603296,142.81063100938061,304.59108170472143,7.178939864693245,454.58065257879525,-227.29032628939763
0.06457268579186404,1.8142562330173304,1.6119799176363008,-1.4215233027023737,0.1359101822533142,68.82107288825259,383.86152405846445,1.9680501777014683,454.65064712441847,-227.32532356220923
0.0829384737259557,0.1518755640938868,7.755211908597739,-1.034111234538866,-0.12989560542563705,32.29831032038023,424.1863740399194,0.04599822784028861,456.5306825881399,-228.26534129406994
0.07258685152464601,1.124854444660473,4.640947360311362,-1.4050722334732735,-0.031500072422201875,51.01257721145131,405.1176591401323,0.7819816591150399,456.9122180106986,-228.4561090053493
0.06536948516599773,1.6322418498290125,11.596991147193062,-1.119932169230628,-2.107740380773676,98.28190828533243,356.8158943270442,1.8260479019803708,456.923850514357,-228.4619252571785
0.07644351489088995,1.382950981313792,5.9965385998150715,-1.2453004583451095,-1.2886139322153574,54.85296011840796,401.809797974403,0.4028987782264213,457.0656568710374,-228.5328284355187
0.10075836010365945,0.327987472612465,8.24384888061433,-0.5611492609549669,-2.271375424528327,211.81635088663228,244.43892253059133,0.8809781534488543,457.13625157067247,-228.56812578533624
0.09852872880093624,0.4321618762053125,7.23142126456759,-0.586028052428447,-1.9204260841465723,303.52694197721473,153.1085090918125,0.6309617256260611,457.26641279465326,-228.63320639732663
0.1178938978151658,1.5821386571027658,8.276094566701868,-1.2144929632986465,-0.8430245752224081,182.72667058455315,270.5858563678645,4.1918400634041975,457.50436701582186,-228.75218350791093
0.0908104077720232,0.15830609843536336,6.847454838023576,-1.2031971826363261,1.0086636075574855,37.91535908782359,420.4741459936188,0.08696568507470784,458.4764707665171,-229.23823538325854
0.05085412159908387,0.5877914598461388,1.5562527259014578,-0.595635599261574,-1.0315593002932548,376.7644469351033,76.66376955068371,5.246679142706664,458.6748956284937,-229.33744781424684
0.0769484765373226,0.9007886922110845,2.26702528892681,-1.43127389194382,0.45156846510968407,42.04310998898902,417.40126585924713,0.36248634253466855,459.80686219077086,-229.90343109538543
0.11938638765318789,1.3226872368878642,2.9277760303755143,-0.8961330356007396,-2.1210171397282216,241.89724990646081,213.56723743027032,4.596621593675124,460.0611089304063,-230.03055446520315
0.01639671577752703,1.7492573479232996,4.650969318326509,-0.7302466890450612,-0.2582029236614183,288.0413106538346,151.723654565083,20.432280318483755,460.1972455374014,-230.0986227687007
0.09490168853914793,1.2304249761209602,2.7630017291968136,-1.0423601950543666,-2.3002342223742236,57.21585997520658,403.0120907719753,0.3131914344909017,460.54114218167274,-230.27057109083637
0.1129618247838321,1.1369415635018159,4.624471545510505,-0.8375691854017976,-1.9011274993161627,318.99659992301173,139.80857772940664,2.9868734490504987,461.79205110146887,-230.89602555073444
0.10171706322425474,1.6211808320134828,9.346428367021579,-1.1968856156648893,-1.8258385246814584,41.90331897339054,419.1821081465497,1.001279276702186,462.0867063966424,-231.0433531983212
0.11085945718051912,1.2024897296230141,4.333081148550666,-0.8942759472796341,-1.3684228023060059,358.939064802271,100.72990913899784,2.535160897838184,462.20413483910704,-231.10206741955352
0.11981746254368693,1.3229577376967543,3.5077608576910566,-1.0058554775142676,-1.4409518970842239,255.30442020708213,202.22300547450445,4.7170062742484395,462.244431955835,-231.1222159779175
0.057014046713976876,1.124503106636193,11.065654930268959,-0.7867638497817488,-0.462068247490119,417.92863258011636,40.825883438556914,3.579554553913687,462.33407057258694,-231.16703528629347
0.07787241757559395,1.0095696427629426,9.314854080007095,-0.5969108161354645,-1.980674688643838,400.9740581895412,61.29587883917346,0.29407050225114434,462.5640075309658,-231.2820037654829
0.07532052494837234,0.7271000564348306,11.935973818776192,-0.7846129944838759,-2.9381805075866643,169.81916999652998,292.3265664120821,0.5004270726933422,462.64616348130545,-231.32308174065273
0.10254681220807621,0.13819050174821593,1.5026825394654892,-0.9653961354363689,-0.2699487323241332,30.213336733909387,431.9117143608322,1.1116122380240911,463.23666333276566,-231.61833166638283
0.04602247277652046,0.07646019162371172,8.832186190874438,-0.6323115174506603,-2.791619501280077,199.51944983967527,257.26261165287536,6.776680985047369,463.558742477598,-231.779371238799
0.1068049690236864,1.4318786838563657,6.843038378916008,-1.3070006201041893,0.7713965758302179,356.99201769749357,104.88895133418671,1.768538173862032,463.6495072055423,-231.82475360277115
0.038041599517962155,0.5643966138928308,7.674414412389074,-0.8314487658093229,-2.4645899664263164,249.60143467999671,205.45704143601807,9.732069429030972,464.79054554504575,-232.39527277252287
0.04659398561268923,1.6280786055503156,9.71035449403239,-1.0384412263945362,-2.2652321572496437,175.64999909111992,282.6995627309107,6.585510059522598,464.93507188155326,-232.46753594077663
0.10819335481645952,1.0842689534957077,7.7422117371265164,-1.4381615725805903,0.3821612213122316,61.23188197771182,402.2532059255804,2.015555567405016,465.5006434706972,-232.7503217353486
0.12057457815184248,1.664557466325536,2.3957515412243486,-1.0930731123846216,-1.4881351632143296,167.42704508595716,293.44704318791975,4.9322097764416,465.8062980503185,-232.90314902515925
0.1038541080589014,1.1483495104071848,10.883557651381738,-0.6418153800118569,-2.8620491854034813,348.0612259407689,116.78488464168976,1.2971428387672044,466.1432534212259,-233.07162671061295
0.1194739999904394,1.4788252416532874,5.028199834905652,-0.8006690745108286,-2.887197378612271,268.7004592213409,192.9395280512579,4.6209627707737955,466.2609500433726,-233.1304750216863
0.11883421314948447,1.585691480294306,11.002952769718465,-1.1659040430288878,-1.3448331724449927,164.23699586134305,298.94733845052093,4.444691120027783,467.6290254318917,-233.81451271594585
0.029623160864426068,1.8531635233715644,7.400577178251206,-0.806808827938022,-0.04886807310088148,354.5565498412695,99.68796923986068,13.427539616500678,467.67205869763086,-233.83602934881543
0.00574957832889208,1.5971687558160979,10.810029134995023,-0.754106077424161,-2.814924899248224,343.9121254947222,97.33128556739906,27.135298692612132,468.3787097547334,-234.1893548773667
0.03497463345638485,0.6061981140537895,10.722862215365183,-1.2615447870701852,-0.12039973789072578,211.84755334377476,245.8083060531805,11.009664932386709,468.665524329342,-234.332762164671
0.12020023488082919,1.3222325223665616,3.475908572982355,-1.2603054417239754,-0.2688151507894294,183.42694280863154,280.6233680969527,4.825206017121699,468.87551692270586,-234.43775846135293
0.12202952400194202,1.7186860113540403,3.02798565795434,-0.9865993404585902,-2.0252359972904213,221.93513847545978,242.28249006798308,5.359241100296281,469.57686964373914,-234.78843482186957
0.0779066896910725,1.5882753865183117,0.533377127493422,-1.0853059381562247,0.854211424481794,451.6588996467964,17.689206688879704,0.2916702281398467,469.63977656381593,-234.81988828190796
0.08831588537255174,0.888783355081774,7.157544295907133,-0.9717126059986292,0.11159880966244584,455.8167918106212,14.519442593907517,0.017818430789023447,470.35405283531776,-235.17702641765888
0.05910100285555349,1.3679733317521972,4.4530439739064365,-0.8310397631346254,-0.28318745309651394,435.9834557537422,31.395557624126447,3.0868024116240305,470.4658157894927,-235.23290789474635
0.03345848666035494,1.2641967910711616,1.8043591295439683,-1.3854849261302045,0.34829442956067336,189.2656414378863,269.7035679327297,11.670335298539449,470.63954466915544,-235.31977233457772
0.04276059100116147,0.6114031371254829,0.7896224281282729,-1.0900491236056675,-1.1019792610590213,181.58719836955763,281.5027129068508,7.920134745205827,471.01004602161424,-235.50502301080712
0.1154566389198452,0.3739089727517001,6.935261207247989,-1.0481587063711126,0.02139326451599244,140.20675681291198,327.30938789672524,3.5709282056365352,471.0870729152738,-235.5435364576369
0.02180641867310523,1.1433804863524175,7.2714212671644844,-0.8992618381870505,0.5136516131986237,349.32979374747043,104.53814779682176,17.390241487074345,471.2581830313665,-235.62909151568326
0.12200807492236845,1.8761450048626798,4.373539345275477,-1.0508238544548003,-1.8906956781554174,208.71420894165155,257.53304634370164,5.3528169864577375,471.6000722718109,-235.80003613590546
0.1053479299317012,1.5794957685760678,7.601042062335967,-1.232114290291372,0.4526007982614608,394.54039816022214,75.65121368111198,1.5266651887890206,471.71827703012315,-235.85913851506157
0.10006770049879224,0.506157720919317,11.863216836134205,-0.6651265946352556,-2.118446570714525,251.28844047491162,219.74623615579043,0.79908163466738,471.83375826536945,-235.91687913268473
0.11904507662966313,0.4571147531650617,1.6476941891196883,-0.944111527931473,-0.8208796984315745,151.0908835163981,316.54723772469015,4.502408735554796,472.14052997664305,-236.07026498832153
0.05240361977449842,0.6108953866694895,0.8297202042453623,-0.7166900593500788,-0.37214332610680323,424.48161139303414,43.21237629053541,4.797410819443376,472.49139850301293,-236.24569925150647
0.028081023811022895,1.0230714891514474,2.0003109149282032,-0.7388270926048742,-0.22908543050139585,340.2446358123257,118.08770868036616,14.168811886680157,472.50115637937205,-236.25057818968602
0.11480995220990088,0.8792686019393391,6.67740025183474,-1.1711856846796556,0.3437797367839792,338.96162284092696,130.2068746146093,3.4145298115002674,472.58302726703647,-236.29151363351824
0.014225487326156234,1.912664721131213,8.298108336732003,-1.1188210037858524,-0.9971269155576419,294.0099088951104,157.88362195075206,21.722145721704667,473.61567656756716,-236.80783828378358
0.007605030730876386,1.0781364144992303,6.469093694543125,-1.0126500364957356,-1.3846141099650764,327.0661270270863,120.996516280151,25.89887776300396,473.96152107024125,-236.98076053512062
0.11611454226424175,1.7232469144771663,10.646722614111257,-1.0681318308613763,-2.509772691863952,100.81130959221777,370.16287836793686,3.7336329994283406,474.70782095958293,-237.35391047979147
0.11304369889195061,0.7277696440741054,4.573167796648687,-1.3541104831482047,0.5370395243487467,84.84187039306727,387.6877967035561,3.0052136149103132,475.5348807115337,-237.76744035576684
0.11262386514493228,1.6144319463900432,0.8389289084578075,-1.335899023664113,0.8249994283556275,199.86448857715723,273.59752606470084,2.9117630654466016,476.3737777073047,-238.18688885365236
0.11644941373418491,1.5561206748776635,8.68847329088567,-1.3433187373734894,0.2796626023285045,253.5432674866392,220.05986592572933,3.817841396903166,477.4209748092717,-238.71048740463584
0.11390329799899551,0.8231327694395811,8.986222743118745,-0.9502139044687852,-1.1440612429595356,275.6518238648135,198.58260693537989,3.2011561747935096,477.43558697498685,-238.71779348749342
0.11778702220017394,0.6839083409089726,10.647091484938782,-1.1485376232338356,0.01309679737931102,220.27575083248968,253.0395066239396,4.163569789767674,477.47882724619694,-238.73941362309847
0.10505221261882554,1.6054960863861008,10.118152074244453,-1.1870319863941814,-1.938846006884848,47.30539198436361,428.8925244911693,1.4797454264542913,477.6776619019872,-238.8388309509936
0.11806960393055167,1.6894729766959151,8.659114509450609,-1.2568204821623368,-0.9943355078042093,132.08132608915426,341.3957359636247,4.238524973883165,477.7155870266621,-238.85779351333105
0.08456777738293687,0.25216514981629884,4.950791125940885,-0.7452173115885592,-1.9828516444678477,114.41872729962688,364.50896497612064,0.011890631020508783,478.939582906768,-239.469791453384
0.05597878079892976,0.2678738690522922,2.6064121877708937,-0.9489455685473175,-1.4012324491531447,164.53564583243357,310.6630725424558,3.837525518149827,479.0362438930392,-239.5181219465196
0.062460292947751364,0.48440510247599117,2.837186052322889,-0.5614364205184688,-1.2387256635130541,402.5481068014065,74.75120058644146,2.370242863084934,479.6695502509329,-239.83477512546645
0.11369363843194462,1.5094288033139498,11.744795014614306,-1.4225224354582755,0.11763956110625662,117.7105003731339,358.8605900036821,3.152794471738517,479.72388484855446,-239.86194242427723
0.0997427702441958,0.8358613769163167,7.199106389409582,-1.3528911036884956,0.025441860400820637,50.25233316882303,428.91146022946424,0.7619340008346527,479.9257273991219,-239.96286369956096
0.11535617889846225,1.2487152164564561,5.257599208578534,-1.408407854373387,0.18454680562735248,97.49398063336893,379.3853252253386,3.546402623409065,480.4257084821166,-240.2128542410583
0.10231291476533526,0.8532461195042704,8.155182911755919,-0.7214022633258066,-1.8758258073727354,367.66952294569273,111.93494592387832,1.0799270069337168,480.68439587650477,-240.34219793825238
0.07641000762714818,1.918298707242303,3.900402582152741,-1.2816325034178069,-1.279131983944362,56.931865387802674,424.00817995144786,0.4056559331315025,481.3457012723821,-240.67285063619104
0.0814044615653905,1.0433375083024137,2.689718367004503,-0.8307835534119368,-0.48672594801300795,465.4604889192753,15.891367700717511,0.09842885057521678,481.450285470568,-240.725142735284
0.11913490988258711,1.8275120561232843,6.921316451238727,-0.9019860550905923,-2.066002629176091,345.59416651244345,131.58269565536506,4.527111023168532,481.703973190977,-240.8519865954885
0.10968739145627472,1.6067205668056084,7.337352360268602,-0.9490313728323878,-1.1432718916883564,414.4182121747663,65.34427263927145,2.2994012605830454,482.0618860746208,-241.0309430373104
0.11742777762909082,0.12064780467459163,2.5408973972108493,-0.8780550191164191,-0.037505521672160036,113.18714982567221,366.38150067469,4.069245098897514,483.6378955992597,-241.81894779962985
0.10419934136488272,1.4000536064438327,9.573023837190986,-1.1887687922689691,-1.8320354136537702,43.39498370236836,438.91439121121454,1.3485268668911332,483.657901780474,-241.828950890237
0.004127283881424702,1.2878586307312563,4.6904264163097125,-1.3176511542899942,0.4020187447181991,312.87468635242226,142.92312124351943,28.23997270281752,484.0377802987592,-242.0188901493796
0.07344035480218598,1.7957202087122024,9.686655509302764,-0.7711648541894488,-0.97754173703236,465.5285226193334,18.295986736741085,0.68735606137983,484.5118654174543,-242.25593270872716
0.08403572108311518,1.549725595583466,10.186956272453578,-1.0600551631009407,-2.826440913413102,63.303929992371586,421.28084289532774,0.020584239137220704,484.60535712683657,-242.30267856341828
0.03566551110033837,1.2628294269915066,1.1750110445611173,-1.3934128157835672,0.41978326380606923,185.4198095158708,288.9637128019703,10.714995034201316,485.0985173520424,-242.5492586760212
0.10280312608672457,0.4542819834557175,2.068030112225384,-0.8130429456870821,-2.004463940741717,118.92220086907703,365.1576301051553,1.146860233725529,485.22669120795786,-242.61334560397893
0.022837384734683833,1.7596833300661747,3.660002292815408,-0.9772357949169248,-2.059543832609881,284.14405312432916,184.42629484935432,16.83830058333009,485.4086485570136,-242.7043242785068
0.10626887765350745,1.1280727268308697,10.790545809175024,-1.3061026243233345,1.0191164368644294,392.9198293914224,91.06822389176334,1.6774781638866851,485.66553144707245,-242.83276572353623
0.0009515621023064181,0.8116927734967123,6.025313798608451,-1.1108494265103803,-0.6991293035632538,347.90374632806896,108.06806653655744,30.466225316542094,486.43803818116845,-243.21901909058423
0.08956887021053421,0.7309360968459785,10.654251946876863,-1.1255679727693297,1.0215138098921157,476.9941686057223,9.48439460460797,0.04603725227448299,486.5246004626047,-243.26230023130236
0.05011307860738454,1.2233900997722806,11.832674864443003,-1.2134191122723375,-1.1641233610346104,153.9728820680035,327.11279286860906,5.468647434195833,486.5543223708084,-243.2771611854042
0.0964611372612951,1.3437482310960895,11.776743131036838,-0.8215904590025361,-1.2712430061991045,454.25504628120393,32.261720049065964,0.4363167539588573,486.95308308422875,-243.47654154211438
0.09095245682373361,1.238675503443521,11.212881990972516,-1.0237351025263857,-2.839504815668943,62.15907936028433,427.0802565288139,0.09247137067371529,489.33180725977195,-244.66590362988597
0.10341720978854177,0.9189024769980365,4.710240933775929,-1.0240017343707701,-2.0181733265576556,92.90872722912106,395.79750844444015,1.2335462880754169,489.93978196163664,-244.96989098081832
0.04245985010467311,1.036193716020786,8.575891650364532,-1.2409054957184065,-0.7593705956830976,184.24506049666059,297.7353171333239,8.030045664388155,490.0104232943727,-245.00521164718634
0.11053823918757887,1.3583693495283307,2.065178361710873,-1.4063313825423642,1.3364841868226778,328.8107356648748,158.83679511780733,2.4694039300168833,490.116934712699,-245.0584673563495
0.05720044115189703,1.1278475612463235,1.3684625481495547,-1.2370492987930357,-0.7333183246797907,128.10497375883932,358.5565614232596,3.5340616070072985,490.1955967891062,-245.0977983945531
0.10616516216626504,0.9736997421710636,0.8812717480018669,-1.3144584497094527,0.2684061247660736,42.13833420703305,446.45080674239637,1.6601389847383834,490.2492799341678,-245.1246399670839
0.0697601740228652,1.5448674243251046,3.783721336020727,-1.237530392507616,-1.3926408116204003,83.89457108465206,405.2316055499706,1.138924110894561,490.2651007455172,-245.1325503727586
0.011289701986475184,1.4719546717315692,9.614703421770532,-1.4054008211767188,0.7230619403247016,280.7718751524027,186.00158651715597,23.528989315229847,490.3024509847885,-245.15122549239425
0.11889179486927988,1.6108634621793936,1.6239723989120334,-1.0587523248800859,-1.8565628485572059,111.30485077224716,374.5533060744576,4.460415450079227,490.318572296784,-245.159286148392
0.07504812421930636,1.7048800974757339,4.04294250116685,-0.8138005006137611,-0.713974543250389,475.3571278690564,14.54743895486129,0.5256757691918176,490.4302425931095,-245.21512129655474
0.06311695582546836,0.16391285228741254,8.731941810682313,-0.695487550126139,-0.06425011295895278,470.10677839290554,18.451818191995326,2.2412139164114406,490.79981050131227,-245.39990525065613
0.0502918035380521,1.7286471003598243,0.9853068453108069,-0.7591719947109642,-0.3448641183104373,433.016112438144,53.68929379327004,5.414692269389719,492.12009850080375,-246.06004925040187
0.06669681072609497,1.4099426953569119,1.0122884737289053,-1.3785439234067216,0.07799056630347323,76.98022111035672,413.8306249627651,1.6013023921700065,492.41214846529186,-246.20607423264593
0.10645839066479708,1.8894671012194497,4.809918179510837,-1.2343749795688594,0.4308741464520889,415.65286530987504,75.12366103030755,1.7093936688873084,492.4859200090699,-246.24296000453495
0.035729643633768404,1.664250130553492,5.746237278471776,-1.1173029741108589,-1.5815525976463014,223.77241304934532,258.26248095004706,10.687844265370664,492.722738264763,-246.3613691323815
0.0023138788193308615,0.6474827610714939,4.841763023470719,-0.6271960287958691,-0.5657330417103448,230.25097500194778,233.3267294531678,29.50086678557379,493.07857124068937,-246.53928562034469
1.8776964703863808e-05,0.7346289067053804,10.218435786200125,-1.2559321099562584,0.12579155261698238,339.96961319252017,122.00361714126485,31.136174931193214,493.10940526497825,-246.55470263248912
0.05429804959400402,1.5231389369813761,10.707650480429455,-1.128900329123069,-1.9313559291790512,150.57928005518772,339.9566628294513,4.275448864012642,494.81139174865166,-247.40569587432583
0.015048311872071937,1.849785050868791,2.7149266248626267,-1.1108217612549933,-1.0823206541268855,305.897400735029,167.88733091658852,21.22868342396385,495.0134150755814,-247.5067075377907
0.030882799426242752,1.647902953446792,3.9064091287165637,-0.9620363701670251,-2.379603487399243,261.2669001603596,221.35569225497656,12.836835299672853,495.459427715009,-247.7297138575045
0.06079250839314042,0.7625859748767269,2.0744424498199416,-0.8976587520234983,-2.5839156491980186,170.5001581710845,322.6665611332399,2.7141808169514676,495.88090012127583,-247.94045006063791
0.07484225069862627,0.13520557467419764,11.025483947463584,-1.085888906875995,-0.0034151389304977187,54.02290108455611,441.3570303394734,0.5451703616960091,495.92510178572553,-247.96255089286277
0.12422050253362332,0.18945880600740667,7.596363623666114,-0.7000421434153671,-0.9771112472036707,160.95135634226926,329.39576096084045,6.035747007210777,496.3828643103205,-248.19143215516024
0.1121732719935309,1.5340353023927513,9.405033847696052,-1.1708196809138098,-1.9938703901298105,63.921312729386585,429.7986113176497,2.813107987101683,496.533032034138,-248.266516017069
0.11018095456508034,0.5796087236813563,8.450158477353362,-0.8103960809183217,-1.4695745215690483,271.4786919106962,222.77529762478613,2.3972787280817656,496.6512682635641,-248.32563413178204
0.12083287871186775,1.934673487075065,8.139899849237173,-1.2342809186688315,-0.4585840770303049,288.0545591885728,203.6740427486959,5.006727641172926,496.7353295784416,-248.3676647892208
0.06834528854150872,1.184684788648858,6.851889562501313,-0.5940710706034782,-1.717875886618924,435.1778762660071,60.569736823272024,1.3427183945855186,497.09033148386465,-248.54516574193232
0.01277517423063803,1.7618121296806548,9.413408795694078,-0.5877116266542584,-0.8963259039816776,268.29960787509606,206.71562317235978,22.605727541894225,497.62095858935004,-248.81047929467502
0.012687872648344155,1.4976171460356908,6.789734242796145,-1.2797055912109805,-0.05445441184567912,296.8281200948891,178.31651708382918,22.65947679194759,497.80411397066587,-248.90205698533293
0.02809553324350619,1.9007731025381134,2.199730493982467,-1.058571073857368,-1.7016276336726146,264.1877312720017,220.16267405577744,14.161744707477013,498.5121500352562,-249.2560750176281
0.0655723991170233,0.622096088232481,8.450437721403144,-0.7991323233282437,-2.7989862815215627,201.85730639563948,295.0496846542855,1.7907347838419303,498.69772583376687,-249.34886291688343
0.06613147424048,0.6116859664858733,8.844421401579401,-1.0153900391066786,0.8971784594046963,487.38723898945625,9.628211022539597,1.6952226449780154,498.7106726569738,-249.3553363284869
0.0077340718987638,1.475041526014061,9.42354831578653,-1.113127455430031,-0.8980195756511762,334.27010818647494,138.87702769739224,25.813960604326688,498.96109648819385,-249.48054824409692
0.11303857099045939,0.15025890357517843,0.8754099715781851,-0.6854688363652494,-1.897750132975156,87.41301960050694,408.675866226497,3.0040632942818504,499.09294912128587,-249.54647456064293
0.01986470572587822,0.15565599363877594,3.522500905706347,-1.1581393060632363,-0.3418100940205817,279.31264488190527,202.09184972354103,18.453930338430563,499.85842494387686,-249.92921247193843
0.10804831521122253,1.3596186215918837,2.5472481153952615,-1.0993533707821317,0.11075361065848988,443.45284997164055,54.42098418129076,1.988995494263473,499.86282964719476,-249.93141482359738
0.06232872823818536,0.7262934483437462,7.124490900808041,-1.3247938204183531,-0.11755321217619485,124.64855097914138,373.01865373067295,2.396528472359865,500.0637331821742,-250.0318665910871
0.12207015121119472,0.7961020222223418,3.0321817123856865,-1.0393329445692574,-0.4414546691371499,306.560183517916,188.16367495645946,5.371419725993661,500.0952782003691,-250.04763910018454
0.10528525054442432,1.6547905285936217,6.00487721453845,-1.435290625160349,-0.3208388528772894,35.75262556873573,463.02282975584933,1.516659052910703,500.29211437749575,-250.14605718874787
0.02722227339055125,1.952314884105832,4.536503223449383,-0.9236346908599135,-2.5746274128111155,281.18600981349425,204.5380361208872,14.590227498958598,500.3142734333401,-250.15713671667004
0.038809560916163596,1.7495898405863215,7.861791458988836,-1.1519743851137383,-1.4876663781085064,212.06031020465133,279.0426084645358,9.424493518757858,500.527412187945,-250.2637060939725
0.07865055008428846,1.635812005447665,2.751799241816657,-1.076115487416192,0.5822238952064245,499.8842898994956,0.603354359928437,0.24199693618100457,500.7296411956051,-250.36482059780255
0.02272809156310412,0.8952487957105673,1.964281427353248,-0.9371781905509909,-2.0829279498657574,301.258860892426,182.59476077969174,16.896390314072548,500.7500119861903,-250.37500599309516
0.1144384547783009,1.7848600172804725,7.138398578816205,-1.0274596922514927,-0.9097238091373661,413.92521659934675,83.71744878224833,3.3262685149799287,500.968933896575,-250.4844669482875
0.11626197427391105,0.5838903472714796,4.488820877699578,-0.9141079355869193,-1.1292357627405811,224.29338298011038,272.9151454306833,3.7705912579204464,500.97911966871413,-250.48955983435707
0.09300802287580155,1.47994950341949,2.8580265708970694,-1.2547673858490114,-1.3628613248030628,36.15115074525583,464.84199142488455,0.19105740679163052,501.18419957693203,-250.59209978846602
0.12004601795998307,1.583343185130794,10.376532646699802,-1.20908279944745,-1.4429976682622074,123.81546750875782,372.82069033747933,4.78146534048909,501.41762318672625,-250.70881159336312
0.02860342738514069,0.6886498268132207,3.3585549208019665,-1.0504607584745413,-1.4232448419390544,273.31881644136723,214.64027646002745,13.91547318748746,501.87456608888215,-250.93728304444107
0.03011237232956898,0.09574966615731179,11.617834788051297,-1.3418832022240854,0.8985389198021769,201.40363914329416,288.19542119590955,13.19654703787483,502.7956073770785,-251.39780368853926
0.09773325519076433,0.5614504633445027,9.0685179823819,-0.5704416381387333,-2.280502237131351,345.81028430810875,156.6565201149944,0.5518380981498789,503.018642521253,-251.5093212606265
0.0859821115539063,0.4892221430310474,1.5229072356762323,-1.3497082062380785,0.5179717294755566,36.28794256783664,466.7385169262862,0.00030717665509174337,503.02676667077793,-251.51338333538897
0.11014812212223264,0.6184542472527444,11.727868025663946,-1.076649750188986,0.5946594469009012,433.8419242806384,67.35458384801342,2.3907044581641035,503.58721258681595,-251.79360629340798
0.03805265562166455,1.2122048795776557,4.478658563072271,-1.4354409166725826,0.3977477564111851,182.34436615273142,311.8263992231345,9.727606314535244,503.8983716904012,-251.9491858452006
0.11424327484354221,0.487693486458839,4.361513111122193,-0.8678175038973495,-1.254443781683505,200.2958043334079,300.76825340556013,3.2803602766202107,504.34441801558825,-252.17220900779412
0.010387953569040603,0.3895007967045326,0.8335913790277427,-0.9994117561151636,-1.4356852883084115,338.67660637384876,142.22638263300234,24.09846401610073,505.0014530229518,-252.5007265114759
0.11537956518528479,1.5473157121109788,7.13622041275692,-1.4250001957027667,-0.10466647378032334,89.28622473872905,412.30443751343455,3.5521044351498885,505.1427666873135,-252.57138334365675
0.020097155407729345,1.6658285268461799,7.337454111147875,-1.4302052350180943,0.6326223916553486,254.23550965012942,232.9827349191728,18.324928606287592,505.5431731755898,-252.7715865877949
0.12047178736868695,1.377911729011701,4.652075352050136,-1.44723529926817,0.6604710477440134,186.89511607925294,314.37470625094704,4.902710779931742,506.1725331101317,-253.08626655506586
0.09040680394138412,0.39953817305535727,7.280271953441341,-1.078027150120402,-0.5692275547909293,103.94992516907176,402.7272728597902,0.07224448594689019,506.7494425148089,-253.37472125740445
0.051648821163353294,0.18501335416913856,3.44057705346259,-0.9221893023908501,-1.4452643992368979,185.9186926934523,316.6087174884864,5.013748910741957,507.54115909268063,-253.77057954634031
0.12030373419271315,1.2440019203069048,11.837107725560799,-1.2915282053701356,-0.49120493446128854,149.5971118055242,353.39590968060355,4.854673297714552,507.8476947838423,-253.92384739192116
0.0496780802960022,1.894422439648199,10.727800098948764,-1.4306970250922904,-0.020403044318052732,141.2900988519791,362.1977439388666,5.601086625955455,509.0889294168012,-254.5444647084006
0.08512048985306031,1.054374853085405,4.700981973655389,-0.7897473047852428,-0.8296122157256915,484.4653513750279,25.534302645700894,0.005369907201613162,510.00502392793044,-255.00251196396522
0.11592452092150131,0.43829129965005653,11.040420940261697,-0.9092661153935512,-0.010992600454915902,394.3692835624159,112.0678882746769,3.6862669327157462,510.12343876980856,-255.06171938490428
0.0952313216030035,0.3696029824123773,11.452884016812053,-0.9756775009543088,-0.9106979971083549,116.71606308744083,393.2440280924621,0.33752003926481583,510.2976112191677,-255.14880560958386
0.10596293274291306,0.8614743650913768,7.320718359234067,-0.8468520916123117,-2.81967911887357,152.05716314290183,357.315836227646,1.626589279071478,510.99958864961934,-255.49979432480967
0.052198120057555114,1.9044894031470767,3.433642940802944,-1.3905751874351422,-0.273720216118452,135.31564334459807,371.73413235128567,4.855837890398649,511.9056135862824,-255.9528067931412
0.06988172184458027,1.8778285520593714,9.317152939153406,-1.3515465249402905,-0.8971905296140559,80.96766029309197,430.3782933493061,1.1221987914175584,512.4681524338156,-256.2340762169078
0.09285138638400177,0.3765314000210033,11.485575727232604,-1.2839929784730506,0.607594808883182,68.32809862784758,444.83638085832536,0.18229964000808924,513.346779126181,-256.6733895630905
0.11606335136479574,1.171515433107528,11.208986169798045,-0.9219838262959008,-1.44605993587475,378.69648511258157,131.12321939348558,3.720843036375812,513.540547542443,-256.7702737712215
0.10912749796905567,0.5823074264618147,2.1543516929176185,-1.0655469062860388,0.6489131873345784,456.9144056924548,54.632434784406605,2.1908395642159433,513.7376800410774,-256.8688400205387
0.10409492670169271,1.5855624003157394,9.031983023545692,-1.0793537761339502,-2.897104756820805,48.210464992769374,464.3093923541846,1.3328806558755293,513.8527380028295,-256.92636900141474
0.11438584142745414,0.8048772822610377,10.291721653155005,-0.970764501378522,-1.5876349621390535,198.54371262710384,312.58300810241747,3.3138619313872457,514.4405826609086,-257.2202913304543
0.08134390784725022,1.4303773045401245,6.202180787582583,-1.3716076805378665,-0.7445104993974043,46.467799919626145,468.23684700826914,0.10090278793204356,514.8055497158273,-257.40277485791364
0.11344994138895453,1.5732764352950066,6.817853132131026,-0.9594226527985605,-1.1081920967097576,441.36092559805655,71.55378122795385,3.0970440105407024,516.0117508365511,-258.00587541827554
0.1037198570464373,0.21876343245508775,9.487989577297396,-0.7108114693579995,-0.19763390847523254,475.2489188081493,40.30280551609756,1.2774306358874865,516.8291549601344,-258.4145774800672
0.055175293739538236,1.1768846052042228,8.915225701931226,-0.6770428498169717,-0.9445389684177474,443.81485321847134,70.31056623488982,4.043927045474542,518.1693464988357,-259.08467324941785
0.04927415969998244,0.041787595690761424,5.864929511495079,-0.9442312556951887,-0.989413401110403,152.74880516913785,359.8685346086638,5.725482728120722,518.3428225059224,-259.1714112529612
0.11500276950599121,1.6282105614530185,1.3041002573829443,-1.2684555157129098,0.7417639482866187,374.99880984897004,139.9340276175865,3.460795420312427,518.393632886869,-259.1968164434345
0.12728407579312348,1.5467851309974796,5.803790915816419,-0.9461433517782296,-2.3140200546842102,276.2236283265469,235.13985236234288,7.049084579075048,518.4125652679649,-259.2062826339824
0.12126595516603605,0.9366462249790669,8.434881030037813,-1.063246713450926,-0.6763199679779,314.1909507926587,200.5241435355789,5.132920779045448,519.8480151072831,-259.92400755364156
0.1059432901279595,1.70996084589837,10.139963086093605,-1.091540029285209,-2.90286121079697,50.62297471854228,467.65501343677255,1.6233488320708742,519.9013369873857,-259.95066849369283
0.019133229455418732,1.5406335079385725,8.87207066647467,-1.0365223069354852,-1.7019584834527883,314.7608035387893,186.64699674196055,18.862827223365088,520.2706275041149,-260.13531375205747
0.0898747872128157,0.7090057857013389,11.766951704033866,-0.8658559145203838,-2.51379712250608,167.8582315116614,352.3981860886254,0.054923667289344606,520.3113412675762,-260.1556706337881
0.029658664965371586,0.37808639843794856,10.545900821928248,-0.8605109884501024,0.5440427313032963,414.1000933363263,93.79732528282459,13.41070808227177,521.3081267014227,-260.65406335071134
0.050731028358590155,0.9509147868642149,7.85789518351894,-1.329210807581953,-0.35029827999486374,159.8223021570125,356.2314212514156,5.283231384599194,521.3369547930273,-260.66847739651365
0.1058579708329074,1.365936394363644,5.904433299444892,-1.0996758634805441,0.07775938533944604,479.69920093031556,41.599851143297094,1.6093111830922198,522.9083632567049,-261.45418162835244
0.08139188410938392,1.1649958739768247,6.075197601520067,-0.6070787577636264,-1.888234843666342,470.213571167767,53.02756047393522,0.09894017916206377,523.3400718208642,-261.6700359104321
0.12634038725695076,1.0457563359498654,1.9505121477184697,-1.288079438823194,0.4694617281111313,253.09259537337243,264.5121812723915,6.728564690163128,524.333341335927,-262.1666706679635
0.11797911796600653,1.0040738991859504,2.057259351262418,-0.8323933032970284,-2.945772298071993,136.2052847067806,384.22736742366067,4.214450671200599,524.6471028016418,-262.3235514008209
0.04464957814828815,0.7156717260925952,11.144442608243633,-1.3989327230220765,0.3546821686555255,185.66608168679656,331.87726150840325,7.247091095721038,524.7904342909209,-262.39521714546044
0.08669908453915842,0.2137369709781076,7.858547036906672,-0.8041586482055946,-1.6434041492558504,97.27432814014318,427.65105331346206,0.0008332987417409806,524.926214752347,-262.4631073761735
0.1079696490652548,0.5168991335695107,5.643178344857403,-0.7579254309619524,-2.035814054870804,217.71402948722394,305.9056265434498,1.974663605149346,525.594319635823,-262.7971598179115
0.12020360705265117,0.9155148265676876,7.3019791194974095,-0.9078484970290014,-1.6882432277166275,292.213749681623,229.24419596137864,4.82616469415019,526.2841103371519,-263.14205516857595
0.014129199905722284,1.576256188043892,6.60938939897134,-1.1274721729952206,-1.0436425762209731,328.35579184612004,176.27921540798758,21.780261522684178,526.4152687767918,-263.2076343883959
0.018040588090623172,1.100003946606041,6.642575383276661,-0.5838201510075393,-0.9027283055990267,306.65553581220644,200.73173530767454,19.481961410412758,526.8692325302937,-263.4346162651469
0.12651661185116503,1.4256004880279247,11.640083669987552,-1.1144604340492625,-1.426298911571945,243.35914758176554,276.8394181328956,6.787852361723486,526.9864180763847,-263.49320903819233
0.05329219997288229,1.5373134356959877,8.015994614887482,-1.4016350381867657,-0.26489333511704327,137.40350153127147,385.8447637558816,4.54884286803102,527.7971081551841,-263.89855407759205
0.004961470187523803,1.2078584327428106,8.661367381895428,-0.6159876947560153,-0.6157982486065414,261.0043459820835,239.82758526165136,27.669194947397497,528.5011261911324,-264.2505630955662
0.0971361175230253,0.07099699374970211,5.32136962622192,-0.969779346692776,0.07712835361993076,15.628280698230183,512.5319580269613,0.4959242697973867,528.6561629949888,-264.3280814974944
0.10635789594698915,1.0392658771022372,2.353050713141199,-1.0458858003542706,-2.1515267168118335,70.77295420171372,456.3345421061581,1.6924320989847368,528.7999284068565,-264.3999642034282
0.11898336203353228,1.1067381663396587,3.17703557119094,-1.0367745449431762,-2.142036475168844,105.24937029247346,419.13257667591995,4.485477657431556,528.867424625825,-264.4337123129125
0.12362628496206292,0.40660128145013735,5.476416340595189,-0.9371958185608722,-0.4638667047180247,225.14880730896581,297.89484439141575,5.848298381134107,528.8919500815157,-264.44597504075784
0.051985196664274404,1.4881887297760974,3.2331018047142224,-1.3386626810432987,-0.5392610218907103,152.03403330814876,372.2417652954505,4.916748670350144,529.1925472739493,-264.5962736369747
0.016296411142573086,0.903635633398777,6.142174897837121,-0.7967008395146168,-2.895634481389382,354.3081082155343,154.58316750077552,20.490998720805102,529.3822744371149,-264.69113721855746
0.08100626941171299,0.9435812274450288,1.14110324580789,-1.0376664254501193,-1.9400516389182423,91.27648072235255,438.2174388774511,0.11526001637120722,529.6091796161749,-264.8045898080874
0.11704631464832307,0.9692192937059025,10.344358690306105,-1.2104887808979656,-0.8999990663928861,115.42166755004897,410.3138933002456,3.9702697098988855,529.7058305601934,-264.8529152800967
0.012416993024613058,0.28432027532313625,10.451026287817148,-0.9090714823232001,0.7717547463274017,377.1929801837204,130.0292730553027,22.826656376357924,530.048909615381,-265.0244548076905
0.09085715650109873,1.903218474483488,11.538692606310663,-1.2883846129919778,1.1662773990471997,499.46754413195384,30.975179875713895,0.08875896723828358,530.531482974906,-265.265741487453
0.047638086690945665,1.0964123529978385,6.333326849470719,-1.0553894513552087,-2.104273041560984,208.3065535544811,316.36815316992823,6.243321418924494,530.9180281433338,-265.4590140716669
0.04660382111693183,0.23439730181975507,3.2825478589263035,-0.6752271392767414,-0.2060514092772272,450.30976886125535,74.02634809300214,6.582244026224025,530.9183609804815,-265.4591804902407
0.11870551876965907,1.447423837288804,4.243149040165461,-1.266813302281748,-1.2476673494095278,70.53742353802622,457.49179236700485,4.409647825375679,532.4388637304068,-266.2194318652034
0.10363525546013468,1.3050098179484333,9.706774670275173,-0.6833137333146221,-2.2266157635708836,470.2255864237096,61.98597843037557,1.2650860291689983,533.4766508832541,-266.73832544162707
0.11440206248664912,1.0576875381380941,5.739887569321495,-0.8312383586498836,-1.5821051728213202,422.1761908785588,108.7700772085068,3.317684495042154,534.2639525821078,-267.1319762910539
0.12040611859667096,1.2201225668996727,7.023349147297937,-1.247017293690077,0.2935451999094978,376.86799268882726,152.73811781224146,4.883911412585493,534.4900219136542,-267.2450109568271
0.1111068178714586,0.4377654292414418,9.301816147899894,-0.6378913617886415,-1.6869849768889649,345.40346411993795,186.77696825497807,2.586387318894688,534.7668196938107,-267.38340984690535
0.03628669078165917,1.6868470525223604,0.785981573612162,-0.5998700343477151,-0.9083133802168692,396.3994013902347,128.45721938860834,10.453464913425123,535.3100856922682,-267.6550428461341
0.06726813284971223,1.965282372530298,7.303020977157413,-1.0759542909555666,-2.776957439316863,125.76300444927266,408.654822847697,1.509106786728621,535.9269340836983,-267.9634670418491
0.0017967130910978082,0.4563300430743603,3.9575415693509144,-1.3547707143817764,0.5930010559058467,352.51406858824834,153.6831936960352,29.86550827575732,536.0627705600408,-268.0313852800204
0.07262470166515801,0.5047739170781363,9.456874261044458,-0.7666494483004668,-0.15874410098082237,496.6036879397789,39.081734177869855,0.7776560520073048,536.463078169656,-268.231539084828
0.06768231926763213,1.4633228328475298,9.149434641161891,-0.6786843928991655,-1.2189986438559706,489.20700153209344,46.03104173557611,1.4439776230643528,536.682020890734,-268.341010445367
0.046815345217709456,0.05529651166666641,6.600654209421692,-1.3527339471109547,1.293564760146297,128.25994595634202,402.0603913215265,6.5122001830757865,536.8325374609443,-268.41626873047215
0.041471537738525105,0.3675526431332328,3.1411759401187176,-0.8576369020295891,0.5208753285331564,464.415466583448,64.2136712401866,8.396575596225444,537.02571341986,-268.51285670993
0.11291236479304875,1.6012476070164399,2.856628731253944,-1.2566311580862821,-1.4496921114195054,46.1041351491849,488.03976341272505,2.975821388283225,537.1197199501931,-268.5598599750966
0.10228023714979637,1.630499408664323,2.1395674792439974,-1.3972840004655231,-0.4786352800824547,27.041982191972526,509.4084409072766,1.0755367632648525,537.525959862514,-268.762979931257
0.12456321215430338,0.6581906797051318,1.9708903280683825,-1.0321286331472799,0.008439073665108765,383.192287987442,148.32750933965656,6.145200740926363,537.6649980680249,-268.83249903401247
0.11874292314151645,1.323833958711907,8.353485479784986,-0.9596548833983738,-1.234463175322943,423.16903175568604,110.2668364862096,4.419818684841661,537.8556869267372,-268.9278434633686
0.10052081185530395,0.432259815892737,8.85494792492423,-0.6530602377783158,-2.511024200158723,213.99024638725032,323.6917718744198,0.852359660120871,538.534377921791,-269.2671889608955
0.043406389130274475,0.7819610530722193,1.5857877104190934,-1.0427787076987127,-1.725805239331102,232.71223396959144,298.43161535336776,7.686676161695285,538.8305254846545,-269.41526274232723
0.11040109861061476,0.7456403018620701,6.564587222668284,-1.0317851951422916,-1.5089222924410421,142.7349416803998,393.6676438082776,2.4415928928329063,538.8441783815103,-269.4220891907552
0.06141424980172595,0.8965258856670456,11.834679819661012,-0.6308733545325496,-1.1476861752632481,458.2530238457491,78.17246257861109,2.583239423489523,539.0087258478497,-269.5043629239249
0.0069585823346508075,1.9882485058563326,4.342768621546734,-1.1948764798875637,-0.4959526688345086,355.8915930174167,157.07799978792886,26.326380254067175,539.2959730594127,-269.6479865297064
0.09550686522569639,0.12341858293241098,5.56986522900885,-0.7643744331081175,-1.4491802839263286,52.74283754389932,486.31316383152443,0.3585547651872066,539.414556140611,-269.7072780703055
0.09511390500573601,1.7489742942924271,10.556625039856112,-0.6716710298607049,-2.0442352475506773,510.2627425515766,28.93144731693037,0.3287497629527984,539.5229396314598,-269.7614698157299
0.11864799196190327,0.5036585101232789,2.780996049442736,-1.33708915597064,0.8137274571799606,74.98496352178759,460.25292563544315,4.394028212767348,539.6319173699981,-269.81595868499903
0.04265443269479185,1.8985468193640298,10.644251411262047,-0.8968481610033494,0.2799111206104037,465.41386852481025,67.43424459433128,7.958845629518829,540.8069587486603,-270.4034793743302
0.11504007796020144,0.8592023923014946,4.633080177775529,-0.8432396171879502,-2.7447869968849155,171.85971817133932,365.48631320296823,3.469783357821235,540.8158147321288,-270.4079073660644
0.11532342761535212,1.2480502683558603,4.715434523253505,-0.923874066589931,-1.0850164148445554,456.7160580483526,81.40552590004518,3.5384252296448455,541.6600091780426,-270.8300045890213
0.12335905494895391,1.3412887203640333,6.417264235768952,-1.058313396997807,-2.4998090540390354,111.7903834880983,424.3997881027298,5.76496333654126,541.9551349273694,-270.9775674636847
0.0929503612387053,0.942506682043108,3.762658088620119,-0.7849731380604339,-0.8571060097486876,510.05108789675745,32.2235796637131,0.18780956787141911,542.462477128342,-271.231238564171
0.12390853035120988,1.2911057076421615,7.812733903935403,-1.015744801301242,-2.6731733438044394,127.31030494431175,409.9633172534767,5.936965288842601,543.2105874866311,-271.60529374331554
0.11475304042626336,0.7812993919141143,8.72210553229912,-1.083121030438632,-1.214061209664346,151.48841843037746,388.5371442102782,3.4009336033724575,543.426496244028,-271.713248122014
0.12398568394843408,0.3933281484830939,1.8505192336322787,-0.793526820248509,-1.5347004388423027,186.07280228731827,351.73052358102717,5.9613190617357485,543.7646449300811,-271.88232246504055
0.12717212318529958,1.9347762011800036,8.71938078172905,-1.1475418034419986,-2.080965139846625,152.2827175357697,384.4893458506376,7.010670465660951,543.7827338520683,-271.89136692603415
0.07123869230673834,0.21841955153612144,9.998748700781235,-1.1320449176827974,-0.15363608221861824,103.69405437594209,440.08628908482154,0.9438763343915942,544.7242197951552,-272.3621098975776
0.12844859436869974,1.1840371298460752,3.4895224505181157,-1.3153454418450705,0.2461280081260595,259.8130423571457,277.6280470209996,7.454887830126283,544.8959772082716,-272.4479886041358
0.07043482788024569,1.600651627485589,3.201250380678759,-0.778375824297679,-0.6638318785792099,515.3794289504041,28.998933870806642,1.047652269690603,545.4260150909014,-272.7130075454507
0.12417066007597095,1.236561027607169,8.663669423504487,-1.3588198891949783,0.5056062333168696,298.6720226913217,241.09844104620757,6.0199103713400115,545.7903741088692,-272.8951870544346
0.07847566687236301,0.19475615710109495,9.669592617610947,-0.8214525732701438,-1.6830580237274027,117.8346088870788,428.07923604279773,0.25325860745555606,546.1671035373321,-273.08355176866604
0.11461490508168831,0.4080431627686517,10.019607134463946,-0.8876279206329868,-1.0700826120662952,178.96081264887036,364.1087148640194,3.368045921563573,546.4375734344533,-273.21878671722664
0.0004178333577336324,1.5741698026313267,3.4391400810650117,-0.9809711534179446,-1.5531412746860405,405.12640597118525,111.14186785585856,30.848670862398517,547.1169446894423,-273.55847234472117
0.10637735888314374,0.722206666709182,8.341177615623257,-0.8430761939415212,-2.4507690836018816,190.43957514453155,355.2338726750417,1.695710463746529,547.3691582833198,-273.6845791416599
0.09713305664281068,0.7472557916915507,10.522655010249554,-1.197542082353784,-0.8814801620473425,102.36360277135621,445.2994475579685,0.4956453521044733,548.1586956814292,-274.0793478407146
0.1143571572229553,0.494517614855253,3.5457502482314047,-0.8565314068057894,-0.28384067065403507,464.31309558976034,80.61461860988047,3.307107766144697,548.2348219657855,-274.11741098289275
0.11270645634072014,0.17966828103982918,8.39769080544557,-0.8386938563167216,-0.8702020795026035,49.57005014972776,495.97766395283594,2.930030369151473,548.4777444717153,-274.2388722358576
0.02333140234525966,0.10850292789582382,11.264501632005064,-0.6639212267400846,-0.17766277480810722,389.5482243269668,142.50224853145698,16.576976298560464,548.6274491569842,-274.3137245784921
0.1163048408270152,1.225947872946663,2.7725975890810255,-0.6435013664331196,-2.7336981470132375,423.9229238600041,121.48640835550927,3.781371201598895,549.1907034171122,-274.5953517085561
0.010385705354683944,1.113162498494589,7.854597760118685,-0.8697096285562769,-2.451593712868032,382.02193627014054,143.7381904399116,24.099892324396823,549.860019034449,-274.9300095172245
0.13089292344268658,0.5172737137632165,2.776726862653162,-1.2097690833449437,0.7452096703618718,255.87072918148905,286.68428688236514,8.34360514344613,550.8986212073003,-275.44931060365013
0.12969456733755402,0.8356209274357796,4.0749133891735365,-1.2535462779167612,0.318026098302183,264.5432460634683,278.79910021594,7.90165109775147,551.2439973771598,-275.6219986885799
0.057478624780534726,1.8199612699037033,4.441516224927172,-0.5841204101293752,-1.5299155338348258,464.30364567208375,83.70218002571116,3.4667069651740356,551.4725326629689,-275.73626633148444
0.11152929944437294,1.149653955072266,4.012911607403478,-1.256966062266067,-1.2317388988771003,49.56511467869801,499.98285759687985,2.6750647875506206,552.2230370631285,-276.11151853156423
0.055629934232223704,1.7337522601038877,5.558290046060499,-0.9717466716484491,0.47464455035222475,516.6316906872192,31.672808289837832,3.9264739310310754,552.2309729080881,-276.11548645404406
0.07987076116547545,0.9039320781097281,2.626951630647238,-0.7070406545061704,-0.9148750958469813,514.5136737722752,37.572428040947855,0.17054860131622573,552.2566504145393,-276.12832520726965
0.11267401805073854,0.6610603586063282,5.643649864758275,-0.7444456823260553,-1.4836981491911096,408.2081582574759,141.46148150144444,2.9228489416183203,552.5924887005386,-276.2962443502693
0.083116986415715,1.473795970573671,9.900920828647847,-1.2488957129562652,-1.7775318215323839,64.23581140905864,488.53229353455646,0.04117689338970206,552.8092818370047,-276.40464091850237
0.05094286918422162,1.06153700473057,11.277159693887805,-1.296849756523883,-0.7374270534155278,174.12409322124643,374.08076157157075,5.220404478329891,553.4252592711471,-276.71262963557353
0.12462453534117637,0.7293300500879835,0.9728377223669318,-1.283005031559215,0.8257860908833843,212.73181685447383,335.034304820911,6.164889725907068,553.9310114012919,-276.96550570064596
0.12775513895858237,0.26053120326852125,7.568052303256335,-0.6560411471232053,-1.247733020837339,266.57577719340907,280.68590879141954,7.211869619924114,554.4735556047526,-277.2367778023763
0.06734018292321531,1.7876553038886134,1.3033449480971546,-0.7003138186268162,-0.8647194637316957,511.4738951298229,42.24571332123261,1.4976739854868595,555.2172824365423,-277.60864121827115
0.10927690831042,0.9065656693614478,4.512820051536105,-1.2980036286400793,-0.5967226630772338,59.44593548552657,493.6629037696724,2.2195529964327196,555.3283922516317,-277.66419612581586
0.007446607174965399,1.5297679194224127,6.770839387115793,-1.3151206985062613,0.1620629111469558,350.29409451720454,179.1960527166787,26.003321052953968,555.4934682868372,-277.7467341434186
0.13118970863177354,0.6967655707308678,3.0149947394188854,-1.2338854398405867,0.47690545286622266,259.8231582214684,287.5330391430724,8.45491753485091,555.8111148993917,-277.90555744969583
0.11500260625843024,0.4147941705383648,5.567579881385474,-0.9645787255306928,-0.8461990217951296,148.46806602354016,404.41937012930083,3.460756118139904,556.3481922709809,-278.17409613549046
0.035395630236168256,1.8239842538990934,3.024200462737397,-1.1347596144225092,-1.5974368643051717,259.3760096192921,286.7033392878113,10.829627630612322,556.9089765377157,-278.45448826885786
0.01705730936888926,0.9879187809529498,6.33675867281543,-1.0258995669838398,-1.683615643678411,350.3247132700025,187.01330749426157,20.047672964023683,557.3856937282878,-278.6928468641439
0.08767758209625537,1.5837776798438328,3.2590498811703954,-0.9855591819985354,0.061779070603294794,555.3651867450486,2.0328654113660924,0.008497673707515483,557.4065498301222,-278.7032749150611
0.12894174658958446,1.6544643223674804,1.824250126555766,-1.0610481202435684,-0.9349380604846975,357.0051188653516,192.8909969619135,7.630160882719078,557.5262767099842,-278.7631383549921
0.12895675551317715,1.1751679715850565,4.779849013849972,-0.9719474201115126,-1.6655156761290666,321.23627143432196,229.0813067831874,7.635527193987802,557.9531054114972,-278.9765527057486
0.11091542550394667,1.5711447701853376,0.6451602442189184,-1.1326038666538625,0.6046000545615957,456.8785921563307,98.83123679503385,2.5467066389578377,558.2565355903224,-279.1282677951612
0.03973648012276647,0.53554667638197,9.169931791292276,-0.9102922413863751,-2.2216174133355073,292.79526098205025,256.70361692928566,9.059831380430262,558.5587092917663,-279.27935464588313
0.09353035899545657,0.8158960569365954,11.25673434415404,-1.4217061615137718,0.14562960442836337,58.274212288379324,500.8342483504136,0.2217468934999084,559.3302075322929,-279.66510376614644
0.04340264166360181,1.7285170231471034,9.94635475231905,-1.206862366979888,-1.4142365343473249,218.28462324139312,333.5449240891924,7.688020811487551,559.5175681420732,-279.7587840710366
0.12857563705955816,1.385534024426407,4.561999112088301,-1.3176391979269575,0.12144975935771152,294.48505287022107,257.99197709964676,7.499845796899685,559.9768757667674,-279.9884378833837
0.08139121296190001,0.5470808743900889,6.187305290104989,-0.765971075882508,-0.27934331305388316,524.4682560323572,35.6877826798772,0.09896750147226811,560.2550062137067,-280.12750310685334
0.09297145299849593,0.36001999515714894,10.11407509562788,-0.7283031647792634,-2.2883563731839818,175.72140553540373,384.62183596189277,0.18899434895639625,560.5322358462529,-280.26611792312644
0.01620631569199554,0.3023531214181259,0.9460124618519217,-0.8144754594222051,-2.622120279872507,371.78109821141686,168.90870603629543,20.543812484671157,561.2336167323836,-280.6168083661918
0.08212111845030132,1.6723661165369827,6.083801003589637,-0.7663835062593501,-1.0338525527845634,542.6720274938307,18.588339615384818,0.07148180241117566,561.3318489116267,-280.66592445581335
0.1286665807371233,1.1872398095623873,2.515769267983442,-1.3929173008394693,0.344407717969756,159.96549938948863,394.0876910600122,7.532112022360402,561.5853024718612,-280.7926512359306
0.08809944254311557,1.7730062079269444,9.377501618876682,-0.8185300278005093,-0.934573458688186,552.016692755587,9.735982182476171,0.014275534624988859,561.7669504726881,-280.88347523634405
0.1273527463610636,0.30758112088644946,11.26512098955541,-0.8839669606006804,0.06067222805262773,371.884773191874,184.62492948792058,7.072699331463918,563.5824020112585,-281.79120100562926
0.08935372553282443,1.8752929970066659,2.382915921402426,-1.3068212004629425,-1.354676163233229,48.79333710050964,514.886558482344,0.04025701420801818,563.7201525970617,-281.8600762985308
0.10720917236860046,0.7680267720633737,11.784505947400568,-0.5853525042842824,-2.891099314435876,371.3698540699297,190.5564067744285,1.8387871658399848,563.7650480101983,-281.8825240050991
0.11116810233522867,0.02862261727482828,1.4874359672555213,-0.5835604253784367,-1.5924282390304365,52.288567587659394,509.8406973835332,2.5991580396223934,564.7284230108149,-282.36421150540747
0.13250394639529026,0.9382760454293155,1.2740616327378764,-1.1248092072636589,-0.3218300310826505,244.68096779371598,312.4253490345064,8.956701228362466,566.0630180565848,-283.0315090282924
0.10590351017829847,0.3980489916744739,8.260144246909423,-0.8631010457773133,0.1821360456823169,525.3759543653156,39.30413442401646,1.616796221447959,566.29688501078,-283.14844250539
0.08493245752706192,1.0631901240722854,1.867543420494865,-1.0827650774919628,0.838925796212993,565.3756938573047,1.0002382520324489,0.0073011403573813765,566.3832332496945,-283.19161662484726
0.10303040817133605,0.6290091388787721,0.5520801228926351,-1.2744732925992406,0.19897903097951142,26.805902002691074,538.4428558370481,1.1785760177978746,566.4273338575371,-283.21366692876853
0.11181610671967054,1.9521141264152109,0.6439527741878462,-1.2413134966460713,-0.6187699880974566,48.81614135638507,516.7002859766965,2.7361164396021507,568.2525437726837,-284.12627188634184
0.12331139100230384,0.37009994844181543,7.51134000091955,-0.7258524134186253,-1.164612549389691,324.00995619999486,238.5863237235392,5.750162291570703,568.3464422151048,-284.1732211075524
0.11155913606509221,0.8426497044192683,10.694849615164859,-1.191608634336524,0.9334805880838477,511.3486453296174,54.441537639381764,2.681383901115748,568.4715668701149,-284.23578343505744
0.12815184531799265,0.9672037073901695,5.800900794033941,-1.2787743840091892,0.5110709793480721,350.02787632286606,211.1907455465317,7.350400604309414,568.5690224737073,-284.28451123685363
0.12290376126582712,1.4625789373372464,1.928800770383007,-1.3922530124098678,-0.1150993712788475,84.60273778127514,478.85705104365144,5.624358451303951,569.0841472762305,-284.54207363811526
0.007401018591762717,1.8534114238963475,11.961545483793072,-1.292602334996831,-0.0018669644861173396,363.0544504690452,180.25484506905735,26.033415005322013,569.3427105434246,-284.6713552717123
0.116395532549792,0.6970456193159094,1.0557573929228359,-1.0118254690885102,-1.5169576727127743,69.28098436675033,496.8833587494384,3.80422878195938,569.9685718981482,-284.9842859490741
0.008465597406836901,0.9645504757641064,7.031598829335968,-0.7379204008155824,0.0008192924591154949,333.14261452088465,211.5934354143455,25.33520691793787,570.0712568531679,-285.03562842658397
0.09964294173822531,0.9968400491950983,1.374718805000278,-0.966088394335487,-2.572885267739305,78.97038975839936,490.5756646839179,0.7506986551191538,570.2967530974365,-285.14837654871826
0.003953810245406695,0.5567605544879999,3.242969511826347,-1.1028140055522715,-0.9430635775674263,400.22985032172915,142.53456844478492,28.35940098354516,571.1238197500592,-285.5619098750296
0.12018747128164059,1.849161432305476,2.6699224868967946,-1.231982222042607,-1.7488178836492094,68.38138229889991,498.2857905106934,4.821578307119651,571.488751116713,-285.7443755583565
0.12370909660908742,0.6238737468714713,10.179893565401617,-1.3889826962625804,0.9058491351566902,131.09851863288966,434.7092394306901,5.874244368175726,571.6820024317554,-285.8410012158777
0.057348058647738606,0.6932642145447281,7.128954074582281,-0.6052570044951378,-1.0143988538361224,466.571268101251,101.61764649157894,3.4982393226937525,571.6871539155237,-285.84357695776185
0.11262365738458306,1.3388240634056385,5.244230928666892,-0.8056789916856611,-1.6317911975688681,506.1345636765825,62.980878860842914,2.911717185585124,572.0271597230105,-286.01357986150526
0.0498615700393169,1.1403822832893336,1.4867057273230564,-0.5504848736770307,-1.3027258269056086,452.0047077563778,114.75020172062175,5.545028276607415,572.299937753607,-286.1499688768035
0.12884027545113474,1.7082670601475323,9.780119247735076,-1.2854523241073263,-1.0803999282629753,169.28479286053593,395.48454187170273,7.593930239800762,572.3632649720395,-286.18163248601974
0.08194467747522521,0.2280331649660295,6.0083053451991075,-1.2381697292946363,0.47811938063934356,68.63205673837845,504.14378218274993,0.07771707549683986,572.8535559966252,-286.4267779983126
0.07910636875289655,1.4146414694223155,8.742562909204084,-0.6732134442110086,-1.4322609186843984,535.7705424106434,37.60489281113788,0.2138480305306213,573.5892832523119,-286.79464162615596
0.004613623891788568,1.9145015487893045,11.363505460923093,-0.5823956548221494,-0.7404266692963581,279.74905989710857,265.96792377313005,27.906494517037217,573.6234781872759,-286.8117390936379
0.03360027454139438,1.226603047684882,11.840779385335173,-1.2725929142195813,-0.7020647122337969,259.5491579565097,302.61076018810934,11.607734434159687,573.7676525787788,-286.8838262893894
0.06221269762893255,1.9823715081234972,8.005851987169265,-1.0991970608582493,-2.645246362641527,158.38771454175816,413.0761987827767,2.419830776501168,573.883744101036,-286.941872050518
0.05219931209078492,0.3737916413483975,9.697883660891723,-0.7353818296024355,-0.006240785205017918,496.17698296420286,73.06133799955099,4.855497955324625,574.0938189190784,-287.0469094595392
0.05011626560671658,1.0843863115490813,3.2092191193855144,-1.1202880176099497,-1.7720195566052745,215.4999967929848,353.49770060659625,5.467682970441128,574.4653803700222,-287.2326901850111
0.12110362977640106,1.8222667041787899,9.263713145422003,-1.3387536953396033,-1.2189047702392612,81.93473497353605,487.60801077644726,5.085437143273987,574.6281828932573,-287.31409144662865
0.04494388043327928,0.3883353050270812,3.978259908847544,-1.1907981710917772,-0.4924529635832826,236.43731244212876,331.13157596151734,7.144921941577986,574.713810345224,-287.356905172612
0.11419686191923781,1.068274947809067,1.4777376329906105,-1.2410446152674308,-0.8361299542506915,48.72590803829385,523.0910413056426,3.269490450119972,575.0864397940564,-287.5432198970282
0.08109638950239975,1.1889676645714236,6.501390724146995,-0.6518253212532726,-1.5091412218632092,529.3741423036234,46.17702798478821,0.11133448782721399,575.6625047762388,-287.8312523881194
0.10450067268805321,0.5448686341850065,2.7067068551780253,-0.7983397233176995,-2.5609436287461302,151.727219071862,422.73756408284527,1.3941923472533444,575.8589755019606,-287.9294877509803
0.029221623814009886,1.892937315679867,8.52240493991658,-0.9475165008679884,0.6934938623514313,463.4198640895573,99.10412341428412,13.6186322492957,576.1426197531372,-288.0713098765686
0.061996888161510146,1.2290741920842865,2.7130046188652206,-1.1813540151337156,-1.6386097919755078,158.4098160989032,415.49304765116517,2.4634714139175276,576.3663351639859,-288.18316758199296
0.025280129505543668,1.6702559915049628,5.3650706993440735,-0.8893497538854784,-2.9036541749990628,340.06189674690125,220.95882653088864,15.566074434294904,576.5867977120848,-288.2933988560424
0.07491490770134572,0.4828084704948986,9.238766870720042,-1.207568557656253,-0.41081338852951443,149.63488238571384,426.47274437887484,0.5382497920116075,576.6458765566002,-288.3229382783001
0.10653225808689273,1.5601659449396443,11.56327984960105,-1.1892878269024374,-2.441458305260408,44.3287913007032,530.6449686496611,1.7219149925303718,576.6956749428947,-288.34783747144735
0.12036509436044117,0.9277288479023499,2.4652853710341898,-0.8359029859385635,-1.2154911221627653,465.20824503609253,106.67272920981253,4.872185501231534,576.7531597471366,-288.3765798735683
0.12951340177626253,0.11936679161666211,8.21548744593355,-0.6982687531356209,-0.8581920250738655,120.63192841942463,449.34302392283706,7.835883621855944,577.8108359641176,-288.9054179820588
0.041959091793567174,0.49285839179646473,11.449877447565825,-1.0554145201426985,-1.3826889119817987,279.23597398030995,290.42411181255665,8.214736874765501,577.8748226676321,-288.93741133381604
0.032916089593361626,1.722752645395306,3.038858078821167,-0.9015410819729321,0.4889579843758223,469.1394057560791,97.36659166102311,11.911363205860074,578.4173606229623,-289.20868031148115
0.05757166087212443,1.3192080581175818,8.221600224876191,-1.4334862919671523,-0.20037034001057075,138.74816867636838,436.50770602994555,3.444325398692454,578.7002001050064,-289.3501000525032
0.04297592725321647,1.3073965872446116,10.351913727291349,-0.5558092973056318,-1.3560177097793789,434.2080291291366,136.80444566542363,7.841901723606684,578.854376518167,-289.4271882590835
0.07016860326898329,0.3231251306897748,5.694699077463027,-0.7688271160420354,-2.4764030542850453,205.25244898776978,372.81907839637813,1.083213704522054,579.15474108867,-289.577370544335
0.13109956074667642,1.9711846123909944,9.006579551223812,-0.9517995079471046,-2.093783340469913,402.35286023537753,168.90879876001034,8.421028631355444,579.6826876267432,-289.8413438133716
0.13197900686933403,0.9466046402020236,0.7050321667122263,-0.916123717769311,-0.9147236605015792,336.64883938274727,234.40765777135778,8.754541406649617,579.8110385607547,-289.90551928037735
0.10341415623063388,1.9936355402872588,6.666912044979427,-1.1731514944246277,-2.727550728716614,44.744564589907824,534.5908327790646,1.2331074256703811,580.5685047946428,-290.2842523973214
0.08837091060959953,0.9966084124146255,9.79640569306469,-1.1601106300641875,-1.9228784359536801,86.36589958513458,494.2566496695571,0.018781668711907375,580.6413309234035,-290.32066546170176
0.026956429818055187,0.06121113281142465,4.285025584562489,-0.7540888116792618,-2.620313963169045,336.99349217720817,229.38112635135448,14.72193701107441,581.096555539637,-290.5482777698185
0.07663828996313236,1.0047938775798597,4.5397976345092514,-1.0243752911315172,0.6696955091189674,576.0186584197146,5.852843368510951,0.3870578259362923,582.2585596141619,-291.12927980708093
0.019322631674478462,0.1770078035900132,4.643098894771532,-0.7846161131198802,-2.641644724267514,375.6461958102103,187.86092857921204,18.75652107306525,582.2636454624877,-291.13182273124386
0.07773825682158933,0.3874338505530553,5.005253754275168,-0.9910225234688558,-1.377939921166602,162.97263343272414,419.2545505533027,0.30356116910472747,582.5307451551315,-291.26537257756576
0.12821313091255646,0.6705738615666061,1.2409495616085915,-0.5706614347579048,-2.905435473251973,327.4346963676032,248.12340390765377,7.371919230427273,582.9300195056842,-291.4650097528421
0.1054144240386486,1.1548616585525708,9.364824017895168,-1.0768945785238793,-2.746760930197327,63.956479006291985,517.7188873659087,1.5373162699962521,583.2126826421969,-291.60634132109845
0.09482824863365455,1.5312366968021072,7.726850718514011,-1.11429146524473,-2.9515520619409523,58.05667580275132,525.3304985681066,0.3078951371463829,583.6950695080043,-291.84753475400214
0.1304053397206747,1.7434132955165145,1.706101857763343,-0.8297463645023414,-2.2363056284674196,397.02477219867916,178.87670757966623,8.162333076844446,584.0638128551899,-292.03190642759495
0.075697175833992,1.2291476989310175,7.644603928629848,-0.8664178597774305,-0.21834937324032921,565.4598887772536,18.532184805593264,0.4665390641726453,584.4586126470194,-292.2293063235097
0.07075346382505499,0.9809882110822082,3.0156953863454414,-1.3769911092379143,-0.34407110061142543,109.37101920406576,474.33592115004905,1.005870181196071,584.7128105353108,-292.3564052676554
0.011390390699237626,1.0460482373058928,5.120640516386741,-0.8675273366129195,0.5639697313557188,391.57885714205304,169.82495535289593,23.465824710003506,584.8696372049525,-292.43481860247624
0.12100611657934358,1.5863502686747224,7.19889896924505,-1.2951896704267798,0.4854197078530893,449.3168876613995,131.13804611900795,5.057018544758266,585.5119523251658,-292.7559761625829
0.10960852955435192,1.744711105858672,3.316389675393691,-1.2318510530935765,-2.072926317102729,37.933461171573896,545.5714202984976,2.283951334992009,585.7888328050635,-292.89441640253176
0.08843704545526758,0.43914680064714734,2.0468470950956896,-1.3206694165146922,0.27508225740062997,63.28504216325462,522.5413587134376,0.019972934884834925,585.8463738115771,-292.92318690578855
0.12183097596434758,0.6248815217032562,4.753721160961294,-1.424338763722897,0.9040951136277977,85.61476961941332,495.95783417610596,5.299922130221192,586.8725259257404,-293.4362629628702
0.06804604595536452,0.20514930342040041,5.200077680405118,-0.7337020313972533,-2.457951776734804,190.7168315698237,395.4920679585434,1.3879677621470252,587.5968672905141,-293.79843364525703
0.01295739329654545,0.4236484132136307,0.77395763917332,-0.8498356820630412,-2.5053884609738564,399.17431875305806,166.01599859976616,22.493745767641723,587.6840631204659,-293.84203156023295
0.038705269049623556,1.8140430691526084,9.332965908705464,-0.822955301179068,0.04527687019772664,478.7473342962313,99.88785510695244,9.465973605413033,588.1011630085968,-294.0505815042984
0.10904351304469342,1.095523936596574,10.174740501164104,-1.373274715506979,-0.6626163383076786,45.4473084124807,540.7305782769812,2.1747815532711683,588.352668242733,-294.1763341213665
0.12876637164562854,1.8411760276361344,4.360686535584559,-1.4092252074996532,-0.2528904799670739,166.97757266981463,414.49610835077505,7.567596882026603,589.0412779026162,-294.5206389513081
0.0034654951004342975,1.2131212156023723,0.686157119730484,-1.3465655670042282,0.41668308132844967,383.25943679213594,177.09944368980078,28.696935634660186,589.0558161165969,-294.52790805829846
0.08018368575921629,0.4973555400808619,2.2652316461915114,-0.5720421713751391,-1.1987849127167791,529.4797320552376,60.05994131563554,0.1542343432740331,589.6939077141473,-294.84695385707363
0.13084554434716153,1.3125289840855041,10.243285675853496,-0.9698489906850838,-1.8086470257440461,371.85947948121793,209.66954126312712,8.325903392333176,589.8549241366783,-294.92746206833914
0.04211610132430607,1.6212240095202999,4.97732835064227,-1.4200262544695346,-0.07915613309251768,211.45446760940075,370.9019829987809,8.156602158104594,590.5130527662863,-295.2565263831431
0.06688220118595478,1.8026170405039745,4.7133336174785505,-0.7028858657497398,-0.9979254154181754,539.7399888724427,49.456279433168355,1.5710859202279268,590.767354225839,-295.3836771129195
0.06779638660132335,0.7564484346078021,8.843606918708902,-0.9015457213594328,-2.872095533108943,212.09475574195278,377.38521694453544,1.4262932852748227,590.9062659717631,-295.45313298588155
0.0964347595007983,0.8793953212903795,10.004532310884429,-1.3077621821700673,-0.7600390827659318,71.37269384409043,519.4161283315153,0.43406479473225984,591.2228869703381,-295.61144348516905
0.0545635679316575,0.3167311156956473,11.406029279224443,-0.7044005475112768,-2.9830319786815824,268.478360167859,318.8215827825693,4.204693326253256,591.5046362766816,-295.7523181383408
0.07968393119852529,1.73247865396583,1.3011987005878765,-1.089494320544526,-2.3818543884323944,108.37307454920214,483.363117702964,0.1806798819547143,591.9168721341208,-295.9584360670604
0.10610691058541286,0.7586564828079435,8.42357979461411,-0.602898874226872,-2.2786798629224307,457.2480958827515,133.16925147548844,1.6504399759427675,592.0677873341826,-296.0338936670913
0.10237273343826407,0.7095163169386864,3.4911973576950306,-1.0351591042756263,-1.844593079134889,114.07150860722038,477.2069746445167,1.0879868235328343,592.3664700752698,-296.1832350376349
0.09193837138841482,0.9026007345109524,5.419506857509546,-1.3732249915983412,-0.42120109054827193,62.12588739387633,530.344664086035,0.1353407743029074,592.6058922542143,-296.30294612710713
0.000886091687810997,0.6991918374511973,5.807297605911635,-1.1019769554147503,-0.9574732879869199,426.08058680319334,136.17579961758776,30.513010051508754,592.7693964722899,-296.38469823614497
0.08787656722770731,0.6886527988688521,2.58103402039138,-0.7820338363704019,-0.38400753404035637,568.584939054452,24.174985121374824,0.011037312335098247,592.7709614881619,-296.38548074408095
0.050029371755019085,1.841517887545019,1.8703993187510681,-1.3354956973089736,-0.6447656465403808,191.3806816792574,397.26429751685265,5.494009624852218,594.1389888209623,-297.0694944104811
0.029160999517100997,0.2662821458954052,8.868075469655585,-1.0720532996560606,-1.0563629533029595,319.87380825433297,261.22744507229135,13.647600839020908,594.7488541656453,-297.37442708282265
0.05399892900226104,0.5379602349088998,9.625129036354707,-0.8929273654044214,-2.4071868784737394,269.7239752343484,320.9718343807738,4.355865926446768,595.051675541569,-297.5258377707845
0.05653695479467317,1.7322292041119884,1.1331455200968878,-1.3207047752297991,-0.613775735462827,165.0581552192527,426.31494944195373,3.697322879007301,595.0704275402137,-297.53521377010685
0.12358221531228829,0.7304074243747829,6.669372936428994,-0.99130804648767,-1.436636009599442,219.00739758819392,370.3029801408152,5.834514187791664,595.1448919168008,-297.5724459584004
0.12810766039905272,1.437209147661032,2.3641712289631682,-1.0805268069813017,-0.5020835769988992,452.0349985296546,136.5245246040082,7.334905887703793,595.8944290213667,-297.94721451068335
0.0015280532811593251,1.1202094222101402,4.266156630093131,-1.362628051843808,0.5121551252856262,394.0053403120789,171.96384770277686,30.05581800533174,596.0250060201874,-298.0125030100937
0.09814174573999587,0.4876437508718418,6.870561997755492,-0.6060456424081441,-1.2837696750558407,510.212196386723,85.30838779841991,0.5918076765100595,596.112391861653,-298.0561959308265
0.13422197952071652,1.3877266869368365,5.78074872580981,-1.1975732486236073,-1.3004950277451588,205.95493525578027,380.5343034137969,9.634468878938264,596.1237075485154,-298.0618537742577
0.07019023362356441,1.4525141798885801,4.315012728903936,-1.3294847610564355,-1.1195809004382211,111.19318922454198,483.98993254564283,1.0803022385522547,596.263424008737,-298.1317120043685
0.12582224288156676,1.8223179467563688,11.663448526797902,-0.9785215692062899,-1.4093192977931481,485.90866786654436,103.98478266598488,6.555750534177271,596.4492010667065,-298.2246005333532
0.09633549838439324,1.4293382829537784,7.991184072386176,-1.2122855554076164,-2.2614208299347522,49.267367058573775,546.7739135844141,0.4256427519577671,596.4669233949456,-298.2334616974728
0.12476305298627789,1.6549624614881995,4.160814397809265,-1.2479431495914235,-1.7895433865210073,75.524869168926,515.0882726594778,6.209479375102501,596.8226212035063,-298.41131060175314
0.12258291276834045,0.5329466265269192,2.76867876524786,-0.7241080340252548,-2.307532128003972,241.02697830270927,350.31922206823833,5.526315921798489,596.8725162927461,-298.43625814637306
0.12084210773868044,1.1561091638900658,10.899452912991052,-0.9150651004797282,-1.3085465384048443,478.4349124102306,114.40294280547731,5.009400487360821,597.8472557030688,-298.9236278515344
0.08751338945195357,1.2998222609946002,7.2812692620702855,-0.7262807999969466,-1.243481821404568,568.3767887471445,29.486371566358958,0.006651767482268533,597.8698120809856,-298.9349060404928
0.0930028284154038,1.6818112258022193,2.682853077792966,-1.2035231862676583,-2.1856930854126846,58.3693467438048,539.4150411055676,0.19076368342864944,597.9751515328011,-298.98757576640054
0.07925814619438601,1.718297598266735,9.918961666684934,-0.7787562437469285,-0.8617733887035488,577.0940060130637,20.73628696170747,0.20486119880202527,598.0351541735732,-299.0175770867866
0.09738710723164258,1.0431151719757437,7.9325825225382465,-1.0431769343932729,-2.8269167897613654,85.0723064953616,512.4615314893761,0.5190622778791698,598.0529002626167,-299.02645013130837
0.03594148845171107,1.6950612643147538,4.118215496707489,-1.3385580739991751,-0.4664512228795772,254.41614114340632,334.02062853081924,10.598403692385078,599.0351733666107,-299.51758668330535
0.019411395663201197,0.44384281359971034,10.42091892374937,-0.5752773283251779,-0.7214222877774148,356.9044529843463,223.92336217462068,18.706803719806416,599.5346188787734,-299.7673094393867
0.04279966643144076,1.3891026722046351,1.4318359095946582,-1.4487704660115261,0.33840679620815983,210.26970828092652,381.43181514676917,7.905909556328464,599.6074329840242,-299.8037164920121
0.061135076462112886,0.15417837816748983,6.893292318644667,-0.6618549895371836,-2.854034140350953,219.0816001268318,378.11382257099876,2.641634089536875,599.8370567873674,-299.9185283936837
0.1274782737170577,1.08109145989093,4.5004716195128704,-1.0013884206997459,-0.8606547251170777,446.5797055755936,146.35666528482597,7.115968326906088,600.0523391873257,-300.02616959366287
0.08857218607119414,1.1870080348312306,2.153048669751933,-1.0242809184370616,-2.823735403764654,100.3228462733378,500.0776517877818,0.022521069608499943,600.4230191307281,-300.21150956536405
0.12143725682472298,0.8615102295449392,6.293131928023477,-0.7040770126206302,-2.5606495503080917,382.2273342439721,213.13230114300592,5.1832694573040925,600.542904844282,-300.271452422141
0.023337299756275364,1.357112708317056,2.127000329490454,-1.4252864391659512,0.4381600540809867,300.3470451282713,284.07964139885456,16.5738690440455,601.0005555711714,-300.5002777855857
0.10217070291628903,0.9356104916272101,5.128100919167388,-0.7279852709660878,-1.3557783458316068,543.4858480786068,56.97792353234686,1.060886040480553,601.5246576514342,-300.7623288257171
0.042223303134487286,0.32363167566868306,11.009289156231613,-0.7900417887939236,-2.655874737585923,309.970687569748,283.47113319738656,8.117027957949263,601.5588487250839,-300.77942436254193
0.10792810930865755,1.052782528361772,6.456464844668408,-1.147155626320032,-2.11329201366201,66.39313172099591,533.3035746634206,1.96711654041462,601.6638229248312,-300.8319114624156
0.030456251569590934,0.801150114828424,1.1574690681604212,-0.809751998171747,0.27453086548507954,469.02333006762035,120.61499975232479,13.035375963391408,602.6737057833366,-301.3368528916683
0.13451447953144208,1.2941415012078272,1.7106365233044496,-1.3254607883774168,0.20535114557768708,231.88840086368398,361.2054655246935,9.752323056817643,602.8461894451951,-301.42309472259757
0.01919090753649722,1.1494345736974407,3.9633195870593863,-0.9446609696703621,-2.346400267773839,380.0382381985804,205.0805199591766,18.83042232372113,603.9491804814782,-301.9745902407391
0.0959922701739073,0.5762183263214112,2.9748558635518316,-1.4117847800305372,0.5075885171389904,56.225690180534734,547.3309992362115,0.39715665224475,603.953846068991,-301.9769230344955
0.13644495123482314,1.5375309360644027,10.812965942987942,-0.9774853926791454,-2.772367039051021,258.2205719917388,335.4529023179825,10.548117362288972,604.2215916720103,-302.11079583600514
0.016446458774536845,0.8912811696490474,10.612510805520976,-1.1253024384853185,-1.1641902915017543,373.56807822711374,210.2871718195379,20.403191985053382,604.258442031705,-302.1292210158525
0.12999717960623913,1.0606998237818526,2.868839115283379,-1.4432720076756904,1.3280071837275624,350.3948986017144,246.05898768853845,8.012119632050661,604.4660059223036,-302.2330029611518
0.13648408157244374,1.934498626819417,8.14421090962686,-1.1181372666833505,-1.7644962789617766,298.8615341619768,295.2290738713262,10.56457067891449,604.6551787122174,-302.3275893561087
0.03556777445132871,0.6923623599582188,4.379851679622569,-1.4244997896332674,0.4443015515251565,257.83166930844953,336.89781374863054,10.7564384831702,605.4859215402503,-302.74296077012514
0.13169390354251478,0.3306078150600783,0.6349708316933048,-0.6284795178946874,-1.6313104843812467,417.3519926982399,179.5747367812677,8.645712046342949,605.5724415258505,-302.78622076292527
0.10923585709620356,0.9714768747634042,2.737958064709309,-0.9742386159171516,-2.83688495731975,92.29491581442093,511.9307871196798,2.2116452169366836,606.4373481510373,-303.21867407551866
0.09434293864726584,1.1682043910666287,9.273531320947633,-0.8211342879414928,-0.8236355143543519,583.615549959048,23.309887821404974,0.2740312119535468,607.1994689924067,-303.5997344962033
0.031693077806427765,1.425762386889437,10.523153954995324,-1.384924310701282,-0.10057822775315728,271.7504430318705,323.9738234280592,12.463879830401616,608.1881462903312,-304.0940731451656
0.1289088915120398,1.0881204190284033,2.128027450379547,-1.24817647330417,-0.8264847753080411,99.86512549946234,501.9439702602797,7.618420417344249,609.4275161770863,-304.71375808854316
0.08173761672060106,0.6389719982663709,1.6524974736921307,-0.860856045650702,-2.9268385174372016,154.8482839785657,455.32408737020353,0.08536690987304425,610.2577382586423,-305.1288691293212
0.08149418019223514,0.44038794925577307,10.496004408981165,-1.1087902643648522,-0.8494259140797551,161.00804971416727,449.6442377367436,0.09481982407066235,610.7471072749815,-305.3735536374908
0.1022261921400501,1.8159535864773346,1.8443701610067622,-1.2682497903770278,-1.644599925812705,43.74132920255977,565.9555038349647,1.068295430551642,610.7651284680761,-305.38256423403806
0.02453402323548365,1.8496371597754908,10.381696968820954,-1.402911557164673,0.13544836869608412,303.75413338543837,291.1093897318791,15.949359975428496,610.812883092746,-305.406441546373
0.07671037447412715,1.753150427339719,1.683805920845639,-0.7237145153063494,-0.8793300910520783,577.9902863626196,33.31145246095724,0.3812757748675334,611.6830145984444,-305.8415072992222
0.1314089903992853,0.5539282977529504,4.5785141483941265,-0.935441736258378,-0.5558985711378384,374.03401903012485,230.23097451608785,8.537635278400153,612.8026288246128,-306.4013144123064
0.13785500479324117,0.2720907051136588,7.091700414939443,-0.9471474649817953,0.24169570620645198,288.7216842235408,313.7829363599575,11.14910304397173,613.6537236274701,-306.82686181373504
0.06368162169277947,1.7395692465464427,6.671955628150277,-1.1143156418987432,-2.6481842329254928,167.49968484659635,444.2001379826619,2.133149194264531,613.8329720235228,-306.9164860117614
0.09672198593314055,1.3459238544645151,8.748075355777088,-0.7391421110652385,-1.4183498613179388,584.3930760881001,29.16865005610545,0.45889999668063514,614.0206261408862,-307.0103130704431
0.13257401347160527,1.527433171047023,8.878093807346326,-0.8910961606514685,-2.2451441906940266,436.14349071086195,169.92433593547014,8.983859367207899,615.05168601354,-307.52584300677
0.0596441485236969,1.0120365478853532,5.5172640503396195,-1.2878385448373573,-0.9873690874708636,174.4435939851833,437.8901656083461,2.9645413403458796,615.2983009338753,-307.64915046693767
0.03774767739365685,0.9127193378909799,7.436469756079951,-0.9244632833474251,-2.787291668086471,315.94130439636575,289.6427209419363,9.851094879588747,615.4351202178909,-307.71756010894546
0.10315281969258354,0.4115397230983014,8.248478126055485,-0.7871347541909128,-2.1023273838587366,188.4713122400903,426.09411325643185,1.195837007243592,615.7612625037657,-307.88063125188285
0.12231078112866721,0.9413377611790211,5.687999262622169,-0.968192250817562,-0.6105503271844617,505.5073735076257,104.97951306151458,5.44383558792354,615.9307221570639,-307.96536107853194
0.13449222515210432,1.06581256389887,2.2619297123149633,-0.9450649029104732,-1.273309531587034,403.2236139909537,203.086441849266,9.743331135266049,616.0533869754859,-308.02669348774293
0.06642938712365913,0.45958447009301523,5.675029619421596,-1.1163299960553221,-1.025904762916608,200.47206441253903,413.9443922277026,1.6453963257629778,616.0618529660046,-308.0309264830023
0.13720721685617338,0.9889720198626578,2.685361019219888,-1.2183856658851504,-0.42498235043908705,222.5673687889819,382.62587876651384,10.870938744555152,616.0641863000509,-308.03209315002545
0.1190065811222211,0.811396771298985,10.65289026087287,-0.9827068198082072,-2.0649405673502055,180.34528141596778,431.4790254299205,4.491843951022898,616.3161507969112,-308.1580753984556
0.012792528698940918,0.510936577852568,2.726632626623761,-0.594655500362275,-0.6112961486114363,346.7835169861032,247.02141854761913,22.59505046446009,616.3999859981824,-308.1999929990912
0.13582134583523844,1.757508879818658,10.49408663208262,-1.1675920637818045,-1.9917370830526138,200.77353786619022,405.66404489384956,10.287637514387345,616.7252202744271,-308.36261013721355
0.10234427549658803,1.9664049029544635,7.127037405253608,-1.2805653047302208,-2.1277354637920496,41.86476755414674,574.1863336629942,1.0841487357276183,617.1352499528685,-308.5676249764343
0.11791324739473391,1.3816431071618163,10.576513487178318,-1.4291007123758632,-0.6828280135967684,48.51792487133555,566.0156089996782,4.1969685566031,618.7305024276169,-309.36525121380845
0.0963464864650616,1.4274294795163838,7.928645144554751,-0.7266538904143108,-1.4884126750043307,590.8515701774127,27.67833108542659,0.42657100027728523,618.9564722631166,-309.4782361315583
0.09000301082177138,1.5839947587816405,7.4298360955696685,-1.1253096481794842,0.6924356540084204,616.4923848816768,3.151421306299374,0.05888144431375925,619.70268763229,-309.851343816145
0.005655110709058125,1.9102103397519812,3.750549190267129,-1.2567317536464877,-0.25612723060741516,409.07600347932345,183.89777604968293,27.199020508186226,620.1728000371926,-310.0864000185963
0.007533811381466409,1.215990871481568,9.372627755376872,-0.7479271150519596,0.08754186323515523,368.1871079171341,227.78142734477456,25.945804266180684,621.9143395280893,-310.95716976404464
0.003961663155250688,0.7710713164812928,9.57244726047906,-1.3439446417373133,0.321680039941322,406.581572074706,187.67125892522722,28.353989185973976,622.6068201859072,-311.3034100929536
0.07464705087059433,0.7774908967279024,5.556080371250143,-0.6471841524072169,-1.0139951428692366,553.6452409481404,69.40039199969527,0.563982040422112,623.6096149882578,-311.8048074941289
0.12900692159203556,0.1877398886976449,5.699795739736317,-1.0938613456173274,0.8854098871009111,154.85510669092716,461.3068206664754,7.653477332914074,623.8154046903167,-311.9077023451583
0.0037918518351855316,1.3214320349812227,11.770127470844923,-1.0659606096015075,-1.316450542433574,441.3722276905125,154.3653200601492,28.471129048302267,624.2086767989639,-312.10433839948195
0.03777953212727263,1.6363455419400286,5.978868216104874,-1.372644428205293,-0.3709480670544041,255.7037622651884,359.400032687209,9.838160168745308,624.9419551211427,-312.4709775605713
0.13821743274459816,1.8700935163946815,10.197068847713272,-1.0721456976227162,-2.682825981433537,215.84552680200235,398.03982415372207,11.306264933262629,625.191615888987,-312.5958079444935
0.11950713634910776,1.8599911799872033,7.365106367349522,-1.2450552959799681,-2.3098960099818324,54.79754586703581,566.4858447486286,4.630185738367619,625.9135763540319,-312.95678817701594
0.06496347798297412,1.965682558309285,9.861744322360636,-0.7209637249870171,-0.8465280113133735,570.1321138332654,55.18975537986044,1.897740483136933,627.2196096962628,-313.6098048481314
0.10149064669501298,1.2505407389043712,8.852054742939305,-0.9648189978734365,-0.2287058534009141,611.0459157191763,15.22882429253079,0.9721735915921053,627.2469136032992,-313.6234568016496
0.12918776714955696,1.826358164097045,7.153989089666501,-1.4172970417396926,0.6058187299095152,383.3146299344151,236.28206924575386,7.718361377628973,627.315060557798,-313.657530278899
0.1235300424537543,1.7032960096809844,0.9718290640676834,-0.9487609130655336,-2.8758950985883667,91.4510596653114,530.3847112699932,5.818216480700036,627.6539874160046,-313.8269937080023
0.010367851456107038,0.5781945724929368,1.7220067091447246,-0.7452727342083347,0.1130981537488438,387.41557479948165,216.95591706909246,24.111236549576812,628.4827284181509,-314.24136420907547
0.05439325882626255,0.8318629558224627,0.790078310389301,-1.275629969617379,-0.5019411866010772,188.0464690603384,436.57409103687985,4.250009539372251,628.8705696365905,-314.43528481829526
0.134384274819599,0.23911715199861122,10.63619255228448,-0.989801816543401,0.09999048279744693,114.21663107149404,505.06011065225425,9.699772462843775,628.976514186592,-314.488257093296
0.03960514483774442,0.0817428752093943,4.617627306827829,-0.7880323006480635,-2.3769157991954684,303.49235019914033,316.9712548226228,9.11106290360023,629.5746679253634,-314.7873339626817
0.022935945531927328,0.9924100241683309,4.216940655138476,-1.0721946810725211,-1.6809675155394452,369.4654280425154,244.10517168416266,16.786000926405634,630.3566006530837,-315.17830032654183
0.1388281905373507,0.2619814883649561,2.8992590780927125,-0.8922882895824165,-0.36896753938687654,204.71362580247532,414.39775236579953,11.573600329181874,630.6849784974568,-315.3424892487284
0.08599950491551929,1.4768920149592084,11.547956813096873,-1.1774414073508503,-2.6070984769827996,84.96175855546667,545.9971277621285,0.00026899210492650674,630.9591553097,-315.47957765485
0.0639753096278103,0.3930310367303055,4.525744098803165,-1.3569006065420706,0.40192422140459616,167.80489541914997,461.19580486631446,2.0779992348976917,631.0786995203621,-315.53934976018104
0.026884974765720954,1.739799915879555,2.55340811372769,-1.203402697352217,-1.108806497610632,332.7790345368317,283.921867154869,14.75743960937332,631.458341301074,-315.729170650537
0.13649516759120067,1.3510046454264562,4.054718346168211,-1.1157133107729407,-2.1392869460285957,158.59075598809886,462.4625693214552,10.569234400145753,631.6225597096999,-315.81127985484994
0.12181027433045678,1.9227786324899594,3.790913799318521,-1.3034972210875404,-1.7578948296177959,58.123915751849545,568.2673359623657,5.293756235219763,631.685007949435,-315.8425039747175
0.10638332568902156,0.6027489204854437,11.890903618728338,-1.1369240402828102,-0.8859698821992916,149.42719559044573,480.9210435587702,1.6967161563665418,632.0449553055824,-316.0224776527912
0.1334581335374,0.9096650027181582,2.848371201441635,-0.852369085442193,-2.6566275636079566,228.40667540561077,394.5702052345831,9.330078319107239,632.3069589593011,-316.15347947965057
0.10475763888016747,0.8369887515597532,11.944953128681039,-0.8126724824093099,-0.7764568920847803,578.0720701704253,52.9438955084169,1.4337351673041054,632.4497008461462,-316.2248504230731
0.07507098285418667,0.38850824091769504,11.500404341030961,-0.7269753259537708,-0.10000070775457726,589.1976895751535,42.76932883266714,0.523533129356884,632.4905515371776,-316.2452757685888
0.12603490480279697,0.37234795876841864,3.161495714496124,-0.5850639868933695,-2.3045143973546915,301.49636634222253,324.73845442738576,6.626406614917087,632.8612273845254,-316.4306136922627
0.08276116043232945,0.8480881499204614,7.251437493835028,-1.0113343934282817,-2.6425158333493153,156.73468377180234,476.7016828527782,0.05105133961767063,633.4874179641982,-316.7437089820991
0.06153458658467517,0.1772926271103294,2.799756758151018,-1.3286785024450176,0.7135986045003317,143.5238555853171,488.4334569186237,2.5582698825726755,634.5155823865134,-317.2577911932567
0.11295061754722577,1.6517779296947526,0.899477753558669,-1.110116660189326,0.5365594452363265,576.4407156130042,55.35179176611435,2.9843673458476525,634.7768747249662,-317.3884373624831
0.11202414774599084,0.7217067388728247,11.119247683395246,-0.8440032786554666,-0.5973461243374265,560.8496838128366,71.67056394699554,2.7808324480214774,635.3010802078536,-317.6505401039268
0.10073425954983828,1.4243774969019654,11.285044613483752,-0.6495899183539697,-2.068975340455313,592.8427301024377,41.61458855603361,0.8780531136474155,635.3353717721187,-317.66768588605936
0.006070421706254974,0.8094703554391299,10.135264525298526,-1.265396029375979,-0.196323690233434,418.29014288820133,190.37936149401727,26.919436187767914,635.5889405699866,-317.7944702849933
0.13492916085701767,0.4810246205355442,5.980196278059013,-1.1125575865100468,0.038694136789396705,223.35976096605248,402.45821513729766,9.92063442837123,635.7386105317214,-317.8693052658607
0.1262829549927497,1.9509269032581804,1.2163919341733402,-1.2018182729503555,-1.54765483663782,84.85753407766794,544.3365677395501,6.709298800578524,635.9034006177966,-317.9517003088983
0.09923776047146306,0.7827604520406402,7.637752638804743,-1.2256399976700012,-1.117524351444435,104.43433870300156,531.1563919358468,0.7059536873358941,636.2966843261843,-318.14834216309214
0.13565033461550768,0.49853424648155636,10.194155330456512,-1.1023790566311762,0.6099237588697335,422.7521937509969,203.40412318828058,10.216775131745681,636.3730920710232,-318.1865460355116
0.12667655273457432,1.664346378945843,11.970454015472667,-0.7014420741748495,-2.9450482089934997,527.8683195831934,102.0423196891661,6.841886787080451,636.7525260594399,-318.37626302971995
0.05455478644980984,0.7248288106238924,4.612217651578889,-1.2449204076944036,-0.8627511882298671,226.1014600027165,407.4520182010799,4.207023982730115,637.7605021865265,-318.88025109326327
0.019331052115582684,1.8859572241211109,3.313171705856662,-1.0184485926022386,-2.084482408593672,391.7693820388192,227.31571721604809,18.75180189034436,637.8369011452116,-318.9184505726058
0.034874129800323006,0.7646216650768425,11.184338321707951,-1.4283796825927522,0.33908375790312295,279.11849908873575,347.8646154428374,11.052864303988956,638.0359788355621,-319.01798941778105
0.00820137740264311,0.9082126718916603,4.885046441024013,-0.9081682108451337,-2.33273291529998,450.3919497169079,162.45185097189173,25.50761118320574,638.3514118720054,-319.1757059360027
0.1286722454090421,0.34852908116312503,7.684519932914291,-1.0867677445819663,0.05659044281742309,137.0455659393558,493.95729641686984,7.534124102496456,638.5369864587221,-319.26849322936107
0.11481872179560902,1.407395894040388,9.860613159827663,-1.0495314146922297,-0.2502695443021272,592.3058816877967,43.64496499169406,3.4166272746326003,639.3674739541234,-319.6837369770617
0.1279579082256594,0.6232141858337547,8.12115890980267,-1.3044842260425895,0.3130539377297685,148.15865984609218,484.26794259858656,7.28251256947844,639.7091150141572,-319.8545575070786
0.12396304469236741,0.28524067952159704,5.060767139641913,-0.8538044252415044,0.26985407310002607,546.319531774804,87.520115318412,5.954167742671141,639.7938148358871,-319.89690741794357
0.11268496558711516,0.5259322885677906,2.6724502525561964,-0.7567940759641636,-0.631718293357852,579.8298619515542,57.150403848296804,2.925271602759924,639.905537402611,-319.9527687013055
0.13171272524295888,1.9214065203773938,7.714726958830857,-1.401824955469313,-0.7851294671249835,140.72884340246955,490.788971636194,8.652875662373914,640.1706907010375,-320.08534535051876
0.05315255360472335,0.4009854693903502,11.022983786357305,-1.0080380373314524,-1.591397380870159,275.1084112240047,361.066738174975,4.5874690927644215,640.7626184917442,-320.3813092458721
0.1341325562425422,0.7753193418007598,3.3358155210577767,-0.8567860014793811,-1.7024773495578078,362.12082414757776,270.8792288445354,9.598581428204131,642.5986344203174,-321.2993172101587
0.13618938801391473,1.7078103428463511,1.1307791320418517,-1.267851765596373,0.20339166131222397,338.4483202782353,294.48743344535137,10.440974833144484,643.3767285567312,-321.6883642783656
0.012576674371207077,1.197359931803027,1.524459127365571,-0.6499627665245907,-0.3668229314771647,379.45251399028007,241.84557448553255,22.72803101778788,644.0261194936005,-322.01305974680025
0.1315820111240766,1.4641486640750032,0.931992291060989,-1.3884250404086598,0.9656748061478995,284.99843779944354,351.6685877503404,8.603186574258208,645.2702121240421,-322.63510606202107
0.11569331457629434,1.1169645574105926,5.76580211412696,-1.4181647774720914,-0.5691581588996382,39.89839974466085,601.9420031497482,3.6290425775607487,645.4694454719698,-322.7347227359849
0.05698228067367025,0.1830083636102394,7.307932757994416,-0.6773900151959913,-2.9892706382643777,264.23181803768205,377.79756319878965,3.5873366493473764,645.616717885819,-322.8083589429095
0.09057041433862889,0.14981561062113818,0.5864836023289017,-0.982923765038244,-1.2554429634103863,64.35216125818968,581.2742352604546,0.07804766803531257,645.7044441866796,-322.8522220933398
0.11165235146738466,1.953789631101701,1.0845548973207637,-1.0181760507883704,-2.988440494455582,68.78164776851902,576.1496817001172,2.7011740667959465,647.6325035354322,-323.8162517677161
0.1111823906375629,0.7948829349767236,10.64676275883109,-1.2368165816871421,-0.9684981106286545,107.23517800830689,537.9183104723938,2.6021400188369594,647.7556284995377,-323.87781424976885
0.01436290277901914,0.05964082810857603,0.9402666465669656,-1.3461164304363522,0.45347776914719073,364.5421360308639,261.7112797729588,21.639340907881046,647.8927567117038,-323.9463783558519
0.10846849232990097,0.11209694408206891,2.4510864487033865,-0.7231893545241508,-1.6710638320812639,62.013700940435136,584.1133646705368,2.0664235948358587,648.1934892058079,-324.0967446029039
0.09153656296989222,0.30803036531447037,4.113690316514729,-0.822600659599814,-2.0566489678320483,162.01272535817066,486.21073708322143,0.11688670384326985,648.3403491452353,-324.17017457261767
0.11410579913728193,1.8149645485098673,11.42128156694943,-1.2811825560240147,-2.2346709529900783,46.770804297289075,599.3410292066634,3.2482161213939014,649.3600496253463,-324.68002481267314
0.03675371881580235,0.9844774786874695,10.633270525939462,-0.5984183168540683,-0.8691350156778999,468.2633064111583,171.20753605947357,10.25896392804735,649.7298063986792,-324.8649031993396
0.13064014653270264,0.5633334796761609,6.174398706571658,-0.9434208295702594,-0.20252806388008882,485.59044144703785,156.02536177752546,8.24938016598354,649.8651833905468,-324.9325916952734
0.09092006241028786,1.2131263970738861,7.152339305993154,-1.2030936724076506,-2.2622624923034254,78.85328924739797,571.58473830636,0.09120092097788034,650.5292284747358,-325.2646142373679
0.12904477775879053,1.1290361033416063,11.726957793992055,-0.7754003760649635,-2.507440915882433,460.1272573400579,183.4884685861246,7.667036761581062,651.2827626877635,-325.64138134388173
0.12195220084257048,0.6089119086786962,11.784671100642091,-0.7337177079192886,-1.6185884761630362,442.52096784671005,203.48206750860498,5.336100490759872,651.3391358460749,-325.66956792303745
0.13686741988376952,1.4761073923170902,3.48985591673074,-1.3761855523914381,-0.5130274084707618,156.47445599635884,485.1524684662133,10.726432820153546,652.3533572827256,-326.1766786413628
0.12649639179497574,0.9979321904111208,11.06154272098043,-1.2831253159386529,0.8513512301376109,512.0569165858124,133.55390888562704,6.781036471069867,652.3918619425093,-326.19593097125465
0.09595981216598296,0.5836955748638033,10.321644898753426,-1.161940389280851,-0.915047546358335,151.07219791194115,500.9601816001246,0.3945138685319903,652.4268933805978,-326.2134466902989
0.103577555863697,0.8785671922332078,5.089811765966663,-0.9092153022858188,-0.16038370288759207,626.6546366756045,24.583573629689113,1.2567011941198993,652.4949114994135,-326.2474557497068
0.13007788414983046,1.8207240601906063,3.1341735309397114,-0.8706772502576805,-1.8534366624312406,536.0264310199079,108.6785906497501,8.041710333389798,652.7467320030478,-326.3733660015239
0.038589711681220155,0.9666332281825153,5.873311787344493,-1.0362837346166176,-2.2611376003328285,319.51293316400415,324.163382813199,9.51204070142056,653.1883566786237,-326.59417833931184
0.05088717720079261,0.9098255039601931,7.536816154703601,-0.9453849248639314,0.6996052418860543,585.2495608866021,62.730302720235514,5.236884972991065,653.2167485798287,-326.60837428991437
0.03783513675698285,0.3758260485239419,3.6110489025376777,-1.165442636156167,-0.7880894002475971,312.2865350730147,331.53645463107,9.81560210297014,653.6385918070548,-326.8192959035274
0.052882909218530234,0.1751635923583237,2.7014039283995324,-1.0022581860877517,-1.2722158686997307,243.42631713638428,405.62554754187903,4.662514899071121,653.7143795773344,-326.8571897886672
0.08211652345258547,0.7013578007068726,4.421748151141132,-0.558332880224157,-1.517316701233932,568.5896605715741,85.48096015873445,0.0716408794849267,654.1422616097934,-327.0711308048967
0.03504236591773067,0.7865854584764544,7.428169007269739,-1.113158005993638,-1.5720902146659557,333.4510995724783,309.9856919416896,10.980599277370839,654.4173907915388,-327.2086953957694
0.0344757744800214,1.4707782579356163,1.2342117366937944,-0.690287614804004,-0.34107894607999034,492.1175740648887,151.5323625086594,11.224920976020718,654.8748575495688,-327.4374287747844
0.09519714433350308,1.4948555818969718,7.970518648045896,-0.7926474857248015,-1.0262614920070345,637.7989925690409,16.774975930426443,0.33495530199277945,654.9089238014601,-327.45446190073005
0.12451958745587131,0.3951445268311951,6.793382874281781,-0.5768529363951809,-1.9849985130448222,395.841556506468,253.5163358550905,6.131213364588287,655.4891057261467,-327.74455286307335
0.12271865794483038,1.4426875585664307,3.086159615755758,-0.7663855110269784,-1.9255958461903355,570.7215503080025,79.26310661203127,5.5676907296865155,655.5523476497203,-327.77617382486017
0.12585226938572452,0.3321809903591147,5.2465419186026985,-0.5973568510686893,-1.2979570650538212,488.92401914803787,160.24596609012585,6.565703759938764,655.7356889981024,-327.8678444990512
0.10694762850644149,0.578633390778016,6.181314751395406,-0.790872264994928,-0.4257579322841103,602.3875096188074,51.762898680085584,1.7931756198057354,655.9435839186987,-327.97179195934933
0.13885708345343417,0.9660315104181797,5.9867526338570665,-1.1942560071388548,-0.32678589026232086,341.7729398462814,302.62224664024137,11.58632445808268,655.9815109446055,-327.99075547230274
0.13161492254262316,1.0003218609683502,3.702582439834882,-1.0334814164785917,-0.4608752953971891,511.0553679012827,136.50931769559608,8.615683898292167,656.180369495171,-328.0901847475855
0.017382819291697868,1.4307129337241034,0.7076750299705608,-0.8451467915955805,-2.8919313803164926,429.01926808593896,208.47964277919442,19.85950025554087,657.3584111206743,-328.67920556033715
0.050556771572069774,1.67462205103752,9.219293940691166,-1.1752671070444003,-2.0539312723548586,240.32881952897594,412.8613861078382,5.335193470647982,658.5253991074621,-329.26269955373107
0.13252161038296073,1.1548348038791159,5.798650010965145,-1.1168617509903094,-2.2876456889457337,121.33570203314123,528.28841029444,8.963543949578694,658.58765627716,-329.29382813858
0.12804036471893396,0.7092879472169137,4.866537434543882,-0.7976299559157449,-2.43611996117259,281.5098721228031,369.96183688356456,7.311338127716107,658.7830471340837,-329.3915235670419
0.08424645900403918,1.6069176411301824,5.790453652425638,-1.176449695327056,-2.7121841013793864,98.46194772741124,560.3764081582966,0.0168573369525554,658.8552132226604,-329.4276066113302
0.10771750060254348,1.669180524515341,1.5370022997034485,-0.625043431677493,-2.0367825191608375,607.8028455180121,49.13840378100515,1.9290748842846674,658.8703241833019,-329.43516209165097
0.04408372591692849,0.11621459795331815,8.419829492382176,-1.0070012765410605,-1.1673566240586513,272.0848262039502,379.4470309079349,7.445568679671462,658.9774257915566,-329.4887128957783
0.07324194107679785,1.2755674936167554,4.62648921555642,-1.3279132757142875,-1.2644471256437806,126.51875955810796,533.0581759553348,0.7088094287621541,660.2857449422049,-330.14287247110246
0.12570524578027192,1.3279110052286622,0.9203476206254958,-1.4155619845343614,0.3893766293019043,77.21297608787788,576.6419600076816,6.517040201084943,660.3719762966444,-330.1859881483222
0.06834500448265425,0.17959817727486851,6.707806970367444,-1.2603608037976335,0.4200348047502054,134.48930376805464,525.5594065193732,1.3427609924051958,661.391471279833,-330.6957356399165
0.13752804932120674,1.5693089144341432,4.643064241895168,-1.0820808087875267,-2.9459103000493556,133.40378699174,517.6979654396214,11.008267054033723,662.110019485395,-331.0550097426975
0.04090882449726285,0.3264984994673602,8.769954528885412,-1.192499270745469,-0.5315119920900928,300.267504873921,354.35727605485937,8.608920307201435,663.2337012359818,-331.6168506179909
0.13406997289063116,1.8405595228618914,3.3672203794894098,-1.2538026856863185,-0.04537696675557967,468.1525317952204,185.68507515613314,9.573505238500795,663.4111121898544,-331.7055560949272
0.007405361693649242,1.616967302460861,2.0982708013467697,-0.8507074299295094,-2.7476698408554094,474.4785837910028,163.04570301583374,26.030547285264923,663.5548340921014,-331.7774170460507
0.08194372082052556,0.40015459454195523,1.7672173596755596,-0.8968481460352392,0.5872914946065961,660.7277525229613,3.565493066424674,0.07775159342930477,664.3709971828152,-332.1854985914076
0.062467898557623365,1.4265811612557218,2.3410124595086845,-0.7866671145105693,-0.2506281303760649,603.3196881930052,58.72613282105873,2.3687277530491664,664.414548767113,-332.2072743835565
0.13337244517408212,0.6130770241972705,10.603208608144335,-1.132073974070332,-0.30417137160818974,247.52091478093135,407.70901312684737,9.296236533773575,664.5261644415523,-332.26308222077614
0.13248095241369498,0.7013432663090098,3.9039517432199307,-0.8170726698538702,-1.5083443355393622,432.55318916950813,224.3728532727019,8.947797674726578,665.8738401169365,-332.9369200584683
0.09255758574279649,0.03083320484567577,7.515239797825456,-0.7535857776946739,-1.292147882457464,33.06763797384936,633.1492445754714,0.16642693894291202,666.3833094882636,-333.1916547441318
0.13429869031553116,1.3850039512138415,9.746159702746159,-1.1858980651398512,-0.35004550466462847,477.2730452027483,179.9312839780561,9.665307902221867,666.8696370830263,-333.43481854151315
0.08445899340780486,1.057375023951832,8.280661845820259,-1.4224425512233825,-0.6141474544216412,82.64994274220952,584.3476070393937,0.013475329044490496,667.0110251106477,-333.50551255532383
0.11468292484543462,1.6610700073535678,3.526996336140875,-0.8038118899131745,-1.4748203646333498,625.9081001084791,38.045109572408194,3.3842203042426253,667.3374299851299,-333.66871499256496
0.13498889685577375,1.6071702476070897,11.07363430444438,-1.1507128626728038,-0.6945496011299053,485.89831455248316,172.64781874284643,9.944998809365543,668.4911321046951,-334.24556605234756
0.06831971572461518,0.22967600712752448,2.47241252414192,-1.079042758619349,-0.8593458789889099,180.80413072337433,486.87697776636134,1.3465560338372569,669.0276645235729,-334.51383226178643
0.02132832549920428,1.363245068143367,10.412549740909991,-0.9177389724796844,-2.8134846279679446,413.4106749068378,238.3230305545721,17.64921562120495,669.3829210826149,-334.69146054130744
0.13782295438622474,1.96217707567663,8.32889893146826,-0.8234333845611143,-2.7902954904287656,504.1611177651095,154.3033298072109,11.135257763854526,669.5997053361749,-334.79985266808745
0.04279152396050692,1.449942872288566,9.282836585844578,-1.1352004263749214,-2.0840797627779297,287.7415109553013,374.4767107062958,7.908872722122118,670.1270943837193,-335.06354719185964
0.13100888692888002,1.812593174075445,2.588294008989133,-1.2466605118068064,0.22642184209393967,515.6941421238274,146.46601770062543,8.38701066597276,670.5471704904256,-335.2735852452128
0.04036937050717164,1.2526587184096167,8.108084096031224,-1.4027322640340607,-0.265332594566821,264.4146538304863,397.7443536539867,8.814977415742332,670.9739849002153,-335.48699245010766
0.10212553142519563,0.6556821547628316,8.394982211845601,-0.5811347045526207,-1.770648721152558,564.1366240799545,105.91163733292407,1.05487339967673,671.1031348125553,-335.5515674062776
0.03782231189400692,0.7960215030216483,5.027204437237162,-1.1258677645517245,-1.5755681637646684,328.46764745562785,333.2287229373528,9.820802683740705,671.5171730767214,-335.7585865383607
0.10950665792717844,0.7280865248852325,5.553300534095356,-1.0913031199250238,-1.7335376978900838,131.85786462608058,537.6952391693112,2.264070637788262,671.81717443318,-335.90858721659
0.13675505339795216,0.6409870318072025,9.427285607952703,-1.0659522545301208,-0.4172524906987829,332.89671007267896,328.25870793045056,10.678859305438037,671.8342773085675,-335.91713865428375
0.11541689008542895,1.3273121014957434,8.031608423056937,-0.7853945727594629,-1.612284605180695,615.6895381769874,52.747216451880995,3.561214108867779,671.9979687377362,-335.9989843688681
0.13713452392338144,1.3791293819750319,8.941263830451902,-1.4462860624753975,0.5293310407212193,324.654655685447,336.68146015161363,10.839943223525061,672.1760590605857,-336.08802953029283
0.06684783198659965,0.3229635471193179,0.9259359970745844,-0.5937195309553197,-0.6815131565683097,618.216591058297,52.962753073508615,1.5766659641674552,672.756010095973,-336.3780050479865
0.0315388489020448,1.4819135437709363,8.928181890931555,-1.2318575664352625,-1.1910347466811937,331.35806006995006,329.2439921597184,12.534444761236365,673.1364969909049,-336.56824849545245
0.06340011274378689,0.6227950786988741,5.5686797455533545,-0.9381531235851498,-2.5739942115745835,264.6829599819074,406.3608866486241,2.186690109301526,673.230536739833,-336.6152683699165
0.13362083082484189,1.0964507759860282,8.97517456427579,-1.0625774515035178,-0.7417770024139179,485.1716326562431,179.38086244493888,9.394503234671463,673.9469983358534,-336.9734991679267
0.1376716388175448,1.2488726179404892,5.180866091576736,-1.262621995595509,0.09948345322959717,443.9604455371785,219.11328361554334,11.070007952452459,674.1437371051743,-337.07186855258715
0.10978003486266243,0.5356113603485548,1.09911232569217,-0.8820505543957026,0.12087497851006068,653.3572229551496,18.58791644712789,2.317617663570697,674.2627570658482,-337.1313785329241
0.09415585569889506,0.782036872049411,5.0559743167752655,-1.0043475425915553,-2.6006947753096554,150.65707283876662,523.6952332151847,0.261503651838967,674.6138097057902,-337.3069048528951
0.08816323641382184,1.8773668745798011,3.7812763186591622,-1.2912052165747325,-2.042870864010612,78.94843138975867,595.926894022437,0.015278986238459566,674.8906043984341,-337.44530219921705
0.09231890579265249,0.054658032272972806,4.153859585893422,-1.0222098792378773,0.04038649906900549,22.338126838847657,652.6273281690948,0.15406429608593802,675.1195193040284,-337.5597596520142
0.11840644990428197,1.3311040434822479,10.049194802330293,-1.3660144036496786,-1.385329925190098,40.567416021229285,631.3428806671271,4.328747452967351,676.2390441413238,-338.1195220706619
0.1345663853064577,0.8046924618414653,2.331432618375486,-0.660693057321106,-2.6109255796780926,430.6326418564502,238.34415059181794,9.773311794839122,678.7501042431073,-339.37505212155367
0.08546875217400478,1.9534105886977204,9.911639346539742,-0.7836504302529315,-0.869093829178273,660.3129746348438,18.518561222976675,0.002575008735340399,678.8341108665559,-339.41705543327794
0.08772126820177324,1.207458731248028,5.956333850356307,-1.146053350583063,-2.693296410587151,103.64059435053981,575.2268882777777,0.009026831044097173,678.8765094593616,-339.4382547296808
0.13250705717060876,1.9731417969295553,4.495486137676876,-1.2128675895518635,-2.5087443196019685,98.36220536431145,571.8118536484353,8.95790609899429,679.131965111741,-339.5659825558705
0.10658919905310214,1.7274449462219688,1.335416554504893,-0.563063044987756,-2.2807323208578034,622.5943581668915,54.851190963171334,1.7315982860958736,679.1771474161587,-339.58857370807937
0.0654672772131538,0.17590641196078022,2.465305567505778,-1.3225220162947113,0.6339611138336574,145.32796967344015,532.1837959402886,1.8089861074037943,679.3207517211326,-339.6603758605663
0.059692717731000176,1.8514881768298372,6.213982584104844,-1.1714753514714604,-2.3947773343603167,207.37867856913164,469.6655189949036,2.953728834488916,679.9979263985242,-339.9989631992621
0.1022552291507497,0.8456075039441258,3.067431594103236,-1.39995240971269,-0.3121136419992716,59.64085833998456,620.3037345961079,1.0721829742045297,681.016775910297,-340.5083879551485
0.13821452827010064,0.32158662170888586,7.262406570189539,-0.7430460529420594,-0.6911826098081164,437.3820929268631,232.5152239831606,11.305001075690164,681.2023179857139,-340.60115899285694
0.008457026634396694,1.9502294550158066,1.0083673230225672,-0.5970322086977319,-0.5672153345209523,371.4656187374077,284.4995600746013,25.340790195815128,681.305969007824,-340.652984503912
0.03237423814347117,0.640664262746998,8.984422758927426,-0.9027389759592269,-2.6696631498264445,392.8437316669419,276.64218779017904,12.154608542384267,681.6405279995051,-340.82026399975257
0.05744301899969695,0.7052144792017617,2.936968185765432,-0.911322255973725,-2.9436543401148354,279.10587788485304,400.0196216535589,3.475291777877883,682.6007913162898,-341.3003956581449
0.022128779939694847,1.0217466483054578,10.410090840261496,-1.3632433866969187,-0.07819732639658117,364.62241947087904,301.3180608930885,17.21670481853119,683.1571851824987,-341.57859259124933
0.026594691047687465,0.7291366465288907,6.508796839490958,-1.200640290262201,-0.9500963979107553,376.2884638170052,292.1272069496456,14.902107373707757,683.3177781403585,-341.65888907017927
0.1397946038378131,0.5610855639911276,9.311571580056476,-1.3292967600404964,0.862224671097171,215.85001748599962,456.5801224978692,12.002991918403568,684.4331319022724,-342.2165659511362
0.08160178955170802,0.263751171652728,9.372224174971409,-0.74969982467947,-2.5003119262724454,199.9323527708913,484.8032941920575,0.09058003280366142,684.8262269957524,-342.4131134978762
0.13413982044399114,1.3982326635380034,7.936404624442187,-1.3980270148329128,0.758591147129914,456.3301100282605,219.36175448916146,9.601494206808223,685.2933587242301,-342.64667936211504
0.12737246635610458,0.45215987254037643,9.637272345764998,-1.0568543661091705,-0.5541525308303035,177.12887021547934,501.40527183412456,7.0794880327841305,685.6136300823881,-342.80681504119406
0.11916030357559265,1.9708659336465562,0.7507077032489804,-1.4184474593104306,0.05665061471857502,50.363909604834014,630.8351324050619,4.534106015245703,685.7331480251416,-342.8665740125708
0.13647793209941886,1.72897375138987,3.4230572012625062,-1.3997376213813268,-0.7990796533537394,126.9087471576547,548.48126216651,10.561984131951043,685.9519934561157,-342.97599672805785
0.05618314991837677,1.0847927988285169,8.550606076976413,-1.1297667718652156,-2.236064539540448,238.76242277601833,443.94785651957466,3.785889150694192,686.4961684462871,-343.24808422314356
0.13439356966643956,0.9366704388742221,11.82285959599115,-1.3255033379468046,0.9534255132899245,490.84423825639766,186.04234215314025,9.703519155501082,686.590099565039,-343.2950497825195
0.13131740615091897,1.5217214630953706,5.690071738194881,-1.3880872681418823,-1.1485714981206374,79.03341226510081,599.2433050799146,8.503038785611631,686.779756130627,-343.3898780653135
0.1289013888410377,0.04185775821813824,8.497650370087715,-0.6054249200367202,-0.8014218247705562,206.49971707852518,473.4548525413951,7.615740673384107,687.5703102933044,-343.7851551466522
0.1374782923375217,0.30798212364909555,10.190223256111596,-1.0591076889821858,0.17243037222683544,156.83935297639474,520.2812508174848,10.986912727471733,688.1075165213512,-344.0537582606756
0.05405025030905928,1.4777641551954925,5.312019519487259,-1.1165115691154361,-2.5145637256816675,246.49783513010885,438.2559502475912,4.342015203872493,689.0958005815726,-344.5479002907863
0.13002217999266985,0.9138758932795853,7.4301239164422626,-0.8295370528222943,-1.6394485410189683,513.0447395517846,169.28852072109206,8.021280310617183,690.3545405834938,-345.1772702917469
0.044672412793462166,1.5503841054476792,2.624115931015204,-1.0443580235098704,-2.6452551848473256,303.9530626617573,379.47360560299023,7.2391379296232135,690.6658061943708,-345.3329030971854
0.1305676107542612,1.170464709870633,10.937233744797423,-1.2539963690886384,0.45309050863791267,538.1761026132211,144.3605536004008,8.222440570980943,690.7590967846028,-345.3795483923014
0.01442872423174291,1.239290341306029,0.7870847642469108,-1.1033886084573603,-1.368294922556748,437.83565859279344,231.77992932458656,21.599733744382167,691.2153216617622,-345.6076608308811
0.07868886744369062,1.1285543006251082,7.573550110506514,-0.7063416474064246,-0.9249671707362941,641.6474842712422,49.907550350328215,0.23956368022432997,691.7945983017947,-345.89729915089737
0.018583016251509335,0.9679703652836629,9.406862451778393,-1.0479252042344926,-1.8837318812305046,429.89206630792336,243.18637444897823,19.173350350464748,692.2517911073663,-346.12589555368316
0.13165301460019618,0.450809797688669,2.654289897408788,-0.9917935687094925,-1.0385474633152383,154.57824617882528,529.106021324602,8.630159770621491,692.3144272740487,-346.15721363702437
0.04925009478687402,1.8715525530433523,6.522674258912341,-0.8380722200601797,0.08103997588734879,598.645400654319,88.31656486515315,5.732937163756255,692.6949026832284,-346.3474513416142
0.1260250892028682,1.3065263117036054,3.8888334318601108,-1.0263079563627093,-0.42659979712551443,614.528959957336,71.63621824296169,6.623137084106608,692.7883152844043,-346.3941576422022
0.13730236610608934,1.218040895130768,4.265839612254773,-0.9386159798833634,-1.4642099877855805,515.4075109839379,166.56291677748064,10.911576276043004,692.8820040374615,-346.4410020187307
0.1269860826746192,1.8049820959631604,6.699539637199288,-1.2739632201518711,0.4252504102435415,575.4118200542331,110.55161010287726,6.9470668164935585,692.9104969736039,-346.45524848680196
0.07886593915760545,0.8583717996816925,2.186833790373456,-0.5790602230038254,-1.3256186751931298,620.0011600530277,73.45744244971556,0.22847883798962612,693.6870813407329,-346.84354067036645
0.13001618568831383,0.32055837791406905,3.2996209386348867,-0.5754447939661024,-2.4798701378680823,257.2054916860069,429.0721156761081,8.019083391729502,694.2966907538446,-347.1483453769223
0.04039644071987012,1.489191200206226,10.350086401459746,-0.6324659143450315,-0.7824808094060285,527.6860332896819,158.43849236561124,8.804579237317245,694.9291048926104,-347.4645524463052
0.08363811165270064,1.9248683377548177,9.09403041564844,-1.344690646518642,-1.7886162568788626,97.23152333906587,597.8517002994902,0.028628744485409013,695.1118523830415,-347.55592619152077
0.09170663609580665,1.9747869815696015,1.6600123374048539,-1.239880131161326,-2.1114838072571946,85.82787192325978,609.6551640985527,0.12453272432423274,695.6075687461367,-347.80378437306837
0.11349910349732323,0.26915706038120835,10.123820410260027,-1.0383103680547752,-0.4508397150541117,77.69509017509517,615.1064581804859,3.1082507598985663,695.9097991154796,-347.9548995577398
0.13718042950418818,0.9326434306136693,3.0123515463682637,-0.9121925575598534,-2.817333065177257,188.3868190792038,496.665845154802,10.859511743643296,695.9121759776491,-347.95608798882455
0.04756603604117667,1.6990920988894624,11.21932569739398,-1.4427917193985467,-0.34646385072239516,238.6152344013529,451.56763587122447,6.266641704032827,696.4495119766102,-348.2247559883051
0.11283787210359535,0.8915392981083424,6.714373073696116,-0.6384316519541008,-2.025802337043866,592.4984241636033,101.04944788436413,2.9592143179477333,696.5070863659151,-348.25354318295757
0.05475265171513925,0.20531637985253626,11.044090784995937,-1.0587852440989511,-1.0039704356399726,252.93326523488102,439.59556538168675,4.154666037686211,696.683496654254,-348.341748327127
0.08056859571797721,1.7105359443294388,7.630952225416763,-1.4406259462854587,-1.013756225558536,96.70521783269437,600.0955792179243,0.1352917945968237,696.9360888452155,-348.46804442260776
0.03808825981423353,1.3868651724637864,9.740601657499699,-1.0678081132870667,-2.43866552535769,333.9711677965113,353.5518977743128,9.713240613307216,697.2363061841313,-348.61815309206565
0.08789074863138772,0.1700262807539419,5.600174295332818,-0.6048746424381444,-2.9712064723814406,172.53520815041244,525.0046915512704,0.01123096637702035,697.55113066806,-348.77556533403
0.13943660707681146,1.8329273099303918,2.824163677410135,-0.911366580338752,-1.9648356843668122,521.6384537819787,164.15210196699718,11.843016729929733,697.6335724789056,-348.8167862394528
0.010630064717984153,1.1034259052902697,8.864954950203398,-0.7961945482095624,0.3477463663292646,448.6273505793421,225.43294120014247,23.944896609111634,698.0051883885961,-349.00259419429807
0.050154253345872625,0.028254276266326213,7.843074186611714,-0.7536300321420627,-2.3691624766578867,266.11880939267115,426.56341121528317,5.456193502826609,698.138414110781,-349.0692070553905
0.06678655429523896,0.4353360176524641,9.643162996032052,-0.8181699822836118,-2.768293834867639,287.77612442635564,409.96472822099673,1.5866393021127208,699.3274919494651,-349.66374597473254
0.08660697907352409,1.8754947708589287,3.8861457016457144,-1.3071234182482008,-2.0057665268143663,89.35125727179728,610.342065667918,0.0005247315814299194,699.6938476712967,-349.84692383564834
0.10804999097630799,0.49818868995699894,2.635233900384653,-1.1402672742621194,-0.9272565631226715,103.26466832765651,594.6657709877298,1.9893013593160593,699.9197406747024,-349.9598703373512
0.0438772848858743,0.7989947098285108,0.6096247241596371,-0.9526102140410689,-2.5175662330634703,316.79714253652094,376.16556399072243,7.518647215140715,700.4813537423842,-350.2406768711921
0.09720755677244866,0.6394783641523756,5.329217990125906,-1.3545556060162514,-0.18264084669500402,108.14726888235661,592.1852609490272,0.5024563386756897,700.8349861700594,-350.4174930850297
0.10050540882295728,1.298847412426347,8.277261119421807,-1.232978931399805,-2.4434904937082096,60.71757453563994,639.5349407734886,0.8505203019345462,701.1030356110632,-350.5515178055316
0.12436955133712979,0.7223175524481888,10.426452979150431,-0.8804810576078722,-2.4320723741982846,244.760140771761,450.60703985353985,6.083228979593191,701.450409604894,-350.725204802447
0.0910009073791051,0.3913279790740849,11.56496898771104,-1.0836722074609852,-0.931886366670744,169.07976812493183,532.344237711927,0.09438791344899652,701.5183937503078,-350.7591968751539
0.12068235174313706,0.4259554406849791,6.514042824967921,-1.1002740948028924,-0.5152902983992065,138.46264605084673,559.4154285260521,4.963233761440729,702.8413083383396,-351.4206541691698
0.12434946002312793,1.0643919199450391,7.567068274258024,-1.4059790845232583,-0.6879703239607151,60.5699000926948,636.8540881341061,6.076817709470268,703.500805936271,-351.7504029681355
0.07691186370358231,0.6887300213956561,5.31556966266976,-1.3221634102213438,-0.5715948497588941,165.92047430532006,537.5448660550506,0.3653446959166502,703.8306850562873,-351.91534252814364
0.11821817830097314,0.7049946890821814,1.1301652596778236,-0.8846146646492083,-0.09955942929532213,667.7360914009689,34.00523116626172,4.2782027415097375,706.0195253087404,-353.0097626543702
0.11911002279413369,0.09289083982638396,10.374683336101151,-0.9954187270338852,0.3043039276663464,35.64596584599491,666.0502940302779,4.520260820696879,706.2165206969696,-353.1082603484848
0.12424364725926099,1.5266873859067216,2.008153877989974,-1.2726164669504167,-1.757222885791279,51.137657934780655,650.0026540217671,6.043107942972071,707.1834198995198,-353.5917099497599
0.11448862873769924,1.5698974925307867,7.4228484010448845,-1.2712716242350108,-2.464587454905181,40.681774711742165,663.4137788267532,3.338121467142637,707.433675005638,-353.716837502819
0.12194356252354457,1.8426194479424989,3.90816851496699,-0.5977806207582124,-2.9969110165362083,632.3570827839931,70.86330849921424,5.333518398134271,708.5539096813416,-354.2769548406708
0.11671748285866133,0.3390985961452409,7.918792007562066,-1.0098411462323775,-0.7744471243541535,128.16983367038003,576.813410617367,3.885928102823633,708.8691723905707,-354.43458619528536
0.030611106230707213,1.2080647371641988,2.916427001862207,-1.411569359967666,-0.0010073981221814243,334.6996392888776,362.203578676647,12.963121261523398,709.866339227048,-354.933169613524
0.026450973928823774,0.5412716427581271,3.0675992815171336,-1.0630159029324115,-1.6620716068128247,410.9796914479872,284.99049262925246,14.973992371900152,710.9441764491398,-355.4720882245699
0.11874867857942709,0.06772352573028222,11.785351217433261,-0.6004964313489164,-1.8421958408945116,44.34169335233327,662.2275721090792,4.42138472246113,710.9906501838736,-355.4953250919368
0.11572728293296755,1.4720571885822475,1.683866840216209,-1.155284963607018,-2.4680084367152118,57.76326391498706,650.0092206159345,3.6374218086397603,711.4099063395613,-355.70495316978065
0.06668375426539526,1.9767105613255842,3.660399498830308,-1.2421101833167312,-2.1348622299213993,180.50203923064967,529.8832883139258,1.6034412908853035,711.9887688354607,-355.9943844177304
0.13189473116793676,0.33730851125237743,2.9524611223115884,-0.6149473826359518,-1.1930588424222066,557.2435442574932,146.72969000851134,8.722300904105834,712.6955351701104,-356.3477675850552
0.07470747376584375,0.821870626224485,10.61875366708971,-1.4214261931362961,-0.28215740329492167,153.5737772110753,558.7087406439936,0.5581249044635777,712.8406427595324,-356.4203213797662
0.10683050970051347,1.9221018767942082,8.546645443528305,-0.9363112654193073,-0.546740650151476,704.8371013162578,6.479959126818801,1.7729365515493771,713.089996994626,-356.544998497313
0.13729159772095287,1.2687377986975632,6.410495050440375,-1.4327800749478241,-0.4963096453893572,118.66018776029807,583.5442147388394,10.906973374932889,713.1113758740704,-356.5556879370352
0.06977370770818805,0.9677202316561474,9.692593737456177,-0.7300571232271423,-0.529010440259043,644.3913247933622,67.58802109935412,1.137055717299157,713.1164016100155,-356.55820080500774
0.05172867263482406,1.9476519483361732,5.3767654207261275,-1.276268363699192,-1.590663576824527,247.6030966137509,460.6042916499573,4.990636461629368,713.1980247253376,-356.5990123626688
0.10908698070193291,0.29422578600493693,7.247274982203357,-0.9418030312397048,-1.1646529651818827,122.77574738682675,588.5219072131349,2.18308524351801,713.4807398434797,-356.74036992173984
0.10198651132815252,0.23463621589350192,3.1462113176628717,-0.7058379244960942,-2.4742357303642333,152.98206971114362,559.7639312591093,1.0364760687983539,713.7824770390513,-356.89123851952564
0.1299005370585064,0.7808621890572968,0.9442232487432205,-0.9590301253163098,-2.1934942262891948,87.52960559050791,619.0064409731652,7.976756949051762,714.5128035127249,-357.25640175636244
0.07422687093147459,1.984665787822331,1.2298572564183496,-1.3334532886521457,-1.1590408992338939,142.0750727977117,572.1618077674319,0.6055580069330059,714.8424385720766,-357.4212192860383
0.12843492683932475,1.5828729227316032,7.143845768065192,-1.3835099292856319,0.9901003230009162,566.8016613713903,140.8243842279409,7.45005920648123,715.0761048058124,-357.5380524029062
0.048424461576457134,1.4961679377423043,1.251326975630589,-1.0879725831048095,-2.2356134696971073,294.38604061903317,415.563272905226,5.991625697417446,715.9409392216767,-357.97046961083834
0.11027624559245128,1.2332846961227406,3.464120229729392,-1.1939370433854342,-2.4888740854249347,57.89455604464977,655.6390305233887,2.41641063724413,715.9499972052826,-357.9749986026413
0.11914134179325458,1.6293306246565276,10.280389376743559,-1.2748541922820054,-2.506458792952093,47.3589370833111,664.2333127386523,4.528882258128276,716.1211320800917,-358.06056604004584
0.0998341509749643,0.03761963035903784,4.305277159856512,-0.820057305153514,-0.882368868452251,20.729959876905422,695.8187517127924,0.7722917386277959,717.3210033283257,-358.66050166416284
0.13562285256632667,1.5329838431667562,2.2941398231414274,-1.2549252812375835,-1.8073209947957927,86.36893743670086,623.3628902723487,10.205410160803062,719.9372378698527,-359.9686189349263
0.1178241280679095,0.5846976603280473,4.7251392412772795,-0.6382876749087564,-1.4899175305870285,599.00272661231,117.62703967050558,4.173374033123318,720.8031403159389,-360.40157015796945
0.056914275143420616,0.9483543747727555,9.492345675946881,-1.2249216857033123,-1.5707902467605155,246.71756565736666,471.01965138176115,3.604025162160278,721.3412422012881,-360.67062110064404
0.051115408134168226,0.29322462313085723,3.2638549546152285,-0.7889695675613906,-2.8897237672337477,336.89590004331626,379.6450192859437,5.169511251405601,721.7104305806656,-360.8552152903328
0.13948679254075694,0.5773644466150637,6.03687376056301,-1.1032623433083222,0.6107902546272146,552.3644276720875,158.46849270629286,11.865378032493537,722.6982984108738,-361.3491492054369
0.09391351415004208,1.1628428651130107,2.4525598096076533,-1.3626587770913003,-1.0977365870249267,78.87345426528869,644.1229083053795,0.24571156582310297,723.2420741364913,-361.62103706824564
0.09888861204221717,1.897838601355494,10.135009127777042,-0.861806843283412,-0.7031596382421599,716.9998799252722,5.71027875861992,0.6684992877481485,723.3786579716403,-361.68932898582017
0.0646040395999142,0.44489666426841845,2.689154157930238,-1.4490920510259366,0.6067188405276012,185.79198203505192,535.685147776119,1.96236194500033,723.4394917561713,-361.71974587808563
0.04288605815190971,1.4927745272397561,1.7512532847119509,-0.7093684443524433,-0.30374348505068616,576.9030559643686,138.77769037054722,7.874504524830447,723.5552508597463,-361.7776254298731
0.09618788183282465,0.9184432781793193,8.009639932651478,-1.3280489919207756,-1.167269525039634,93.499530747958,629.6560376158495,0.4132704675711593,723.5688388313787,-361.78441941568934
0.061247807905422474,0.5683133558925582,6.155167872913442,-1.3806550767203194,0.0030667147303296005,229.8828171218663,491.2337202694124,2.617975499918444,723.7345128911971,-361.86725644559857
0.13956394008767026,0.1619851100812703,4.832069411429198,-0.5695728074861145,-1.9157006150921807,144.94173406873045,567.1318576974402,11.89979405023433,723.973385816405,-361.9866929082025
0.13865300884881096,1.2051707804739369,8.79303229745352,-1.1199523598135444,-2.628997168348578,133.2269908030578,579.9459869259425,11.496601888207536,724.6695796172079,-362.33478980860394
0.1324625329641521,0.5698185491761929,8.675722688484754,-0.9786694328469404,-1.2117488824278073,258.7789753506718,456.9659203246613,8.940668630314812,724.6855643056479,-362.34278215282393
0.08112299505644306,0.10776165860146897,9.29417744852894,-1.2022055935414788,0.46444050400655534,81.56489852543443,643.0496478451935,0.11018858322337849,724.7247349538512,-362.3623674769256
0.13450329939018985,1.6397839867978108,9.995532396718124,-0.9400659061620862,-1.5305671879042402,611.3916758124366,103.788095810692,9.747805182457531,724.9275768055861,-362.46378840279306
0.03525849029618151,0.35943054605237457,11.711646388216948,-0.9319033674727226,-2.206876450181512,400.24547112430935,314.4408164146316,10.888111890626044,725.574399429567,-362.7871997147835
0.030221424895331455,1.8907974799035836,1.0310539646033525,-1.410953232991238,0.044121559983882896,341.83330654343223,370.61665174297514,13.145328502265082,725.5952867886724,-362.7976433943362
0.04466990926278642,0.41361924341746586,5.468111729315679,-0.9743043572170902,-2.0543068557184014,358.192053961747,361.400263270727,7.240009680800734,726.8323269132748,-363.4161634566374
0.13831310453130627,0.9211510749416889,4.963909830916585,-1.133821186724075,-1.7054328042507525,164.20433334438414,553.735992347907,11.347935191822009,729.2882608841131,-364.64413044205656
0.13278309352239695,1.8900427944587634,7.0533253226794,-1.2520962875229458,-2.635740915851629,79.7628696927483,640.5034794684342,9.065143585175015,729.3314927463575,-364.66574637317876
0.11872541573615775,0.25297381665555135,7.001699468152585,-0.7221601167986379,-2.013765598848172,136.24008417035478,588.8851003051739,4.415056676926158,729.5402411524548,-364.7701205762274
0.11780036748300188,0.8002592807478014,1.12071583182194,-0.7141086818730082,-1.0006632982977557,687.4053153951587,38.69021864928125,4.167094599831763,730.2626286442718,-365.1313143221359
0.13932833180751725,1.561293839615241,8.995307903944225,-0.8662674850162301,-2.2068623685870516,576.1426262702248,142.6846976068834,11.794843999842927,730.6221678769512,-365.3110839384756
0.06886545249556093,1.3363577799996893,5.7945433781083135,-0.5995106343412823,-1.3326952903477602,639.6032932450019,89.8976202848033,1.265847466167748,730.766760995973,-365.3833804979865
0.12382233818738042,1.2853270355802113,2.8229630891406914,-1.1850200665623554,0.6319168670853501,667.2175495598824,57.91830310071387,5.909817414035223,731.0456700746315,-365.52283503731576
0.12691174589726179,0.18686091651270512,2.512634347353929,-0.8217376009962064,-1.2363623850779573,82.48675207844497,641.7738475697038,6.92173355389958,731.1823332020483,-365.59116660102416
0.04927067478037559,0.3252841765569029,11.07374037570059,-0.9675780484138323,-1.8878129169492122,335.23067367720614,391.0383628294511,5.726561929291245,731.9955984359485,-365.99779921797426
0.12849563532173386,1.1931424007186824,11.841651106686957,-0.7100754399924696,-2.472284437608766,602.4685170792645,122.22762526175052,7.471518962066869,732.1676613030819,-366.08383065154095
0.04174392808487175,1.364520445468647,8.867275519377436,-1.0859693627894487,-2.501341078814267,333.2035124052063,390.9045465096548,8.294739183451808,732.4027980983129,-366.20139904915646
0.11071746702597217,1.3346688515053178,9.159998929047719,-1.3164143184742876,-2.0607938856372194,41.70232194917983,688.7196069913878,2.505987348076564,732.9279162886442,-366.4639581443221
0.08661329148701574,1.4303440489845973,7.723188714530921,-1.2528826334278955,-2.405904269252122,105.62775025335378,627.5761191165562,0.0005436115818082461,733.2044129814919,-366.60220649074597
0.049680235516234704,1.0536686749028292,3.2756431419234953,-1.2140493154539815,-1.5610633051730929,287.3100899660551,440.3533928789913,5.600426543590652,733.2639093886371,-366.63195469431855
0.022979030899677358,1.2148918584881172,7.893869605037541,-0.9281717682036692,-2.906850264812681,446.5581135368875,270.0303973957042,16.76316394155419,733.3516748741459,-366.67583743707297
0.09813711975253414,1.480372428164118,0.9051148067177761,-0.5823236614091652,-1.5833002537246248,697.1121476530924,35.658048133176486,0.591347214958282,733.3615430012272,-366.6807715006136
0.13655672411401373,0.73373604262581,10.260058086650234,-0.9559092759740224,-1.674650232008173,309.9868564731299,413.153935966372,10.595149025607807,733.7359414651097,-366.86797073255485
0.13160323983348562,1.7402270938081112,2.8342418758128516,-1.0123330282572096,-0.7487036504193596,642.6533990140805,82.7487202808764,8.611246630497577,734.0133659254545,-367.00668296272727
0.0075999620369631175,0.7826195534808531,4.7917575102709895,-1.2347993849865664,-0.5773863673435677,485.60874467858537,224.79167326723993,25.902216126778388,736.3026340726037,-368.15131703630186
0.09465184266303903,1.4217776169242058,3.8674560027680602,-0.5848947674912705,-1.9511505841563652,681.8460765529484,54.20892915546635,0.29535773218049516,736.3503634405952,-368.1751817202976
0.11143704308504924,0.5669573986746792,2.391499229693316,-0.8452876977402541,-2.8856361363618213,157.7577544050175,576.0444909845395,2.655572926892974,736.45781831645,-368.228909158225
0.10948275649406732,0.14194895129507706,10.989876247731676,-0.863234647329149,-1.070943979194726,54.22160680264554,680.1084895659619,2.2594187546055475,736.589515123213,-368.2947575616065
0.0157188207584079,1.732871661131512,8.415319568932926,-0.9194130166543992,-2.8205012968602405,483.47459778373224,232.81636434410717,20.830759943201233,737.1217220710406,-368.5608610355203
0.08487848822492634,0.5677481050016273,3.810760457438974,-1.3565895744208853,-0.15047135499784714,144.4800209404467,592.7511807571578,0.007910131003084887,737.2391118286076,-368.6195559143038
0.13701716627736732,0.955075783652981,7.333270812204635,-1.1383881989490687,-1.8878262833755552,156.55718500184307,570.1490059019926,10.789996513932955,737.4961874177686,-368.7480937088843
0.09268355790005427,0.490096339511987,9.408094245253944,-1.048302616876625,-1.5071033711988067,201.21453300962656,538.1250019571066,0.17314411576337396,739.5126790824967,-369.75633954124834
0.10357354407076884,0.6748567036640876,3.534009306907852,-0.9096949459952902,0.2485792364920245,723.9561232752428,14.69563954644222,1.256119241857174,739.9078820635422,-369.9539410317711
0.12962994559899776,1.609459028747142,10.88215538137619,-1.2142129712166594,0.1981828543927615,636.7847602687876,95.68139506645541,7.878160311683955,740.3443156469269,-370.17215782346346
0.08496671307076886,0.9023578586766308,8.896851969612433,-1.2256439024933474,-1.8069152474438916,147.97045032721795,592.4080091985591,0.006927254147744317,740.3853867799247,-370.19269338996236
0.017898854277108446,0.2886547398440597,3.7599261735067087,-1.1563004303698494,-0.9172134168569048,452.1327155371444,268.99535537595676,19.56300597599384,740.691076889095,-370.3455384445475
0.0023497329557667546,0.9070737776288677,6.192583552857826,-0.6480450434594487,-0.22716472045997094,393.7939957158723,317.63336435466823,29.4756698910772,740.9030299616178,-370.4515149808089
0.05842249560992855,1.5030688441056699,10.03676271603105,-1.2958124237808526,-1.6326315440763317,226.16811737342988,511.6612614907718,3.2430037522806585,741.0723826164823,-370.53619130824114
0.04875151516225996,1.3219908088212369,2.233368290848186,-1.430331062797415,-0.2733831096432686,260.3462002612349,475.3841410552678,5.888470071003281,741.6188113875061,-370.80940569375304
0.13926827895241217,0.5529316292137445,8.47672495314281,-1.1465582960072482,-0.25420688504995326,232.1041264534942,498.5110743012685,11.768168220121506,742.3833689748842,-371.1916844874421
0.07222413723090804,0.9595595773740949,5.387724638828238,-1.186098483039972,-2.0519270031085934,196.8016319932146,545.4548438080426,0.8240418760110991,743.0805176772683,-371.54025883863414
0.13708837283936745,0.39979329766518995,5.351125926270993,-1.2643361870794723,0.6366556356897295,126.4363291563546,605.9474258367189,10.820287839559473,743.204042832633,-371.6020214163165
0.061274317740292995,0.6534825307869497,4.819549139166596,-0.5599973511971386,-1.03793982607607,606.2834461356175,134.51472764165732,2.612427420589436,743.4106011978643,-371.7053005989321
0.017533321362926485,1.9036268845094706,7.654235462181834,-1.0489712564073013,-2.1089677200763166,465.99981048890527,258.58113481136485,19.77279708705911,744.3537423873291,-372.17687119366457
0.12975490189299105,0.8789721616475616,11.605075176000714,-0.9904639652839473,-0.3216306108280276,633.170813195553,103.8525700188653,7.923615007532357,744.9469982219507,-372.47349911097535
0.11031779269240177,1.7685591060988242,11.619509687972037,-0.6555263306564907,-2.1517146843840953,711.4358981137343,31.66338643942114,2.4247759964340196,745.5240605495895,-372.76203027479477
0.13216809103081462,0.5181061053706839,6.823954048743045,-0.6473714084309242,-2.159795523329008,431.6538376008272,305.80042188676083,8.827093840902377,746.2813533284905,-373.14067666424523
0.020326894158283457,0.851551444743661,11.364162725651246,-0.8556458484542565,0.6088510450566833,539.3337035518957,188.87416224657656,18.19787593946014,746.4057417379324,-373.2028708689662
0.026805771541163585,0.20035719270618224,3.6120341375599656,-1.396083090324251,0.5844255188549266,369.21008998224846,362.682105179244,14.79684186617295,746.6890370276654,-373.3445185138327
0.05839390922669952,0.9903503601521162,9.869126094654373,-1.0446603271686659,-2.8800582070523024,272.9404678216481,470.7504513231395,3.24966934925035,746.9405884940379,-373.47029424701896
0.0684475879689407,0.22391371466332452,7.9768309985593975,-0.8575092445751712,-2.127028842071305,250.89718303614538,496.0325509585888,1.3274213846928429,748.257155379427,-374.1285776897135
0.0806012191502227,0.40841847768524264,11.50383078982844,-0.6619585037152041,-0.3517346166358113,684.1860361967666,64.05897416519244,0.13374333287412338,748.3787536948332,-374.1893768474166
0.038721981663747816,1.9911061172694955,8.403879418155476,-0.7649929031586687,-0.07983456012231382,591.5246183143203,148.3629277696732,9.459320355697285,749.3468664396908,-374.6734332198454
0.1385960329761612,1.7260809538013062,8.401668656023048,-1.3609205163118432,-1.692662010233999,109.3766858053156,631.2471478305032,11.471614395303696,752.0954480311225,-376.04772401556124
0.06079434435843284,1.892314069922504,6.465512606171219,-1.264947350537304,-2.0110983079450584,223.67887631937901,525.9728638341696,2.7137893894622165,752.3655295430109,-376.18276477150545
0.13050617190259903,0.41809044813442037,8.384333846314888,-1.2487519712036548,0.36307565387564544,124.48813139904037,620.2000518056418,8.19965680953582,752.887840014218,-376.443920007109
0.07115184914107138,1.4072961881597261,2.8448515321931835,-0.8370427019364707,-0.04906013902595108,706.0718381007732,45.920899558283715,0.9548267473154504,752.9475644063724,-376.4737822031862
0.028561161767590194,1.259558640586622,4.299412493021203,-1.1290048045409622,-1.838589089112322,410.1314770523468,329.7355620540742,13.935884855957655,753.8029239623786,-376.9014619811893
0.09063993563507304,1.3399741565822678,7.772431249314836,-1.391016182716774,-1.4900194446635144,83.95922759684606,670.722585120703,0.0805814167885747,754.7623941343377,-377.38119706716884
0.06618332292005281,0.44310797915074746,5.31936232957432,-0.888468824965248,-2.588118141055178,302.1579108383137,451.64991324564,1.6864974669429584,755.4943215508965,-377.74716077544826
0.13873844637807142,1.6126311033942429,4.655395305072172,-1.3177988866141312,-1.945957973362117,88.5401153239367,657.116972930507,11.534122547757505,757.1912108022012,-378.5956054011006
0.0015043208477204374,1.1709801036329077,3.960243604717638,-0.8506136804219182,-2.777809387688678,565.5478212013606,162.28046065415992,30.072658331336843,757.9009401868574,-378.9504700934287
0.05362613901229394,1.0976161393197055,4.070512388285997,-1.3328081331099402,-1.0105540589873019,261.7761298086194,492.0437980531998,4.457137409202709,758.2770652710219,-379.13853263551096
0.12647017032867033,0.875561046998478,11.382547880343193,-1.2077250642777906,-1.5984676874232795,120.26977920768434,631.4565415249224,6.772202690044944,758.4985234226517,-379.24926171132586
0.0425476005133994,0.7157839980676577,10.096314856724755,-0.5798353240688259,-0.7845939606035168,558.3375834866516,193.55299533043112,7.997897516716014,759.8884763337987,-379.94423816689937
0.05867794695361619,0.54047581881342,9.912563792138222,-0.7264201145231266,-0.04520643229665433,650.9466743756687,105.99379968957288,3.1837429814657665,760.1242170467075,-380.06210852335374
0.12344122056197612,1.7062282686554753,0.6277432233145892,-1.012227791721378,-2.5961253672734834,69.0438236021211,685.8969679741792,5.790522820007234,760.7313143963075,-380.36565719815377
0.12770941399423466,0.7683397544665537,6.56107620988349,-0.9236911298319879,-2.775251455100544,197.88106372701313,555.7224382676095,7.195987037165713,760.7994890317884,-380.3997445158942
0.08165709502356885,1.2267154769249256,9.897523114339126,-0.5659860973084534,-1.7355217918687802,685.0184086894152,77.43831553419555,0.08843873170280485,762.5451629553136,-381.2725814776568
0.02501418458247682,1.7071249353864075,11.133093144762988,-0.8824619320500772,0.6167554651928704,577.890017009948,169.20029659213395,15.702159503925378,762.7924731060074,-381.3962365530037
0.04189687728653495,1.3634257057256625,11.321906713002582,-1.442413641438029,-0.30354124368405344,300.5409919521175,456.1235971501606,8.237829670455326,764.9024187727334,-382.4512093863667
0.09927554639572096,0.725551307416194,7.956922379059096,-0.6378249414467628,-1.2330181975913832,687.8834257313612,76.46679956990072,0.7100683356677258,765.0602936369296,-382.5301468184648
0.12212156222479724,1.0778097408633314,7.820323463319874,-0.8571534201250919,-1.0201628607946798,695.8042078021109,63.93404790621986,5.386850773646464,765.1251064819772,-382.5625532409886
0.09700917962838793,0.6448441398461646,0.9819471924836426,-1.0011092677950675,0.8104166908644936,760.5246290398677,4.14990147095144,0.48442310196034566,765.1589536127796,-382.5794768063898
0.10748059477284232,0.43254859624851966,9.173575399590126,-0.986891451679086,-1.492375063458539,187.65158276149148,576.4245317049027,1.8867271570442354,765.9628416234384,-382.9814208117192
0.09304087014118465,0.11661352999670681,11.996343541847393,-1.1744782795927415,0.42279812399932526,55.47034021813326,710.6015747930311,0.1929200038279009,766.2648350149923,-383.13241750749614
0.04966033447874446,0.9883507032985315,10.900340639137688,-0.5776085568557925,-1.0096314262062687,598.7921389362779,162.54917881601006,5.606523141330072,766.947840893618,-383.473920446809
0.12071016944099479,1.8455063555453595,3.072912722107393,-0.8548280373996039,-1.178464660582691,730.1513173132498,31.885919256255182,4.971257228765393,767.0084937982704,-383.5042468991352
0.05351105240861788,1.1839997275030874,7.1964759024525895,-1.3764069606308198,-0.8802112586176882,255.10606473901123,507.9403154560363,4.488636730265211,767.5350169253127,-383.76750846265634
0.09162691886084955,0.9398407213512147,11.681413572240496,-0.5674875905814596,-1.7779552071160847,686.175360407238,82.84377122085681,0.12091869759363755,769.1400503256884,-384.5700251628442
0.0986853118676396,0.2587814327259436,4.212099434151233,-0.802196717105437,-2.1678411573468184,171.08528097221713,597.797953359712,0.6471608092605494,769.5303951411896,-384.7651975705948
0.10908459773950524,1.5760532179375624,6.318123818405085,-0.7490637874323536,-1.439780005098289,743.8595104845788,24.010274891350946,2.1826296127900124,770.0524149887198,-385.0262074943599
0.07316852296885096,1.7792368877738003,11.45974253340575,-0.9409624476613171,0.28942926166324234,739.3946963166337,31.024865261919555,0.7168312806912828,771.1363928592446,-385.5681964296223
0.05416436468716377,0.3680155756197919,0.5884632589214416,-1.2562521900067956,-0.5625343191965282,247.73421087357298,520.4665770544491,4.311296775498891,772.5120847035209,-386.25604235176047
0.07930373366277116,0.28653404217534584,8.949137348745882,-1.1705428876698671,-0.4526963620363915,185.07158874983398,587.5894147188925,0.20219961020167912,772.8632030789281,-386.43160153946405
0.08175309019846042,1.2505148301623372,4.097109652591276,-0.8141570105638251,-0.29728442114841336,738.1040291830335,34.68752600129669,0.08478283157120625,772.8763380159014,-386.4381690079507
0.1262369368655384,0.41566014169316595,8.213216497094514,-0.6859093179040171,-2.4607246273779593,271.7502184086122,494.9380672051981,6.693881763016404,773.3821673768267,-386.69108368841336
0.1306058440820545,1.8867457826029965,9.308261127999854,-1.2612577587475224,0.41850683338199524,671.3632627981267,94.58697778048857,8.236634835856565,774.1868754144718,-387.0934377072359
0.13636925765702043,1.017804167472727,10.895743207532247,-1.3539308858867967,1.1499644359639696,608.807953276065,157.52469641515145,10.516326519846846,776.8489762110632,-388.4244881055316
0.12095395649076772,0.921754922265885,3.985097872051564,-0.8052281850473809,-0.9509023579116036,711.5191469839136,60.490003527479146,5.041850043004776,777.0510005543975,-388.5255002771988
0.12526289282452485,0.795389664650075,1.997901970832788,-1.1690492484172224,-1.5935502529586647,81.20406199811113,689.6563144482628,6.371716758705039,777.232093205079,-388.6160466025395
0.11469620968810218,0.6891067521673813,0.515083452088887,-0.8669313835025173,0.04663832931315426,743.5604896010021,30.60175170022132,3.3873838222576285,777.5496251234812,-388.7748125617406
0.06376316138806007,1.5226368578389993,7.731905732261845,-1.1936070250713764,-2.553946454660265,229.9444797828169,546.244422507667,2.117764896926826,778.3066671874107,-389.1533335937053
0.13676360632350817,1.4613345952624812,8.628261707763553,-1.3437106470025593,-1.89890217070233,78.34585397490225,689.422512823076,10.682476709517992,778.4508435074963,-389.22542175374815
0.09992525102157165,0.2681478508977865,10.944466362058265,-0.5510312155000614,-0.7121374098363216,731.2245676266249,46.69224154096024,0.7826872669420127,778.6994964345272,-389.3497482172636
0.03888186509785294,0.8492666690612236,4.383823675110801,-0.6418893022080603,-0.4693257844067116,578.7933514213792,190.57510640113313,9.395789381997044,778.7642472045093,-389.38212360225464
0.1292673776517528,1.2052196069128207,1.9928009743018416,-0.9847167791930642,-0.24711690310362489,716.1374945970198,56.38389771293292,7.747010973186286,780.268403283139,-390.1342016415695
0.07124320001708243,1.806421354919438,8.527543782398045,-1.4348696976517403,-1.1656032886899406,166.4072722641616,613.2048106339469,0.9433096627530082,780.5553925608615,-390.27769628043075
0.015312659162568427,1.549715847466984,6.466259190162699,-0.9039289506596119,-2.982140958501481,515.9420175180554,243.7711698909673,21.071353036914328,780.784540445937,-390.3922702229685
0.06327497076308451,1.030165823939007,3.558397475349978,-0.5667129024367735,-1.2036982654644162,652.3651696536068,126.75356417850257,2.210704260540964,781.3294380926503,-390.66471904632516
0.0018546236193146394,0.26043595604499675,1.8915131808796972,-0.6240968378897026,-0.2893996419339917,412.05074643984454,339.81018025814785,29.82456555619898,781.6854922541914,-390.8427461270957
0.09325799595001463,0.8636082748596642,7.2042030644955455,-1.2442983009259843,-1.7298736864663307,139.21703138714,642.9527868411246,0.2054593292613006,782.3752775575259,-391.18763877876296
0.13416704888964956,1.5950980892503137,2.8731061909823326,-1.1966242318930953,-2.8867227124520203,63.475771237168395,709.4061373519344,9.61241612301676,782.4943247121195,-391.24716235605973
0.1388203739387037,1.1704273981169742,4.986067969328862,-0.6722593919867029,-2.8801358352299564,606.4832218537379,165.42487868135936,11.570159184809052,783.4782597199063,-391.73912985995315
0.07604991528907848,1.2760354923624513,5.523343902928563,-1.161795881237225,-2.8439680514311236,181.87450965432487,601.7309901914381,0.43587967273267175,784.0413795184957,-392.02068975924783
0.0040224913152707405,1.1038759905135866,7.216762919174778,-0.6278729801255596,-0.3005101134585715,424.7250502676525,332.76518398900197,28.31208722486681,785.8023214815213,-392.90116074076064
0.11070690673472268,1.6376555449095216,9.064139465462858,-1.1509328610424463,0.5852889258057328,770.7411727980123,13.444362725899762,2.5038243570616148,786.6893598809736,-393.3446799404868
0.1349599885466542,0.5019885180187812,2.2491259607694065,-0.9598611529603999,0.33031857777942575,694.9096749174431,82.01263101957863,9.933204314087938,786.8555102511096,-393.4277551255548
0.1333182950320775,0.34200637152323465,2.5899149380116135,-1.0993605637101473,-0.3788572818480711,99.05478477669195,679.0241822870462,9.27488216743261,787.3538492311707,-393.67692461558534
0.09120836571912584,0.519671423728889,9.570959087351364,-1.131935046560701,-1.2723803408504948,209.67569136638195,577.7328624124184,0.10281656650387701,787.5113703453042,-393.7556851726521
0.05405787628821223,0.7427140630129482,9.485410014947565,-1.2902315018941724,-0.9520337456781109,302.6717184713702,481.1744982649275,4.339958967754539,788.1861757040523,-394.09308785202614
0.10945782126064227,1.1103679875973587,8.616647746288006,-1.320109177899805,-1.8914304069161771,61.400863104613144,724.8901632663277,2.2545707639224295,788.5455971348632,-394.2727985674316
0.1131355566991999,1.0293593070968121,4.480477144763739,-1.0791784155901458,0.5877036697010514,772.0437120271674,13.795822854902688,3.025856993264705,788.8653918753348,-394.4326959376674
0.014258426893949601,0.19360278330484457,4.345621355342733,-1.0460280660773646,-1.5844699640646864,511.0179362842178,256.147196275762,21.702282345570367,788.8674149055502,-394.4337074527751
0.014583121887348997,0.7061738216087923,6.9887460622520985,-1.4433225056002719,0.4607973668938419,459.5058168747914,307.8831624875694,21.506969420699402,788.8959487830601,-394.44797439153007
0.09121915277208588,1.815743022775406,2.61381541804656,-0.7598750508772016,-0.8283493851744961,764.0139133479813,26.311117309997627,0.1032646819567962,790.4282953399357,-395.2141476699679
0.12872968467632187,1.4963456008152638,9.686365588108632,-1.3488583631751654,-2.1452861559171312,49.73917348394358,733.2118437888186,7.554541591853966,790.5055588646161,-395.25277943230805
0.10643067432313391,0.5954571060571796,1.0808151327198556,-0.9950818375293042,-2.344523712971916,104.39338283311614,684.7100075791805,1.704707239168186,790.8080976514648,-395.4040488257324
0.12847746809869734,0.8003912729997406,5.59885739159403,-0.9952966648066136,-2.696692546320449,163.4800225019381,619.9471466029718,7.465093820114992,790.8922629250249,-395.4461314625124
0.11874759920170314,0.9542160758234655,9.050402816158886,-1.2344557233889641,-2.015075503039837,83.92110760065954,703.1170696327355,4.421091005844451,791.4592682392395,-395.72963411961973
0.1250545006591895,1.6812466362602418,5.965083848613481,-0.8831583209878909,-1.177856051168135,749.5539189087688,36.912935587990496,6.303822791695176,792.7706772884545,-396.38533864422726
0.13815554207223643,1.6492034716289061,10.304162552620848,-1.0013842233860906,-1.1284213486505517,682.5771570263855,99.21479773463174,11.279349014935747,793.071303775953,-396.5356518879765
0.08452383629556447,0.9044666303425134,9.575875238281983,-1.4451451676192728,-0.5675715589899228,134.1610159151112,659.2499924281577,0.012518807776507405,793.4235271510454,-396.7117635755227
0.08268812421918859,0.03963835616357433,3.9336146760256097,-1.224659141954785,0.9444668776765575,59.9256574229507,733.73872213487,0.053209299198642965,793.7175888570195,-396.8587944285097
0.03555240006435987,0.6350563285524543,3.8129953768240976,-0.6963374962727241,-0.08680334660077715,593.2242712572668,190.91359190039944,10.76296499372994,794.9008281513961,-397.45041407569806
0.07769342476731673,0.7494074630671137,7.725658238382509,-1.381099401498765,-0.5774900127892897,190.7680429899394,604.731868661472,0.30676623309448464,795.8066778845059,-397.90333894225296
0.04565052715837482,0.3554301092374616,6.792277022990197,-0.8245096534830121,-2.943208647662898,410.14783697534847,380.716935225197,6.902566010671772,797.7673382112173,-398.88366910560865
0.1384728053945079,1.2125826092026564,11.227310630471143,-1.418618181216951,-1.0278882633043327,94.6739006139506,692.5323764947825,11.417664350979944,798.623941459713,-399.3119707298565
0.06402208095667143,0.9369838097675746,11.350957260157914,-0.8950730137667587,0.4628208994178511,732.9091226161255,64.23429232252717,2.0692829906318244,799.2126979292844,-399.6063489646422
0.11098081982463744,1.273863394598284,7.367003220122731,-0.9568819526438561,-0.1959880888347656,783.9134558485946,13.471088693918821,2.5602301051370775,799.9447746476504,-399.9723873238252
0.11499829900691483,1.203931476718875,9.388971064115333,-0.7724662933294306,-1.3143094016677974,754.1817149565911,42.41981317189915,3.4597192194595014,800.0612473479498,-400.0306236739749
0.10242628254860152,0.8717438518739201,8.981485427959395,-0.75396536503069,-0.7652711259058553,752.7126720023159,46.394381985684916,1.0952273135335826,800.2022813015344,-400.1011406507672
0.03703644748247995,1.7565493517564053,4.139478558075764,-0.700758665984401,-0.29322304161460977,608.3982567538134,182.11853762817475,10.142104797386175,800.6588991793743,-400.32944958968716
0.074580214453903,0.8501524057686984,5.233644925284611,-1.3031366393991228,-1.2737008396187142,203.8978489584265,596.7423356643853,0.5704964886393361,801.2106811114512,-400.6053405557256
0.054182032230784646,1.6548158931947614,1.566224610743138,-1.297579855478311,-1.3506326506603286,280.89049954564496,516.6205000798196,4.306550601204066,801.8175502266687,-400.90877511333434
0.13330671609770287,1.285666716217748,6.3324369535479015,-1.3060343008539854,-2.1578398186885845,56.23845670030029,737.05458717089,9.270319146163128,802.5633630173535,-401.28168150867674
0.08177585503330152,0.505494180605015,11.930907354151971,-0.8507863199142696,0.4615437603549961,767.4062261936283,36.53547396812142,0.083927170742295,804.025627332492,-402.012813666246
0.07261978444739192,0.6685807999207669,3.8195345739188573,-1.0492807768606836,-2.4086542856236344,264.7315325342856,538.8708004397637,0.7782173257009686,804.3805502997502,-402.1902751498751
0.0032321997945423835,0.28545706709056795,10.038934098177867,-0.9579503248831003,-2.1975506942209453,584.051865637265,192.41880469308364,28.85889959171717,805.3295699220658,-402.6647849610329
0.052773620895908965,1.4983394776316503,2.9686639965267196,-1.3684191187757793,-1.037786140627175,279.35303233223334,521.8366316484116,4.693104765942684,805.8827687465878,-402.9413843732939
0.08464291923035734,0.5598676256394429,4.899229228462597,-0.9993796466304612,-2.330797858592618,244.99459483192356,561.1880567165687,0.010853877798178249,806.1935054262904,-403.0967527131452
0.020792270627283286,1.4748852382362418,8.856523857146344,-1.1777105943523392,-1.5140248214760796,473.5654160000258,314.93290606041734,17.94186275732061,806.4401848177637,-403.22009240888184
0.02427086362786187,0.6100860852817487,10.789277829356918,-1.4088859917165935,0.16767166307436554,435.3250864682103,355.19114959558607,16.085660924900605,806.601896988697,-403.3009484943485
0.06593510890686698,0.1591635359976838,4.711506722289752,-0.960602942790016,-1.5202956185093075,256.1130928735366,548.9889650824942,1.7284713933287121,806.8305293493596,-403.4152646746798
0.09879099633751089,0.0734685458673985,5.764125349259633,-0.8123060316282769,-1.3941572531846043,76.57341552906686,730.2757942364316,0.6582103037662309,807.5074200692648,-403.7537100346324
0.024991989657356807,1.9339074956374547,10.689414753392168,-1.2188724014388128,-1.4284978105559545,447.8394321284961,344.5590427811528,15.71354351203054,808.1120184216795,-404.05600921083976
0.04821988585291845,1.510387053366902,9.247081660817518,-0.8267567867757082,0.17678471766105197,684.5915136150932,117.76258237216918,6.05660608561694,808.4107020728793,-404.20535103643965
0.09709128349918546,0.62086242595725,1.8013927815761568,-1.0297486765668866,-2.372712330711513,155.6069004214121,652.4720138116909,0.4918466845724242,808.5707609176754,-404.2853804588377
8.172985415908941e-05,0.23300601007737595,1.191262001507278,-0.9303382087906277,-2.3722656470627896,604.1010418266402,176.54476222739896,31.09073131615762,811.7365353701969,-405.86826768509843
0.045263598479124915,1.0528630243687147,9.03141215298664,-1.1437038051530046,-2.2213753214846212,356.10953068588935,448.9375800942211,7.034751493693253,812.0818622738037,-406.04093113690186
0.06707300461279475,0.9203756960924024,7.263301870608391,-1.3302023633817897,-1.2149826096033647,231.25304350817916,581.0207569792485,1.5402877394175658,813.8140882268452,-406.9070441134226
0.12348102947798065,1.8328846056387544,5.338603818413778,-1.305104926536619,-2.8028487723582445,43.81670351418425,765.2523002087727,5.8029266199735545,814.8719303429305,-407.4359651714652
0.09319214781377852,1.8177787908215397,9.835328345446454,-1.2805574518845253,-2.8185196814609714,107.50565910017318,707.5497161803748,0.20161479688645587,815.2569900774345,-407.62849503871723
0.11957370310511692,1.664045933645407,5.881529302361589,-1.4054036518112347,-2.001313337384701,36.27601151048275,775.777073714602,4.6487413034125975,816.7018265284973,-408.3509132642487
0.06746713505239971,0.6231712484760301,8.317660381216271,-1.1101789096227668,-1.8971609898770876,300.31433728204837,515.1352925168643,1.4776351857576082,816.9272649846703,-408.46363249233514
0.09202691951986768,0.053681386206098525,4.499977334444591,-1.0659379143335383,0.04537865097081584,48.09198926816625,768.7703660800689,0.13958937334079752,817.0019447215759,-408.50097236078796
0.06931111671460971,0.5785258174529162,11.419964901718043,-1.3613836232223724,-0.2962825713558841,254.07502486834957,561.8144495654599,1.201788511313709,817.0912629451232,-408.5456314725616
0.02607991088958033,0.512007271540561,5.60569594999992,-1.4089060902693424,0.21446607259619865,431.9245503068574,370.0263722601309,15.160391943329985,817.1113145103183,-408.55565725515913
0.07011524601099822,1.4335279290704053,2.862799301120931,-0.5780916836309771,-1.3082313308718507,709.4550657158727,106.5723693569855,1.0904123942550206,817.1178474671133,-408.55892373355664
0.1113998125967091,0.9719850484101288,1.3647524278314793,-1.371156674228388,-0.7225236052343029,55.267493210317184,759.3730861310538,2.647727079804489,817.2883064211754,-408.6441532105877
0.0067525387254067145,0.6259103659810175,11.719684640107493,-1.142578813686396,-1.2225321865918477,559.0047450831893,232.18397006894114,26.463374312718507,817.6520894648489,-408.82604473242446
0.051196431826047634,0.7633911433923288,11.778115616930323,-1.1121982951684712,-2.116835279969373,358.8172054403523,454.752311889329,5.1456979895471635,818.7152153192285,-409.35760765961425
0.1388246350131634,0.21257709724668303,5.868887883458189,-0.9136493193699217,-0.6381582145370599,80.13586430379353,727.6702851887393,11.572034997706101,819.3781844902388,-409.6890922451194
0.10918432685197967,1.0377295322249027,7.411162056232117,-1.3624108196372475,-1.5514617546710332,68.89878132355568,749.0209168132922,2.2017388156836932,820.1214369525316,-410.0607184762658
0.08813162352545131,0.2559345898766357,9.253597029320863,-1.445744443584403,1.2066105596446786,114.20091878635408,706.6891490449289,0.014777468766126317,820.9048453000491,-410.4524226500246
0.0193191645685138,1.0566715853943496,7.617715081560846,-1.4446512370911635,0.20891723674140472,452.01867736388965,350.54260315432384,18.758464363146384,821.3197448813598,-410.6598724406799
0.09421051912746425,0.18902137654245688,11.13405986810683,-0.9045122621710321,-1.4864710969684427,148.03992148998074,674.4696428436096,0.26513374913725596,822.7746980827276,-411.3873490413638
0.07088571452327586,1.8684394092992478,5.620867773366887,-0.7617959113778204,-0.4810786964359268,757.0626366616464,65.85874809424122,0.988778087009615,823.9101628428972,-411.9550814214486
0.059465914031519324,0.03205935808023329,5.8351190283655665,-0.7536850546493992,-2.418487854222036,275.82507446203675,546.3880430186324,3.0043892667361916,825.2175067474053,-412.60875337370265
0.05358227831732066,0.4916968272194864,1.9613755412057245,-1.3430140538900455,-0.30202028919528345,299.0916600028258,522.2775867265584,4.469129045887202,825.8383757752715,-412.91918788763576
0.02507358921765839,0.8718381753317291,0.9959769731808102,-1.1021210994155344,-1.7714341991303977,474.27767738931266,336.50325620381676,15.67171054442532,826.4526441375548,-413.2263220687774
0.10214264060688608,0.6173118059519979,4.4127945091016505,-0.9330468864228945,-2.8641667383666793,210.5973499676609,615.9726592189255,1.0571487409069298,827.6271579274933,-413.81357896374664
0.0801493515700233,0.9670240281867452,3.0975370240974347,-1.294184594225312,-1.5757629162781024,182.28570658166896,645.2859888181916,0.15598429932947716,827.72767969919,-413.863839849595
0.09656680436766778,1.6218745552980633,9.481124878006048,-1.4127111030806914,-1.8725891645499018,85.0448385387413,743.9386292400937,0.4453963354264049,829.4288641142614,-414.7144320571307
0.11236153018178481,1.49734698317994,10.831280343745803,-0.8791284258840266,-0.7192332588513679,814.1049862528212,13.275708022278911,2.854119376051693,830.2348136511517,-415.11740682557587
0.04451963432039279,1.8908069103247656,5.431346013693486,-0.7314842477594355,-0.2301261406265782,669.005794737493,154.45396422529618,7.292432853191466,830.7521918159807,-415.37609590799036
0.08594819586272824,1.7566979964497156,1.3820421028851115,-0.8833877357486026,0.09617015617969127,813.951053204977,17.415932553550952,0.00038891973086486873,831.3673746782589,-415.68368733912945
0.03207307841470524,0.29500088220502907,9.0119633382446,-0.6843968341638584,0.05988462490443158,621.3252734422283,198.00854853895984,12.290866721552245,831.6246887027404,-415.8123443513702
0.009345421229399966,0.9045355148577651,10.248232989395342,-1.366484879467489,-0.030151285570649833,522.0389557646795,284.96756092538465,24.765333987292255,831.7718506773564,-415.8859253386782
0.08474923503420952,0.6080840748075435,4.0352295325794305,-0.6489995266897498,-0.6517688856277184,756.8851563464339,76.24604529405771,0.009467784170526848,833.1406694246621,-416.57033471233103
0.11886016028292304,0.6937377301877835,2.147236792621837,-0.8778641589763921,-0.0051689475915823735,806.1157905879014,23.07282815915861,4.451773287650692,833.6403920347107,-416.82019601735533
0.10377626789840015,1.2248243515420258,8.20629779136064,-0.8935599777021711,-0.284603154351327,820.016341847396,13.25742042819746,1.285695109146113,834.5594573847395,-417.27972869236976
0.003135790730124213,1.131246437897582,1.061154870267556,-0.7369972444365237,0.24472322255189782,494.91150105081357,313.06365191829155,28.92596413476646,836.9011171038716,-418.4505585519358
0.022476722196619708,0.8179193957832107,4.197872637099934,-0.9564618164341037,-2.73451279395611,519.9603250088518,300.3244394855356,17.030373669718102,837.3151381641055,-418.65756908205276
0.09581356343031569,0.3699192084525509,3.945981897433894,-1.1105520497831907,-1.0549444763006128,180.8417930902659,656.123965432238,0.3827154897214739,837.3484740122254,-418.6742370061127
0.1311648352341023,1.330676940936674,11.438827961235875,-1.343515428724233,-2.2197083219181786,48.343359334778924,780.562410495009,8.445560188276483,837.3513300180643,-418.6756650090322
0.10006960133433013,1.0836892697856015,6.3762514775652015,-1.2427608355183188,-2.508554222410085,105.94233546198781,732.7929797284995,0.7993015487902506,839.5346167392776,-419.7673083696388
0.11975609395383593,1.8057038796161713,4.877141433258468,-0.7434216753421282,-1.6933363124138172,806.92815276532,28.170126092885404,4.699773099661531,839.798051957867,-419.8990259789335
0.06489621277276017,0.9478600194226893,10.307359122271189,-1.2792182314257667,-1.649308946078782,257.69039486207686,581.6623271702698,1.909751439434157,841.2624734717808,-420.6312367358904
0.06979077158842101,1.6122615440074495,8.90506845196159,-1.4085918525587269,-1.440406489153713,200.66464233877062,639.9362986317108,1.1347021485757036,841.735643119057,-420.8678215595285
0.1172387589171058,1.4150304661079198,11.410513649687141,-0.8251259415849218,-1.1068424579689133,812.8217132634147,25.61189117451226,4.020049500730139,842.4536539386571,-421.22682696932856
0.13041319395009657,1.151549144255048,9.919925227123773,-1.284842938996311,1.0389982222033787,756.5112201081334,78.88754295937674,8.165237316769378,843.5640003842796,-421.7820001921398
0.12016029052711141,1.67965534197759,9.424117419927356,-1.0737866172652692,0.05308639784394931,821.4136706228115,18.003980903718084,4.813857454159011,844.2315089806887,-422.11575449034433
0.11383039008368083,0.2278731054733565,9.84019184400323,-1.2430514865188556,0.5274853871501426,53.19330848896702,788.3027184016448,3.184296923285676,844.6803238138975,-422.34016190694877
0.12840238075440916,1.941478866077733,9.253637165393414,-1.4355934065324047,1.3826595956144638,722.4301767584043,115.60757056430167,7.438567244894053,845.4763145676001,-422.73815728380004
0.07346760697484957,1.5422901565890839,6.760539305338153,-1.2551245372501398,-2.568803816887577,203.64364910395236,643.420000795752,0.6844351860043255,847.7480850857087,-423.87404254285434
0.0371299209260701,0.4215654943097674,3.926228040644526,-0.938874136654098,-2.5660110353363823,465.86850176281627,374.0852375505631,10.10361702222377,850.0573563356031,-425.02867816780156
0.057764284549466666,1.089168725113598,1.8700165488796066,-1.0671173118573667,-2.80917333434685,325.7611030414791,522.0851171743204,3.3982165723914113,851.244436788191,-425.6222183940955
0.13598277508217246,0.7355024130335841,6.7748718696403465,-1.1512876240317476,-1.5372154968721887,175.7891432081797,665.22107615568,10.354754088623066,851.3649734524827,-425.68248672624134
0.002409718206119207,0.9621209259367488,11.59803631138083,-0.8350220978268038,0.6670010040025538,539.0162920701276,283.08957594826285,29.433538658018076,851.5394066764086,-425.7697033382043
0.11861508441711892,0.7911855685925665,10.526711368677088,-0.6448940007216284,-1.6341333355721972,743.9298550549369,103.332438687728,4.385105654587162,851.647399397252,-425.823699698626
0.03286433339049716,1.337484016223616,11.769481575414135,-1.0538518475202445,-2.7465107257690997,452.9779882636631,387.9328332392473,11.934491144516583,852.845312647427,-426.4226563237135
0.003899110515301783,1.5564056550744452,9.135467406018558,-1.0377301566282935,-1.9396904091508667,605.8229977282199,218.7793078226824,28.39711138342753,852.9994169343298,-426.4997084671649
0.06150537640642988,0.35929698021565826,1.7061288415101314,-0.8490069112921323,0.6550718955186063,792.5455362042968,58.521375565398756,2.564319766509681,853.6312315362053,-426.81561576810265
0.11123359313347289,0.35798094599017427,7.58543509974943,-0.89676258933149,-1.8726658989722,201.394316938271,651.1152333956717,2.612840057764434,855.1223903917071,-427.56119519585354
0.10844041732652619,0.8597910460257544,7.60445360352333,-0.7876787796189377,-0.5869961605728737,812.4647242832403,42.20666410445983,2.0612039841570136,856.7325923718572,-428.3662961859286
0.12749629586479225,1.4654485155227275,3.122122055623055,-0.8780135613472096,-0.9199015319607362,812.03351463856,37.93688926033948,7.122191352577527,857.092595251477,-428.5462976257385
0.024142273761535563,0.3879232769776076,9.84404261909949,-1.232313180408875,-0.7496723839194042,493.88305881601366,347.4693367117192,16.15247371248765,857.5048692402205,-428.75243462011025
0.007176031411096464,1.075396401278077,1.8335964558000475,-0.99029997740149,-2.27461527888132,600.052886999939,231.94940493747322,26.18218851613011,858.1844804535424,-429.0922402267712
0.06944609670229886,0.5224275957262278,9.602803452107354,-0.7517377544181695,0.11220599795683217,768.4698609355901,88.5493157174274,1.1827148963118062,858.2018915493293,-429.10094577466464
0.11761137200957039,0.03836036001626274,9.643868785665635,-0.9431435204609381,0.8087324145926083,307.5807907262134,546.8358696554396,4.11731534843427,858.5339757300874,-429.2669878650437
0.12137848315951764,0.8864819838518921,0.5122475126620751,-1.1922468898442107,-1.107678670379261,43.11349537957108,813.1598929969836,5.165967114663188,861.4393554912178,-430.7196777456089
0.037817274918977635,1.2154428754529916,2.477140934334602,-1.03429651806301,-2.8181794794075765,440.56388714899,411.9798879427543,9.822845592637856,862.366620684382,-431.183310342191
0.12510077628048874,1.572485898758049,7.597008112165037,-1.4464994866855272,-1.8518413241284324,37.63893994513943,818.4300122062576,6.318867933305065,862.3878200847022,-431.1939100423511
0.13260594945396498,0.3394519493459377,5.137481692619288,-0.6754934302132338,-2.5116607385281293,236.87434555649799,617.7632507252598,8.996251457351638,863.6338477391095,-431.8169238695547
0.12836719052827966,1.014554788569255,2.8235147741376894,-0.7822200186627022,-1.1141117739095978,796.443585857739,60.75039891827206,7.426151622443711,864.6201363984547,-432.3100681992274
0.10043195580836699,1.0306126759235017,6.578657411067588,-0.5608555288897269,-1.8910090049080468,785.0905688740955,79.4909102111416,0.8417762136653881,865.4232552989025,-432.71162764945126
0.0939755263057006,0.438321280721605,11.757371135849558,-1.2130091884758314,-0.6819683504512657,210.2458776981236,656.2488120753213,0.24970574013589963,866.7443955135808,-433.3721977567904
0.010425158204389062,1.3778853962176363,8.484035468574099,-1.0266604850175876,-2.238125605576605,585.0439087817588,257.8106358623415,24.074833763947762,866.929378408048,-433.464689204024
0.0032961336216533257,0.9029844748895864,5.836616908118765,-1.4429443520290326,0.4910562269842438,562.3676477670213,276.1369514173827,28.81446855411179,867.3190677385159,-433.6595338692579
0.13328658540141192,0.5919627534220857,1.325677565475857,-0.9102675307197788,0.11873002383172615,806.8786150207688,51.20683253028314,9.26238872312707,867.347836274179,-433.6739181370895
0.03809499750364987,1.2926951185746516,9.103023373240589,-1.1906094129902414,-2.023433882684322,415.16469748529533,442.8508384277902,9.710523261871582,867.7260591749572,-433.8630295874786
0.13107496053726442,1.6537061558430002,7.6449456703276715,-0.7545771825504594,-1.9795904470799088,811.5814936083913,49.03327115404082,8.4117926005833,869.0265573630154,-434.5132786815077
0.13759907435490082,1.3282739025921662,2.3806992121982713,-0.8896090364124137,-0.9816668515123954,785.22552005025,72.86376511867142,11.038784960360228,869.1280701292816,-434.5640350646408
0.03246851243633867,1.6132127836490662,1.623078364273696,-1.3351989933619275,-0.8206578840903367,428.5208856974006,428.75685891373104,12.112110710148205,869.3898553212798,-434.6949276606399
0.12423044036855953,0.6401420342200234,10.494814841936279,-0.5940888192622263,-1.7914418576175732,717.3118656171006,146.49345118768247,6.038907081207088,869.8442238859901,-434.92211194299506
0.1194908256132823,1.014991553743454,6.289548670590668,-0.6273809960224233,-1.9814823163205102,783.2580554670537,82.58564762347444,4.625644760710905,870.469347851239,-435.2346739256195
0.09945350840090152,0.7922748349827372,9.514854083838525,-1.2583757082128098,-1.6701711304252365,165.5955059922042,705.4765098915,0.7296080340621447,871.8016239177663,-435.90081195888314
0.07323268226177192,0.9649181800505876,8.55661005448547,-1.2184301278191576,-2.2747407388932515,239.58042129516556,632.6136638963586,0.709818583523893,872.9039037750481,-436.45195188752405
0.03944245553686764,0.7833392290746669,2.284009623574757,-1.335743237209048,-0.6803140149963927,400.6837202990206,463.3475048637769,9.174725347415785,873.2059505102133,-436.6029752551066
0.03650516977014928,1.3732473851012368,11.850203077146352,-1.3923132016140538,-0.7283506258743762,397.4176875690186,466.4032173095941,10.362248621592073,874.1831535002048,-437.0915767501024
0.11189596416669889,1.4974947408439865,8.312129376511905,-1.226064600081029,1.0685346532773288,856.2690293086863,15.695310063281909,2.7532380124912574,874.7175773844594,-437.3587886922297
0.0794098050398227,1.6160479516198343,6.767164072854789,-1.0227906107449654,0.7017101214811712,851.6421246564782,24.090257232466584,0.19607407138210733,875.9284559603269,-437.96422798016346
0.06487645282301532,1.887520673092648,6.389404210396003,-1.2790550193426096,-2.3776877860437384,257.26677713008263,617.8778453402415,1.9132869997411492,877.0579094700652,-438.5289547350326
0.05712118106079806,1.5740135538376487,10.664238258831734,-1.2219607163085309,-2.5070889008476867,309.17463105217064,567.5925652975707,3.553370917263088,880.3205672670044,-440.1602836335022
0.006346569043399038,0.6251905151852587,11.363081268602155,-0.9292637314432689,-2.6141162625940435,628.9149189669251,225.35643665881642,26.734335313858054,881.0056909395996,-440.5028454697998
0.13171695248045137,0.8432766307946491,7.888507106954035,-0.6740104763557906,-1.9035515573715363,735.862536566778,136.70234621916447,8.654484974178253,881.2193677601207,-440.60968388006035
0.09917750317712387,0.15158937054255336,11.55555317727486,-1.122405065884088,-0.12082620010643463,90.34986137243443,791.2126327212228,0.6994167850552946,882.2619108787126,-441.1309554393563
0.1261686076938854,1.2782009550338829,9.312288730291165,-1.1422066096393066,0.4645762781999885,839.7815992992155,36.230380094063136,6.671022772082065,882.6830021653607,-441.34150108268034
0.004878729748435103,1.8412887711269668,9.898775069836363,-1.0253141295891104,-2.110724936212619,623.6326993174927,231.561033809355,27.725548353416333,882.919281480264,-441.459640740132
0.12832807112932745,0.5318654089523215,8.404826249898118,-1.1536530561747582,-0.9152755222370965,186.60863760335545,689.9619322135089,7.412361902285522,883.9829317191499,-441.99146585957493
0.003293106772748065,0.9154918297362884,11.825359373457982,-1.0693317947217813,-1.7641596064694178,628.1883557691048,227.9062893971802,28.816571301479605,884.9112164677646,-442.4556082338823
0.036713556368917,0.8541504551860096,5.403185282580234,-1.257942659033482,-1.275136963275212,437.17325036807915,439.06798921169377,10.27561841249776,886.5168579922707,-443.25842899613536
0.067668618280471,1.3751612938881965,4.233520001308185,-0.5980411614579323,-1.1088987697926271,763.1147480215931,122.27580173728498,1.4461090742612572,886.8366588331393,-443.41832941656963
0.1305695734551246,1.3158717992253741,9.358936890447746,-1.0406201186846533,-0.19762197615659405,832.8638928779369,46.005084069253655,8.223168932894492,887.092145880085,-443.5460729400425
0.07214922811921304,0.301793592031844,0.5058036171159039,-0.9911914772442624,-2.3134763344640943,244.553665010219,643.6934782360902,0.832865568412314,889.0800088147215,-444.54000440736075
0.1385106510972505,0.42694342092001325,5.430045565704735,-1.0687304672996,-0.809369989333681,181.81284045124474,697.8416206162327,11.434219979836772,891.0886810473143,-445.5443405236571
0.11537571771049417,1.4665333940409475,4.626766981342772,-1.3917167031228526,-2.222709859631558,47.82026511230871,840.7232368531761,3.5511660673714087,892.0946680328561,-446.04733401642807
0.08121548453811389,0.5044841797304034,6.536019110710205,-1.0083065299104155,-2.2849574941749564,300.48230938484164,592.1741367397608,0.10625116977392625,892.7626972943764,-446.3813486471882
0.13850583107792502,1.0200047033145332,5.811635627550043,-1.4036636222569003,-1.207447717160667,71.75381252949734,810.5842213264021,11.432110792536747,893.7701446484363,-446.88507232421813
0.0030986665670842298,0.26103553824891473,10.739345886690858,-1.3426811952258049,-0.07273345361728367,598.1964791014012,267.55885388095606,28.951809382323205,894.7071423646804,-447.3535711823402
0.03294524577124826,0.9538944256582726,3.6476099484166626,-1.1008950437157272,-2.263052869760524,482.336150567298,401.8419752518988,11.898344262645692,896.0764700818424,-448.0382350409212
0.03072305465132661,0.5846568723781025,10.106331525417255,-1.1407493332926797,-1.622340339033251,504.1298516543918,379.27268572813745,12.911011536676751,896.313548919206,-448.156774459603
0.07553758795166116,0.41426403523927746,6.7984112942232375,-1.074633442655045,-1.6548007151282775,306.4191880604567,591.0497297327187,0.48075245314716836,897.9496702463225,-448.97483512316126
0.0159819282603257,1.3563735746591628,3.1411655326540258,-1.2579567510628213,-1.0056420540754425,548.4244671976122,329.8262460499062,20.675643387860546,898.926356635379,-449.4631783176895
0.13332136177973347,1.325788775248393,0.5540318668261738,-1.2364855350153372,-1.074136690117665,52.643724591999174,837.5759278518726,9.276090898033472,899.4957433419053,-449.74787167095263
0.12845290357994438,1.2191083489625039,10.62949838134259,-0.5985245238198309,-2.639457114529457,801.7538045565077,90.86743970283797,7.456410562714647,900.0776548220603,-450.0388274110301
0.12681335347945016,0.7222098090040923,7.514031754156313,-1.237015505818832,-1.365744616619673,151.31341091734527,743.5745605406689,6.888273518786368,901.7762449768005,-450.88812248840026
0.13184625774726655,0.34152159705896556,5.704739559684154,-1.3936656075214444,1.0573587078437274,76.71460518704143,816.400142938758,8.703783860650232,901.8185319864497,-450.90926599322484
0.09293058766276158,1.2055345190531304,5.571002993969059,-0.9400370100462163,0.2789875413921621,885.4482285043632,16.189025862140728,0.1867022160786258,901.8239565825826,-450.9119782912913
0.1385020099407167,0.4489592314940292,4.64049019287963,-0.8586384228372342,0.11834104351319175,812.6661404416523,78.81248221006007,11.43043884328697,902.9090614949994,-451.4545307474997
0.09121944763929014,1.9963496503650402,9.863096305170695,-1.3013457346867776,-2.9971301064830103,139.75332382906484,763.1566152562546,0.10327694500390594,903.0132160303233,-451.50660801516165
0.041703392824550205,1.1879473433525647,9.797666902987311,-1.2312867206925984,-1.8880126003586277,409.74175978667995,485.0179223987367,8.309854427889467,903.0695366133061,-451.53476830665306
0.06660292188027951,0.5226938988026119,3.9009644613974914,-1.4246491457605408,-0.009607597410114188,279.21381089112845,623.2587742359036,1.6167149625869686,904.0893000896191,-452.04465004480954
0.0030308617862803613,1.5918438704477964,9.64148002934437,-1.0428168818037307,-1.9794708225304694,645.8319341465653,229.85965262632234,28.99904377385335,904.6906305467411,-452.34531527337055
0.06770450807680871,0.16790334178344082,3.7154569639413544,-1.3037069696265082,0.2724319375018114,236.64102652770973,666.7014146078752,1.4405290627943292,904.7829701983793,-452.39148509918965
0.010406006562828968,1.0033262380749397,10.025013715685606,-1.2936152984576497,-0.6359064013196889,576.4016034562043,304.76792174046034,24.086996341431377,905.256521538096,-452.628260769048
0.12312210364604777,1.5638450972072004,8.783697245432554,-0.6124418724452035,-2.4421566616836166,852.4063590292815,49.02535117408991,5.6915708454758756,907.1232810488473,-453.56164052442364
0.02209692173269759,1.3807340721695784,2.4738574085331093,-0.9998862275805415,-2.7833612739349114,555.9356538889675,334.58327238022787,17.233816289390223,907.7527425585856,-453.8763712792928
0.12762590640982788,0.7102907391190637,3.3741538519028325,-0.8421158607385796,-0.30817007305028987,853.0942454529111,48.88315763169748,7.167025833804944,909.1444289184135,-454.57221445920675
0.12192075351892537,1.3323372428371265,1.0547293440598027,-1.1369190217146459,-2.687464969801665,76.55727274801555,828.1131217552474,5.326703528351179,909.9970980316142,-454.9985490158071
0.1333935821791985,0.7415831353861607,8.748169841471961,-1.0127648865076115,-2.628396254902826,208.4036297312727,692.3270026486894,9.304578675398588,910.0352110553607,-455.01760552768036
0.007808870324055926,1.0459731926912978,3.590519152012181,-1.2616393877460832,-0.7645570508903297,598.4747464535029,286.1081501766209,25.764802401780724,910.3476990319044,-455.1738495159522
0.1257289780306642,0.3195448182993315,9.557790291156318,-0.9326717168160544,-1.3713532442010883,170.08839300439539,734.7857171647984,6.524883122280919,911.3989932914747,-455.6994966457373
0.0656301393022661,0.6340326672690325,7.413376110248109,-1.1649563409338524,-1.818468638261223,342.9378913060431,566.9729871637977,1.7807492742236963,911.6916277440645,-455.84581387203224
0.019294391672173623,1.6437373055687443,1.1733396532171416,-1.166708291956664,-1.600887871973719,551.1205844802281,342.2782994125133,18.7723523377416,912.171236230483,-456.0856181152415
0.13710725260749046,1.7713834063360285,7.14520294960373,-1.379680565437856,-2.626832985075808,55.92119112006513,846.3852395931028,10.8283264286183,913.1347571417863,-456.56737857089314
0.025021785570133497,0.17671667273363723,7.917859753703763,-0.9013100348840647,-2.5782208524153765,555.1023685616468,345.7729817959865,15.698261826515136,916.5736121841485,-458.28680609207424
0.023008800945862395,1.6571344055871922,1.9414426177241884,-1.1860153792308599,-1.6671888599626723,531.8655042595988,368.6172023703709,16.747393696144456,917.2301003261141,-458.61505016305705
0.05845273542996959,0.96143689066463,5.598131290550607,-1.4193502110624563,-0.8091597198648555,306.6788398615548,607.5118839200032,3.2359600653724865,917.4266838469306,-458.7133419234653
0.03169114202427746,1.6649464881243223,11.17647829669541,-1.0581666684586057,-2.9112489421983105,498.2436716874353,407.77214083318506,12.464764281727911,918.4805768023482,-459.2402884011741
0.09517543668788751,0.20637394810686646,2.4924988417305634,-1.211816129598521,-0.12546871620883993,137.06090002619635,782.4547900808826,0.333331392063119,919.849021499142,-459.924510749571
0.13379254453512063,1.0489577272687487,2.783384402465775,-1.4362407194676028,-1.034400223756893,49.847828901921154,861.488824278781,9.462738907502892,920.799392088205,-460.3996960441025
0.10582865716251702,0.10886095166979348,4.84536868380539,-0.6510182566533499,-2.5708317927791167,143.75829116823334,776.7774637771427,1.6045022521827406,922.1402571975588,-461.0701285987794
0.022853118186934907,1.6171352972398714,1.8493701779284075,-0.5910829308062533,-0.5238313457779098,601.5758753317099,304.55190577158436,16.829946430741636,922.9577275340358,-461.4788637670179
0.13183153862851643,1.2189624221979731,7.316520931395434,-1.235963429756972,0.8949975299672452,859.9167438499238,54.405776073119924,8.698164992060422,923.0206849151042,-461.5103424575521
0.08016511604661862,1.2067413002615512,3.137749319127855,-1.4497868366862792,-1.1205489172533378,186.62159426356348,736.5137793829616,0.15517958467029586,923.2905532311954,-461.6452766155977
0.07045315808134926,0.6609533359215991,4.750821075504268,-0.8393859840959003,0.43857099339373384,845.8183360545545,76.7159987712555,1.0452256192007594,923.5795604450108,-461.7897802225054
0.07061399559899753,0.5231649344302184,7.435208448676434,-1.364123125236035,-0.36096930589932574,295.18541397733657,627.3784213073393,1.0240537418533955,923.5878890265293,-461.79394451326465
0.08986949083678909,0.2864265547774008,10.890612173098264,-1.1522533289229886,-0.6833130555483189,208.14371330554312,715.5387980721132,0.054763149178948214,923.7372745268352,-461.8686372634176
0.0418893954923345,0.9457712335698863,11.319884025362901,-1.0979174546348203,-2.604708909202639,447.18817426054744,468.601989451328,8.240608947968761,924.0307726598443,-462.01538632992214
0.13157482706207452,0.10784837065683579,0.6213394023968999,-0.6559909874473663,-2.8324405071128065,86.41739891491382,831.3985688996405,8.60045980460566,926.41642761916,-463.20821380958
0.03916365899731422,0.44356297771047226,8.286446047831046,-1.3313200143347474,-0.3820109307365076,449.7151049388568,467.7740339940324,9.28433742664565,926.7734763595348,-463.3867381797674
0.13388691591135554,1.8809922667725079,9.25224170490865,-0.8074429775978723,-1.6930434709550617,881.5807994627373,36.194188852546674,9.500345387995512,927.2753337032794,-463.6376668516397
0.027826830034320474,1.7458338888170282,4.75279816915303,-1.1460186541141268,-2.20793195084865,514.6930834689862,398.8856164879483,14.292909260011657,927.8716092169462,-463.9358046084731
0.07704066497622322,0.4537803098988875,4.502011893376923,-0.6009775361380082,-0.534006037457873,818.8482304211237,109.40698771038548,0.355338934435597,928.6105570659448,-464.3052785329724
0.04596906807796855,1.5826095596939105,0.7455424869750517,-1.1087074261895853,-2.374904749954093,414.56415601830804,509.001397553124,6.794684581712672,930.3602381531447,-465.18011907657234
0.07140604929260264,1.7250689219734077,2.6082946706220995,-1.3562171287593965,-1.898168828724358,239.2670226521703,690.5124016224548,0.9229517272419252,930.7023760018672,-465.3511880009336
0.04788962264399174,0.5061615293725871,4.664785234697595,-1.3278225106613786,-0.5631579729926486,406.31140773310904,520.222992996428,6.1622487922189855,932.6966495217561,-466.34832476087803
0.07160577037245319,0.8494408852639516,8.982293931502673,-1.1162683821862986,-2.817401745054686,305.66925606409836,626.4382346306634,0.8982876093524854,933.0057783041142,-466.5028891520571
0.13388222494451016,1.4865475451456094,6.255018634276051,-1.3540072900149234,-2.7597177366954355,41.67452491726257,882.9684607146121,9.498474301771138,934.1414599336458,-467.0707299668229
0.12420124600063893,1.6925912224882163,9.20200110301187,-1.4244345323718017,-2.448488382693677,47.83112063604947,881.2362598046263,6.029626088810514,935.0970065294863,-467.54850326474315
0.03921809216444418,0.6125297443054081,7.399660967184525,-1.0414731565087487,-2.424017960206921,498.96415220337184,426.8946946906068,9.262885262943136,935.1217321569217,-467.56086607846083
0.07871828406944374,1.6506081746948114,10.151860576967964,-1.4128587936626977,-1.9071536995491225,194.22532380094677,740.723834023679,0.23770398761067812,935.1868618122364,-467.5934309061182
0.008973704177615805,1.3164634120249197,10.028534092219962,-1.175893453247774,-1.4067683046628927,620.7182604689727,290.3772070581408,25.005308973486343,936.1007765005999,-468.05038825029993
0.13847452893178805,0.66712886035415,5.372717607186735,-1.211849063410214,-1.2014583897985618,166.29351821018523,759.9719405640199,11.41841805288016,937.6838768270852,-468.8419384135426
0.07134746988410673,0.16786086706367098,6.882861948138671,-0.828187530019191,-2.4483082918042394,315.10406722629443,622.3015863587332,0.930249217512828,938.3359028025404,-469.1679514012702
0.05791120663490602,0.073721142105306,4.453612281502126,-0.8839231892876588,-2.0471817691030783,348.23810986811714,588.5176796155266,3.363256331479232,940.119045815123,-470.0595229075615
0.03841527382943106,1.2258417875341439,4.398651954232932,-1.1009305730710686,-2.7001768508702693,471.5360690529382,460.43099507573044,9.581792384907931,941.5488565135765,-470.77442825678827
0.13107603552267744,1.1057157941181421,11.683670898369872,-0.6130449326129915,-2.500425509143107,827.5786105972118,106.45970131729287,8.412196092819725,942.4505080073244,-471.2252540036622
0.10821589356950367,0.05923917756207821,7.037366577010191,-1.058430362244547,0.16922925235006359,25.862226824166555,914.9138831129053,2.0196987436767047,942.7958086807486,-471.3979043403743
0.03286318503384924,1.3464927682887993,5.818728830585955,-1.0825232068646604,-2.745533280033832,504.4749117777962,427.068217432349,11.935004557135256,943.4781337672805,-471.73906688364025
0.03135724913213638,0.8351989739548453,10.47542545389651,-1.068659163949367,-2.478207108310206,529.050521201792,403.03621724016097,12.617788139183162,944.7045265811362,-472.3522632905681
0.13659887156985717,0.20692086135430293,10.496510472207635,-0.9167819146378964,-0.8885636247905673,72.85930378700361,861.645797242756,10.612910946257443,945.118011976017,-472.5590059880085
0.06332010614951883,0.044708668853153624,8.837344634308227,-1.2871377929664884,0.5952860679638969,204.59554323232155,739.0800370549125,2.202027874523356,945.8776081617574,-472.9388040808787
0.0671271930961212,1.2572012433722415,3.990622307676646,-1.197160586084796,-2.812345570778221,296.82798434284445,651.0070544317025,1.5315965919583907,949.3666353665054,-474.6833176832527
0.0009508722389543901,0.9171299121908135,8.054569677997264,-1.0044036792498183,-2.2207309176193792,693.4411991004094,227.30961993080004,30.466718101316534,951.2175371325261,-475.60876856626305
0.1226693060883754,0.22325958064407375,4.734661102221261,-1.0413776964010788,-0.636360790540305,92.45426625551539,853.6438364124906,5.552630548747068,951.6507332167531,-475.82536660837656
0.10765394682732432,0.4531963958189103,2.301545767969912,-1.118541255112148,-1.5550472552371972,168.4627419457248,781.3630718754059,1.9176683003475077,951.7434821214782,-475.8717410607391
0.13032127624011544,0.8054977391512578,7.7269704604099525,-1.1138844713465499,-2.648731548200041,157.06526552491337,787.0444603564005,8.131281474389352,952.2410073557031,-476.12050367785156
0.05555998673588938,1.4636860884420166,9.338779197371217,-1.318864624557686,-1.9414730160559575,340.0922162917608,608.5754307081456,3.944431699678336,952.6120786995848,-476.3060393497924
0.038546145146327995,0.8751603136791611,10.376518344694018,-1.126058272839507,-2.3238204162036196,484.22178309149587,458.9179154393336,9.52943758402147,952.669136114851,-476.3345680574255
0.025599907176805513,0.737498244686161,8.756857258210802,-1.3355392357763394,-0.6486486980490227,528.8437482152648,409.2870070951686,15.403227169640676,953.5339824800741,-476.76699124003704
0.12167702135763038,1.4346269895085781,4.526945381337396,-1.0039211196205786,0.007809802317666037,938.2807511187066,10.541807051451231,5.254153291610623,954.0767114617684,-477.0383557308842
0.06548047399915902,0.24223370876812095,9.329654874211839,-0.9933155242695415,-1.8158815009658793,352.9957877465635,600.7752852099089,1.8066897947038003,955.5777627511762,-477.7888813755881
0.038042189092683615,0.7199511339378446,8.601535870376132,-1.024060824070343,-2.7421160309181722,514.7385636440907,432.0044051944869,9.731831404387139,956.4748002429646,-478.2374001214823
0.0673363004695981,1.9015335903468378,7.5249618265139135,-0.5868535340550187,-1.193038654492049,822.7408100805468,134.90125091277056,1.4982889394701406,959.1403499327876,-479.5701749663938
0.008489443725427707,0.07176076283925083,7.442057273690973,-0.5738513540205985,-0.3345477106648964,564.3462540813879,370.7758107401955,25.31967589281698,960.4417407144003,-480.22087035720017
0.01836764222879251,1.8595386178706756,3.2563092154815614,-1.0012212420635822,-2.871758401990297,607.6970178234772,333.4728909925712,19.295591103761588,960.4654999198099,-480.23274995990494
0.025857268671494293,0.3338393472580078,10.845152359340712,-0.9231091736842864,-2.725690682685645,591.3148582879516,356.31612033685644,15.27278735174522,962.9037659765532,-481.4518829882766
0.08350536149371487,1.6432556385988673,8.207181293665881,-0.6558774491479525,-1.088646744764635,888.433209098818,75.50374731206018,0.03160935883783845,963.9685657697161,-481.98428288485803
0.00031154683662655504,1.8106596471562855,11.704876688307836,-1.3201445956139772,-0.32883133196239456,663.6604911500621,269.45939051827565,30.925115732801583,964.0449974011393,-482.02249870056966
0.12284012733901511,0.7664385996373556,4.276430489265344,-0.6383380247043356,-1.4067507325851678,872.9517261994173,85.98179583714945,5.604845131339135,964.5383671679059,-482.26918358395295
0.021677041291394056,0.8164045301803029,8.920485870331223,-0.8172064003180357,0.5883109133711297,696.08156652346,251.3291991844215,17.46013389411799,964.8708996019994,-482.4354498009997
0.08214975211968753,0.6816953326158994,1.9938282908149991,-0.8475522302686798,0.4149190902736697,922.7522898538592,42.511075704771095,0.0704944994522092,965.3338600580826,-482.6669300290413
0.10602603095652637,1.8453197744528487,9.832420847019792,-0.706173024386802,-1.338621859673553,937.2566407281481,26.70974007913788,1.637020466477272,965.6034012737632,-482.8017006368816
0.10718242456612742,0.8099309566532217,9.69856240081033,-1.224402040180419,-2.2254893164711094,174.49658588622063,789.6262013906381,1.8340962275800745,965.9568835044388,-482.9784417522194
0.09359551788163648,1.1563241882992745,3.037365234247708,-0.9188786283733558,0.3213445081415709,945.696682682139,21.422277778823723,0.22573553920771744,967.3446960001704,-483.6723480000852
0.11653516842954825,1.813995006309764,11.08510832029591,-0.7286509959639702,-1.4872423540736877,945.2949579835091,19.320361385640084,3.839556715886169,968.4548760850354,-484.2274380425177
0.07429872969191868,0.5952855017677483,0.7896701235658574,-0.6911243098466225,-0.14956925457862535,903.7035922485011,64.74029074780552,0.5983429248752801,969.0422259211819,-484.5211129605909
0.04686110235816864,1.6289881397779993,9.349408644103011,-1.2834743951816296,-2.021377885634825,406.85114550209875,557.3529310516352,6.497097508780532,970.7011740625145,-485.35058703125725
0.06208250821210459,1.6216242625973216,3.5686619370426005,-0.9176340066351978,0.5699721091674625,881.9976553323586,87.69577047880513,2.446110795260707,972.1395366064244,-486.0697683032122
0.007613014649268196,0.08111672356416733,10.767901133770984,-1.3624583889954247,0.00024037188131842413,617.3037214270082,330.0374287758591,25.89361979857644,973.2347700014437,-486.61738500072187
0.12184827806776521,0.4884611118299156,6.656553392522005,-1.2430384812337985,-0.6284284528995601,174.46034264351908,793.6828169090073,5.305078242461078,973.4482377949874,-486.7241188974937
0.03553383576864052,0.1663523942202521,5.49363979815681,-1.2379397791943787,-0.5559878868097341,477.16668567034856,485.80500119745807,10.770848275865688,973.7425351436723,-486.87126757183614
0.047270458346639614,0.6153392660678694,4.112666874482834,-0.9900285917795648,-2.92501555222202,482.4187110842389,486.6522686467584,6.362764880263121,975.4337446112605,-487.71687230563026
0.07893618656673708,0.023003693125511756,0.654474343640739,-0.6046428857637225,-0.057102098732312534,925.2073522918384,50.762776102501526,0.22415403301536707,976.1942824273553,-488.0971412136777
0.11135371669757899,1.338626183614016,2.070640907756908,-1.2635583836979332,-2.8019298912081316,100.24047657128686,873.7629246612318,2.638029043701952,976.6414302762206,-488.3207151381103
0.13316860036531827,0.6773688785351145,7.121944560150154,-1.23848863494637,-1.293631713878233,170.80900490709115,797.5654651603801,9.21597712791097,977.5904471953822,-488.7952235976911
0.13454353755157533,0.44507990633081784,3.466579167944822,-1.3572373560851192,0.24447956640579527,101.64752942970748,867.8119109883262,9.764070244551412,979.223510662585,-489.6117553312925
0.0578863030557949,1.1047121531858213,11.566270837681836,-1.3434485333259687,-1.6627477657289969,340.6264782396769,635.7758729352066,3.3691694371563656,979.7715206120399,-489.88576030601996
0.13861156372277839,0.21960359529219328,1.4723557721260705,-0.8961134215368114,-1.526707347529256,95.62803531532943,877.5068283051357,11.478422906488731,984.6132865269539,-492.30664326347693
0.09829796910055184,0.5517202801167932,7.714074789763215,-1.1899842395636968,-1.4717716301673294,252.08009100275675,732.6349047900485,0.6074630512896056,985.3224588440949,-492.6612294220474
0.08685312699079804,0.4558357883949891,9.687546776980474,-0.7860040989215309,0.346682616662771,932.4688190001666,54.778439685259166,0.0015081247613741417,987.2487668101871,-493.62438340509357
0.10531780608575404,0.784757554222847,1.1133486063419644,-1.4428174667436653,-0.3620378728438842,97.01240295750404,888.879724245408,1.5218521125318871,987.413979315444,-493.706989657722
0.0698541699786188,0.812728218781804,8.43217368425639,-1.1155303884674705,-2.8473259977200067,345.4904870254733,641.3146937736365,1.1259791616399641,987.9311599607498,-493.9655799803749
0.04266119403230972,0.5282924129533769,4.214588084418422,-1.141905097148122,-1.8154934716319924,493.8921909124069,486.28391651096985,7.9563772774455535,988.1324847008223,-494.06624235041113
0.06717351466286131,1.1346284960892965,10.203951893423579,-1.3403822578582039,-1.9359120689234253,291.3329502543353,695.3838382137511,1.5241866923462832,988.2409751604326,-494.1204875802163
0.08659516829264086,1.5817788299636026,8.02965170765719,-1.41015065161924,-2.2270521917552433,174.03821755342454,814.3599003617917,0.0004903025676120413,988.3986082177839,-494.19930410889197
0.023100902570850793,1.6760842839812125,11.163789576890093,-1.167768612577871,-2.055591239616259,576.9060773801755,394.85253204552856,16.69865120858153,988.4572606342855,-494.22863031714274
0.11048397327920155,0.36020030993821256,4.2390646122411555,-1.1500768971788033,-0.894045025699115,181.09543889138754,805.1790321357117,2.458380397704956,988.7328514248042,-494.3664257124021
0.13959380962743498,1.3574670445440202,1.2992185927689288,-0.96823157266385,-0.12965810611805617,929.9926058812664,48.18143673900851,11.913132428434489,990.0871750487094,-495.0435875243547
0.13651808807925234,1.3181770775049095,2.8596950034135666,-0.7594717081533754,-1.4822757832638263,922.7866462930757,57.5956907975498,10.578879968048392,990.9612170586738,-495.4806085293369
0.04709333727917029,1.782174228942199,6.347349536903944,-1.3652118687844113,-1.53956598974418,404.3339161720169,581.0971992136826,6.420715995243035,991.8518313809426,-495.9259156904713
0.025251977191344196,1.5863970234310687,6.9412916075263755,-1.3027003637339534,-1.2476768555064148,546.7125805594249,430.00795003974133,15.580452055168708,992.3009826543349,-496.15049132716746
0.08825476870196544,0.45866749572811677,1.4475099569163117,-1.4211396789968826,-0.035207369232201025,178.46011385374894,813.9539100421284,0.016778280398142005,992.4308021762755,-496.21540108813775
0.10285442199322577,1.3926190542362538,11.8828201091056,-0.5502520788242494,-2.0259151678064735,924.552855503495,68.79422784608458,1.1539804566611405,994.5010638062407,-497.25053190312036
0.13241214418465874,0.9285582981644045,3.255770236345614,-1.424527774835843,-1.1792904182939328,66.91203750844446,920.0319594378992,8.921180727125291,995.8651776734689,-497.93258883673445
0.09967941993138592,0.07515504658060275,2.18104703279716,-1.1405840887913454,0.10543828408696365,80.92095270488292,914.9243751890247,0.7547944710722908,996.6001223649798,-498.3000611824899
0.0939302059403498,0.8725452612468623,9.173552788815453,-1.2668859605888132,-2.2690472943979216,204.4981390400115,792.1024349058112,0.24678350893204878,996.8473574547546,-498.4236787273773
0.12135370353586807,0.8199913278222865,3.353930125498569,-0.8469353937332901,-0.18751903861744257,963.6772303389301,28.13815751515103,5.15868092562321,996.9740687797045,-498.4870343898522
0.13938419820464124,1.353615099602815,11.014448847510405,-1.3733870955964482,-2.756199853454494,47.038329137381105,938.8003857450032,11.81968724909206,997.6584021314764,-498.8292010657382
0.01810254170422617,0.23834845064126706,3.9540615467799123,-1.2324704625277936,-0.8682958090897341,607.6628133492562,374.4866889276321,19.446588659165247,1001.5960909360537,-500.7980454680268
0.09797620730976596,0.027155670678193074,0.8160086987857059,-0.8741700405413357,-1.455609269987739,113.18277143994469,888.5967047077527,0.5754418425942694,1002.3549179902916,-501.1774589951458
0.04253654455243851,1.6995823605938294,4.300983954698829,-1.2101062858233378,-2.4186522090102125,461.0914323302737,533.5568626007768,8.00194441666028,1002.6502393477108,-501.3251196738554
0.11994531480419367,1.3847324401295387,6.073489863492469,-0.6762692808231643,-1.6714717727603947,957.4031056124245,40.87132540869112,4.753010304992588,1003.0274413261081,-501.5137206630541
0.10652564452796426,0.8865654408234966,9.603909810256921,-1.4393065442810657,-1.2257434244014203,131.68682273238687,869.694943748349,1.7207920607209348,1003.1025585414568,-501.5512792707284
0.08768994718433448,1.0118139934562618,4.42463066952388,-0.6717492610661491,-0.7557449843081785,921.8595989918786,81.87663259943314,0.00864582690924458,1003.744877418221,-501.8724387091105
0.06588602320454262,0.8401817770225685,6.756031175119624,-1.3084817101030892,-1.6436949621778487,338.0553449550883,664.0198574895581,1.736833072887914,1003.8120355175344,-501.9060177587672
0.09978343053997493,0.45307375533238603,6.576109325426806,-0.805516299078841,0.3698241435347174,971.6945993932036,32.425374742365236,0.7665340911470405,1004.8865082267158,-502.4432541133579
0.1379612136501934,0.6265095991797234,10.711122537654195,-0.9399378950486285,-2.58431680507233,282.8732343077455,712.6290800442603,11.195045111350671,1006.6973594633564,-503.3486797316782
0.13070560463046604,1.2362857178849547,7.244598900478313,-0.5581914510368189,-2.6727610116762808,913.6639303370284,86.54505096001618,8.273728949915661,1008.4827102469602,-504.2413551234801
0.1311054627178546,0.45646242396492437,2.835294809339912,-0.6464422901308752,-0.7556784657520912,933.405695920734,66.86844006147844,8.423245251921854,1008.6973812341342,-504.3486906170671
0.1339352048060429,0.4697255392102341,9.202095765992802,-0.9709393672779489,-1.820596993674213,245.97568615688357,753.7364923060076,9.51961709413555,1009.2317955570268,-504.6158977785134
0.13656383758241789,0.9601231657414865,7.314804371676672,-0.5770053541557637,-2.535516353322878,863.2680684779998,136.69215651740788,10.598145763595461,1010.5583707590031,-505.27918537950154
0.1362001772625797,1.7157555555896158,4.795584083705812,-1.1565282649891728,0.34001259566641506,961.4040873531986,40.07972644371958,10.445487068738103,1011.9293008656563,-505.96465043282814
0.11510123879174618,1.3163761132168958,6.255232861839577,-1.384336411014316,-2.6591766318446233,71.54275777103535,937.4882312621146,3.4845427608230337,1012.515531793973,-506.2577658969865
0.02349145030824774,1.4347139409517353,9.978565608974957,-1.337033799172222,-1.0023172119428998,564.3069163808044,432.2116163724468,16.492752806238617,1013.0112855594899,-506.50564277974496
0.025479733568914028,0.9000217221061237,1.1324721836469358,-1.1038272656034591,-2.1674689054970537,590.4002120730162,408.2639975920126,15.46432532701616,1014.1285349920448,-507.0642674960224
0.1277329657875135,1.9729312405595048,2.9736430105182867,-1.4187418898059119,-2.680346482491473,51.65213241604586,957.0274981662387,7.204165574461214,1015.8837961567458,-507.9418980783729
0.11950441429381212,1.4211212295006146,11.966554732246534,-0.8746882682315414,-0.5939748431961043,1005.9918220539702,13.62364185207364,4.629427751816272,1024.24489165786,-512.12244582893
0.033707447051291015,0.7411854423501649,3.9893792488374524,-1.3081117239047058,-1.0635657330354895,530.1705445855215,482.79757824341266,11.560528343147936,1024.5286511720822,-512.2643255860411
0.04292828508794285,1.7699409193760616,8.087992682837381,-1.403673682230386,-1.2362468149064332,442.4629286267372,574.7877653275427,7.859176971923422,1025.1098709262035,-512.5549354631017
0.08301260262337518,0.16467478331802948,9.175163918470716,-1.086581601093394,-0.8830378156353236,241.10228173621425,784.3401130610777,0.04396372946937861,1025.4863585267613,-512.7431792633806
0.12963515397330888,1.470078985835227,11.167263586368696,-1.4203794831983514,-2.7440786142632234,46.41891797206193,972.5065203782897,7.880052323278423,1026.80549067363,-513.402745336815
0.1359452360589385,1.0245511344867777,10.106284038560188,-1.3363692368297553,-2.396493131060594,73.05345635413381,948.2104266125133,10.33912721708959,1031.6030101837366,-515.8015050918683
0.1087970270494151,0.29869028289927396,0.9372237570910132,-1.0507110543616496,-1.8006596117367717,137.5942645443705,893.4071634722495,2.1279942175979882,1033.129422234218,-516.564711117109
0.09688160283724455,0.9061471728748384,11.911755895091764,-0.9513827444231955,0.5787854890506665,1008.6971613489915,24.983116749221566,0.4730000007288893,1034.1532780989419,-517.0766390494709
0.1387283483960759,1.6006902407546988,11.63152291956816,-1.1290051884126522,0.12435769689744891,979.2247517900328,43.681718452395366,11.529684742726044,1034.4361549851542,-517.2180774925771
0.037093912185903105,0.712327304060025,2.214670805470175,-1.0662054425807024,-2.595677429147333,549.9117390701075,475.45159109505755,10.118434989702779,1035.4817651548678,-517.7408825774339
0.11671708102490069,0.05354184056120287,2.99856949418747,-0.649941565901154,-2.2060655685034596,89.62525579371534,943.4193953888182,3.885825590975366,1036.9304767735089,-518.4652383867544
0.011801658703626362,1.1826661385467852,10.948860511962678,-1.0696227088769383,-2.333615070476216,687.4000917807958,326.47568403780974,23.208707355716008,1037.0844831743216,-518.5422415871608
0.015141286720094613,0.23348939041373476,7.415460669281302,-1.2945669347699373,-0.548957248779157,637.5906932014041,378.3538206169814,21.17328128880276,1037.1177951071884,-518.5588975535942
0.08869743013474775,0.22229986864666967,10.495205926165356,-1.0970582650476137,-0.9773133649540879,242.07983176671328,796.1014112666439,0.025019146514176523,1038.2062621798714,-519.1031310899357
0.023924433810627223,1.9691519289520645,6.24530778177751,-1.2787138854656672,-1.4831672995817953,586.1587589362089,435.80314967220005,16.265975083633506,1038.2278836920425,-519.1139418460212
0.11694601984480546,1.228261735744782,0.5875596988589566,-0.6003865932335958,-1.1298870341190106,1020.3158092448263,14.998924508976662,3.944449264377964,1039.259183018181,-519.6295915090905
0.025354026469568042,1.2144431235375888,1.0466542800448515,-1.0324457685691504,-2.746799686279714,615.4916933137064,408.3600865420855,15.528366215468465,1039.3801460712602,-519.6900730356301
0.12345690539632635,1.3610533107744966,1.6287825154982685,-1.0249741080565387,0.4576622744871415,1027.336121239194,6.3084916418164,5.795408370735635,1039.440021251746,-519.720010625873
0.1010722557404823,0.38033121979016477,8.839777750155058,-1.1783127947602723,-0.9394472289297235,245.80316164607748,793.8141645555793,0.9195193137563883,1040.5368455154132,-520.2684227577066
0.12022937909770652,0.4832037326903029,7.935067157557888,-1.2585725024058187,-0.6717964561183032,196.44658874251283,839.2620626612758,4.83349459133122,1040.5421459951197,-520.2710729975598
0.10925167066154694,1.7832576538549219,8.743640903952668,-0.7727103297548493,-0.937737036601046,1019.3833174799028,19.828604835978986,2.2146897453932803,1041.4266120612751,-520.7133060306376
0.037452605320085736,0.9137096254216276,0.5059669495876409,-0.7839613324452188,0.46333163852085235,846.4167334370308,186.0707989324406,9.971313696987723,1042.458846066459,-521.2294230332295
0.08744537762464771,0.5257610405888586,5.295388997346447,-1.0235213256587306,-2.6216804117587644,335.57288577885,708.7949376198274,0.005953281095347244,1044.3737766797726,-522.1868883398863
0.08311638214956926,1.3837167817043055,2.349522992896955,-1.249939008024545,-2.9360075318751053,244.68509545112295,800.1407456425013,0.04119276350265313,1044.867033857127,-522.4335169285634
0.09208521169826822,0.5876297738435617,3.9061379996822923,-1.0545384623505443,-2.714371933544375,296.66868967781767,749.8130527584696,0.1424221108469152,1046.6241645471341,-523.3120822735671
0.09069103315196805,0.4161941294581737,1.6974766485687947,-1.2906735080580245,-0.7971370365542079,218.69157809663096,827.9364248161618,0.08246950496773767,1046.7104724177605,-523.3552362088802
0.09868474997674793,0.49649918618980515,9.8054716484398,-1.0788458888037986,-2.0106492428945097,299.7260773486663,747.0761332455606,0.6471023125549483,1047.4493129067819,-523.7246564533909
0.03178206426274674,1.5163383231880232,9.810697156196428,-1.2072425431151508,-2.2000071624640576,554.8089229870963,481.85401799939353,12.423256141671011,1049.0861971281608,-524.5430985640804
0.1335665577316188,0.3017092978033252,2.202143066398524,-1.077288796370922,-0.9806737363988622,114.99830350080597,925.3226669579075,9.37298752198773,1049.693957980701,-524.8469789903505
0.07425149658665847,1.536309187884788,10.654451179728172,-1.4240967492906749,-2.0101267884726157,261.3308650954545,787.8328467668928,0.6030805625228808,1049.7667924248701,-524.8833962124351
0.0812930251322574,0.8504250953004459,11.975036264354696,-1.3864734291239564,-1.4496845099472524,269.1892427692805,780.6440957994067,0.10300535528597246,1049.936343923973,-524.9681719619865
0.08733304552821385,1.3934303632930736,6.387307363387223,-1.3142148983147919,-2.9931972701562404,204.54158308011344,846.5577012072034,0.004884444949380663,1051.104168732266,-525.552084366133
0.014168734898878332,1.2546553389024246,9.586338014396837,-0.9907309364087502,-2.958457620163398,694.4819504627412,337.7481211007275,21.756390155551447,1053.98646171902,-526.99323085951
0.13050463383540734,1.0479188787947322,5.277319178040987,-1.4399029447811524,-1.8108035000629379,60.72491612693569,986.3049307460667,8.199086843831012,1055.2289337168336,-527.6144668584168
0.06741557109079938,1.40597336866314,6.293841887548237,-1.404601032398754,-1.871983276064893,307.5751192672359,746.4538124654865,1.4857580395865388,1055.5146897723089,-527.7573448861544
0.09183493918949087,0.02334956562037723,1.3097058664618937,-1.0751611539271582,-0.1849625401980366,98.30230622310476,958.0987447645907,0.13046116934602967,1056.5315121570416,-528.2657560785208
0.0079410282289423,1.927458457679348,9.799931130196457,-1.1333995202829132,-1.8868688495402277,714.8994817074583,317.32175118923294,25.678061548895798,1057.899294445587,-528.9496472227935
0.12043851602010403,0.12296961722330672,0.90136544232096,-0.8347795180939704,-2.1505514253479077,110.39161992035264,943.1305445315627,4.893181491307156,1058.4153459432225,-529.2076729716113
0.08916507810237356,1.3824059430127116,5.058212592855936,-1.009092756272978,0.7363802702384685,1031.9140986869636,26.52346167486076,0.035507615434033475,1058.4730679772583,-529.2365339886292
0.1385964503254173,1.0560998541847386,5.944272298162681,-1.0081557449032306,0.002255108229711311,1002.8575735299505,44.69483944357514,11.471797330289476,1059.0242103038152,-529.5121051519076
0.005443350493775313,1.8281605927034992,3.2754506885282186,-1.1984435588003,-1.3868740501756478,721.0558654704125,311.34142487396446,27.342131924249852,1059.7394222686266,-529.8697111343133
0.09749601780732232,1.124418831619016,11.26434087063082,-1.3281559802791365,-2.77955645188632,163.75104262636134,896.3783030360601,0.5292665445813859,1060.6586122070028,-530.3293061035014
0.07034936072702704,0.6703336352518373,7.966607036300043,-1.1689847503938566,-2.2618280334210237,391.89665431243344,669.1745515956881,1.0590040148196556,1062.1302099229413,-531.0651049614706
0.1340639157134356,0.7974053199376729,4.3392363450618525,-0.7726078270159317,-0.757965790345438,987.9947110242474,66.19891884432049,9.571079961288708,1063.7647098298567,-531.8823549149283
0.0354856849231136,0.12488596079711481,3.153631250874861,-0.8738931907063582,-2.84509150278746,583.1164680004438,470.0383533743264,10.791308863380392,1063.9461302381505,-531.9730651190753
0.09108732240917218,0.46009766895744136,4.715027007744672,-1.2387592104211338,-1.11852277285817,283.5302563296428,780.4333622573239,0.09785500193578495,1064.0614735889026,-532.0307367944513
0.05243225272618561,0.2504564453614845,2.044565171213222,-0.8885390890677998,-2.9865657076836456,498.4897376708819,563.3287841671277,4.789298052895031,1066.6078198909045,-533.3039099454522
0.0511997149677912,1.3557922047078872,11.447516519105234,-1.3108524436710791,-2.112379463702687,425.6496566704445,635.8958479743844,5.144734216962353,1066.6902388617914,-533.3451194308957
0.09235155840702318,0.1955284851930034,5.159748320898998,-1.441604253181652,1.0742664662526424,161.3815532738536,905.5673027567259,0.1557274000888742,1067.1045834306683,-533.5522917153341
0.13933505029150972,0.6625399520047459,10.153295786132704,-1.1058843376047092,-2.0887306499794693,236.87344492808188,819.9512827979528,11.797830262472798,1068.6225579885077,-534.3112789942538
0.10393355155214021,0.8497405165681973,7.066203707983174,-1.3344445720996312,-1.983943976171146,183.01734457761953,884.8700564712444,1.308878683589591,1069.1962797324536,-534.5981398662268
0.11121664303252236,1.3029090626949953,4.960230733535917,-0.7698511354774701,-0.7659476185222895,1037.09387297075,29.897432567131215,2.6092954803838877,1069.6006010182653,-534.8003005091326
0.02537948736402412,1.4982927800286967,6.721582132455399,-1.0855723992985955,-2.81247802860488,625.5203512807104,430.01782686775994,15.515384596153257,1071.0535627446236,-535.5267813723118
0.08520824973259974,0.09163191548341643,4.161961618611313,-1.0889616881130504,-0.6097373314566532,205.4772196231543,867.8867660417553,0.004569888137411563,1073.3685555530471,-536.6842777765236
0.10167476071589757,0.2542778751392906,10.179513459747719,-1.4318168648707053,0.9168962499870168,147.33737732647188,926.1766560728054,0.9958087084608401,1074.509842107738,-537.254921053869
0.09838125794405915,1.602218293191678,5.8308003741241805,-1.4481995199256865,-2.452660377660523,142.81596718536017,933.9312098313218,0.6158930757072429,1077.363070092389,-538.6815350461945
0.07837844256870288,0.298469621400885,4.486944799467643,-1.1292780986132178,-1.3234888333596857,340.1755700292371,739.5938279812286,0.25963017351822065,1080.0290281839839,-540.0145140919919
0.06453886532489707,1.1366131859108226,1.2303130170409062,-1.2703693637231044,-1.9724567740039993,366.2247581477405,712.7868073222407,1.9741951427756037,1080.9857606127568,-540.4928803063784
0.05303869473676366,1.1117654838256708,8.530081976987884,-0.7516181321288805,0.0686147108007038,898.0565852825233,178.57641161973015,4.619083341414445,1081.252080243668,-540.626040121834
0.08564144087253085,1.6914297350297365,2.417497479897409,-0.591812997621776,-1.2223481314506437,978.7109514548778,103.285786775016,0.0015658108817088378,1081.9983040407753,-540.9991520203877
0.11651717413906874,0.2579259656525311,0.8427214919194039,-0.9417559320320011,-2.3623016053105053,134.14522933742543,946.0615852695756,3.8349949883317596,1084.0418095953328,-542.0209047976664
0.11702697974393717,1.0759405239687019,11.949925487591,-1.0722951105229588,0.7282364196076907,1075.351429998667,6.2553317946666525,3.9652854716548895,1085.5720472649887,-542.7860236324943
0.000884360513502156,0.04915514579098997,2.28301458060609,-0.9591070442341323,-2.7158177875480076,793.7721752619722,261.42154326905427,30.514247624588226,1085.7079661556147,-542.8539830778074
0.09305250210242023,0.6878580854641625,4.12247154030403,-1.427148630148443,-0.8333023958295094,234.55292869518107,852.8704905158518,0.1935817579479473,1087.6170009689806,-543.8085004844903
0.049736122687042764,0.7701946127955988,1.7685834571534351,-1.0913527017111844,-2.7632709200128778,498.96478011378474,586.0702977030636,5.583323482327953,1090.6184012991762,-545.3092006495881
0.05713509077130086,0.9241704143863301,2.842642455377189,-0.7228055610301352,0.005715943356948028,914.8658560936314,172.22746340139068,3.5499784333735604,1090.6432979283957,-545.3216489641978
0.052651945475285636,0.7681992065994377,3.3854091242781195,-1.1498049059291873,-2.511044666008311,482.69763797412116,603.613399460069,4.727279455478749,1091.038316889669,-545.5191584448345
0.12584154430898592,1.2076407214546931,1.1785504828902673,-1.2554876562446036,-2.4548099152957104,87.87355366120103,997.3421122245053,6.5621477304011675,1091.7778136161076,-545.8889068080538
0.08898759928376478,0.11753845274177295,6.929702531793623,-0.7770940616947618,-2.505908796212973,270.92726593678833,821.183168711142,0.03131147016561257,1092.1417461180959,-546.0708730590479
0.06593178256481576,1.89412846397873,6.202743564463685,-0.9410526015777759,0.6575829447687109,998.619951599673,92.79067470045689,1.729037393651429,1093.1396636937814,-546.5698318468907
0.05582451372060713,1.4693860923728275,0.814166777042827,-1.2499649040825525,-1.9590377268197496,420.871801306928,668.3947671007153,3.876734640427828,1093.1433030480712,-546.5716515240356
0.06126422517045411,0.34546759858386283,7.734745111854708,-1.1840894554265353,-1.2750014770168057,443.93164709110005,648.7248471290192,2.614538938330983,1095.27103315845,-547.635516579225
0.06277416427715324,1.3754744904883127,5.601630076764527,-1.3001269760873286,-2.5546561462855033,370.5777290667017,722.8330844208917,2.308119191389267,1095.7189326789828,-547.8594663394914
0.07809575754942145,1.5010657011732582,0.5801453300650564,-0.5542385307159022,-0.8913970343753719,995.0375020426147,102.74204812023748,0.27860551779199644,1098.0581556806442,-549.0290778403221
0.1224575000090296,0.8911355862875794,1.94611796563381,-0.6541971920192537,-1.072761800568627,1046.3563882986962,47.696290790075444,5.488227546079987,1099.5409066348516,-549.7704533174258
0.006496587512921928,0.4850247699874112,8.31250267294597,-1.107312516974503,-1.9052454080525614,760.590416393545,313.5497566107776,26.634045994931117,1100.7742189992537,-550.3871094996268
0.09322100798520945,0.472426091662233,0.9659344171459967,-1.0581968467381282,-2.547418571656645,241.2969373374361,859.5948718378437,0.20329532357979,1101.0951044988597,-550.5475522494298
0.1067138519397232,1.5713907353217376,0.8607987232159755,-1.2486472576578602,-2.52393631273459,147.84743956140434,951.5337470356955,1.7528913436943878,1101.1340779407942,-550.5670389703971
0.13853514016355473,1.627602896914628,10.244750678686929,-0.903612458400551,-0.9182758654771552,1063.5574451627797,26.16193885628732,11.444939130428859,1101.1643231494959,-550.5821615747479
0.001785631808632704,0.6243420027570239,2.3054544598630935,-1.4185513864839425,0.024460605971072358,736.2595854197821,336.2166823421302,29.873345938948678,1102.349613700861,-551.1748068504305
0.0024457233748971887,1.6590374623644097,2.7762488530522837,-0.5850475067283011,-0.2652350780118997,609.9304679995951,464.4880856537612,29.408264543119135,1103.8268181964754,-551.9134090982377
0.08792339802210934,1.453026016644806,2.559725127465494,-1.3355492436300613,-2.712005753060125,227.77531344442875,876.8609729526988,0.011683211823545574,1104.6479696089511,-552.3239848044756
0.056967006895445677,0.26063233314266826,4.247152933150197,-0.9763746342099736,-2.3771240064812797,488.2312000547081,613.4725231168103,3.5910814522815424,1105.2948046238,-552.6474023119
0.09903320451469856,0.5277889422512609,7.2690155953456825,-1.1793425678224096,-1.7145568040354477,298.2226546035125,808.2924095080241,0.6838863980382597,1107.1989505095748,-553.5994752547874
0.13855828757699437,0.47260292145802757,1.6500803392826,-1.0063396131887177,-2.3376900315180666,135.81027342367648,962.3200451010288,11.455075640756448,1109.5853941654616,-554.7926970827308
0.07405945163402479,1.2290507784338254,3.3798753628531,-1.3986292308963104,-1.9187760805686123,303.8197000019747,806.9763208108617,0.6225357134760289,1111.4185565263124,-555.7092782631562
0.041267026761516536,1.4364353169342965,5.650057455928856,-1.1778946120784033,-2.808075537023667,535.1960391964878,568.0997853060715,8.473442856678595,1111.7692673592378,-555.8846336796189
0.04890441723003029,1.5875079196118944,0.9369517516679129,-0.7217762126235538,0.07105598136020852,918.118150604698,191.03259930674707,5.840550661542658,1114.9913005729877,-557.4956502864939
0.05474230096843109,0.13880396929409244,3.8642457485537207,-1.0257776064829343,-1.7632312081601638,465.1540157515099,645.7643264485616,4.157396864847283,1115.0757390649187,-557.5378695324594
0.11979759662200644,1.1360936685881158,11.583529540113302,-0.635524159998115,-1.6537425864353479,1049.1603172891596,63.13058277187046,4.711424188172939,1117.002324249203,-558.5011621246015
0.10210980039525568,0.9446866187431238,2.885501407724697,-1.2852563251385825,-2.583387813889799,195.8038222424393,926.0530190725033,1.0527835011995128,1122.909624816142,-561.454812408071
0.05312898135307021,1.4485946145693702,1.0980355578062877,-1.443732051394364,-0.8477711058525399,426.38146201383336,692.0139334088133,4.594005293518994,1122.9894007161658,-561.4947003580829
0.0009993196410586782,0.9314015363254501,7.361379260660785,-1.2929702558200808,-0.7658652518512756,776.054371325547,317.0442831223535,30.432120729402854,1123.5307751773034,-561.7653875886517
0.015412529633737073,0.5833344261660115,10.348158426725814,-0.9736339896165283,-2.932175600870086,748.1259564761237,354.5719958614492,21.012065879713887,1123.710018217287,-561.8550091086435
0.02024900825006604,1.3552460703136366,0.6691610984489138,-1.236331861026859,-1.458074881966349,667.2584892972368,438.81750910603625,18.240899745699576,1124.3168981489725,-562.1584490744863
0.0673610123905636,1.1180002454941504,11.507572803068868,-0.7703839294006669,0.024197597708124796,992.6027134533521,131.27044287230598,1.4943768961591013,1125.3675332218172,-562.6837666109086
0.008756053283104491,1.291162397517921,5.355946976369164,-0.6646295793717173,0.06337170868903108,691.8518195607761,409.14380388485455,25.14635824334921,1126.1419816889797,-563.0709908444899
0.024372155508826935,1.941103874770334,11.448157596135573,-1.2944545352478796,-1.57960626878051,637.4782091221422,474.36913785326703,16.033129133995402,1127.8804761094045,-563.9402380547023
0.060892613717338465,1.0966197558489286,7.058374743202197,-0.7235695851400704,-0.10166772041925443,958.437780396711,167.74682863047286,2.6928795678241495,1128.877488595008,-564.438744297504
0.13454522621853654,0.7652174493796163,11.822435372103039,-1.4090147988456132,-1.103055985651286,152.63430537985687,966.5072412385308,9.764753133639397,1128.906299752027,-564.4531498760135
0.0013178223931737244,0.20698989247792177,2.3232271854106594,-1.0571760871257407,-2.199135314523461,812.1251841878576,287.89588092922986,30.205160158179897,1130.2262252752673,-565.1131126376337
0.12300846277854005,1.4400771087102642,0.8327272311273981,-0.7952893657228756,-0.325779515444129,1118.8786950033634,5.75849600512676,5.656538927526666,1130.293729936017,-565.1468649680085
0.04514228169057689,1.7074457477431464,3.760674806125452,-1.2904513690072887,-2.2415403878743243,503.50826986042875,620.5750728978859,7.076454813616141,1131.159797571931,-565.5798987859655
0.04515718014401721,1.0634347721439,4.689007058078085,-1.4394374418600206,-0.9665048225965966,489.51867530577323,635.5526842877839,7.071326749084402,1132.1426863426416,-566.0713431713208
0.03865849748495974,1.4753205514129928,2.400124747857248,-1.1737481369917997,-2.65583959873968,569.2888854557725,554.3966160277146,9.484605680219916,1133.170107163707,-566.5850535818535
0.13186124103796912,0.9489899617021039,2.897402071192517,-0.9747497876208102,0.32318361810150353,1111.942254380894,15.009491301053679,8.709505437497091,1135.6612511194446,-567.8306255597223
0.003294734441660703,0.6744899814495742,6.189743080210841,-0.9785328305505805,-2.7673186000086565,816.6387896541603,291.2365078711043,28.815440552806137,1136.6907380780708,-568.3453690390354
0.07955516728391122,1.7465778534574012,1.8406838732707822,-1.35678782644256,-2.4486910503871626,284.23539477572285,852.3568929260662,0.18783254745075464,1136.7801202492399,-568.3900601246199
0.13888599303812216,0.07049496036456442,8.1123945026191,-0.9276011533153459,-0.21553553013140192,15.131653562708905,1110.2240085318765,11.599062924381272,1136.9547250189667,-568.4773625094833
0.0823725262762352,1.1050863348546809,5.995501331053735,-0.8113444460265096,0.07539249881263821,1055.0852111485488,82.07012459395614,0.06304764109966521,1137.2183833836045,-568.6091916918023
0.12442223464578563,0.6864885619911945,3.4910247043603415,-1.1328249303839466,-2.721829419661546,187.93535469063687,944.5566548981317,6.10005662216877,1138.5920662109372,-569.2960331054686
0.015799960333865017,0.4101871654299475,11.975337406847048,-1.0037049198396528,-2.6391015988045345,753.2278535313897,366.35647260991163,20.782861814710905,1140.3671879560122,-570.1835939780061
0.12789145020979317,1.3070381448294495,11.205389004523262,-1.0783035287410652,0.465627985342548,1124.3490833427886,9.584968466931958,7.259321277166001,1141.1933730868866,-570.5966865434433
0.13190533978997693,0.6984543536733102,6.074918449655219,-1.1006247391032005,-2.844605790127879,210.65783643687485,923.9450914024212,8.726356065130743,1143.3292839044268,-571.6646419522134
0.06042145041352091,1.9461670044525001,2.0240602402316163,-1.413156647860535,-1.7532917642665335,394.915111820041,747.8364023225332,2.7938696551355044,1145.5453837977097,-572.7726918988549
0.09849654844367418,0.39659248481384607,11.168183946625886,-0.7277561771773797,0.21837030285155734,1089.9109156115726,55.037729487209376,0.6276579854893383,1145.5763030842713,-572.7881515421357
0.08166210696281047,1.1669590504295282,6.950839109842578,-0.7030714832888554,-0.4754227937122253,1043.6847657489698,106.9765913603366,0.08824594667345156,1150.7496030559798,-575.3748015279899
0.08267885902275245,0.04279254466732118,11.060312660561305,-1.1899405064128874,0.16697612591938427,173.4618844223555,977.8117038206638,0.05348624547863759,1151.3270744884978,-575.6635372442489
0.021176723157276166,1.5749034925515437,3.8677748101156038,-1.4443316637366592,-0.49183398905577924,648.0700392805636,486.18195815715154,17.731735483487903,1151.983732921203,-575.9918664606015
0.1228755669564218,0.4718510731792836,10.303894914318942,-0.6706593241800085,-0.34986460260096575,1080.734074138608,67.03821606075897,5.615708493158568,1153.3879986925256,-576.6939993462628
0.11982124896117084,0.6647862080178908,2.4550512876647668,-1.3795657741277998,-1.1133678865243972,144.06588908783567,1004.8525702464257,4.7180705871954665,1153.6365299214567,-576.8182649607284
0.1031047867532849,1.2770624489708546,6.630367141676259,-0.8690298043765308,-0.01987255042533498,1126.1576828939567,29.494034795960623,1.1890490254851687,1156.8407667154027,-578.4203833577013
0.03194328372368486,1.4978390461773456,0.7221391118897618,-0.6872088842117473,0.08726444357947782,862.4776873376333,282.1210162234475,12.349825869861036,1156.9485294309418,-578.4742647154709
0.107052228931106,1.2414221187039425,11.648534670606933,-0.8512525992439994,-0.18892798985121928,1128.6186710059792,27.466185102287394,1.8113485167877323,1157.8962046250545,-578.9481023125272
0.09741445755856007,1.2773984441680506,5.16990143119919,-0.9858390163199462,0.6390041258057915,1132.910710859135,24.579387283782708,0.5216154992050012,1158.0117136421227,-579.0058568210613
0.13706200962777557,1.5299300119070747,9.976957610385423,-1.1957917398127378,0.724792928918923,1119.652065351859,27.70688995639056,10.809067959328708,1158.1680232675783,-579.0840116337891
0.1232819685347638,1.2168553310653356,0.5306649767588758,-0.8763745586383859,0.2454218081155206,1146.072094536303,7.390686866525215,5.741035254145092,1159.2038166569732,-579.6019083284866
0.02159614454514305,1.6178833174217564,4.693716234351723,-1.366666414812578,-1.0347137018200652,663.9272554153846,479.6630662250403,17.503907256580575,1161.0942288970055,-580.5471144485027
0.0769832956761681,0.6818085007308259,4.914628590018059,-1.2855606953078784,-1.8380294071699452,374.978167700747,786.8619729310274,0.35977843638091633,1162.1999190681554,-581.0999595340777
0.060478895261042956,1.1923795703817703,10.468049721978907,-1.256378339799896,-2.8900225092341034,425.23289985286937,736.9026352423703,2.7814573023585956,1164.9169923975983,-582.4584961987991
0.028148645455402178,1.573842308611465,0.9614232550791075,-1.2722634407691389,-1.5630482328802269,639.2776997365241,511.73496401034896,14.135890124343478,1165.1485538712166,-582.5742769356083
0.08469629794973352,0.424827228316337,4.258382577220971,-1.2531179644693573,-1.1583692685357836,348.664504333493,817.2776873205144,0.010146120720611966,1165.952337774728,-582.976168887364
0.06918638315061178,0.23625629628750935,4.396605204425391,-1.3207325085866564,-0.2227804336906365,378.1431094927422,787.8455357518197,1.2195498739664026,1167.2081951185282,-583.6040975592641
0.029765250308760535,0.3929309344944434,9.538258787750337,-0.6368745521096587,0.018261797958406767,832.8580739624008,324.00396805009234,13.360242264174722,1170.2222842766678,-585.1111421383339
0.044976881480091026,1.2454998448132604,1.2837960138333007,-0.8523711740827223,0.6976165231574227,982.1961805623587,183.88485841145734,7.133510616520577,1173.2145495903367,-586.6072747951683
0.0392262401327864,1.5502090894527962,3.4675458420524388,-1.3018193970953624,-2.008760857703596,566.6364495188573,597.5800665187072,9.259676275761056,1173.4761923133253,-586.7380961566627
0.06788975651814674,0.8951816257681307,10.978471949430544,-1.4405870073115452,-1.3401412393140513,379.10770161150697,794.2995711694317,1.4118988510469828,1174.8191716319857,-587.4095858159928
0.050384994580627424,0.058630613334772444,2.874146167043773,-1.1685629880195634,-0.803022107370555,463.28928328299634,709.07672492655,5.386664979985094,1177.7526731895316,-588.8763365947658
0.046393938740104924,1.3927001699919945,1.7510084932763277,-0.7375513804346774,0.15675894505872545,950.1053388862923,223.00901574603392,6.652114556173885,1179.7664691885002,-589.8832345942501
0.05739842973320964,1.0035835380698355,8.290958775273204,-0.596485609273432,-0.6156635404681996,949.0804940619953,228.89452873863362,3.4860575464532895,1181.4610803470823,-590.7305401735412
0.012442998704733506,0.7685793398266589,11.055354817501344,-1.0258602763273306,-2.780681472158477,792.9631404148108,366.657382472878,22.810579709785657,1182.4311025974744,-591.2155512987372
0.10864033428989484,1.1745073367745067,3.218148476341166,-0.883403754542904,0.12341503860035674,1159.146070321199,23.005438162058766,2.0985157188007393,1184.2500242020583,-592.1250121010291
0.062301069490975906,0.9351221887895373,4.846906292747681,-1.3090146730681043,-2.170748685229324,437.5034501536651,745.1100864515096,2.4020729150410687,1185.0156095202158,-592.5078047601079
0.013897950505418488,0.9439842490737151,3.617020519362934,-1.0323512417808431,-2.8366023673889247,782.5455874474675,381.2785490379675,21.920152905940927,1185.744289391376,-592.872144695688
0.024515940116532877,0.4912152859585126,8.189324002040568,-1.1653805253135412,-1.8530078509533938,714.1646017869657,455.9257307362078,15.958707394471965,1186.0490399176454,-593.0245199588227
0.07351767037454493,0.12303802930913137,9.055483095973052,-1.1491299944417086,-0.7436686482111656,339.59932321635995,846.3933368851933,0.6790856204326586,1186.6717457219859,-593.3358728609929
0.13275192321262397,1.631743561807243,10.443269838554993,-0.6443576025360203,-2.052819614237468,1140.9849099622293,37.234970362049644,9.053002259812047,1187.272882584091,-593.6364412920454
0.0510658600688257,1.3925000068144842,1.9269020794686316,-1.3360962450491052,-1.9017263427990552,495.09457761336614,687.2613075896281,5.184100760024113,1187.5399859630184,-593.7699929815092
0.00428924275019631,1.5534274686285925,9.680073987820931,-1.2755399716758429,-1.0962713690179946,804.2495592800267,355.8886150677752,28.12869925304823,1188.26687360085,-594.133436800425
0.07870739744510022,0.43100846222782485,10.032175840383612,-1.204315083188251,-1.4623190850208245,415.9083604973485,772.3535274739567,0.23839138556043252,1188.5002793568656,-594.2501396784328
0.10667484834447859,0.28908713155448423,2.4397743873020543,-0.8556427584291204,-2.900936656450911,287.57418109168106,899.5244617105876,1.746214808692859,1188.8448576109615,-594.4224288054808
0.1043922002903949,0.41740006502759247,0.7099080038043147,-1.1602303164933436,-1.8495605885251338,181.4096575972144,1006.3755453831675,1.3776662245967588,1189.1628692049787,-594.5814346024894
0.11132107900140151,1.3550129191117988,4.4873883586509695,-0.5517026022653575,-1.8367272543248179,1108.837569206547,77.94504037527227,2.631173214873174,1189.4137827966924,-594.7068913983462
0.08222914450323804,0.21523585143939705,9.693190112055587,-0.8457423748170562,-2.7778023429012384,389.664982262325,799.9294600819533,0.06779292099432768,1189.6622352652728,-594.8311176326364
0.03671162045883784,0.6396190828671756,3.307216764955147,-1.202272991927965,-1.9663349704204027,630.2953119017159,549.6374474504707,10.276421533117642,1190.2091808853042,-595.1045904426521
0.03661598659484742,1.761080283622652,5.9822149534235525,-0.8034059638642082,0.44894348114112415,929.2722543493713,250.89589352739964,10.316134721863724,1190.4842825986348,-595.2421412993174
0.06965581529229486,0.5843323532137565,2.1795372226396657,-1.0859143843756092,-2.8879037844982456,444.50701818474363,745.9965887266617,1.1533828740786725,1191.656989785484,-595.828494892742
0.016921771533579426,0.5934380916527602,8.322484431537802,-0.648029656240944,0.04730448231579665,774.4707287761881,398.0156268049672,20.126287125613644,1192.6126427067688,-596.3063213533844
0.007204054566963246,0.9409348081410012,2.553837500510712,-1.1684454755731886,-1.8010751528392472,809.0577316616902,359.21561797169835,26.16363500189642,1194.436984635285,-597.2184923176425
0.007837514465638414,0.4770239560281062,8.550563525844652,-1.1329218459468358,-1.923712368529717,814.9361979164761,354.37718211221716,25.74598961877855,1195.0593696474718,-597.5296848237359
0.09255471210353004,0.323574460113912,7.976680152355634,-1.2882526529027982,-0.4753204966276967,302.0203710928751,893.2369750202498,0.16627525898448675,1195.4236213721094,-597.7118106860547
0.016197576826612183,1.1934830545386175,8.426716841733715,-1.061477643272949,-2.848292753613188,766.7617611375873,408.3518235977115,20.548938805539706,1195.6625235408387,-597.8312617704194
0.01605537661921591,0.10226566487231872,8.85489823947754,-1.3768034923046586,-0.16922397642454579,707.0008327466209,468.1300148003439,20.63244498267124,1195.763292529636,-597.881646264818
0.13100503193833626,1.5018877300557127,5.651776064618654,-0.5894979165824672,-2.2091796478993477,1134.2192518373895,53.20713235886365,8.385565920519582,1195.8119501167728,-597.9059750583864
0.03868132249249409,0.6408630646087151,2.0590186819942278,-1.0834988487938977,-2.758460286171166,633.6899508735571,554.4178696601266,9.475510746365623,1197.5833312800494,-598.7916656400247
0.0993712827881586,0.6948972821088587,1.5160351316732035,-1.3407625687342335,-1.524545942397451,224.66989392407478,977.067777286191,0.7205469463146537,1202.4582181565804,-601.2291090782902
0.0535694556386502,0.123684326248496,5.2793088308806935,-1.307452838632624,-0.15862320057079904,459.4830347802973,741.568316241838,4.472637845372442,1205.5239888675078,-602.7619944337539
0.0694730219381248,1.9846744396086025,9.90265148414221,-1.3808352812783948,-2.7617232758565,366.710631987714,838.7447040521779,1.1789284251153875,1206.6342644650072,-603.3171322325036
0.040851505274451395,1.8317002831619238,3.625021240166066,-1.263178450617446,-2.483957921198601,578.1214964939169,620.8085949051111,8.630699018120728,1207.5607904171488,-603.7803952085744
0.1270268553413174,1.7261437725264133,2.683281274981074,-1.012747468251264,0.24702160207271362,1198.430093520186,2.4009107052247947,6.96098140233584,1207.7919856277465,-603.8959928138732
0.0951478223801431,1.4507053409747035,1.0196776218492323,-0.8519514168355319,0.3035294050873265,1175.2195268903372,33.96256621369172,0.3312713180642347,1209.513364422093,-604.7566822110465
0.029987928389489712,1.979078311101135,11.765923432372757,-1.4171185714202699,-1.1340442434399307,630.6157772784018,566.2055423481643,13.255116077964688,1210.0764357045307,-605.0382178522653
0.11696474750290785,1.4876219768014753,6.821559225645413,-1.0776804186376499,0.7008256388946781,1207.0147646238563,2.5833800680897103,3.949264219673514,1213.5474089116196,-606.7737044558098
0.1049621151610408,1.9943005861662593,7.688984016295698,-0.7587954398202036,-0.7361758438874793,1174.960073173749,39.458389527971214,1.465595727020539,1215.8840584287407,-607.9420292143703
0.08777157590787192,0.6406607397465656,6.982668335555653,-1.1902436808786352,-2.444545630017532,377.85704727583726,839.3230478310251,0.009655992793236506,1217.1897510996557,-608.5948755498279
0.10984904515315733,0.6430988671851691,7.419433103444678,-0.6804967415355065,-0.42176569770316386,1133.1499967211812,82.09724079492729,2.331233814397713,1217.5784713305063,-608.7892356652532
0.1061757352662694,1.8944988465402492,8.684179080533202,-0.97129283614467,0.30332577330410615,1202.0734582058865,15.71742470015383,1.6619024746381168,1219.4527853806783,-609.7263926903391
0.03570771587653016,0.7336646668042858,8.157809690262305,-0.6474010344947697,-0.05483476303561341,886.600989843035,322.3769561231669,10.697123595655396,1219.675069561857,-609.8375347809285
0.005001988290091529,0.097414304936068,5.156852649402776,-1.0062772382381524,-2.6267779502972317,857.7655629253184,334.4923236643596,27.64161952074336,1219.8995061104215,-609.9497530552107
0.04386028275508982,0.562132345163657,10.783282732525892,-1.396012843441491,-0.7263668621592871,587.7579837198947,626.3336947527541,7.524681745103068,1221.616360217752,-610.808180108876
0.109329058501705,0.6566151014886451,5.881372824886781,-1.1624116437317797,-2.6899538405753525,286.1181143438743,936.3163260651531,2.2296191455671206,1224.6640595545946,-612.3320297772973
0.0483754905797249,1.6146804410561897,9.377763101662579,-0.861646363354626,0.612452496602204,1024.3867405475385,195.76577984444495,6.007148689079976,1226.1596690810634,-613.0798345405317
0.0819288918049682,1.1694448271145754,10.37236521046121,-1.4422093551204929,-2.2464958632235,290.7602003245658,936.7252444563079,0.07828763281656488,1227.56373241369,-613.781866206845
0.00610475897465171,1.0815508200163289,4.496574795715613,-0.714670192347083,0.35966984647246747,771.4487880905541,429.5072635669198,26.89638523675148,1227.8524368942253,-613.9262184471127
0.08165583144767631,0.4410564781896797,2.9970398355770858,-0.6981817815055964,0.1368997696647467,1124.7104528135922,107.51302244225262,0.08848736854922355,1232.311962624394,-616.155981312197
0.1338406210202229,0.8310518240874816,5.875028217580266,-1.345723254302264,-2.2704811159791753,138.37172387853101,1085.1420062433529,9.481887806447444,1232.9956179283313,-616.4978089641656
0.08039193260910209,0.8667008928888645,5.310651677158855,-1.2534450399821382,-2.8408965300160727,367.3664437676292,866.6401133608455,0.14383186568593878,1234.1503889941607,-617.0751944970804
0.09909705929933121,0.9677281557958142,7.709111745656959,-1.3520676605131747,-2.758144912917471,230.99811883343787,1003.532100181267,0.6907373693386032,1235.2209563840436,-617.6104781920218
0.09040863481094026,0.06231023527360366,7.535839198690535,-1.3117764715288853,0.7992415103129007,158.70327161918217,1077.7897880304708,0.07230818582219148,1236.5653678354754,-618.2826839177377
0.07408534564161812,1.9408828348071727,6.74365316386399,-0.8661232616969928,0.31938963048922986,1130.9042251944477,105.66395609712518,0.6198945021195158,1237.1880757936924,-618.5940378968462
0.11195767657285063,1.2800477954619365,1.8291500646275964,-0.7029317651614035,-0.706171084201821,1192.381198259947,45.28174984165163,2.7665058381490857,1240.4294539397476,-620.2147269698738
0.1190587467873833,1.1232559483718045,1.9879844588608404,-0.9124549414014645,0.27635628611498575,1226.6959445914665,9.277225584640643,4.506163386976025,1240.4793335630832,-620.2396667815416
0.11969379372921499,1.8928771803663769,7.199080988280266,-0.7945780975700792,-0.823144903492147,1218.8585761169238,16.973008158794723,4.682310568138593,1240.513894843857,-620.2569474219285
0.042200088455826554,0.11920004461415408,3.8293417551198474,-1.440621799184426,0.42906119914714846,533.6099451920356,698.8258890330659,8.125589634153014,1240.5614238592545,-620.2807119296273
0.11687576959449786,0.03268697037951634,0.5362568746600737,-0.9035109933068628,-1.672037347497842,102.15357586875442,1134.9281078979966,3.926413817912867,1241.0080975846638,-620.5040487923319
0.10889434271638776,0.25809176346391144,1.2395849835042791,-1.2876650932510554,-0.498673492642987,169.423539342392,1069.9238747779364,2.1464056449139592,1241.4938197652423,-620.7469098826211
0.0008444564412654533,0.9290280254487239,1.2359625596390942,-0.9731677855126804,-2.952446924928459,903.6976164585467,307.97318299559083,30.54278100106682,1242.2135804552042,-621.1067902276021
0.036282159309654116,0.35684942265383945,3.4519052273406206,-0.691794098670052,0.2982022990788771,950.5405245180245,281.515025880504,10.455361061514331,1242.510911460043,-621.2554557300215
0.04587882472085469,1.8901947084818047,9.784641135541532,-1.4000950596906125,-1.8744250428450038,542.7732327105794,693.956204560716,6.825161369904183,1243.5545986411996,-621.7772993205998
0.017910102277862477,1.3783989730811326,9.866054495274549,-1.1921365325018596,-2.1938398636147554,768.2448157266404,457.149748663888,19.5565681309055,1244.951132521434,-622.475566260717
0.017002796578976482,1.0718539317271891,8.006451050969085,-1.2233663517788385,-1.8840256474049388,771.9230562165474,453.0531576299703,20.079272780180077,1245.0554866266975,-622.5277433133488
0.032811556701295645,0.9796369728246658,9.053636203744556,-0.5606542474499071,-0.5028501985270144,864.1994503547503,368.98007056221354,11.958098200324372,1245.1376191172883,-622.5688095586441
0.11044973179868112,1.546802216436874,1.473020051843313,-1.4056954951353444,-2.511040514349424,159.35399530490741,1084.1112699754183,2.4514373006343018,1245.91670258096,-622.95835129048
0.06603340821403292,0.12920759898534262,8.410213532719371,-0.9766416394377003,-2.0243225117573824,460.506199906207,785.0563014590601,1.7117869072634457,1247.2742882725306,-623.6371441362653
0.04106517925496716,1.5408682299025522,11.655802630505045,-1.2462521549954462,-2.7274479036467802,601.0890265979734,638.5872731213586,8.549652458783394,1248.2259521781154,-624.1129760890577
0.013552287703899794,1.8851387491881118,2.701285754112577,-1.2069550534696896,-1.9455063651723121,797.617378749706,428.9874017899566,22.130092186631682,1248.734872726294,-624.367436363147
0.02044813286381527,1.5639198150208893,10.349219132523835,-0.6893682139912586,0.1391821995738729,853.9984035696676,381.48472011308627,18.131005335323376,1253.6141290180774,-626.8070645090387
0.037472436897278666,0.14858522694544596,10.762557183945328,-1.0495340688382975,-2.0738896494416497,659.4021066964339,584.2858379811918,9.963211023911683,1253.6511557015374,-626.8255778507687
0.02782680330537553,0.35532288632347275,2.1742365844033507,-1.1851924394915743,-1.7568978629932575,721.1507536155788,519.5638116319459,14.292922337530662,1255.0074875850553,-627.5037437925276
0.11887525855818241,1.9407773302408815,7.8573037198049915,-0.9674456124778406,0.07336631937995097,1247.4648610792053,4.100046973371146,4.4558968970349175,1256.0208049496114,-628.0104024748057
0.09591101101685554,0.20689064648720826,11.620756356745412,-1.0284978039049066,-1.552755614726016,303.20485519980156,956.6524956009494,0.39055700356647577,1260.2479078043175,-630.1239539021587
0.07440107028864383,0.9276395869588363,1.68198448225823,-1.2185233835714557,-2.830950851853298,407.2877388711843,852.3967118302572,0.588141915268015,1260.2725926167097,-630.1362963083549
0.046447782403173016,1.200341380794943,11.980059819047137,-0.6323390613761448,-0.3283313328851145,973.1604174897177,281.4264793161977,6.6341546464019,1261.2210514523172,-630.6105257261586
0.017023194671216244,1.466757105249007,0.81782471130631,-1.0945015215725977,-2.6046849872496223,799.1753262455228,442.08373322147787,20.06744555950537,1261.326505026506,-630.663252513253
0.12323086121979701,1.258892255377928,9.931835693848022,-0.7626244164119474,-0.8676872306699286,1224.7805420918373,33.88177349142064,5.725198670895844,1264.387514254154,-632.193757127077
0.07737554691159122,1.1937255660381747,9.217303151894882,-1.4298024125481417,-2.3610544362796024,335.92588862392176,928.6019776549253,0.3299742199400615,1264.8578404987873,-632.4289202493936
0.13839619355939872,0.05924483776514933,11.885299332270858,-0.9514338245076044,-0.15997824406095074,12.8697576011117,1241.573261639814,11.38418716594322,1265.8272064068692,-632.9136032034346
0.0054843527369849284,0.9033795142076791,6.396944998090998,-1.0681827460437736,-2.53154048253325,882.2155172462851,356.7867476474479,27.314392545059174,1266.3166574387922,-633.1583287193961
0.04852555406726704,1.52444151109316,4.281245189117202,-0.7130053069518608,0.004796116205283418,1013.2147226523792,247.88548220782505,5.959644577315142,1267.0598494375195,-633.5299247187597
0.06182782314656103,0.2925454551661448,10.389834324048794,-0.9850988177506466,-2.612500174343679,555.3276623393435,710.7706082703561,2.49793190981095,1268.5962025195106,-634.2981012597553
0.05080771533160729,0.43700208058067974,8.577688613209444,-1.0852240280973495,-2.481080344191678,627.9518111473724,635.9084516249435,5.260444471664455,1269.1207072439802,-634.5603536219901
0.08091246257039429,0.06871788077049962,11.176219889096233,-0.9026591735604357,-1.9416260245268222,338.1007038486422,931.0419045348522,0.11941837696611285,1269.2620267604607,-634.6310133802303
0.10789560568482569,1.2686587025160188,7.017893834972045,-1.0149464474160792,0.6979112679799391,1252.4558761489186,15.671669501498828,1.9612212636044009,1270.0887669140218,-635.0443834570109
0.04286425247154088,0.056520423480546395,5.078718821912515,-1.1231165908223568,-1.3242065173953754,581.1702591237441,681.5004533245899,7.882425407092813,1270.553137855427,-635.2765689277135
0.11356476934062996,1.3679594257803156,1.944263959114081,-0.7199188520468564,-0.6693876537611265,1225.6489399413385,42.64200412672188,3.123251189839615,1271.4141952579002,-635.7070976289501
0.09226316011329291,1.6428148582493312,4.66801143020573,-0.5841680028089626,-1.2698363528897971,1156.5488687718757,115.32428391022665,0.15124562001793332,1272.0243983021205,-636.0121991510603
0.019860972011184093,0.4884887725794539,2.0400974036432853,-1.0577968750792832,-2.7003266176751497,804.3891089440298,453.608207596773,18.45600611643352,1276.4533226572364,-638.2266613286182
0.10157584135955064,0.8090069904357403,3.615120108232783,-1.42228158815899,-1.7430427822222867,249.42539380317334,1026.8302744313073,0.9830749299758668,1277.2387431644565,-638.6193715822283
0.060933540167448653,0.08656011354971102,8.769292621706212,-0.9170253628583295,-2.367423491411529,503.470014262963,772.3397183540279,2.684195062320931,1278.4939276793118,-639.2469638396559
0.040526211969269234,1.118074881479227,0.5834202083342579,-1.1161132607351674,-2.7820842426828385,641.7394910020734,631.0108802108858,8.754816877656223,1281.5051880906153,-640.7525940453077
0.05423202330354678,0.3074607252236403,5.011105926185933,-0.9932077225030093,-2.743418197484327,610.363352829807,668.5421252098158,4.293135259295843,1283.1986132989186,-641.5993066494593
0.05440206004328159,1.5752712412202792,9.776907746015887,-0.799604640154419,0.3179389767774592,1077.0311335366196,202.0819293221644,4.247661740892088,1283.360724599676,-641.680362299838
0.10096786194824295,0.09326920819199447,2.736629973400808,-1.2289161839919767,0.15518777779680448,168.11683684724986,1115.723007222089,0.9066099201220174,1284.746453989461,-642.3732269947305
0.017115009926547547,0.8463843061589301,4.378020258342544,-0.6095884908938227,-0.11175851241233303,824.7466939564139,441.01849492333207,20.014252381973545,1285.7794412617195,-642.8897206308598
0.1310680081363743,0.09278726792355911,11.001310058477275,-1.0543151507466981,-0.11005729596246372,42.76968644561281,1236.0928908739809,8.409183273469868,1287.2717605930634,-643.6358802965317
0.06694521248457315,0.8787751003127936,4.304023093456981,-1.278161768962962,-2.593744539298073,469.9248555765485,818.2152639535713,1.5608813530400718,1289.7010008831598,-644.8505004415799
0.12261324216725936,0.035888032104353505,4.162543882428123,-1.1035720905823019,0.546644697516701,26.124672832773207,1258.5209414969322,5.535546863899591,1290.181161193605,-645.0905805968025
0.13849972705388747,0.5958538747089452,9.719006957116532,-1.0329684149035987,-2.851147061093817,300.8480083577512,977.9753092674388,11.42944001812904,1290.252757643319,-645.1263788216595
0.11413401413901315,0.5797582756162432,10.5769112657174,-1.08013380877837,-2.8397166747773293,344.7495502940209,944.7284666049895,3.2548003603025935,1292.7328172593132,-646.3664086296566
0.033364222010832056,0.1767696779758708,5.37711969050305,-1.2776788344826584,-0.8531383356484801,679.1618101465384,603.0861925303881,11.712047315810839,1293.9600499927374,-646.9800249963687
0.11033087369013796,1.3835658832063644,2.4351422356234105,-0.7185935784336885,-0.6653932387400978,1240.3442000695666,51.78200212876581,2.4274128003058237,1294.553614998638,-647.276807499319
0.11184897766599082,1.4646914752047846,11.125198341262386,-0.6159137428933035,-1.474402443517771,1229.6606111155104,66.03370131074152,2.743157559743067,1298.437469985995,-649.2187349929975
0.03671852499784414,1.6612201424865234,2.088753032783833,-0.5782038559520358,-0.45999991084985403,935.8856717833066,352.2837044674023,10.273557299065164,1298.4429335497741,-649.2214667748871
0.10076686015412371,0.25551411798152157,1.2383674020174262,-1.0176257206194959,-2.373253477167875,288.8669800880572,1010.2774477919191,0.8820109491635413,1300.0264388291398,-650.0132194145699
0.0527109777471479,0.8580969758801367,10.43763786642985,-1.306166996796804,-2.1763487811092035,566.8203310040441,730.2160885414148,4.710683716459374,1301.7471032619185,-650.8735516309592
0.11613423932219356,0.5785250016388186,8.905291396735763,-1.0703202484701295,-2.919742029493179,338.6746870964973,959.811889474589,3.7385601236405517,1302.2251366947269,-651.1125683473634
0.05139433594876917,0.4914612069264824,1.3167646418193002,-1.0840411770316503,-2.855115557487916,603.0595332423471,697.2048822081114,5.0877641219489504,1305.3521795724075,-652.6760897862038
0.11058007528206863,0.6319495274657225,11.701701517964283,-1.2577223210323403,-2.0749231773727623,321.67080952468075,982.3360111658249,2.4779193141837528,1306.4847400046895,-653.2423700023447
0.004828888378683516,1.6814242425703316,6.790421632262224,-1.2265722742198795,-1.63019464070229,891.2867670248482,390.0960543279963,27.759522311643256,1309.1423436644877,-654.5711718322439
0.12008107371432948,0.2645015313500374,8.1785616120499,-0.992929458809044,-1.7097061471504469,246.59535957494418,1058.2158758715786,4.7913907435339596,1309.602626190057,-654.8013130950285
0.13430688410282798,1.4284543874372095,7.950939451220206,-0.7446125810259023,-1.2447860819566903,1270.438995395869,30.09720146855486,9.668604854716127,1310.2048017191398,-655.1024008595699
0.07245478713290213,1.1246434391056501,10.075750840445986,-0.6803261635293726,-0.33021786702291944,1140.3074761403072,171.57073067215845,0.7971682580354261,1312.675375070501,-656.3376875352506
0.05293290119541076,1.2091023050379381,3.9893183794974267,-0.6970012534290646,-0.02608276151702693,1063.927402806916,247.15913009277205,4.648555455073294,1315.7350883547615,-657.8675441773808
0.024035693238053962,0.47202569206829675,5.315006316014517,-1.301391683556495,-1.2160471562579092,774.9879180330885,525.1870649829328,16.207955820828595,1316.38293883685,-658.191469418425
0.03010154172262721,0.9280354736421972,3.5761411697390004,-0.6139825865629557,-0.16087119597772492,921.6017446878484,383.2641850455994,13.20163926734081,1318.0675690007886,-659.0337845003943
0.06419211807068763,1.2780770307070752,0.6333329876644314,-1.4084651229670133,-1.259114671038318,446.42111318109704,872.8922206215287,2.0377494512502117,1321.351083253876,-660.675541626938
0.1314910728431493,0.2692481143887632,4.58367019067693,-1.2472531615838627,-0.18471977570476028,154.5709193293872,1159.8436145472374,8.568702094287286,1322.983235970912,-661.491617985456
0.09351280813957315,0.68403065431198,10.213354040074615,-1.4044621258762666,-1.4783409076782852,356.62357614572005,966.2330561952115,0.22067861081623427,1323.077310951748,-661.538655475874
0.11106062262955838,1.0250377031075448,1.8786259678869854,-1.4161175642676491,-2.2123776875540235,191.91148397811844,1129.464317696389,2.5767817440889393,1323.9525834185963,-661.9762917092982
0.07594576516607951,0.9505122779110184,8.727940353694548,-1.4443709390988357,-1.9417988649715614,389.8762553975223,934.8688479316047,0.44482378344105916,1325.189927112568,-662.594963556284
0.12464123985271874,1.3037286476904104,7.85515956982333,-0.9097551640656629,-0.06351039533632674,1306.4477346033557,13.628391876614657,6.170258487075026,1326.2463849670453,-663.1231924835226
0.06910228277949493,0.7820863320512361,1.0577029592890195,-1.267878257900748,-2.179346135441591,455.4540486095947,870.2348798472391,1.2315988338496253,1326.9205272906834,-663.4602636453417
0.052931091155036185,1.4679061324946787,3.6454005280835435,-1.3970672499598062,-2.11469460303323,540.5016046399525,782.2455240215146,4.649060514163451,1327.3961891756305,-663.6980945878153
0.08556773821229711,0.5275296815768025,8.540042934953886,-1.2799892962220178,-1.6307608751782792,436.7233312299669,890.7389421152351,0.001965984770164004,1327.464239329972,-663.732119664986
0.09348304637083397,0.7001972279078655,6.121527490619334,-0.885782678524076,0.7217442479487586,1261.3696854378065,68.8106821152566,0.21887297203589648,1330.399240525099,-665.1996202625495
0.12034670555483853,0.3926719667766272,4.73001329335871,-1.1788370727006283,-1.3772762869225086,274.09832922488766,1051.8807791471468,4.866934024062832,1330.8460423960973,-665.4230211980487
0.13910043985138365,0.5979525181346798,4.13310814554791,-1.2375725424622934,-1.9341471210057795,210.30380552133323,1109.433573211835,11.693773399378548,1331.431152132547,-665.7155760662735
0.08702586987211523,0.4380251281120885,5.093285488096243,-0.786409113814794,0.5745191989677663,1245.0889756842312,87.21305178994668,0.0025012305161832143,1332.304528704694,-666.152264352347
0.01057674705780716,0.25232627752843745,4.534690575888299,-1.1514480613703792,-1.9507347283030463,885.0836699906415,423.7189883924226,23.978673040521493,1332.7813314235857,-666.3906657117928
0.10604669520828978,1.107390111519451,2.3559241309236185,-1.3887265966146538,-2.7618759646446116,220.13809113929696,1112.6440448931073,1.640443859330582,1334.4225798917348,-667.2112899458674
0.005940014293372347,0.6200657548661689,1.7475670944564237,-0.7514352492995184,0.5827118440540024,870.2542367897742,438.19519782266417,27.007069939602324,1335.4565045520408,-667.7282522760204
0.11099801778457342,0.9208662072494649,2.918284946060786,-1.3429901635818005,-2.8186975584227816,218.2220761187677,1115.843096959078,2.563792569724844,1336.6289656475706,-668.3144828237853
0.06004309882727898,0.5354071382280905,10.428372011941933,-1.1491375131823416,-2.5109608901883984,606.3558040446732,729.7929992872148,2.8763120689071617,1339.025115400795,-669.5125577003975
0.0366763179798773,0.02300280810179898,7.974405823617213,-1.2991812479842892,-0.33770642883891133,607.7304426064193,721.0216473540801,10.291072422602399,1339.0431623831016,-669.5215811915508
0.03548297900112692,0.8907106853514598,6.391722977134299,-1.1698093607916027,-2.8178644280957696,722.2156645927525,606.8105179981703,10.792459258505085,1339.8186418494279,-669.9093209247139
0.041508932551720945,0.8588399126816364,6.303345484264266,-0.555422361384753,-0.49297486635859045,976.2921349248144,359.3597246200178,8.382558300755335,1344.0344178455875,-672.0172089227938
0.11396958876041578,1.6514499166755168,9.477365755557507,-0.9620683041244489,0.27564831644515575,1326.1575803758137,14.843970019479189,3.2165239095475324,1344.2180743048405,-672.1090371524202
0.010293251364277282,1.2387858870727573,1.751900813928364,-1.2092801714533075,-1.910084027440274,884.4371786268293,436.8976037272829,24.158665732976274,1345.4934480870884,-672.7467240435442
0.12078070637546684,0.3861647904417735,7.899184586531305,-1.1513139834663817,-1.4318952741708575,296.66760591657174,1044.042990933779,4.991631267010951,1345.7022281173618,-672.8511140586809
0.11780739013209127,0.06993347322228997,10.26760613328794,-0.7716781295052431,-2.0001150913339023,155.75233582639058,1186.0285385715113,4.1689500492061375,1345.949824447108,-672.974912223554
0.034681539843824535,1.3986484706911926,6.858964058559841,-1.2023026386146798,-2.950350544147911,711.4990409166691,624.217836220468,11.135881369754198,1346.8527585068912,-673.4263792534456
0.06425510247712125,0.6084793693294086,6.779345959301291,-1.3325744378650373,-1.6196513838863393,544.0691612957252,801.9402867178853,2.0261303869771865,1348.0355784005876,-674.0177892002938
0.08209004433675281,0.89933200293612,6.387183905436569,-1.392432411456499,-2.312264753406174,379.64217055092087,968.7811734904274,0.07256102155960312,1348.4959050629077,-674.2479525314538
0.006610854367828139,1.5209844820867093,4.522122508314703,-1.2409821127451475,-1.6612100309183129,904.4887730748894,417.5262741946054,26.557783544738967,1348.5728308142336,-674.2864154071168
0.02546787206517182,0.16479720693721317,2.873329376910113,-1.3684935616910645,-0.462326269748055,749.6121242743661,583.9019866058675,15.47036246003014,1348.9844733402638,-674.4922366701319
0.029564164938108158,1.9719961189304218,6.368655085334804,-1.2411909983898861,-2.5932781842178745,744.5700413540576,593.4697913474938,13.455531333111407,1351.4953640346628,-675.7476820173314
0.12954337164841648,0.885426775557061,10.959373063795077,-0.9893991253900231,0.6306847544896366,1332.251667774129,16.276750339802987,7.846744436788817,1356.3751625507207,-678.1875812753603
0.08365162129355926,0.18014702436443203,5.07610503095917,-1.0240770930287026,-1.8565081121310956,414.2871566149509,944.6606128382363,0.028333688288934553,1358.9761031414762,-679.4880515707381
0.12231993893783236,0.9173852230510074,8.901804809449557,-0.6122903148896305,-1.2555039255074094,1262.7399970713943,91.43458148734423,5.446601143317385,1359.621179702056,-679.810589851028
0.06511280320449991,0.17801897589000507,6.745773032733811,-1.2603638914654034,-0.6798591565488432,493.35807727565924,865.955282097876,1.871212211900156,1361.1845715854354,-680.5922857927177
0.07200085322263748,1.7047571590699306,5.640155686353261,-0.6518730432911778,-0.542358957556214,1175.11429859605,186.17726283225068,0.850481656177051,1362.1420430844776,-681.0710215422388
0.04994315235682243,1.2958541489199566,11.223900070809604,-0.8044131992812454,0.4681780222384111,1121.7488728751487,235.4384159992806,5.5201944312592275,1362.7074833056884,-681.3537416528442
0.029719570821414985,0.6467730689707477,6.894448496959121,-1.2863915265480463,-1.6689718936795683,771.1487504266164,579.5365646931851,13.381858848775037,1364.0671739685765,-682.0335869842883
0.07201183757238519,0.8707583230858227,3.406972348304129,-1.4398462600110629,-1.6776663089571562,446.9525940968054,916.9143635066764,0.8491711998185811,1364.7161288033003,-682.3580644016502
0.021977642125055055,0.068421327109504,10.55878756097713,-1.1798315243148492,-1.5105777194773127,801.4681108615115,547.2080415445965,17.297958451056648,1365.9741108571648,-682.9870554285824
0.02546757217628404,1.4694809278397682,1.0908662847834614,-1.2369247005335484,-2.139792442094321,790.2794804661544,564.4317583710374,15.470515109329417,1370.1817539465212,-685.0908769732606
0.07459545890500087,0.7904016016415257,11.03244506059179,-0.8054703846479291,0.46765539960453406,1218.8656425484583,152.33095321462736,0.5690073411239714,1371.7656031042095,-685.8828015521048
0.10193820452111724,0.7656072810582616,2.9322617672058833,-0.6358342261972686,-0.5425118412858145,1265.4228271375819,105.89433924744363,1.0301212396796102,1372.3472876247051,-686.1736438123526
0.10425240014024752,0.9189544021055778,2.560404887949799,-0.8399347880472209,0.31202168010863396,1320.9109308299148,50.98423032449547,1.3565125426943512,1373.2516736971047,-686.6258368485524
0.11681263886203486,0.5871357270729299,10.684222144982519,-1.1780667520587653,-2.4525294494861267,344.4332315450425,1025.1529246724676,3.910241432014994,1373.496397649525,-686.7481988247625
0.06524491004566606,1.3166991092941682,3.797237381255743,-0.7086082180336355,-0.07910115545577767,1170.8644104131242,204.83642586677232,1.8478985304584792,1377.548734810355,-688.7743674051775
0.10240735388452575,0.961864496667679,1.2952930809692489,-0.7218432604423933,-0.14170200068907857,1316.0956417926495,60.84678590676324,1.0926651844462985,1378.035092883859,-689.0175464419295
0.13999628403901307,1.8371490376485444,4.081752443639849,-0.9059077675607634,-0.4928845365068488,1359.8796000313616,7.877268800671793,12.093587773334363,1379.8504566053678,-689.9252283026839
0.04110507275539989,1.818671038777617,6.795453257369746,-1.3660355109790185,-2.2317853070170433,657.8537539869913,715.9452419524526,8.53456320534434,1382.3335591447883,-691.1667795723941
0.06493595131104309,0.07049782031082345,3.58752793356169,-1.3994380967912319,0.536670022200576,407.0942504263272,973.610236376389,1.902651098495667,1382.607137901212,-691.303568950606
0.028821312213127243,1.48207282478174,4.279552274091203,-1.2575978769766776,-2.412338562348513,769.2116189532429,600.354003045559,13.810485679627762,1383.3761076784297,-691.6880538392148
0.13240583685513585,1.8001267192415948,6.956135554620402,-0.5949574970842306,-2.035938371248686,1331.1483366292096,44.10028329416931,8.91874285937179,1384.1673627827506,-692.0836813913753
0.03464906308649631,1.9052542175597342,3.9414702070481913,-1.24945125013395,-2.7796417857234803,727.4250692703167,649.5227471795636,11.14991127730458,1388.097727727185,-694.0488638635925
0.013323669871572795,0.42691542519419406,8.87252522571668,-0.7284437786828929,0.5226282304503123,940.2012064141647,426.00083013294056,22.269493592788322,1388.4715301398937,-694.2357650699469
0.10487786086927608,0.3998001886091674,10.939624931585664,-1.1436648397762244,-1.8137701507591564,389.19930044650624,998.0602077709757,1.4524251969236395,1388.7119334144056,-694.3559667072028
0.016477023414302346,0.632246638256648,9.550861261207793,-1.1377443353385264,-2.4487688741952205,894.6650383114417,474.6979183499872,20.385328903646123,1389.7482855650749,-694.8741427825374
0.03787989151074812,0.05356440768539267,9.816547162474114,-0.5771955299078703,0.0727324817585222,1102.4098097644785,277.9390742977258,9.79746449523929,1390.1463485574436,-695.0731742787218
0.12144369866775757,0.1569010161389636,6.233529564298116,-0.618953349131925,0.199784101164723,1374.842966329568,11.03329005105692,5.185167626462917,1391.061424007088,-695.530712003544
0.1317077321735577,0.8011838859672761,3.5664401263714787,-1.3028403863768134,-2.9068183394497744,177.64810096004726,1206.0288862382524,8.65097499067169,1392.3279621889715,-696.1639810944857
0.1338601798841728,1.7038812477648346,1.599551520824806,-1.1004413649004334,0.8593444320569654,1381.8414114802986,2.9173207778133703,9.489683655069744,1394.2484159131816,-697.1242079565908
0.07749914139880731,0.3276296213452699,8.988380602764323,-1.301297986565865,-0.881823757559582,478.4500383467858,915.6261092426805,0.32085015302033776,1394.3969977424865,-697.1984988712433
0.13004742790710883,1.3152805646907966,4.3811502734959324,-0.9924134264641685,0.3715624076019708,1382.4814993004718,5.711586616160616,8.030537000702408,1396.2236229173348,-698.1118114586674
0.10974723784365328,0.9721452832089481,5.438590705067323,-0.7851851601428552,-0.10486731180361542,1334.285948828302,61.97799996053656,2.311160592272255,1398.575109381111,-699.2875546905555
0.050253960050767855,0.8829790141732327,11.188876752814394,-1.3762836744879703,-1.910253688529124,620.5633403152842,772.8965611797776,5.426094494705934,1398.8859959897677,-699.4429979948839
0.07936696887928855,1.0558211876034629,8.206256697437517,-0.7090492497312919,-0.17077468712899657,1241.7828653951872,158.23972825640425,0.1985364844124728,1400.221130136004,-700.110565068002
0.08386602795136795,0.8396771565929955,1.462001448086787,-1.2283971655871104,-2.9928945279950296,407.89543296303793,992.8067678273906,0.02385556409813087,1400.7260563545265,-700.3630281772632
0.02207419045971504,1.7284879346250641,9.785275932460092,-1.2611672838260732,-2.246191855082793,828.4368119359963,556.9108632001519,17.246030757047116,1402.5937058931952,-701.2968529465976
0.020096638388699045,0.8649891258280893,7.428885973933376,-1.1723444920065753,-2.507444083205005,866.8940149170404,519.0930556779547,18.32521503232661,1404.312285627322,-702.156142813661
0.10822553108112494,1.074885178156997,2.3020482069741517,-1.4103465272337565,-2.7637209649761374,232.41207609361686,1174.0260249740954,2.021471653366564,1408.4595727210788,-704.2297863605394
0.13019794762821046,0.09291186066632079,11.356085068475302,-1.1609678720331216,0.3209752500078449,56.83306664027113,1346.7531259206212,8.085833101715018,1411.6720256626074,-705.8360128313037
0.0500680433674091,1.8809839313390897,7.406806676153461,-1.3565635566636784,-2.7362725560475543,607.4611997610043,798.8476690786486,5.482285289565566,1411.7911541292185,-705.8955770646093
0.10401888416861337,1.551196351031484,1.3134071399837117,-0.9809758716808974,0.8309929575100536,1386.303369602055,24.82891342775446,1.3215433761216229,1412.453826405931,-706.2269132029655
0.004465184973983183,1.657296343715925,3.65165818381287,-1.1174968332565647,-2.4954426976363493,981.8027775929803,404.58040899614343,28.00806749649555,1414.3912540856195,-707.1956270428097
0.026176633377133832,0.901513016224433,8.080361556132138,-1.3613907975711026,-1.4739686431608017,800.439609036449,600.9299807811178,15.111693327898847,1416.4812831454658,-708.2406415727329
0.11613752682664512,0.3209062101988633,2.8547643917162535,-0.9898550321915608,-2.510361826944696,320.12252178826134,1093.8259429128066,3.7393827934308006,1417.6878474944988,-708.8439237472494
0.13496778175679836,0.17962184875717602,11.274385285509837,-1.216311322944621,0.12451534656993335,100.65425930264104,1311.3415043659468,9.936383229264058,1421.932146897852,-710.966073448926
0.056111822085499634,0.9369977215825954,9.913001416605477,-1.3497811868697986,-2.38893089799112,589.3013694875484,830.5356957756727,3.803871270464027,1423.6409365336851,-711.8204682668426
0.03643869771988402,1.5113625066743988,6.280203700340562,-0.7388877292857441,0.3177107653676843,1082.5022257513037,332.18265839680504,10.389958795742798,1425.0748429438515,-712.5374214719258
0.07909927203046568,0.42002655780711207,6.85114237972884,-1.3025472254545343,-1.2910171371176953,506.1633655228801,922.2529314742131,0.2142729524657946,1428.630569949559,-714.3152849747795
0.020490190052660187,0.3503148789701264,2.458584257841294,-0.6010878818496374,0.008997566384535638,960.4542264262835,453.0074198010007,18.10783696407041,1431.5694831913547,-715.7847415956774
0.11489506691750954,1.545154039309029,4.724945288147957,-0.7159917882578789,-0.8079886528911158,1373.8015239415304,54.55232371758421,3.4349143048638737,1431.7887619639785,-715.8943809819892
0.09508321572377704,1.3492161108367917,0.9572175434880119,-0.7959216642794686,0.24461522458697083,1368.9011143896103,65.21830606344112,0.3264764990818592,1434.4458969521331,-717.2229484760666
0.10291818352054646,0.2243717778590155,6.608742279466187,-1.07289589924541,-1.55852401766621,341.05499906435165,1092.3351812663973,1.162861710152554,1434.5530420409016,-717.2765210204508
0.036835305993877174,0.5308355599423659,6.630681016535428,-1.1899551371205948,-2.327586507428065,793.1728838879291,636.7566697485449,10.225173108234207,1440.1547267447081,-720.0773633723541
0.12013024864649557,0.09418128669327233,9.672677628909868,-0.6677435083860669,-2.8903491839597635,227.49490474782124,1208.6356197727862,4.805331079353744,1440.935855599961,-720.4679277999805
0.11654590484187007,1.8287406248735534,3.345109841802168,-0.7301058119764859,-0.7838787800883851,1391.7818152469563,46.704046917855024,3.8422797923270333,1442.3281419571383,-721.1640709785692
0.12832324730222336,0.4683488820132806,6.726912493069717,-1.3215914805144342,-0.9835149059531574,282.6172601559201,1152.402802043846,7.410662374495044,1442.4307245742611,-721.2153622871306
0.13776682721471273,0.15629903109293394,6.683174143521886,-1.2815014233129096,0.6426745079352418,69.78081723072354,1362.8971553283336,11.11103241614549,1443.7890049752027,-721.8945024876014
0.09641750681907456,0.12385726015276995,0.7602847199560046,-0.928122621619054,-2.8528791762499317,345.17487910058617,1098.8281987082587,0.43259502630552776,1444.4356728351504,-722.2178364175752
0.016022002054926557,1.1192060392515526,11.500609799159815,-1.233746929972671,-2.1822109328098462,904.4056590233118,519.6827160753069,20.652068520454105,1444.7404436190727,-722.3702218095364
0.02971438683611428,0.07578929432212948,2.187881222070726,-1.3649548847640554,-0.4130486685354602,755.8620021252567,676.7990892767216,13.384313133932245,1446.0454045359106,-723.0227022679553
0.08898478992704045,0.7133979413621624,5.234867025156864,-1.431491534380016,-1.7150996187850847,407.09430111184366,1039.5690220440392,0.03124716903557512,1446.6945703249185,-723.3472851624592
0.024278000334063004,1.1514443561247967,2.2904586759950565,-0.5704851527943422,-0.26671434844739217,966.302189199061,464.9303862710241,16.08195688722325,1447.3145323573083,-723.6572661786541
0.026227506998380522,0.6306348042200913,4.470714335821411,-1.3363041988525428,-1.427924317777389,833.9016692850271,598.3939067015867,15.086110507550679,1447.3816864941646,-723.6908432470823
0.039743019417255616,1.2854025805018856,4.7350019685756575,-1.2469035138578777,-2.9663430773666355,729.9566948608311,711.2787645245262,9.057284294768133,1450.2927436801256,-725.1463718400628
0.1146038911922732,1.0147834140790584,7.910219275447876,-0.844432072311972,0.09971209978249362,1401.6512415824936,46.38273463836214,3.3654305794581525,1451.399406800314,-725.699703400157
0.004395815217751911,0.7944911803759759,8.136568291911132,-1.2609907934419133,-1.5897715508134163,991.6810105799119,437.02929511085347,28.055598721187593,1456.765904411953,-728.3829522059765
0.12848985298098606,1.4575846051118149,11.972339449936241,-1.0197617639641043,0.43399919186362457,1444.8561858272333,4.843752753989835,7.469473640805721,1457.1694122220288,-728.5847061110144
0.10097127742522762,1.3514892954702595,4.6968320404816986,-0.7452749858745981,-0.3289737023183621,1371.137046086162,87.16096994236912,0.9070308358185023,1459.2050468643495,-729.6025234321747
0.09606120445576277,1.819440197082052,7.80939728387407,-0.7458539351700088,-0.3903081703068709,1364.11818773747,96.17622631245709,0.4027986582733986,1460.6972127082006,-730.3486063541003
0.05801049287443366,0.9469131363579496,8.450478502543625,-1.3619516116262738,-2.4546973499795266,594.248500479267,866.5482879692227,3.339733434878014,1464.1365218833678,-732.0682609416839
0.001701873944790229,0.566411221724104,0.5776538527223278,-1.0409184546527408,-2.9339409327996195,1045.184662595679,389.72372036959644,29.93262016912997,1464.8410031344054,-732.4205015672027
0.11080426628317637,0.35581769140370606,0.5241095309434725,-1.3725536585355278,-0.7787632054861877,183.27705345433748,1279.077035320016,2.523801219785605,1464.877889994139,-732.4389449970695
0.02084424105437647,0.49715644217722166,3.431583154093796,-1.2957826229441747,-1.5166162765453663,887.2299187904254,560.0804182026259,17.913385330441574,1465.223722323493,-732.6118611617464
0.12897029803197121,1.0930182222642362,5.963508658648563,-0.8063807829530742,-0.35394863118242137,1424.9411523931833,36.56387988564533,7.640370823810925,1469.1454031026394,-734.5727015513197
0.05982721045427031,0.588480209363812,10.766576635358053,-1.32193744908919,-1.826544435719817,645.6330264035289,821.955376249716,2.9238910711390647,1470.5122937243839,-735.2561468621919
0.004515118505637805,0.8452654551842299,10.379648060129059,-0.6803280947360884,0.34873691212619295,919.5732535229071,527.3955184292282,27.973878654805457,1474.9426506069408,-737.4713253034704
0.006303598846519765,1.5484794350194548,4.515475127515443,-1.2577168489751098,-1.7635898998002484,989.6026729791199,459.1835571412673,26.76309617738576,1475.549326297773,-737.7746631488865
0.09494423578321846,0.8699008806192514,1.9388417488373932,-0.6936317830004304,-0.14366209129638818,1365.3924930032686,112.85069815451754,0.31628049516909335,1478.5594716529552,-739.2797358264776
0.07687742755757399,1.746053322455036,2.4423888195941386,-0.671565659443004,-0.36124291448661117,1294.8366569284756,183.35536938488266,0.368043360128601,1478.5600696734869,-739.2800348367434
0.1242234410124999,1.4285496560805686,6.626473676362171,-0.7146019998189937,-0.9475038507921898,1428.8278719056602,45.62914641398465,6.036681310802406,1480.4936996304473,-740.2468498152236
0.126672547337605,1.3780624026144683,11.137017083796437,-1.0540456144564192,0.689626604867513,1471.575199545731,5.839855142327734,6.840530988684717,1484.2555856767435,-742.1277928383718
0.030350195436171748,0.19004513703863818,2.9811181703797884,-1.0508403128618244,-2.6783516587838516,859.5396575069772,611.6477092633017,13.0849772845968,1484.2723440548757,-742.1361720274379
0.031803921022799345,0.614383734843882,7.835533955447515,-1.2771045743532898,-1.9334294032683856,835.9608743381023,636.5150135489577,12.413288337671366,1484.8891762247313,-742.4445881123656
0.07352563021884168,1.1725997755029107,11.003422571256923,-1.419392717431665,-2.937316824750739,462.24516175384133,1026.0355226705217,0.6782369985576768,1488.9589214229206,-744.4794607114603
0.062053802850079755,0.8591189775682194,8.292129427839916,-1.4040922741739579,-2.1176751352531893,584.2016457772653,903.2903542284837,2.4519243535134585,1489.9439243592626,-744.9719621796313
0.07339003935024437,1.278814671584647,6.972813995797386,-0.6899443273955631,-0.20915538066935024,1289.6921208170777,199.85322547379008,0.6927651898151436,1490.2381114806828,-745.1190557403414
0.12361681469728433,0.8420214704162329,9.19983003091897,-1.4287137407530777,-2.652196238316548,221.23346248075276,1265.889044642128,5.845334880799432,1492.96784200368,-746.48392100184
0.11019808340322124,0.1302099516617008,4.767858646268182,-0.9910066683344624,-1.5170682818557137,271.44047147057876,1219.2174154133038,2.4007121384480694,1493.0585990223308,-746.5292995111654
0.013414231054353817,0.8501934136174715,2.083927494319794,-1.2738613227506788,-1.7731513080837276,952.896300040965,518.4493251554792,22.21422089627832,1493.5598460927224,-746.7799230463612
0.020863156423097492,1.1200267926517666,10.439560370650936,-1.1871919494026346,-2.7602412953048567,907.3917631549633,568.48552319245,17.903026184048496,1493.7803125314617,-746.8901562657309
0.028472547480658483,0.9684639225379963,2.961891625082909,-1.320451961814854,-1.9314771081184228,839.5136311828023,642.6408263592461,13.978728613844591,1496.133186155893,-748.0665930779465
0.005369521483181006,1.5773018180193603,9.104460734621268,-1.239261805076823,-1.8927255988669809,1013.1331905238496,456.1610953370946,27.392115198877313,1496.6864010598215,-748.3432005299107
0.1189180961053491,1.3759582179814305,3.4494498439742194,-0.849223482559721,-0.03246170278876637,1458.9671362640972,33.929465761176345,4.467606989883801,1497.3642090151573,-748.6821045075786
0.040559220445277745,0.04464597837948417,3.55583725556118,-1.1416412422835909,-1.558917861906648,722.5263364990434,766.4487344764282,8.74218187453497,1497.7172528500066,-748.8586264250033
0.05500509899862699,0.6327729234967338,8.674791390285652,-1.2067335538263124,-2.7474666403299937,704.9687143881893,789.411970596956,4.088340901921428,1498.4690258870667,-749.2345129435333
0.13418249980465405,0.9743837596439627,7.459234564231262,-0.6100405900118296,-1.4013208821884526,1402.5796571687906,88.8241858396697,9.618616579001337,1501.0224595874618,-750.5112297937309
0.13186663314574348,1.262870534316923,7.6603486592596495,-1.0601476804221823,0.7240059742526226,1487.6563150919706,4.706033151427191,8.711564948463796,1501.0739131918615,-750.5369565959307
0.12103002209015747,0.8684750287915665,11.463834420985275,-0.5862892982394612,-1.1539810559507835,1381.976850053959,114.50516560198757,5.0639780404372,1501.5459936963837,-750.7729968481918
0.04596679968544432,1.527989672718738,5.444044651784146,-1.4038615033908302,-2.335538166849294,683.0451308889999,814.7775771152578,6.7954498226781705,1504.6181578269359,-752.3090789134679
0.02159841273285616,1.774786702471934,11.163070376527916,-1.1866753674137538,-2.9486839344198468,907.6784722371173,580.2635005378862,17.50267918974471,1505.4446519647481,-752.7223259823741
0.05953208952427839,1.5828272961881478,7.806134660752865,-0.87056167419328,0.7029570412332884,1298.6827208184027,206.76751571259788,2.989563347423506,1508.439799878424,-754.219899939212
0.1310357604052733,0.39417592869970197,1.2904655868362074,-1.2043875661501544,-1.8735108847723536,191.11162738691294,1313.9267280079923,8.397085570512662,1513.435440965418,-756.717720482709
0.052935401384061095,0.31861511872431403,6.615588863473748,-0.6227460853335479,0.15641000921471626,1226.9530293986024,284.8298399164544,4.647857867686993,1516.4307271827438,-758.2153635913719
0.05582889884067471,1.2140994003717915,6.543377433926969,-0.7878694920588432,0.45185772622176756,1264.1668094461304,249.98981280440074,3.8756173492809416,1518.032239599812,-759.016119799906
0.03237818724130992,1.4700125129917467,7.4541009533936675,-0.7794968187666477,0.5717339531746184,1150.237650241152,357.4113327828814,12.152826838236484,1519.80180986227,-759.900904931135
0.04049500840434951,0.04054587482003422,4.383804740268642,-1.3056664528831727,-0.5458831013954386,695.1145859635922,819.9350374675182,8.766769385213392,1523.8163928163237,-761.9081964081619
0.11780390035997554,1.0990830302313241,4.9794338720079265,-0.6825146684805401,-0.7352625961612489,1442.2495995250583,77.5486864027904,4.16802796725001,1523.9663138950987,-761.9831569475493
0.1386543579077818,1.8346652705575794,2.4852074264128614,-0.6191595091353429,-1.6978523811205233,1465.556440016443,47.35315420136953,11.497193864612221,1524.4067880824248,-762.2033940412124
0.12897089030393855,1.700807213441096,7.6823247622083,-1.0410383925438613,0.5387206180869253,1515.3797578401584,4.743642591105146,7.640582691404004,1527.7639831226675,-763.8819915613337
0.1305133647538187,0.5940322306368343,9.2570165846582,-0.5945581505517572,-0.7328416630200345,1412.4737454939068,113.93521088131247,8.202322546745751,1534.611278921965,-767.3056394609825
0.05746705366384252,0.5246349824017353,3.4159521304066662,-1.2417564399572063,-2.3431604235685564,692.7569663412468,841.1326238505833,3.469495681113101,1537.359085872943,-768.6795429364715
0.0663878422216098,1.7992573645166374,7.278591451743056,-0.6449496261625548,-0.39619085505261076,1286.6739603867184,250.28043736074483,1.6523001697824187,1538.6066979172456,-769.3033489586228
0.057933167353385225,1.045538405362347,9.36590152439527,-1.3788724004140864,-2.6909444556039728,619.4536734197517,916.1251673675519,3.358046287795961,1538.9368870750995,-769.4684435375498
0.051023907445703454,0.4056064109787149,9.111536494204307,-0.5949786474217167,-0.008213327109250379,1204.9803903617033,331.1283658537207,5.196469851031435,1541.3052260664554,-770.6526130332277
0.03591573274613652,0.5508936445570911,4.663024977341285,-1.2327376865206996,-2.2871948893086724,849.412121096042,683.5933695489551,10.609257645850636,1543.614748290848,-771.807374145424
0.11881783002055975,0.8949238629926406,0.966518619493435,-1.445071659996761,-1.7355562094638655,203.20489469621862,1337.824093191032,4.440222313390142,1545.4692102006409,-772.7346051003204
0.026989537260719787,1.2670915913397003,11.52667345366599,-1.3547175922913253,-2.004756140950812,865.7762389878696,667.5001857943257,14.705502000770043,1547.9819267829655,-773.9909633914828
0.07176239972372787,0.37466605023841165,9.420075130052542,-1.0796259534143946,-2.743323604483191,649.3009631313929,898.4031395294803,0.879178709141301,1548.5832813700144,-774.2916406850072
0.0776662015544842,1.2262710954936935,1.652155414274624,-1.433897038642879,-2.458424373079559,477.6891776052444,1076.958130420917,0.3087206461659741,1554.9560286723274,-777.4780143361637
0.0402537613256346,1.032270646386648,6.129447922648518,-1.2620270093821708,-2.9509900844944847,790.2225416006899,757.3085238462573,8.859454144562955,1556.3905195915102,-778.1952597957551
0.04922812443717585,0.8628588722998812,9.555644449486865,-0.6032234584166618,-0.2003898749617088,1189.743787697506,362.22928449232455,5.739747014566613,1557.712819204397,-778.8564096021985
0.12178503594632106,0.4421951168301982,8.888502871446654,-1.3453817156598755,-0.9682824008889508,347.3744547518472,1207.5469287123096,5.286243942809482,1560.2076274069664,-780.1038137034832
0.0035518663497524396,1.1698047012691912,4.179551174746251,-1.3235739036274985,-1.370041537324489,1058.4232834842778,476.94119901877855,28.637088483411524,1564.001570986468,-782.000785493234
0.013717497176382421,1.255634762970289,10.886555875901278,-0.6205354619080438,0.06591650472032784,1008.7136319136249,538.1023205617929,22.029626919692884,1568.8455793951107,-784.4227896975553
0.050543662135479096,0.701839530013362,10.374765108686276,-1.4275976585688093,-1.538306655343532,727.6149357979746,836.501195188683,5.339112892227839,1569.4552438788853,-784.7276219394427
0.13970736692849067,1.5339749833493628,10.533801887903648,-1.0063062572245556,0.23720885421275995,1554.8740156590475,3.452486421123564,11.963910150167976,1570.290412230339,-785.1452061151695
0.08700066748516096,1.795061142301344,8.837755329881054,-0.8759373597182494,0.43204019553850515,1454.0076333540496,117.69934577884017,0.0023407720380358298,1571.7093199049277,-785.8546599524639
0.10882320295286974,0.1812627647793104,2.022965956539131,-1.4335213467347863,0.4562879125176682,252.86136608952657,1318.0571387660334,2.1329387142154075,1573.0514435697755,-786.5257217848878
0.08714926272067852,0.4189498523308237,2.521762210925493,-0.6773462603035368,0.23101030597929917,1434.2895304151168,140.02059923410917,0.0033636194130710127,1574.313493268639,-787.1567466343195
0.008420973652541073,1.763263857517515,7.505763344036341,-0.6418920578523679,0.19278531865291182,999.8144408216934,560.4717352788916,25.364283008354164,1585.6504591089392,-792.8252295544696
0.05893624764921369,0.35790391693417567,6.7184427462342695,-1.0998017059176235,-2.7321303176812517,742.2947887513682,840.5055135258666,3.1243768345921326,1585.924679111827,-792.9623395559134
0.016449229660937956,1.5217706115322107,7.256796470634479,-1.3826736527574637,-1.5291359338096207,966.3091760710423,599.3961680627,20.4015722563236,1586.1069163900659,-793.0534581950329
0.02584142650495343,1.700139675373665,2.0474461731443885,-0.7046974769425616,0.35534144209890695,1142.5933043594778,435.7877306620872,15.28080069613862,1593.6618357177035,-796.8309178588518
0.09900839774193534,0.9551276754658878,5.047890256804745,-0.7578997485177976,0.06054823429684486,1477.1648440952824,117.29296339413149,0.6812340916948153,1595.1390415811086,-797.5695207905543
0.0008027555072379201,0.7494017243417069,9.944687277694062,-0.6488279852236934,0.28668210203395006,968.1371784483534,600.9305861909303,30.5726134706913,1599.640378109975,-799.8201890549875
0.042805127115699976,0.5723848336026033,10.977095394057384,-1.3343810637800617,-1.8168571457662528,827.1654866034158,766.407679907706,7.9039226434564585,1601.4770891545784,-800.7385445772892
0.024194188008588535,0.2301103764718042,2.983478096468394,-1.0537755628070535,-2.9899642869127208,982.3769992074773,604.6734610652754,16.12548341510725,1603.1759436878601,-801.5879718439301
0.001083638622776968,1.1029717034965953,8.697257159737807,-1.2721456713074277,-1.687630711467747,1112.1416530350652,462.24994325980714,30.371953533971407,1604.763549828844,-802.381774914422
0.052866628197549524,0.8565543021403699,9.666087375329509,-1.3785602451332495,-2.351098391739237,716.4001300347261,884.4009010357499,4.667065626353026,1605.468096696829,-802.7340483484145
0.1188175957973522,0.02405416455336975,2.636847696823255,-1.244996838005054,0.9949076915425454,68.36189490218374,1533.1182887599182,4.440158440900371,1605.9203421030022,-802.9601710515011
0.00040392329982513525,1.3065703165205536,4.772144024400252,-1.1533002956554947,-2.4405332154979744,1136.7714732319164,438.8189831238323,30.85867006759211,1606.4491264233409,-803.2245632116704
0.13442495498082102,1.2254674729006678,4.897347851650085,-0.7689679493147116,-0.5823953367908157,1560.1618130689867,39.7836182089158,9.716175718611758,1609.6616069965144,-804.8308034982572
0.025390506466591713,0.05928910767269667,7.446715994682433,-1.0720739735669622,-2.5113693333429534,945.0538886997882,649.508055896528,15.509768024355143,1610.0717126206714,-805.0358563103357
0.012205949885273603,0.4533729755814794,10.690842967621842,-1.446910130292321,-0.6572152468085104,1016.2119609384384,572.8323439626355,22.957332347745854,1612.0016372488199,-806.0008186244099
0.0855959205792389,0.47102407730209356,5.901637069489739,-1.2244691620349395,-2.34272593277811,573.7717689542535,1038.3774240740427,0.001807595168407003,1612.1510006234646,-806.0755003117323
0.12442534859649156,0.3077606773428895,8.341542893874834,-1.2686965532640428,-0.7515245895010039,309.41841820066503,1297.7666841260354,6.1010519806178465,1613.2861543073182,-806.6430771536591
0.029667022050739737,1.5670675744298574,9.845560855354364,-1.3012085325865301,-2.699949494461613,892.5965108277412,709.250958148522,13.406747748837502,1615.2542167251008,-807.6271083625504
0.036339526798218495,0.6818238183462079,5.808148814563193,-0.7125391728076906,0.4475979615267378,1216.411261636418,389.1138355318394,10.431368914160359,1615.9564660824178,-807.9782330412089
0.07702633792772667,0.9025777331607429,8.371728074661831,-0.6684877341822224,-0.10768843578314335,1391.8828613713151,226.91845376149024,0.35644504574401115,1619.1577601785496,-809.5788800892748
0.0452923503303298,1.2504765561107836,3.683740659076011,-1.4137466950448092,-2.2952014320498595,761.22059001649,857.6490309109438,7.024885951138654,1625.8945068785724,-812.9472534392862
0.13816827801982215,0.2136590467500873,4.491341641585117,-1.1480424925720998,-0.779433879690921,199.81270520149496,1415.7751169680898,11.284885188370998,1626.8727073579557,-813.4363536789779
0.11847092023059426,0.35954201986331175,5.359618150980451,-0.9778878946364771,-2.972666499367598,430.1786941463165,1192.7792161113841,4.346123832677059,1627.3040340903776,-813.6520170451888
0.136109355761781,1.487414203721528,5.927381256998465,-0.9344533261712171,0.079470647072859,1609.3540430944515,10.645482825844091,10.407534504979232,1630.4070604252747,-815.2035302126374
0.03161719290011074,1.0635925904229695,4.984972227637697,-0.5567322657492448,-0.29465150397851625,1130.3073023890183,488.07921020426454,12.498574844633819,1630.8850874379168,-815.4425437189584
0.012899070781305774,0.6607067041464871,1.34022872173311,-1.4162814171417062,-0.9929660677550842,1021.3241518157591,590.1639067991224,22.529557309135146,1634.0176159240166,-817.0088079620083
0.1356751093523156,0.18920100188057287,10.96028132533287,-1.184616805968973,-0.3934530215467733,175.44725632264306,1449.5071112971723,10.227025937095915,1635.1813935569114,-817.5906967784557
0.028359205204821113,0.3338229141493379,10.571350089834292,-1.1888290424505925,-2.274804460832878,963.1416065034155,658.2362932119386,14.033623847660198,1635.4115235630143,-817.7057617815071
0.023476616986776985,0.8557719412498029,6.06568336165407,-1.2780861510172228,-2.32606323902099,973.2904318623185,647.130289731796,16.500549660707296,1636.921271254822,-818.460635627411
0.03477163852982479,1.6004462421073942,6.03838875646534,-1.4450935918121823,-1.925567947202758,840.8140797351329,785.8413839610402,11.097005121699757,1637.7524688178728,-818.8762344089364
0.11694280020167327,1.09344320476348,7.640663589251485,-0.854250931191802,0.20506913685221217,1583.5574305473547,54.52906879889608,3.9436217772043785,1642.030121123455,-821.0150605617275
0.022382652930413385,0.4537820528548399,5.043758062323481,-1.2505583036416523,-2.0763314564238318,1004.3793194138757,625.9797481735766,17.080649950418394,1647.4397175378706,-823.7198587689353
0.12199559188526019,0.9731979314776962,8.58517649906441,-0.8346343057413174,0.14220761543532756,1591.015654260575,54.707306723558304,5.349080023728559,1651.0720410078618,-825.5360205039309
0.0547078479407464,0.43186030363976596,2.0176832061560273,-0.664642299868594,0.295892248794706,1352.857905923653,295.35694415578587,4.166493035924103,1652.381343115363,-826.1906715576815
0.09407512795115902,1.8266487870579826,1.0937059502273518,-0.6944052570615273,-0.18479142236851454,1524.3945473529127,128.62716432886424,0.25618843478351666,1653.2779001165604,-826.6389500582802
0.005445065598644952,0.6163270798270832,11.354167948416515,-0.6121481605873118,0.14579485487566757,1013.0875623752297,612.9153378105043,27.340971316719216,1653.343871502453,-826.6719357512266
0.10107625188763748,0.06736907338965627,4.1410644575241085,-1.0263002252341806,-1.3074528248096637,328.32178048404586,1331.7212590876352,0.9200152930864332,1660.9630548647674,-830.4815274323837
0.09840479117108138,0.40210745531129416,4.566356035994033,-1.1164496766680878,-2.7328549317669637,527.7707070179356,1133.3452846527443,0.6182855011374351,1661.7342771718174,-830.8671385859087
0.06216829166646701,0.5492471279109232,7.8387268215408215,-1.2683459394039327,-2.4591655147144578,742.7623110271908,917.2592752451485,2.428778608665709,1662.450364881005,-831.2251824405025
0.01985586363836095,0.37484420728782203,4.245821617377132,-1.1979281882340616,-2.3434174511928436,1038.6473535002133,607.0084792882161,18.458846331858673,1664.1146791202882,-832.0573395601441
0.13859259279640174,1.4398136403821677,8.95263449388215,-0.5922629843680264,-1.7644431201309747,1593.2103814272327,63.648615067568365,11.47010653099959,1668.3291030258008,-834.1645515129004
0.029204007991351512,0.08917252760833277,4.441852577961111,-1.1150920172536642,-2.3323382400893147,950.6248855068139,704.6860794014837,13.627046585654183,1668.9380114939518,-834.4690057469759
0.016531784842135678,0.4799933855021765,5.7591391981879285,-1.3998995652500457,-1.115142983457876,1032.3699640416755,616.6454468259841,20.353343908003115,1669.3687547756629,-834.6843773878314
0.08434357423928426,0.410549784314986,5.805924794853464,-1.2470114124820868,-2.0242202076829523,599.9096896140223,1069.4841580812044,0.015265033731105222,1669.4091127289578,-834.7045563644789
0.12965761222318703,0.6375394570405829,10.706801882637858,-1.2981266687983115,-2.6816435134393206,364.04197830384817,1301.3706587828183,7.888213184357212,1673.3008502710238,-836.6504251355119
0.02896576651593677,0.18914138569870273,3.673448240841779,-1.2902067661035936,-1.4432374544723279,945.3542888791575,714.5790759008827,13.741099725699097,1673.6744645057393,-836.8372322528696
1.5784757564920595e-05,0.4980450532052453,11.933805165350245,-1.3266114883292408,-1.410756891388873,1158.4108485912589,484.77065745906026,31.138335733050173,1674.3198417833692,-837.1599208916846
0.03482994301479902,0.3558943488278669,5.397214735533024,-1.304773528561107,-1.6533204215631376,924.5495434091431,743.5252296051757,11.071883828894325,1679.1466568432131,-839.5733284216066
0.03806618751847042,0.31823272392198887,4.036171625281362,-1.0893123158874032,-2.9962542980529583,935.1055237619588,737.6132099617092,9.722145168009451,1682.4408788916776,-841.2204394458388
0.034228228412466886,0.7196334169526247,8.393825359065861,-1.2978964844785823,-2.3883733366423736,930.1244761386308,743.9207510211551,11.332509944227631,1685.3777371040137,-842.6888685520069
0.005725447212134037,1.7892741736762818,3.5859753598907806,-0.6131248365536817,0.13785509878426883,1041.6179991542072,621.7331879331407,27.151568894261917,1690.5027559816099,-845.2513779908049
0.03360955992942119,0.7497931118664415,5.7648699803080925,-1.3949908748339905,-1.7705446940750005,917.1903311321925,763.3199893357522,11.603640709597238,1692.1139611775418,-846.0569805887709
0.0978527093374716,1.809409578920125,5.743438914885875,-0.8482820719514247,0.24849681415663838,1588.1780307550866,104.14230041630542,0.5633817651332887,1692.8837129365254,-846.4418564682627
0.09971096933948118,0.6245491412381513,10.116287908130596,-1.3037806572735107,-2.749160450173778,515.1628577300505,1181.2827174618956,0.7583458633713516,1697.2039210553176,-848.6019605276588
0.11369164867688535,0.3525714211099583,2.517146176104141,-0.7351248042590315,0.5150951078503834,1646.4196747603219,50.248143759382366,3.1523372626786226,1699.820155782383,-849.9100778911915
0.020191549376391994,1.2175254019460504,9.10474169825905,-1.4206957637231545,-1.5712367982007287,1002.950451874268,678.8137975468313,18.272672316491143,1700.0369217375905,-850.0184608687953
0.02280269114702182,0.6157600037647529,4.277336105791246,-1.4242693087725091,-1.224573205782491,1000.739533993925,683.9738101579624,16.856729518765462,1701.5700736706526,-850.7850368353263
0.05807254058645725,0.5803892888864659,9.804517660516831,-0.566459683503934,-0.19697855771939654,1329.6224714289428,368.63262467927836,3.325075004361671,1701.5801711125828,-850.7900855562914
0.06343215616416921,0.3795296964338787,11.983888032573411,-1.153596772597461,-2.6219937253620618,775.621136903645,927.0342891075475,2.1805622183127333,1704.8359882295053,-852.4179941147527
0.06076867189096707,0.9384799296612488,10.268637183786977,-1.4385210094366228,-2.5591247668020483,686.5367270714089,1022.1316576656558,2.71926531739578,1711.3876500544604,-855.6938250272302
0.05409998131534387,0.39262667252731276,4.192823991756651,-1.3423929990498475,-1.5712637417451423,798.2863007824878,909.1924072001724,4.32861471722508,1711.8073226998852,-855.9036613499426
0.13249909509620333,0.5932620180710276,3.595172312898508,-0.6570751224203754,-0.2807749923969558,1623.3159094022742,80.46415107805738,8.95482237692128,1712.7348828572528,-856.3674414286264
0.05543619102657019,1.158143758773159,2.301897570778213,-0.61930066177717,-0.13300631640185934,1358.7214238790766,352.1089254364575,3.9763144581036327,1714.8066637736376,-857.4033318868188
0.049063384446583154,0.5821113145322045,10.4929091029706,-1.2886155562478443,-2.4371039632898843,860.8874305295965,853.9016509259033,5.790938018806557,1720.5800194743065,-860.2900097371532
0.07900471583470654,0.043707314487576976,3.1642028840582856,-1.2705220761669846,-0.22119928284092616,447.5019588694492,1275.6540788330494,0.21997482574820665,1723.376012528247,-861.6880062641235
0.040762215923778565,0.5000553091082447,6.037013283720044,-1.392296445857059,-1.490311785674536,899.4997135307846,815.8108326394755,8.664679741641775,1723.9752259119018,-861.9876129559509
0.12841467751304775,0.5723181391221451,4.582879979393208,-1.247686492893884,-2.850993115251785,367.54338508626546,1351.861323579374,7.4429081647478315,1726.8476168303873,-863.4238084151937
0.05338945936752303,0.09421324767665988,3.356999500733124,-0.6121840032212886,0.36255528700661,1470.4338378586515,254.25698675713375,4.522037366804067,1729.2128619825894,-864.6064309912947
0.009840381060646088,0.12411424459189778,3.821224053351097,-1.2025969241363763,-2.2089505201661135,1143.2858439037539,566.1594556217417,24.447591412327753,1733.8928909378233,-866.9464454689116
0.012007484447883975,1.78574278582759,2.9354661517400316,-0.592847140978768,0.025897507514017537,1101.45218363416,609.8900039512918,23.08056061562255,1734.4227482010745,-867.2113741005372
0.027671296896616623,0.9933669494884793,11.259081200555482,-0.6861419160624025,0.357696285303871,1244.0374792848495,477.9681350380624,14.369107343688613,1736.3747216666006,-868.1873608333003
0.10515267393847727,0.5248878496733144,10.883616024229987,-1.2238283865979556,-2.7401526889607553,532.9823950186695,1202.065019592355,1.4956029138072737,1736.5430175248318,-868.2715087624159
0.06076118256083917,0.21383230135672504,1.9424658647339104,-1.101137687711236,-2.6692202125585713,768.475586253234,968.50797629398,2.7208638286663307,1739.7044263758805,-869.8522131879403
0.012256197305039152,1.328211043641197,4.1547586567228905,-1.3708569805977036,-1.68083027474214,1103.7987910078632,615.9907585861926,22.926185778023342,1742.715735372079,-871.3578676860395
0.004456275461053372,0.34771963461554367,6.710894377545286,-1.2639679850417864,-1.9573378540813524,1188.7709295897087,529.7764463707356,28.014169919583917,1746.5615458800282,-873.2807729400141
0.09329471755960296,0.3414250311647314,4.264773737134185,-1.4038332896186339,-0.8230491547035714,525.8182061983779,1225.6813056383685,0.20761908483450436,1751.707130921581,-875.8535654607905
0.018355313907496576,1.4292274829547424,9.262462924776143,-1.4032528977404788,-1.7702537616721097,1056.2471539937624,682.0891580624306,19.302600095481207,1757.6389121516743,-878.8194560758371
0.06354633588500865,1.527664903946825,4.874221351336777,-0.6533185463203972,-0.14639235650933013,1444.198290958475,312.1402612015577,2.158796724405084,1758.4973488844378,-879.2486744422189
0.0799142381077923,0.021020975665765867,6.687285001972154,-1.3850486723506075,0.6919950232073768,365.35394341200185,1396.1763381749968,0.16823288997739522,1761.698514476976,-880.849257238488
0.025526309053098786,1.713301442587184,3.5275878566713503,-1.4164674910626844,-1.976235404750752,999.0507552360141,749.9058553099603,15.440631263773424,1764.3972418097478,-882.1986209048739
0.05177451752254567,1.8084205559332254,4.446762784423087,-0.6570218159093411,-0.030199089313129868,1393.4558070583832,370.5563054516489,4.977391107909567,1768.9895036179419,-884.4947518089709
0.09443990228699159,0.8205585046952385,9.13486277546723,-0.7819012293139277,0.4108008302749173,1615.2641791901963,158.06482487458547,0.28063946913336923,1773.609643533915,-886.8048217669575
0.11759666383816732,0.48073056431820516,5.250132266908243,-1.2601037391485577,-2.3127393922642923,454.97783304854295,1318.7884912403222,4.1134539286965195,1777.8797782175618,-888.9398891087809
0.1221864523348548,1.7258427808585912,1.696768420758021,-0.9096088576892829,0.44778888404708317,1738.4744799704076,34.101037707392905,5.40635917913027,1777.9818768569307,-888.9909384284654
0.1283463665499099,0.32607980290924826,5.778885122858277,-1.1853927235910537,-1.6102343095232183,381.27452340847805,1391.8496538714014,7.418809504597887,1780.5429867844773,-890.2714933922387
0.09415038812146982,1.500866111212437,6.282353644573115,-0.7818288501864629,0.10478316186954384,1638.446651749312,148.06808441414216,0.261141936698082,1786.775878100152,-893.387939050076
0.07329020530608615,0.5217925610911804,4.875459441683012,-1.2919497923427183,-2.5441598592456325,722.8732398606387,1071.5145999063186,0.7035605445614401,1795.0914003115188,-897.5457001557594
0.03388290248265539,0.04148181535660721,7.065472509528839,-0.6327332693889562,0.45468859912716564,1416.4598558595142,370.6455775995594,11.483453420294781,1798.5888868793684,-899.2944434396842
0.05413548725753193,0.7736394181617159,4.868573057729577,-1.4456013488471142,-2.104427889889843,808.5207461107743,986.6193175893384,4.319059979389494,1799.4591236795022,-899.7295618397511
0.0747807101837895,1.6581190057416715,11.653746941250345,-0.7142893644413701,-0.0049014730073522195,1555.206846850446,249.5061806197519,0.5510666663679817,1805.2640941365657,-902.6320470682829
0.02258191262080527,0.5337820196215801,3.0474288476227587,-1.41527234048523,-1.3787795802632419,1070.2757254451376,722.1166072646813,16.97424133355057,1809.3665740433694,-904.6832870216847
0.13868341620963132,0.6354967693591937,10.234157760228216,-1.3686371100029697,-2.487401532525128,358.6757556813618,1441.274763815848,11.509948547995796,1811.4604680452055,-905.7302340226028
0.0673967070733381,0.27170381565850776,6.272118109793362,-0.6308908611984724,0.34704022221477393,1557.141563460903,253.15163075004406,1.4887352447231075,1811.78192945567,-905.890964727835
0.12228487309817641,0.12590069527949357,5.344036178688337,-1.1526704946501116,-0.6985861084885565,269.91441063217434,1538.59191132881,5.4360154578987725,1813.9423374188832,-906.9711687094416
0.09693262566910676,1.1562806859133992,6.628816685686116,-0.7091465905291672,-0.14026707625363066,1650.485217633418,165.7868488949651,0.4775521806971546,1816.74961870908,-908.37480935454
0.02428949172955625,1.5634972178527744,2.822357204978732,-1.4478202029943255,-1.7540476137120784,1039.4332995278385,763.617987160519,16.075993608908572,1819.127280297266,-909.563640148633
0.10076543525710041,0.14310161597639562,1.180569360719827,-1.1133807554499027,-2.045041576268911,456.86604868680416,1365.2876459335246,0.8818377753287125,1823.0355323956574,-911.5177661978287
0.028435007873591774,1.737835676523647,10.932716903646359,-1.3563042321130636,-2.7211879206075356,1020.593407427962,791.4549751477757,13.996898313200212,1826.0452808889381,-913.0226404444691
0.09974948825098144,0.08041461914022346,8.646372812176182,-1.2861381193278472,-0.020248978726301825,353.95252748383336,1471.753052275279,0.7626930857623202,1826.4682728448747,-913.2341364224374
0.1318034020118229,0.6897949397609417,8.090781349542173,-1.3857855542201376,-2.947456267413682,353.78023628010385,1464.688876595462,8.687429183705067,1827.1565420592708,-913.5782710296354
0.1221497710751021,0.769962067756961,6.04869518950529,-0.8353822658143155,0.49414395703022507,1751.285541469829,73.7563036415026,5.395327081589634,1830.4371721929213,-915.2185860964606
0.13438766665442015,1.272378371031397,8.18969798231972,-0.8741916348612194,0.06553262709166674,1790.4120741933896,33.2577145618959,9.70113960569432,1833.3709283609799,-916.6854641804899
0.13430265141263825,0.6714208071693964,1.321240987510505,-1.3748733074524564,-2.627906057894518,242.53105950234263,1586.598878772957,9.666901667511205,1838.796839942811,-919.3984199714055
0.13895090371262875,0.32422115860072503,8.760836079813837,-1.1901507076878892,-1.4305397374494286,356.5678471189992,1475.9030635108625,11.62769009447136,1844.098600724333,-922.0493003621665
0.0021343734617770664,0.7777453103752444,2.484016850748283,-1.1695789751444803,-2.7903457011949806,1286.6133460351768,529.7818735002979,29.627178041836675,1846.0223975773115,-923.0111987886557
0.014482071942097422,1.701447487099711,6.859862250270247,-1.313231410334638,-2.411131810724227,1160.4737359746882,664.0483934136172,21.567659104259583,1846.089788492565,-923.0448942462825
0.047419120904552525,1.7855059094867682,2.0937080689710026,-0.7177743132626568,0.3566197577467394,1461.4779321967083,381.9898615203857,6.3143277095336465,1849.7821214266278,-924.8910607133139
0.0473694347306912,0.03727295158741735,10.193900733901554,-1.1319185882994338,-1.9317447392242604,853.4877564254627,990.5004450079945,6.330495846539413,1850.3186972799965,-925.1593486399983
0.05027455442915295,0.169725594637164,2.6066119052811985,-1.4370495245742831,-0.5384440362469389,839.0672138342485,1008.2061003817483,5.419887930590053,1852.6932021465868,-926.3466010732934
0.010866580346883675,0.3971954998303811,6.322282207534776,-1.3164792451070086,-1.8481835366294155,1207.636588726518,622.6822720989481,23.795352338456492,1854.1142131639228,-927.0571065819614
0.0405814138906315,0.35137567750648147,9.379377988191756,-1.1490637369284653,-2.9407894262265897,1019.2612944134532,828.6120464222396,8.733691784586265,1856.6070326202791,-928.3035163101396
0.11709181867970044,0.25540671158926737,9.906893810265649,-1.1027043644314272,-1.9482235873756593,446.1652088628155,1410.7971279716025,3.9820122964538913,1860.9443491308718,-930.4721745654359
0.02683585424258842,0.13386628988418703,9.345040360705342,-1.221814238077053,-2.0650116149419047,1082.2479613100536,766.0213439303436,14.781870046900806,1863.051175287298,-931.525587643649
0.06033354379661234,1.2505416915297523,3.5404728292001844,-0.6983717574585233,0.20802896099770063,1524.471318493707,335.95381589615283,2.8129175113093705,1863.2380519011695,-931.6190259505847
0.0016286686498711324,0.4631517927526404,5.979618328590358,-1.2862584144168925,-2.003830241406292,1284.7618024410829,549.4702472418013,29.984474609971144,1864.2165242928554,-932.1082621464277
0.10080667464403122,0.5911507174766106,9.828107759983359,-0.7322579974951652,0.40318861839178854,1702.5276207041488,161.71911513833751,0.8868566493495785,1865.1335924918358,-932.5667962459179
0.0156442756425983,0.06268964662484568,4.367000323311601,-1.4213948002577286,-0.8305825044488504,1128.5018226084046,717.0213736967364,20.874813838101552,1866.3980101432426,-933.1990050716213
0.09814779869793867,0.1311364267103855,10.5874495705511,-1.3238514479412653,-0.20380903166776498,435.88937559550254,1431.5244580199685,0.5924104464996425,1868.0062440619706,-934.0031220309853
0.13600733926004852,0.02071863416210328,6.500036572190027,-1.1190765231745814,0.5361037250983189,36.48269376560571,1824.3964118989657,10.364986135031295,1871.2440917996028,-935.6220458998014
0.1172577470447801,1.1131638397969483,10.866603055616654,-0.7472509424610471,-0.18516726062298083,1769.7267368768871,99.24769533148724,4.024977992288374,1872.9994102006626,-936.4997051003313
0.07381506716432601,0.1762028418801587,2.3112952251973864,-1.109165683384956,-2.4335265625512097,727.5611050864835,1149.103294089571,0.6477397037599696,1877.3121388798143,-938.6560694399071
0.12443775763712502,1.8401956822747585,5.662765705294423,-0.784213928393325,-0.32984096536351437,1818.6761842699857,63.972894815056144,6.105019273647519,1888.7540983586894,-944.3770491793447
0.11799419192403283,0.4298356037700141,9.586956194373137,-1.3534890272289444,-1.4964370390615682,496.0002880538433,1392.3927942106777,4.218456423356774,1892.611538687878,-946.305769343939
0.09979336896979761,0.46870045086466433,4.694016886011211,-1.2556574443441073,-2.674368266948595,601.3153829490216,1291.1401251663608,0.7676605779512404,1893.2231686933337,-946.6115843466669
0.10230105851472734,0.029757203257945987,7.387528184799843,-1.0661193339536827,-0.9383438495414405,321.35773365856096,1571.2378401385072,1.078333083855322,1893.6739068809234,-946.8369534404617
0.11216715841547788,1.332818209921392,3.79572077995517,-0.7831512102905395,0.04383627679025226,1787.5623141162434,105.53053360309627,2.8117811409493196,1895.904628860289,-947.9523144301445
0.019680103357449692,0.5162925217587915,5.6718704393246995,-1.31838907226973,-2.123532783706727,1177.7558976364692,710.6654921256095,18.556700780208292,1906.978090542287,-953.4890452711435
0.08602207903025125,0.18436566403842142,2.474601689882701,-1.2342014791247657,-1.5293087865119228,624.693126520466,1291.2402404681152,0.00022321164571744258,1915.933590200227,-957.9667951001135
0.0336366231357901,0.19393221528764693,8.465613082221354,-1.140872969762689,-2.7353192492956993,1085.0154960133955,819.4843059550735,11.591713252450448,1916.0915152209195,-958.0457576104598
0.019286253915516572,0.21278202109909033,5.256911817118938,-1.3684437368898457,-1.4191099049908245,1166.0159145646592,733.9376992935096,18.77691558039402,1918.7305294385628,-959.3652647192814
0.0013960630077711868,0.9724472412267817,9.97234483361534,-1.4322711246641089,-1.1604454326360167,1299.0173638178715,594.0764628933637,30.14953697069285,1923.243363681928,-961.621681840964
0.12250194089828269,0.488341996852201,6.959156850503272,-1.264381995975166,-2.5428302502165407,499.7578114172796,1418.6671427265037,5.501709361790965,1923.9266635055742,-961.9633317527871
0.11492541802600074,1.3288320174853556,8.767565383585534,-0.8816177474652668,0.42114628780057295,1841.5664925886151,80.24772944611314,3.442197898019763,1925.256419932748,-962.628209966374
0.05066309524499178,1.2554253642054378,0.506987604115014,-1.3459156254892404,-2.6178203815571113,876.5279328653473,1043.7706342904319,5.303458294569975,1925.6020254503492,-962.8010127251746
0.09636786678775229,0.46147590208505207,7.2633380370944325,-1.2889113134746824,-2.4220281169018265,651.1303113310566,1279.2672052627192,0.42838005943122287,1930.825896653207,-965.4129483266036
0.05633813604763163,0.5574601046838842,7.746214937484749,-1.2943863827957287,-2.824828235039501,925.9971713753504,1004.530572394648,3.7469631991466406,1934.274706969145,-967.1373534845725
0.07498301115590285,1.4429755650118261,2.6930888784354456,-0.6598127843523207,-0.08229390348155174,1642.7697723085737,291.2099466559336,0.531803085205604,1934.511522049713,-967.2557610248565
0.13613201076267062,1.441078544873056,5.590557997955962,-0.5922716353560115,-1.382959862148956,1836.550561441388,89.42403447978629,10.416995129376714,1936.3915910505511,-968.1957955252756
0.11895366990629518,1.1560809691417533,0.7159067744035534,-0.792134481632667,0.41167827736073326,1890.2355373335815,46.81840507193069,4.477343140775869,1941.5312855462882,-970.7656427731441
0.13766983736092805,0.04184506684889816,0.9673661780953335,-1.2308526354056033,0.1869345140566958,107.98365392108308,1823.609578251354,11.069232289065836,1942.6624644615029,-971.3312322307514
0.01881823429150781,0.18827336112761103,7.98716126285569,-1.1801500919666772,-2.6680305225548153,1216.7810246757927,706.9485080490873,19.040290416123355,1942.7698231410031,-971.3849115705016
0.012690432592059374,1.7150357067781141,8.636108481046701,-0.5616905575977237,-0.031345898977804154,1232.6109535649657,687.8181324281567,22.657899794738004,1943.0869857878606,-971.5434928939303
0.12969442974413256,0.8711172670061056,5.1868827109543805,-0.7824535133850803,0.1369385445768767,1858.0689083375707,79.89340989922809,7.9016010437234145,1945.8639192805222,-972.9319596402611
0.12757330598760402,1.5390541566174827,6.922379394933762,-1.0176624637225338,0.8164265096684717,1908.849621459117,33.476173434291226,7.148813496797083,1949.4746083902055,-974.7373041951028
0.051480851711676476,0.53190488838714,3.3658051040799495,-1.4358535721814751,-1.8031943171227638,927.9879152142164,1016.6256221709256,5.0625407828481235,1949.6760781679902,-974.8380390839951
0.10690889126840745,1.7429015701681116,1.9315813112841242,-0.7806643309684228,0.1242897046878122,1828.777976473854,120.64242496004213,1.786468801608837,1951.206870235505,-975.6034351177525
0.1167237653521541,0.09239629288400096,11.249008465793775,-0.8246401589390879,-2.7390393564514146,405.6890956374402,1547.4499548653628,3.887531006157499,1957.0265815089606,-978.5132907544803
0.0794190354145712,0.0923142028706992,7.334027831159473,-1.3640555982850815,-0.2049950295726397,594.3912464501634,1364.711500836196,0.19554548064835028,1959.2982927670078,-979.6491463835039
0.057261999508822145,1.7208943392272127,7.2307480315487425,-0.5703749769287649,-0.3927991596221565,1533.6949421670327,424.29280795495526,3.5191010813341914,1961.5068512033222,-980.7534256016611
0.0918105568801739,0.09529209433955468,7.837194937843291,-0.943841344637063,-2.611746981039837,592.5872995467083,1370.0422133930485,0.12932393740541634,1962.7588368771621,-981.3794184385811
0.0748848555785442,0.08249123935206312,0.7944726734354425,-1.1482434541027684,-2.2782220701248552,696.1081179902628,1267.2748996718292,0.5411068917071238,1963.9241245537992,-981.9620622768996
0.0430436978817798,0.4863466899875487,8.108563681661506,-1.2413729532571707,-2.9103035269293827,1056.424451504826,900.7822012245138,7.81736055962328,1965.024013288963,-982.5120066444815
0.08595751676389757,0.874795783571047,3.110453703809023,-0.6058005948282247,-0.23216865116538887,1695.8478004966667,272.16547549225254,0.00036549477998097614,1968.0136414836993,-984.0068207418497
0.13268116544575811,1.304592276362949,8.242928324584419,-0.8757212928609867,0.18796980216852122,1918.3967194724537,45.32253964673414,9.025471195689718,1972.7447303148776,-986.3723651574388
0.04689283047792412,0.6222393363354827,11.488310752945292,-1.4298058789921602,-2.048597557617522,992.2254112075216,974.8145542688881,6.486635568948728,1973.5266010453583,-986.7633005226792
0.009773437421240433,0.9302377731294406,8.78300876055396,-1.3868208111809568,-1.8222985501805067,1274.3398585023065,674.7294197987688,24.49044633158741,1973.559724632663,-986.7798623163314
0.02997062406182919,1.7844790717212422,6.947343212980453,-1.443733766531751,-2.4629881990720985,1079.9507567744974,881.2815854939855,13.26327056040506,1974.4956128288882,-987.2478064144441
0.12818389102513136,1.8381758621588413,11.394361718139981,-0.8657900509509707,0.05093584782995375,1917.5815705896973,53.28023205194487,7.361648584419076,1978.2234512260613,-989.1117256130307
0.12567559655320718,0.07659430931627327,2.2306458525126374,-1.1619756973616444,-0.5437453196699531,258.07223775628955,1726.998416854213,6.507248492487217,1991.5779031029897,-995.7889515514948
0.02284486849645613,0.08629460673338858,3.819055387085777,-1.3505956539817487,-1.4037031137535043,1164.9170581024848,814.5689786753774,16.834326595046264,1996.3203633729086,-998.1601816864543
0.13762422893231765,0.05295466942093077,7.0307672198489515,-0.9974260650859421,-0.8400927196391521,151.20213811953968,1841.5205743477982,11.049603463016409,2003.7723159303544,-1001.8861579651772
0.04767608639180861,0.29500416476633506,7.764724690141815,-1.179295857969687,-2.8106845741409456,1040.1287268033727,963.780798192232,6.231039749319003,2010.140564744924,-1005.070282372462
0.08743380573238171,0.08861666551187729,3.1830464269075054,-1.27731513101237,-0.6922426648390676,572.3555295013449,1441.986117725187,0.005838292905486655,2014.3474855194372,-1007.1737427597186
0.055822347818198295,0.2146431964558405,1.1800350452648973,-1.1991187209142549,-2.738848852635275,930.5092323570175,1088.436314780719,3.877286553275344,2022.8228336910117,-1011.4114168455059
0.05932632041674775,0.7622996317280396,2.046562320257103,-1.3925150710283034,-2.8995756382624838,886.9173954180025,1138.9219847131653,3.03578400837702,2028.8751641395447,-1014.4375820697724
0.12070408614704145,0.535369904147842,1.9364460357729902,-1.4397605914030236,-2.1808777859063726,416.13132785997135,1610.0160558209607,4.9695020687851645,2031.1168857497173,-1015.5584428748587
0.08551470551495528,0.13951504509165433,5.728398026693818,-1.0400018297982605,-2.524826502237662,699.7223911779812,1334.796508862561,0.0022820711444556576,2034.5211821116866,-1017.2605910558433
0.07060238627108543,0.6163170817339034,8.035657697347247,-0.6233496688503063,0.1349348777762467,1677.1108936887897,360.2509552394611,1.025574684172743,2038.3874236124236,-1019.1937118062118
0.07636942792410573,1.6556680234968368,3.1194119271228176,-0.774083233185253,0.41503631755781534,1776.1703176039487,265.81447701864863,0.4090076337594875,2042.3938022563568,-1021.1969011281784
0.06903109868505741,1.0007447535008056,4.895297837348273,-0.6944718954097204,0.2612492726433233,1705.8303732642578,337.69620162964105,1.2418435767206537,2044.7684184706195,-1022.3842092353098
0.07461256583053297,0.08765733992497668,1.3936111379512635,-1.0498261249942724,-2.7363591279361295,773.8798890930681,1272.923918366767,0.5673385758507193,2047.371146035686,-1023.685573017843
0.08445964507677457,1.176649051246293,4.206386033838134,-0.7092054918442269,0.14407549453582202,1792.6818690139812,259.52902733273703,0.013465540886512247,2052.2243618876046,-1026.1121809438023
0.005955795180898756,0.9234524778881258,5.196168089769642,-1.2697219071334493,-2.625311657904801,1381.2549576183483,647.6897840549242,26.996457612812684,2055.941199286085,-1027.9705996430425
0.1319940327330123,1.5183443580779674,4.367022754813592,-0.7568673193252711,-0.34851999212984275,1976.894525939425,73.43073156313284,8.760295946749912,2059.0855534493076,-1029.5427767246538
0.019962080716131373,1.6378670775057511,5.989523031837273,-0.6769608966692042,0.4562112957204141,1437.6517085149171,613.0146870795307,18.399835432018275,2069.066231026466,-1034.533115513233
0.08425176111326224,0.3054193032692798,4.331123047332965,-1.197643936135808,-2.5717811955288266,779.4008630447545,1290.629970259938,0.01676836520955494,2070.0476016699017,-1035.0238008349509
0.06144676821056116,0.5740080637493008,3.0830880444031457,-1.3413827517099368,-2.937837570981105,925.9228520838598,1142.345798397265,2.576479988986903,2070.845130470112,-1035.422565235056
0.017762106849462507,0.47236436904074,0.5146745222566009,-1.3124216623784084,-2.3926861484117667,1274.24993193153,781.0895392520185,19.641358733780066,2074.9808299173287,-1037.4904149586644
0.12635620431477063,0.8423740499119564,9.694030568045383,-0.8084558878469067,0.38951393523287736,1969.4998146161959,99.10228389227356,6.7338754384058435,2075.335973946875,-1037.6679869734376
0.08685443185537808,0.18149692395669903,4.756160108470245,-1.3234062587496722,-1.0167767813103283,675.218542222299,1401.0834484373777,0.0015146898269601963,2076.303505349503,-1038.1517526747516
0.07462720823642727,0.5006327935547906,10.960062372342247,-1.3529963332177117,-2.5292481511572484,867.1531218879906,1211.253411772569,0.5659121687571147,2078.9724458293167,-1039.4862229146584
0.11583034525696544,1.860033215653491,4.072913009059931,-0.8692181187833953,0.3506642994034399,1982.8477023917058,94.41337626753962,3.662904102651331,2080.9239827618967,-1040.4619913809483
0.09401199403102542,0.2753157377292464,1.6928581252562793,-1.409727079683774,-1.2589425761911786,619.2066979058181,1468.590337517132,0.252069646528951,2088.049105069479,-1044.0245525347395
0.13438755256875257,1.5758721273696568,5.421047413305941,-0.8381799213584122,-0.01316638327383668,2024.4917605182336,54.69825383761252,9.70109361975348,2088.8911079755994,-1044.4455539877997
0.06496490783676905,0.9622342183328607,8.791561205372934,-0.6281389011982305,0.01854442839350323,1690.4598761636082,396.6749562157467,1.8974855780016577,2089.0323179573566,-1044.5161589786783
0.13618459868582705,1.2782199055624386,7.019668346897669,-0.9480810752798567,0.5787786115748239,2041.851896306489,38.030540050648,10.438972172273928,2090.321408529411,-1045.1607042647056
0.1360538644196446,0.24774025983662018,4.403178754502296,-1.1821933286394355,-1.540778782171855,399.0826685891167,1687.5563695481721,10.38437973201296,2097.0234178693017,-1048.5117089346509
0.12679739570705617,0.181526657301989,8.962753512298928,-0.9992725203987831,-2.277705760485224,438.3047330900644,1653.451128094693,6.882854444021917,2098.6387156287797,-1049.3193578143898
0.08268725852360996,1.0901741533361822,2.402071393794749,-0.6532273963776507,0.005848287641941674,1809.270205216643,290.3270902792866,0.05323514528696213,2099.650530641217,-1049.8252653206084
0.13549598945471436,1.439375270473338,7.239090046990246,-0.7345168502597316,-0.5093506104571679,2019.039127205203,74.52018041705622,10.153028970060829,2103.71233659232,-1051.85616829616
0.02561718427990159,0.9121786475893385,3.0483314950990628,-1.3298194272402044,-2.933661241975696,1236.325971586481,856.37606282925,15.394453161123,2108.0964875768536,-1054.0482437884268
0.04572478885512707,0.7211531002581819,3.6862463438078175,-1.4129795221670154,-2.657699701990736,1057.4503063245902,1044.6073680746729,6.877339572510552,2108.935013971774,-1054.467506985887
0.019255748574254567,0.14566836635268374,8.636559010880909,-1.2544637613992542,-2.373408230125322,1301.8592871110136,790.3517684213068,18.794026369799514,2111.0050819021203,-1055.5025409510602
0.11345823712575924,0.5819956135759545,8.937832473199997,-1.4266783969950163,-2.6047500389263183,589.5299332281778,1518.7898180522677,3.0989336459098764,2111.418684926355,-1055.7093424631776
0.0542755907948515,1.590940102356164,8.863588281005834,-0.6038189084493607,-0.1260830996979454,1641.4645974563932,466.28369360174986,4.2814607828036415,2112.0297518409466,-1056.0148759204733
0.1198637046180644,0.3380601810336544,10.365840256408914,-1.2915033511413645,-1.6502544096633596,555.9299948893702,1556.3697023229795,4.730012542982023,2117.0297097553316,-1058.5148548776658
0.001654375012011933,0.3344165330807905,8.129232998814464,-1.3006882285268153,-2.3144405385066777,1453.6937668261098,633.7122399756978,29.96626058192595,2117.3722673837333,-1058.6861336918666
0.0204024078269191,0.6814121969045892,2.6712374461888038,-1.3345056794048715,-2.5700271171594813,1292.5828786486604,806.9159639519947,18.15621104870444,2117.6550536493596,-1058.8275268246798
0.0005141793322643507,1.1180861622870595,3.8977995516009676,-1.4487087388604016,-1.3342057098354407,1438.6093580113745,653.5789397074104,30.779457312890543,2122.9677550316756,-1061.4838775158378
0.01041355622534554,0.34258236403913567,9.404893569024422,-1.2235775039083714,-2.891142582294583,1404.3556472356072,696.2020718680984,24.082201432397568,2124.639920536103,-1062.3199602680515
0.0516420899922662,0.1384778433651949,8.73954152035656,-1.0963998510136088,-2.923685777862998,1042.185878425533,1080.3271644655206,5.015699641278834,2127.528742532332,-1063.764371266166
0.004896262727234001,0.39572563323131826,7.7351857956353935,-1.35849595356313,-1.9772604479234341,1428.3057336749214,674.8071652007418,27.713602089188875,2130.826500964852,-1065.413250482426
0.12114836817229656,1.1963458393711994,4.593467737526829,-0.606602646086583,-0.7467423536314701,1969.2247003902282,159.43038992367525,5.098502050966308,2133.7535923648697,-1066.8767961824349
0.0140116376545894,0.9302579717101653,3.122002756623695,-1.3810601134939196,-2.25193996582402,1346.0095549740759,767.6878663138431,21.85132335012499,2135.548744638044,-1067.774372319022
0.02662336160820987,0.6635918130141475,7.147050429734371,-0.6250568660601992,0.32867010485531134,1504.029598527074,622.7043313308199,14.887787513299854,2141.621717371194,-1070.810858685597
0.09909994383748957,0.5636477577503286,8.729155328818946,-1.4078796112286438,-2.696718122401995,702.614685165857,1439.0216935256856,0.6910476571060853,2142.3274263486487,-1071.1637131743244
0.008540032902942899,1.1600905316109966,10.428778026161552,-1.3842685319737846,-2.1379757467834173,1393.2007179684379,724.1778603930761,25.28674310265253,2142.6653214641665,-1071.3326607320832
0.008533625449963427,0.7956057792149502,6.522385238972467,-1.3050633341865727,-2.6113989665228106,1421.0924460694441,708.5247154519071,25.290913072409566,2154.908074593761,-1077.4540372968804
0.12090269030196539,0.09414753125586187,4.210500697209465,-0.8847438259968109,-2.6089726515336675,448.6149703795979,1703.7475289064491,5.026963694046839,2157.389462980094,-1078.694731490047
0.0920556835555095,0.15625461648250757,3.4508385819749696,-1.3811939056527671,-0.5770315557033201,638.6991400695782,1519.3047885571002,0.14098361976108253,2158.1449122464396,-1079.0724561232198
0.015715380064527613,0.6561918074582617,5.48285884419074,-1.40197706613016,-2.0716825296509054,1355.1373456141853,789.9560552232971,20.832792264226665,2165.926193101709,-1082.9630965508545
0.034954238848070585,1.688689696667983,0.758367231749693,-1.4361419708101184,-2.459459108536298,1152.8637542193349,1005.07200185546,11.018424282824148,2168.954180357619,-1084.4770901788095
0.10486391681206787,1.6672370459540615,0.8784486732053005,-0.7089698260329549,0.141522838570463,2015.8799295895014,152.14658650164927,1.4502512118149866,2169.476767302966,-1084.738383651483
0.09687087151445178,1.081433267729974,1.8899176403052043,-0.7366246272205547,0.3303920077441651,1978.5282503311316,205.33824747241212,0.4720453430850453,2184.3385431466286,-1092.1692715733143
0.06411101596673012,1.748881603856868,4.078583866172618,-0.7279687643843271,0.36906809195545476,1817.5565248689143,375.9576642686532,2.0527597108243025,2195.566948848392,-1097.783474424196
0.120567319809718,1.749047936596006,1.2231990771312553,-0.5655162291852549,-0.7864651893921675,2036.6561760894551,154.72689781239,4.930123867211985,2196.313197769057,-1098.1565988845284
0.09526187818023235,0.34606312956867497,9.678553943144001,-1.276201473212811,-2.2726099158501345,767.7181439908786,1428.83603135552,0.33982135398315083,2196.8939967003816,-1098.4469983501908
0.0954499415645581,0.20405638258557457,3.9032935155827855,-1.050016854328403,-2.9977828576012904,740.7577923202149,1462.065106457159,0.3541571634094561,2203.1770559407832,-1101.5885279703916
0.11183522868254804,0.12597685023864177,4.0748178370931605,-1.161633666193571,-1.3970639632254982,513.8269699674973,1690.7060129326273,2.7402113583254053,2207.27319425845,-1103.636597129225
0.0770890289514962,0.24129564726748082,4.770697546725771,-1.2749514001253195,-2.0095846890147495,872.1322267729744,1340.8606215083812,0.3516177173460165,2213.3444659987017,-1106.6722329993509
0.005820152591332558,1.1447050268695607,6.144952362721441,-1.2997186785496257,-2.742061337770117,1485.5566255452734,709.3756914708401,27.0877425773949,2222.020059593508,-1111.010029796754
0.016147059559738997,1.948867850148601,11.319156914410454,-1.3841181055592449,-2.7221907360242494,1373.0833807537394,829.181644090718,20.578585360140792,2222.8436102045985,-1111.4218051022992
0.13679676592711026,1.7041528578944862,8.766006908819325,-0.9044214786576014,0.291191878124597,2162.8032043581875,51.46507908286324,10.696507138968345,2224.964790580019,-1112.4823952900094
0.08667659427880164,0.45883370113051214,10.889789395374645,-1.3865010902120622,-2.3296727341306056,848.6231447879996,1376.6315701856508,0.0007513975022033141,2225.255466371153,-1112.6277331855765
0.13579767285490096,1.946562056837744,6.078949260059262,-1.0451946014520206,0.8971198469870543,2179.78091049728,35.998329242448555,10.277813473264045,2226.0570532129923,-1113.0285266064961
0.10420688417830444,1.7415661984816602,4.204963751626434,-0.7593257135222685,0.10182327591201012,2042.8828067291047,185.20539736463573,1.3496606697544211,2229.437864763495,-1114.7189323817474
0.0606831902492879,0.43823768389933565,9.432278746992122,-0.6065284139774394,0.2910146700403313,1792.971215250292,435.9202368153649,2.7375383039947403,2231.628990369652,-1115.814495184826
0.023395463798045534,0.4304973308585957,5.634571808370424,-1.3053025190496739,-2.725310074973994,1364.6957716648,862.5504139851604,16.54323891256749,2243.789424562528,-1121.894712281264
0.12075499930898156,1.5932710884581696,5.742911812632373,-0.8706625159781057,0.421536981919286,2137.6257483698405,103.6133892857331,4.984201157904984,2246.2233388134787,-1123.1116694067393
0.010478566433135862,0.9397266096041182,4.043408850034351,-1.3655321762977233,-2.45425088878705,1451.0128104911905,771.2778747598014,24.040932180931602,2246.3316174319234,-1123.1658087159617
0.012377529978591892,0.6333733916663222,11.936266657970206,-1.402478270997729,-2.1360270834113075,1445.8343892453777,791.1556654049829,22.851063180902468,2259.841117831263,-1129.9205589156315
0.0358716740054224,0.1949365443469022,8.686179023310219,-1.3123883988344365,-2.115792119223065,1242.4521234159813,1006.8233385802838,10.62783773207467,2259.90329972834,-1129.95164986417
0.009228262861232255,0.41478629939055744,6.983378677287479,-1.4340962873942584,-1.7244502965373703,1467.8324658246036,769.8231724093428,24.840844810210363,2262.496483044157,-1131.2482415220784
0.04359420473087932,1.0937170580359545,8.199623374385983,-0.6705875439352614,0.3870967414670652,1722.9569170967447,532.4578954734268,7.619435623019159,2263.0342481931903,-1131.5171240965951
0.05256406630739054,1.1173754629095836,1.54756290391545,-0.6210362614237567,0.1754350026063971,1771.4323272927306,487.36792393273913,4.75203897712174,2263.5522902025914,-1131.7761451012957
0.008117376038380732,1.816084653278464,1.3110130179639046,-1.3564424171177238,-2.4873480171095927,1482.5098280910152,756.4473174258256,25.562544775076955,2264.5196902919174,-1132.2598451459587
0.04834063054066434,0.5533169696344973,9.788940671542239,-1.407562052325564,-2.5948191378942034,1158.8259360831269,1105.0321886169168,6.018210977786731,2269.8763356778304,-1134.9381678389152
0.003199729692347793,0.2869351133640377,7.506880393278881,-1.2726393342522013,-2.7629211329488665,1548.9404798861287,692.5743339967619,28.881477909668384,2270.396291792559,-1135.1981458962796
0.013245872568447295,1.797692388369605,1.1681570939500485,-1.3726399036979045,-2.568117957555727,1437.113558789949,813.3352633293504,22.317030882648087,2272.765853001947,-1136.3829265009736
0.11296589402089832,1.162282372460976,4.638696056146919,-0.7611550028903906,0.20441318579228707,2104.76698929107,165.31554270793484,2.987783650684783,2273.0703156496897,-1136.5351578248449
0.004248602446554331,0.6904852176025958,10.883438734777739,-1.363679843736584,-2.253747794278145,1527.3676612664553,719.0329733201795,28.156600431707552,2274.557235018342,-1137.278617509171
0.1320732536706411,0.5439839511884207,5.478957779073915,-0.6673957131607199,0.18683990950459517,2132.280648728679,134.2777122966186,8.790666899559671,2275.349027924857,-1137.6745139624286
0.02804903754242559,0.18704045003039194,2.6886446102371173,-1.2255114261261308,-2.888840163613554,1338.7193585047032,925.2874167384334,14.184397819727417,2278.1911730628644,-1139.0955865314322
0.0948468628178295,0.506807196664196,10.336889113446171,-0.618892690082452,0.21185031137731958,1998.8045036125932,286.24840444435296,0.3092332712791966,2285.3621413282253,-1142.6810706641127
0.10520479609834517,0.9206162516532268,4.870759008026706,-0.6548018560074591,-0.0593640277190417,2049.937088495307,238.1304668563441,1.5038635238976923,2289.5714188755483,-1144.7857094377741
0.03833503095199764,0.48461052592299825,0.6251797334925822,-1.3408495511483767,-2.825322046871547,1204.557026030925,1076.33713326977,9.613964312858213,2290.508123613553,-1145.2540618067765
0.11773636448598142,0.43874363389727183,0.5906333869157248,-1.447236397660209,-2.075123098911955,439.4220714217728,1859.9370366539076,4.150203444838547,2303.509311520519,-1151.7546557602595
0.002449113870676569,1.673596194419071,2.445238777521708,-1.4102647113103637,-1.9738884710422033,1551.8206279464555,724.3771824939518,29.405885116876807,2305.603695557284,-1152.801847778642
0.011566245855152152,1.3913001055299816,4.7237346362097385,-0.5625238188085012,0.1318584744482587,1487.030368153985,804.9042473009348,23.355709894489483,2315.290325349409,-1157.6451626747046
0.059965783562350834,0.023922384039451176,7.238567870414273,-1.391268203963963,-0.4647778126042774,878.8123038593183,1434.5571991092988,2.893306493179917,2316.2628094617967,-1158.1314047308983
0.02115949596709781,0.6803396684337969,11.40157529284387,-1.3684054126148653,-2.738183186654333,1412.5898789868297,886.1165914010086,17.741124728582413,2316.4475951164204,-1158.2237975582102
0.10920484532479818,0.12003239943588934,9.49754379306583,-1.1381628901825946,-1.6304775375500309,578.3695602799227,1738.787054245508,2.205680713059311,2319.36229523849,-1159.681147619245
0.08640743398762141,0.04615403409663827,4.391808332609572,-1.0885091518378656,-1.9745622977108863,727.800216892189,1618.1092554062202,9.990004567575326e-05,2345.909572198455,-1172.9547860992275
0.013792457283495292,1.4337975352189651,4.755037366806335,-1.4275173131143528,-2.4611969884712668,1469.34083600797,857.7490524132844,21.984118429072343,2349.0740068503264,-1174.5370034251632
0.05517289707088393,0.07379049104056426,4.588822928844415,-1.4256283037333772,-0.7242100299316006,1018.259316942191,1331.4202046031523,4.044550793987673,2353.724072339331,-1176.8620361696655
0.07658141476225748,0.13130795345287777,8.267291332057393,-1.1335961436894308,-2.504051693488381,919.8274740779294,1441.1451894462216,0.39165061631954756,2361.3643141404705,-1180.6821570702352
0.09228276611623945,0.04934379856273205,6.124092928027632,-1.2981264555523815,-0.5019567987401468,611.1060049721447,1751.415232431865,0.15223399416556604,2362.6734713981755,-1181.3367356990877
0.08725924764412957,1.7974473266699877,1.944590602494048,-0.7124835006142614,0.22050473929345005,2072.2909527343463,291.75655472902264,0.00423977361055409,2364.0517472369797,-1182.0258736184899
0.0010049690265591395,0.446582576329776,5.342182918388181,-1.3302025515076719,-2.5359674546310953,1621.157280302068,714.1085248751646,30.42808765665204,2365.693892833885,-1182.8469464169425
0.00987878268339016,1.747200864176045,7.000682866583027,-0.560085277163184,0.14558628772572657,1517.275929741783,836.0138407417228,24.423025007772893,2377.712795491279,-1188.8563977456395
0.02400060201544393,0.4492034773904118,8.33497435320974,-1.4406069618715556,-2.0591546761471324,1428.1547842820958,944.2737615995615,16.226243904652925,2388.65478978631,-1194.327394893155
0.09809324372448612,0.10750355813513603,11.598771566745452,-1.382341553458954,-0.3216675862353666,636.009400700517,1756.2160001005036,0.5869887930874422,2392.812389594108,-1196.406194797054
0.08558983429827105,1.9055043417940256,5.045641719681749,-0.6478847202080406,-0.14307597633210856,2056.904943696092,337.9221495017068,0.0018412379978163685,2394.8289344357963,-1197.4144672178982
0.02881680262274111,1.6070478976528741,0.5486406838448723,-1.387264653610996,-2.9558390904913834,1357.8159475487018,1032.824576733647,13.812654590710286,2404.453178873059,-1202.2265894365296
0.13216581197744182,0.02986283791941887,8.095467556775807,-0.7969264292254696,-2.4306709504651685,330.4697268306932,2079.694010947225,8.826217575398678,2418.9899553533164,-1209.4949776766582
0.006754134068327931,0.07840989548688758,4.2056416177865685,-1.2988633935538216,-2.716215446601317,1608.030976252383,790.8489995730639,26.46231223712789,2425.342288062575,-1212.6711440312874
0.030970731455464976,0.4819992769977527,10.051962527741251,-1.4097601978292877,-2.483693940712439,1403.8900179164407,1016.3504152382131,12.79609593775537,2433.0365290924096,-1216.5182645462048
0.12163275420178149,0.2499430647573451,8.04098395497077,-1.3231836081006896,-1.3324355953490035,604.5576399300456,1824.0140334265038,5.241029942710388,2433.81270329926,-1216.90635164963
0.13213074066924574,1.7794475842177573,7.624859387322218,-0.9064180335128632,0.49305648797754387,2357.9075926553774,87.74128781764344,8.812738611729014,2454.4616190847496,-1227.2308095423748
0.07409863443622777,0.14452609415353368,2.2061413779735526,-1.1499144911425916,-2.903419822070492,1005.9415436646536,1454.5294480968264,0.6185412136351087,2461.089532975115,-1230.5447664875576
0.12155229608504978,0.2641482083078288,2.5809122541830956,-1.4178531715296518,-1.1946139339249122,592.0000476500126,1873.976164256078,5.217219514398865,2471.1934314204896,-1235.5967157102448
0.09538600227215546,0.3607035671246864,10.718097890108684,-1.4127707543604862,-1.9319645631785831,879.8077803424458,1595.7793674953339,0.34924993036223684,2475.9363977681414,-1237.9681988840707
0.009078056873185672,0.853361304028661,6.598050794925201,-1.4234908125792947,-2.385414058380271,1603.9661630489754,847.70280699005,24.937823610175172,2476.6067936492004,-1238.3033968246002
0.07909502838520485,0.4285568554594245,6.320121430011726,-1.4389988983841417,-2.366253435236077,1014.1722823734373,1469.9222483216715,0.21452724562084927,2484.30905794073,-1242.154528970365
0.12844586547173842,1.2506345225842033,3.493741121911424,-0.6080608313209508,-0.5947646905020125,2306.1220488488466,185.1906431045609,7.453923608703292,2498.766615562111,-1249.3833077810555
0.06130993408956615,1.8965775376240357,2.06487812693668,-0.7010535144400603,0.43153158010820736,2044.445458210748,463.90748494466936,2.6049827598795288,2510.957925915297,-1255.4789629576485
0.10781974152370559,0.2022386188569568,3.2829904930815963,-1.3649909563904665,-1.236932043575025,710.1554651419143,1806.611890382723,1.9474959825627902,2518.7148515072004,-1259.3574257536002
0.11767246708339692,0.6992486276185378,11.061166647671431,-0.6125190563208288,-0.04668702675568959,2257.550511483563,259.05403769610916,4.133374376008952,2520.737923555681,-1260.3689617778405
0.03136390535656699,0.6357085731767633,4.495025460967056,-1.440515047333866,-2.7876656461205984,1431.959366904131,1078.1951425457833,12.614728456647,2522.769237906561,-1261.3846189532806
0.0009657099170774886,1.2183799340885988,7.858243630684447,-1.4067041033821475,-2.306052927169107,1715.9403901605056,782.6937676204354,30.456120095937802,2529.0902778768786,-1264.5451389384393
0.1297776332413388,1.2550287051896942,1.612562473307046,-0.8587781490457906,0.7008166410201708,2435.2665061778084,96.48629393906363,7.931897927376121,2539.6846980442483,-1269.8423490221242
0.1026662371171056,0.7175823220496661,4.421388969841036,-0.7314049570655932,0.5632368741820017,2287.7392703392857,258.07831090816245,1.127966967512379,2546.9455482149606,-1273.4727741074803
0.0949148540419127,0.21056673819349836,6.875367900638976,-1.1464864838050368,-2.864162671330132,894.6611315355,1653.0858449980544,0.31414567080237604,2548.0611222043567,-1274.0305611021784
0.0800233842383349,1.6166612626286878,4.22088580965711,-0.6896014516222697,0.22749223619555448,2183.196106807071,390.91682241938804,0.16248919072456414,2574.2754184171836,-1287.1377092085918
0.12912202421883245,0.028449427292767004,5.214991361626677,-1.3843999766964248,1.0030771793214601,231.26924788482552,2340.6631739229383,7.694742344718953,2579.6271641524827,-1289.8135820762413
0.13491942445916122,0.6582062222524968,11.225878385692154,-0.7448586713692775,0.5052612668295815,2418.9067756546806,155.1144832173707,9.916666098883487,2583.937924970935,-1291.9689624854675
0.13665203565263126,0.049897978107095856,4.755728106583624,-1.2754294553349395,0.19627022657424487,269.8510060307154,2311.7019773694205,10.635336746692088,2592.188320146828,-1296.094160073414
0.010402148310270523,1.058162827018287,1.5187737776852421,-1.3878712596167662,-2.8930304951943704,1677.40816883023,902.3939164283453,24.08944696241457,2603.8915322209896,-1301.9457661104948
0.13145255141811893,0.15596106403639146,4.978206564334417,-1.1099783841255355,-2.0430479923719314,560.6672469495605,2036.8469821998951,8.554115360851874,2606.0683445103077,-1303.0341722551539
0.09835126138585672,0.38446251038823054,1.3999641821709592,-1.4459510960652104,-2.6520034015089298,817.8401566263083,1809.2861711418975,0.6128503008664643,2627.739178069072,-1313.869589034536
0.1322139951744956,1.756279025927775,9.282724093236043,-0.6670410111172661,-0.5373729693826443,2456.3803199334457,163.03659569698453,8.84475263037076,2628.261668260801,-1314.1308341304004
0.002378311042501795,1.494463592619772,4.415055513627275,-1.4056050301044687,-2.5636304026428576,1771.1192308707875,832.1881598034616,29.45559403149496,2632.762984705744,-1316.381492352872
0.1263306842086687,0.36321864841954177,2.059962508158536,-1.429933724560982,-2.2747238158880387,624.3020880538207,2003.8935707678095,6.7253078235574115,2634.920966645188,-1317.460483322594
0.08110592102338658,1.5547773770980846,11.335151368249175,-0.7826004509445476,0.6216742032277591,2274.1145450950035,361.47564345250754,0.11092328259955166,2635.7011118301107,-1317.8505559150553
0.00874212871533328,1.0724345024103557,11.056032704525533,-0.5910119690669562,0.37743000892634226,1716.5967156860722,894.3315703632217,25.15539559982376,2636.083681649118,-1318.041840824559
0.11146444681544489,0.3436872160078338,4.287986397615832,-1.2915094730009113,-2.9134603447661602,830.9424498718164,1810.1779691490376,2.6613553271457535,2643.781774348,-1321.890887174
0.13763254249138004,0.054909102820153974,6.166834943072953,-1.2507006215845795,-0.03503904432881022,298.7488989237645,2338.3697600038417,11.053180130766107,2648.1718390583724,-1324.0859195291862
0.1185123047118317,0.14372422165739698,3.0857102844336213,-1.2417659431658181,-1.5452473320486648,652.8903047390017,1994.6926387951612,4.357296336942062,2651.940239871105,-1325.9701199355525
0.09381363861525299,0.2251915740998539,3.4780154119956985,-1.2304676116262292,-2.7428123590233753,950.5321752172235,1711.393623667541,0.23934632726814048,2662.165145212033,-1331.0825726060166
0.00395866685947075,0.1730885997887461,6.853697451500015,-1.348853057107046,-2.96230241511258,1826.7472441808354,866.7445154970594,28.356054008832785,2721.847813686728,-1360.923906843364
0.0008371607897688516,0.6945126948487224,3.6261614067060752,-0.5618014907242828,0.3280391061044319,1709.0874227501276,998.5377764210465,30.547999192931993,2738.173198364106,-1369.086599182053
0.12369221619794975,0.13875650787883304,6.999946616465081,-1.1884473717624862,-1.7044103924083414,644.5805019369836,2096.742624759857,5.868950851601121,2747.192077548442,-1373.596038774221
0.0805264918569632,1.3310253392847868,11.930355765527256,-0.7215714623678106,0.45356419836225914,2340.866872553357,413.45158886365164,0.13730341580341937,2754.455764832812,-1377.227882416406
0.001555050616283984,0.7902937259109346,2.038958938920836,-1.4280284419209597,-2.5468272308511635,1859.8563434798548,868.7295759098183,30.036666668237363,2758.6225860579107,-1379.3112930289553
0.1386531099423687,0.08263657124294593,7.164693403455528,-0.853887208352651,-2.985060885045793,519.9076403723695,2235.5103841343434,11.496646248231462,2766.9146707549444,-1383.4573353774722
0.12598282364304048,1.4686466150722453,8.841408032700496,-0.8250218335722516,0.4304388972984379,2593.5471770684567,167.59338447293706,6.609067838819409,2767.7496293802133,-1383.8748146901066
0.12666822510530226,0.8944213437369377,7.234653587233355,-0.5755008786941517,-0.39209383334445835,2501.3174459358434,265.88413486822657,6.8390680944891304,2774.040648898559,-1387.0203244492795
0.006977989929340201,1.469710024157076,8.72531108460867,-1.4167440275590517,-2.992809616566316,1813.8581913510266,935.1688092516238,26.31349487309384,2775.3404954757443,-1387.6702477378722
0.10963602450503167,1.5227119374669518,7.7213975159598505,-0.6562921371524031,-0.14732749068750683,2494.198065744556,295.45562126325575,2.289331988814107,2791.9430189966256,-1395.9715094983128
0.019360018500087776,0.2374244890461465,7.331989779654422,-1.409463351612289,-2.5826218689800085,1716.531261096271,1057.875216294346,18.735572398567896,2793.142049789185,-1396.5710248945925
0.05195902970898492,0.18358950802269394,8.08963145582261,-1.4248914743134498,-1.9206688886547922,1376.636974107142,1420.864803572476,4.9242604199941225,2802.4260380996116,-1401.2130190498058
0.12839476846013226,1.3622828169036403,10.372729826497789,-0.7802201079821655,0.2497572511437829,2623.7237292984832,176.2990691996106,7.435880638016265,2807.4586791361103,-1403.7293395680551
0.12150347662703938,1.2937539729340553,4.948624763118217,-0.6773296222798822,-0.0683758897833382,2576.665300680546,242.2071742228614,5.202798519845843,2824.0752734232533,-1412.0376367116266
0.11254643941081716,1.819120777030208,9.59122540112907,-0.811106872275502,0.4805869445080062,2588.5741001693154,239.97659567736054,2.8946901199142996,2831.44538596659,-1415.722692983295
0.03820515916838557,1.3296498199167397,1.9482940883196784,-0.560670445084119,0.16574401731571786,2069.6857283860986,770.3618226151543,9.666148307196877,2849.71369930845,-1424.856849654225
0.07383347579723747,1.7260722480861352,8.300782386237696,-0.6645506420235169,0.25792440800264194,2369.663405806879,506.91393933654547,0.645823757091412,2877.2231689005157,-1438.6115844502579
0.09497409552093851,0.20470773019923022,8.030430219925716,-1.2635753653429318,-2.5267265370442793,1028.5262738412698,1852.513254923582,0.31845745648096807,2881.357986221333,-1440.6789931106664
0.13911966521367566,0.22084462206540137,5.067012510118205,-1.4329446509438621,-0.7785618748551135,602.3115668628942,2274.619533086475,11.702283094170363,2888.6333830435397,-1444.3166915217698
0.08233469548385944,0.2845012306891032,11.690734774624431,-1.3464249534582156,-2.7416512796459407,1182.960291081794,1709.5419232902498,0.06428294789370757,2892.5664973199373,-1446.2832486599686
0.09859327714087351,1.4453765726626224,10.729877544069588,-0.602046928953827,-0.22169984269636878,2501.5282874768404,393.38555200021176,0.6376146106081119,2895.55145408766,-1447.77572704383
0.02494683848509781,0.11360710249437497,6.903940472524109,-1.3701935866269481,-2.7198988047287282,1723.6274309673536,1181.1802569038364,15.736714749967375,2920.544402621157,-1460.2722013105786
0.08997226846892752,0.8182247320361985,2.0835623227592355,-0.595219343390042,0.1550441285822619,2494.2255385860803,433.9424856464233,0.05791999664080997,2928.2259442291447,-1464.1129721145724
0.04215535484475177,0.38489229817203346,11.208496026013387,-1.4399884359899686,-2.978511405278234,1602.5499215154427,1336.4483864439117,8.142100314628072,2947.1404082739823,-1473.5702041369912
0.09582759506744004,0.26244608003145936,7.583209456900118,-1.3661632192285906,-2.366482690017392,1069.0062272804457,1880.1788951922526,0.38383970134272055,2949.568962174041,-1474.7844810870206
0.12839043585929893,0.2904362804365428,5.930250415184803,-1.294638472490083,-2.588520295148878,814.8752952830704,2131.2097663753802,7.434351749973821,2953.5194134084245,-1476.7597067042122
0.002164335281695218,1.2669106408490327,8.886670734599253,-1.437900712128413,-2.8885646608283992,1982.5685128462899,946.6993716167351,29.60607626104441,2958.8739607240695,-1479.4369803620348
0.03605342299536708,0.06585573288191354,11.888842887011924,-1.3979616103207309,-2.168535284496657,1596.9814636830833,1363.3742538529025,10.551296838206948,2970.9070143741924,-1485.4535071870962
0.036055255124769106,1.3119741044374569,6.660221438831133,-0.6146762930823658,0.4215518021320932,2202.4382175485066,802.0374067771288,10.550526672343256,3015.026150997978,-1507.513075498989
0.08806893770501965,1.9516824238919575,1.6827441125222669,-0.6229213130346832,0.08460327092629516,2564.1444335458223,452.66983695500994,0.013807750218212591,3016.8280782510506,-1508.4140391255253
0.1052571035049087,1.6491388919416325,10.892507474621219,-0.7700384026916134,0.4966140212832757,2745.4000394602053,330.55175931176194,1.5121763643249533,3077.4639751362924,-1538.7319875681462
0.134039723575721,0.25269653855049284,9.462167773120107,-1.2923021695270622,-2.281335228926487,794.4523280694995,2286.5860277301254,9.561396559447434,3090.599752359072,-1545.299876179536
0.05639335437026114,0.04096387943087836,11.428855006834922,-1.2826962491379945,-2.512363111351771,1441.5693948816627,1695.0516110747938,3.7331432946143215,3140.354149251071,-1570.1770746255354
0.12514261249026523,0.921337522960929,11.51259020510805,-0.5802698620921676,-0.21618697776285556,2812.4585497364105,332.86727186802267,6.332485166835594,3151.658306771269,-1575.8291533856345
0.09575993093824442,0.33124516140813764,7.08897352682381,-1.4416893914183133,-2.748493595268866,1186.6402471455945,1964.9868021336526,0.3784336611994604,3152.0054829404467,-1576.0027414702233
0.13962872485462338,1.3268965578100493,5.944133627819956,-0.860353973387439,0.6838155054943544,2994.2559487463086,162.53546449432628,11.92873345215599,3168.720146692791,-1584.3600733463954
0.11698646301193917,0.8582723463269574,9.627083868530601,-0.6041012183760178,0.03242449675809711,2797.464774979517,370.80907639560905,3.954851040547819,3172.2287024156744,-1586.1143512078372
0.08900722142169651,1.6330446775392642,6.496164178937694,-0.6976810287232195,0.4151062927508091,2778.558757826195,483.5854502313956,0.03176242860136816,3262.1759704861915,-1631.0879852430958
0.0881369230609626,0.859788728518351,8.92033386925437,-0.6261149099558165,0.36300856124578207,2767.1619663127194,539.1187578345658,0.014860958500820812,3306.295585105786,-1653.147792552893
0.09450121064301173,0.19031361091911397,8.887767744651846,-1.4478114215798294,-1.7929506677920863,1197.6165529614973,2119.5877519648784,0.28485837907920153,3317.489163305455,-1658.7445816527274
0.11526612538687923,0.026257642465940374,9.405335393652045,-1.127309054565437,-1.7750627020904888,760.3972142131163,2556.343268171755,3.52448944558001,3320.264971830451,-1660.1324859152255
0.08489078815549017,0.1705771080450405,8.196746549848713,-1.36369572015854,-2.465624820766023,1320.5540274091622,2022.8939108335546,0.007769192368497251,3343.4557074350855,-1671.7278537175428
0.12940103121588456,0.04446606717692042,2.652650705986816,-1.4055366970472845,0.033239595672414524,595.3193342992956,2746.802531140625,7.795228501934322,3349.917093941855,-1674.9585469709275
0.13053105109942706,1.4641232721014272,10.364787135065987,-0.6017428786823182,-0.37349465213246624,3062.2660294591565,317.8902761522717,8.208879112447867,3388.365184723876,-1694.182592361938
0.12335303812033589,0.9478765710102605,3.6786264538871105,-0.6610308425338455,0.2820515516614859,3050.231691276025,339.3136105099555,5.763093886646805,3395.3083956726273,-1697.6541978363136
0.1320685902588396,1.738896826121444,11.255958046590786,-0.7541737289165363,0.26522749464303885,3143.3225020027317,266.0118689163117,8.788877630285837,3418.123248549329,-1709.0616242746646
0.09934488491796607,0.1421731813611659,2.7443105713382145,-1.2993963742979973,-2.7876043208886383,1226.724826659913,2263.0850303614634,0.717649963144877,3490.5275069845216,-1745.2637534922608
0.051328741596417204,1.925969324686146,3.1336444266988726,-0.5979329429423831,0.3635693747575548,2678.1686804453047,829.2534245205563,5.106929680364337,3512.529034646225,-1756.2645173231126
0.13611461147522844,0.08785772715173461,11.760536613965664,-1.1595848645093798,-1.9831043109802668,767.1313961883986,2737.35677133422,10.409728883908121,3514.897896406527,-1757.4489482032634
0.1392692476453718,0.16261453633729891,2.5512814557475583,-1.2346629429763558,-2.6990951390166895,873.6747160934399,2685.7669056862533,11.768598278755002,3571.210220058448,-1785.605110029224
0.10784341733056273,1.3400261918205323,6.513392050743503,-0.5697796779135078,-0.13617742920870368,3094.504936266799,504.0934232201166,1.9517742163795697,3600.550133703295,-1800.2750668516476
0.1340636446935813,1.7430574446153653,9.407678792527003,-0.5895799939136732,-0.3057164454464316,3503.4401881069602,402.9247209938568,9.57097145286002,3915.9358805536767,-1957.9679402768384
0.10083612036261354,1.4511048362086838,7.510595432359346,-0.583887674406464,0.07484018585811958,3336.0132318091337,616.5038332852051,0.8904489370906312,3953.4075140314294,-1976.7037570157147
0.09869863462972756,0.08585310195038132,11.750776747715657,-1.3291494909636092,-2.4379957752291697,1379.0058222185446,2588.0411708990146,0.648548574931588,3967.695541692491,-1983.8477708462456
0.06845600345953831,1.3834964439583564,8.732470923513457,-0.5580060848308663,0.26296270122610554,3208.6834849511915,888.6049250278194,1.3261669030063319,4098.614576882017,-2049.3072884410085
0.07550728614794563,1.9399164063971421,8.03354280220719,-0.5961030083847952,0.35315022954943043,3394.238824553909,847.7372101251393,0.4834753174188012,4242.459509996467,-2121.2297549982336
0.13538210701897818,0.05923256806931325,5.3295904778701955,-1.2458058440255835,-1.9684706961276384,1011.0267410162635,3262.777173517435,10.106122234769401,4283.910036768469,-2141.9550183842343
0.10863706333564122,0.04460026269621381,7.457402108069064,-1.2445310340651459,-2.6280441967555657,1331.0712060035792,2956.8591359236757,2.0979025472716804,4290.028244474526,-2145.014122237263
0.13123498901389563,0.02577236401241068,6.555703318169317,-1.1260527890957874,-2.3632281751887065,979.1908993358658,3320.0367687098865,8.471965268431626,4307.699633314184,-2153.849816657092
0.09572544243219251,0.041435627307355435,10.581278980398473,-1.2831588010283552,-2.7786439580707505,1504.8190439840587,2803.31251859732,0.3756929458941235,4308.507255527273,-2154.2536277636364
0.07852905910252173,0.08536431918800452,9.649234726148464,-1.44815002846915,-2.6807150583623023,1796.7797295802166,2515.0462439356106,0.2497932344749974,4312.075766750302,-2156.037883375151
0.11355753638654333,1.7498825201747508,2.208427874495978,-0.6324741271892246,0.35732161281662655,3850.935914295788,588.8561123704341,3.1215971545150185,4442.9136238207375,-2221.4568119103687
0.13550576066096762,0.11128433702962451,9.840943610289477,-1.385645093708583,-1.8767547159255369,1163.5218401505808,3270.8913736478285,10.157058665325618,4444.570272463734,-2222.285136231867
0.13425401748085197,1.7159833200928063,7.648203738210799,-0.6139934469992812,0.01593492593797574,3969.316385807789,498.7264222849178,9.647342682482531,4477.690150775189,-2238.8450753875945
0.10574697139813208,1.043897486284747,10.749908916001617,-0.5895789805383013,0.3345517976370429,3788.885219715686,688.7357852389704,1.591139601783597,4479.21214455644,-2239.60607227822
0.11561182595900399,1.9569909639790535,4.082256512936686,-0.6700103294231886,0.4293496933698284,3941.7805817140393,582.3751369962722,3.60898055830132,4527.764699268613,-2263.8823496343066
0.1152603949255381,1.9251436629948233,7.18351289142892,-0.5986859089885195,0.1399848835439066,3956.186525653464,652.9749218991175,3.523097321554969,4612.684544874136,-2306.342272437068
0.08877059913956059,1.820972294580098,4.268284561757161,-0.5892946658484499,0.3589285564621685,3829.0958399645397,849.5383294481543,0.026539337439076414,4678.660708750133,-2339.3303543750667
0.12023838607825714,1.808596949713692,9.05871719786868,-0.5912157271704623,0.20694047372650148,4344.358923514914,727.1093001264659,4.836057602684636,5076.304281244064,-2538.152140622032
0.12507816028511173,1.5035039087153634,4.941075606234084,-0.6169305696760313,0.3830491684430779,4511.899493514565,698.7972203174558,6.311512774790444,5217.008226606811,-2608.5041133034056
0.1365254068333304,0.06821532393191296,7.428641085693317,-1.385374753728271,-2.559490498228629,1537.5949042425486,3998.9107052264535,10.581960826469235,5547.087570295472,-2773.543785147736
