N,a,y,m,H_over_Hg,epsilon_H,eta_H,eta_N
-8.0,0.00033546262790251185,0.8002195347693799,0.007980022438191358,1.0392779880408642,0.0013287869251531878,0.12297133123208259,0.003521295744213614
-7.99,0.0003388340833634261,0.8001556488505761,0.007987714992435311,1.039264169847048,0.0013304223321137787,0.12303474474583709,0.007050142244224844
-7.98,0.0003422394225150394,0.8000917064368029,0.007995419510329569,1.0392503348256532,0.0013320606909762096,0.12310529346927979,0.007059607867180517
-7.97,0.00034567898589410494,0.8000277074466005,0.008003136018630874,1.0392364829466414,0.0013337020089495802,0.12317593699913232,0.007069103730827919
-7.96,0.0003491531174598264,0.7999636517983365,0.008010864544183226,1.0392226141799026,0.0013353462932668648,0.12324667563825642,0.007078629778337842
-7.95,0.00035266216462825575,0.7998995394102071,0.008018605113918215,1.0392087284952536,0.001336993551185002,0.12331750969451605,0.0070881868623473565
-7.94,0.00035620647830703403,0.7998353702002351,0.008026357754855551,1.0391948258624382,0.0013386437899850267,0.12338843947532041,0.007097774926027256
-7.93,0.00035978641293048306,0.7997711440862701,0.008034122494103457,1.039180906251127,0.0013402970169721737,0.1234594652917167,0.007107394083046614
-7.92,0.0003634023264950478,0.7997068609859876,0.00804189935885917,1.0391669696309167,0.001341953239476005,0.12353058745543422,0.007117044560803976
-7.91,0.0003670545805950984,0.7996425208168885,0.008049688376409354,1.0391530159713307,0.0013436124648505156,0.12360180628297712,0.007126726700334984
-7.9,0.0003707435404590882,0.7995781234962982,0.008057489574130593,1.0391390452418179,0.00134527470047426,0.12367312208994008,0.007136440444810432
-7.89,0.00037446957498607833,0.7995136689413669,0.008065302979489802,1.0391250574117532,0.001346939953750458,0.12374453519532835,0.007146186305813984
-7.88,0.00037823305678262576,0.799449157069068,0.00807312862004474,1.0391110524504368,0.001348608232107126,0.12381604591928408,0.007155964397043135
-7.87,0.0003820343622000467,0.7993845877961987,0.00808096652344441,1.0390970303270943,0.0013502795429971798,0.12388765458422313,0.007165774775330647
-7.86,0.00038587387137205064,0.799319961039378,0.00808881671742962,1.0390829910108763,0.001351953893898576,0.12395936151733622,0.0071756176680537465
-7.85,0.0003897519682527548,0.7992552767150473,0.008096679229833375,1.0390689344708577,0.0013536312923144152,0.12403116704399508,0.007185493586803204
-7.84,0.0003936690406550783,0.7991905347394693,0.008104554088581382,1.0390548606760386,0.0013553117457730688,0.12410307149457367,0.007195402361048764
-7.83,0.00039762548028952584,0.7991257350287276,0.008112441321692554,1.0390407695953428,0.0013569952618283085,0.12417507520012805,0.007205344559228166
-7.82,0.0004016216828033581,0.7990608774987258,0.008120340957279482,1.0390266611976182,0.0013586818480594255,0.12424717849489753,0.007215320295017591
-7.81,0.00040565804782015684,0.7989959620651871,0.008128253023548897,1.0390125354516364,0.0013603715120713517,0.12431938171516776,0.007225329795797819
-7.8,0.0004097349789797868,0.7989309886436538,0.00813617754880221,1.0389983923260921,0.0013620642614947914,0.12439168519858868,0.007235373004732537
-7.79,0.00041385288397876164,0.7988659571494868,0.00814411456143592,1.038984231789604,0.0013637601039863333,0.12446408928622077,0.00724545077446237
-7.78,0.0004180121746110129,0.7988008674978645,0.008152064089942257,1.0389700538107134,0.0013654590472286052,0.12453659432026143,0.007255562593403653
-7.77,0.00042221326680907034,0.7987357196037826,0.008160026162909546,1.0389558583578837,0.0013671610989303732,0.12460920064654601,0.00726570920050662
-7.76,0.00042645658068565383,0.7986705133820536,0.008168000809022783,1.0389416453995015,0.001368866266826686,0.12468190861295625,0.007275890368422466
-7.75,0.00043074254057568753,0.7986052487473059,0.008175988057064128,1.0389274149038752,0.0013705745586789998,0.12475471856851073,0.0072861068929341855
-7.74,0.0004350715750787321,0.7985399256139828,0.00818398793591347,1.0389131668392348,0.0013722859822753203,0.12482763086586601,0.007296358830899408
-7.73,0.00043944411710184546,0.7984745438963431,0.008192000474548844,1.0388989011737328,0.0013740005454303127,0.1249006458592703,0.007306646523375093
-7.72,0.000443860603902874,0.798409103508459,0.008200025702047087,1.0388846178754423,0.0013757182559854622,0.12497376390683712,0.007316969401927054
-7.71,0.00044832147713417755,0.7983436043642169,0.008208063647584194,1.0388703169123576,0.0013774391218091713,0.1250469853669074,0.007327329001327598
-7.7,0.00045282718288679695,0.7982780463773156,0.008216114340436051,1.0388559982523944,0.001379163150796938,0.12512031060259687,0.007337724809985957
-7.69,0.0004573781717350623,0.7982124294612661,0.008224177809978823,1.0388416618633878,0.0013808903508714598,0.12519373997793082,0.007348156941592521
-7.68,0.0004619748987816513,0.7981467535293912,0.008232254085689563,1.0388273077130938,0.0013826207299827836,0.12526727385920822,0.007358625850883982
-7.67,0.0004666178237030984,0.7980810184948247,0.008240343197146704,1.0388129357691893,0.0013843542961084335,0.12534091261795766,0.007369132163148606
-7.66,0.00047130741079576537,0.7980152242705104,0.008248445174030682,1.0387985459992695,0.0013860910572535657,0.12541465662388873,0.0073796756510091654
-7.65,0.00047604412902226933,0.7979493707692021,0.008256560046124413,1.0387841383708496,0.0013878310214510893,0.12548850625239538,0.007390256996586686
-7.64,0.00048082845205838073,0.7978834579034624,0.008264687843313925,1.0387697128513642,0.0013895741967618275,0.12556246188319165,0.007400876029343806
-7.63,0.0004856608583403892,0.7978174855856621,0.008272828595588866,1.0387552694081668,0.001391320591274642,0.12563652389258095,0.007411533090362354
-7.62,0.0004905418311129505,0.7977514537279802,0.008280982333043077,1.0387408080085287,0.0013930702131065822,0.12571069266527957,0.007422228520685081
-7.61,0.0004954718584774093,0.7976853622424023,0.008289149085875181,1.038726328619641,0.0013948230704030303,0.12578496858623112,0.007432962718215919
-7.6,0.0005004514334406108,0.7976192110407203,0.008297328884389188,1.0387118312086114,0.0013965791713378523,0.12585935204378984,0.0074437356829513135
-7.59,0.0005054810539642003,0.7975530000345322,0.008305521758994992,1.0386973157424664,0.0013983385241135274,0.12593384342767422,0.007454548040186637
-7.58,0.0005105612230144218,0.7974867291352407,0.00831372774020905,1.038682782188149,0.0014001011369613149,0.12600844313237758,0.007465399903594516
-7.57,0.0005156924486124138,0.7974203982540528,0.008321946858654908,1.0386682305125203,0.001401867018141387,0.12608315155330274,0.007476291557395598
-7.56,0.0005208752438850126,0.7973540073019793,0.00833017914506383,1.038653660682358,0.0014036361759429891,0.12615796909085475,0.007487223228960005
-7.55,0.0005261101271160638,0.7972875561898338,0.008338424630275393,1.0386390726643562,0.0014054086186845842,0.12623289614543864,0.007498194918301948
-7.54,0.0005313976217982529,0.7972210448282327,0.008346683345238042,1.0386244664251258,0.0014071843547139988,0.1263079331224617,0.007509207762268488
-7.53,0.0005367382566854548,0.7971544731275932,0.008354955321009827,1.0386098419311929,0.0014089633924086007,0.126383080430287,0.007520261249283067
-7.52,0.000542132565845609,0.7970878409981338,0.008363240588758895,1.0385951991490003,0.0014107457401754248,0.12645833847886934,0.007531355947769214
-7.51,0.0005475810887141261,0.7970211483498731,0.008371539179764135,1.0385805380449054,0.001412531406451338,0.12653370768111927,0.00754249202827495
-7.5,0.0005530843701478336,0.7969543950926294,0.008379851125415842,1.0385658585851814,0.0014143203997031993,0.12660918845472224,0.007553670172914195
-7.49,0.0005586429604794611,0.7968875811360193,0.00838817645721635,1.0385511607360158,0.0014161127284280219,0.12668478121895532,0.007564890324829321
-7.48,0.0005642574155726738,0.7968207063894579,0.008396515206780602,1.038536444463511,0.0014179084011531145,0.12676048639582405,0.0075761527114117655
-7.47,0.0005699282968776604,0.7967537707621573,0.008404867405836876,1.0385217097336834,0.0014197074264362623,0.12683630441097193,0.007587457957924926
-7.46,0.0005756561714872761,0.7966867741631263,0.008413233086227372,1.0385069565124636,0.0014215098128658725,0.1269122356934531,0.0075988061780662974
-7.45,0.0005814416121937556,0.7966197165011697,0.008421612279908883,1.0384921847656956,0.0014233155690611446,0.12698828067527757,0.00761019788342665
-7.4399999999999995,0.0005872851975459913,0.7965525976848873,0.008430005018953468,1.0384773944591363,0.0014251247036722347,0.12706443979095638,0.007621633415052287
-7.43,0.000593187511907387,0.7964854176226731,0.00843841133554912,1.0384625855584568,0.001426937225380422,0.12714071347886602,0.007633112261370201
-7.42,0.0005991491455142981,0.7964181762227154,0.008446831262000352,1.0384477580292395,0.0014287531428982595,0.12721710218056614,0.0076446359571491485
-7.41,0.0006051706945350532,0.7963508733929946,0.008455264830729017,1.0384329118369802,0.0014305724649697695,0.12729360634034492,0.007656204047634674
-7.4,0.0006112527611295723,0.7962835090412839,0.008463712074274857,1.038418046947086,0.0014323952003705872,0.12737022640567375,0.007667817214954908
-7.39,0.000617395953509584,0.7962160830751475,0.008472173025296266,1.0384031633248765,0.0014342213579081476,0.1274469628285715,0.007679475459099194
-7.38,0.0006236008859994445,0.7961485954019405,0.008480647716570937,1.0383882609355823,0.0014360509464218458,0.12752381606264862,0.0076911794622027685
-7.37,0.000629868179097574,0.7960810459288077,0.008489136180996611,1.0383733397443449,0.0014378839747832216,0.12760078656719998,0.007702929394781677
-7.36,0.0006361984595385052,0.7960134345626833,0.008497638451591707,1.038358399716217,0.0014397204518961195,0.12767787480174775,0.007714725825284319
-7.35,0.0006425923603555579,0.7959457612102894,0.008506154561496122,1.0383434408161616,0.0014415603866968828,0.12775508123240797,0.007726568696849512
-7.34,0.0006490505209441411,0.7958780257781359,0.00851468454397188,1.0383284630090517,0.0014434037881545154,0.12783240632575144,0.007738458350559085
-7.33,0.0006555735871256958,0.7958102281725198,0.008523228432403851,1.0383134662596702,0.001445250665270863,0.12790985055517012,0.00775039586642734
-7.32,0.0006621622112122764,0.7957423682995234,0.008531786260300558,1.03829845053271,0.0014471010270808056,0.12798741439473815,0.007762380789703371
-7.31,0.0006688170520717824,0.7956744460650146,0.008540358061294828,1.038283415792772,0.0014489548826524255,0.12806509832421398,0.007774413688814263
-7.3,0.0006755387751938444,0.7956064613746457,0.00854894386914455,1.0382683620043671,0.0014508122410871905,0.1281429028238108,0.007786495189066045
-7.29,0.0006823280527563766,0.7955384141338526,0.008557543717733457,1.0382532891319138,0.0014526731115201488,0.12822082838192728,0.0077986251199035905
-7.28,0.0006891855636927931,0.7954703042478539,0.008566157641071851,1.0382381971397394,0.0014545375031201058,0.12829887548718943,0.007810804447672126
-7.27,0.0006961119937599026,0.7954021316216502,0.008574785673297372,1.0382230859920785,0.001456405425089815,0.12837704463231603,0.00782303345658164
-7.26,0.0007031080356064829,0.7953338961600231,0.008583427848675777,1.0382079556530734,0.0014582768866661692,0.12845533631480066,0.007835312089810031
-7.25,0.000710174388842549,0.795265597767535,0.008592084201601671,1.0381928060867738,0.001460151897120383,0.1285337510366844,0.007847641313674103
-7.24,0.0007173117601093135,0.7951972363485271,0.008600754766599382,1.0381776372571359,0.001462030465758202,0.12861228930069046,0.007860020957650704
-7.23,0.0007245208631498506,0.7951288118071198,0.008609439578323629,1.0381624491280217,0.0014639126019200747,0.12869095161772748,0.007872451590181129
-7.22,0.0007318024188804728,0.7950603240472112,0.008618138671560393,1.0381472416632005,0.001465798314981361,0.12876973849756723,0.007884933665991412
-7.21,0.0007391571554628196,0.7949917729724763,0.008626852081227706,1.0381320148263469,0.0014676876143525277,0.12884865045839433,0.007897467810380476
-7.2,0.0007465858083766792,0.7949231584863661,0.008635579842376472,1.0381167685810402,0.0014695805094793496,0.12892768801975762,0.007910053852810961
-7.1899999999999995,0.0007540891204935341,0.7948544804921074,0.008644321990191208,1.0381015028907656,0.001471477009843094,0.12900685170666293,0.00792269281647151
-7.18,0.0007616678421508473,0.7947857388927008,0.008653078559991001,1.038086217718913,0.0014733771249607493,0.12908614204593505,0.007935384758177122
-7.17,0.0007693227312271008,0.7947169335909208,0.008661849587230213,1.0380709130287757,0.0014752808643852039,0.12916555957122,0.00794813007587436
-7.16,0.0007770545532175816,0.7946480644893145,0.008670635107499387,1.0380555887835523,0.0014771882377054642,0.12924510481911966,0.007960929281125573
-7.15,0.0007848640813109316,0.7945791314902008,0.00867943515652607,1.0380402449463435,0.0014790992545468582,0.1293247783296465,0.007973782885528635
-7.14,0.0007927520964664691,0.7945101344956694,0.008688249770175686,1.0380248814801545,0.0014810139245712466,0.1294045806489521,0.00798669100276328
-7.13,0.0008007193874922814,0.7944410734075803,0.008697078984452366,1.0380094983478927,0.0014829322574772274,0.12948451232614389,0.007999654201285011
-7.12,0.0008087667511241114,0.7943719481275621,0.00870592283549988,1.037994095512368,0.0014848542630003625,0.1295645739135125,0.00801267316319354
-7.11,0.0008168949921050283,0.794302758557012,0.008714781359602417,1.0379786729362932,0.0014867799509133682,0.1296447659688056,0.008025748115862541
-7.1,0.0008251049232659046,0.7942335045970947,0.008723654593185533,1.0379632305822817,0.0014887093310263489,0.12972508905590985,0.008038879286687006
-7.09,0.0008333973656066964,0.7941641861487411,0.008732542572817031,1.037947768412849,0.001490642413187008,0.1298055437396215,0.008052067698827159
-7.08,0.000841773148378549,0.7940948031126472,0.008741445335207895,1.037932286390412,0.0014925792072808756,0.12988613059155796,0.008065313124923534
-7.07,0.0008502331091667194,0.7940253553892744,0.008750362917213105,1.037916784477287,0.0014945197232315108,0.12996685018765675,0.008078616531292937
-7.06,0.0008587780939743372,0.7939558428788469,0.008759295355832695,1.0379012626356916,0.0014964639710007544,0.13004770310840286,0.008091978145330359
-7.05,0.0008674089573070025,0.7938862654813519,0.008768242688212557,1.0378857208277428,0.0014984119605889273,0.13012868993746451,0.008105398535462882
-7.04,0.0008761265622582417,0.7938166230965384,0.008777204951645416,1.0378701590154573,0.0015003637020350666,0.13020981126442166,0.008118877815377346
-7.03,0.0008849317805958146,0.7937469156239164,0.008786182183571767,1.037854577160751,0.0015023192054171546,0.1302910676843112,0.00813241695141187
-7.02,0.0008938254928488935,0.7936771429627552,0.008795174421580888,1.037838975225438,0.0015042784808523607,0.13037245979580803,0.008146015943559348
-7.01,0.0009028085883961136,0.7936073050120833,0.008804181703411683,1.037823353171231,0.0015062415384972507,0.1304539882003155,0.008159675871858951
-7.0,0.0009118819655545162,0.7935374016706872,0.008813204066953757,1.037807710959741,0.0015082083885480442,0.13053565350924146,0.008173396906840935
-6.99,0.0009210465316693785,0.7934674328371101,0.008822241550248345,1.037792048552476,0.0015101790412408416,0.1306174563337663,0.008187179332708183
-6.98,0.000930303203204949,0.7933973984096512,0.008831294191489304,1.0377763659108412,0.0015121535068518622,0.13069939729325597,0.008201023945275665
-6.97,0.0009396529058360961,0.7933272982863647,0.008840362029024107,1.0377606629961387,0.0015141317956976876,0.13078147701025955,0.0082149308013868
-6.96,0.0009490965745408727,0.793257132365059,0.008849445101354846,1.0377449397695666,0.001516113918135502,0.13086369611346527,0.008228901151596801
-6.95,0.0009586351536940199,0.7931869005432949,0.008858543447139303,1.0377291961922193,0.0015180998845633514,0.13094605523588143,0.008242934995912776
-6.9399999999999995,0.0009682695971614026,0.7931166027183852,0.008867657105191915,1.0377134322250867,0.0015200897054203765,0.13102855501642807,0.008257032902740491
-6.93,0.0009780008683953946,0.7930462387873942,0.00887678611448478,1.0376976478290534,0.0015220833911870583,0.13111119609811794,0.008271195383713348
-6.92,0.0009878299405312295,0.7929758086471357,0.00888593051414877,1.037681842964899,0.0015240809523854831,0.13119397912987552,0.008285422893557381
-6.91,0.000997757796484312,0.7929053121941724,0.008895090343474554,1.037666017593297,0.0015260823995795912,0.1312769047663096,0.00829971617121572
-6.9,0.0010077854290485105,0.7928347493248147,0.008904265641913682,1.0376501716748152,0.0015280877433754372,0.13135997366657648,0.008314075785165187
-6.89,0.0010179138409954387,0.7927641199351199,0.008913456449079643,1.0376343051699146,0.0015300969944214452,0.1314431864961989,0.008328501849071301
-6.88,0.0010281440451747298,0.7926934239208913,0.008922662804748897,1.0376184180389492,0.0015321101634086583,0.13152654392479235,0.008342995613475068
-6.87,0.0010384770646153282,0.7926226611776762,0.008931884748862109,1.037602510242165,0.001534127261071033,0.1316100466287935,0.008357557021554385
-6.859999999999999,0.0010489139326277893,0.792551831600766,0.008941122321525115,1.0375865817397016,0.0015361482981856736,0.13169369528964125,0.008372187096483685
-6.85,0.0010594556929076101,0.7924809350851947,0.008950375563010083,1.0375706324915888,0.0015381732855731108,0.13177749059286725,0.008386886065636645
-6.84,0.0010701033996396044,0.7924099715257372,0.008959644513756677,1.037554662457748,0.001540202234097581,0.13186143323355282,0.008401654554283766
-6.83,0.0010808581176033184,0.7923389408169093,0.008968929214373145,1.0375386715979924,0.0015422351546672867,0.13194552390882563,0.008416493187723972
-6.82,0.0010917209222795108,0.7922678428529656,0.008978229705637485,1.0375226598720242,0.001544272058234678,0.13202976332308936,0.008431402477533823
-6.8100000000000005,0.0011026928999577018,0.7921966775278992,0.0089875460284986,1.0375066272394364,0.0015463129557967284,0.1321141521868867,0.008446383105827238
-6.8,0.0011137751478448032,0.7921254447354402,0.00899687822407747,1.0374905736597113,0.001548357858395215,0.13219869121576266,0.008461435868412082
-6.79,0.0011249687741748374,0.7920541443690542,0.009006226333668372,1.03747449909222,0.0015504067771170116,0.13228338113208338,0.008476560424242052
-6.78,0.0011362748983197658,0.791982776321942,0.009015590398739974,1.037458403496223,0.0015524597230943513,0.1323682226634446,0.008491758876516542
-6.77,0.0011476946509014264,0.7919113404870378,0.009024970460936659,1.037442286830868,0.0015545167075051414,0.13245321654562758,0.008507030884175037
-6.76,0.0011592291739045914,0.7918398367570082,0.009034366562079675,1.0374261490551906,0.0015565777415732388,0.132538363517142,0.008522377129338565
-6.75,0.0011708796207911744,0.7917682650242511,0.009043778744168372,1.0374099901281137,0.0015586428365687466,0.13262366432468298,0.008537798066754476
-6.74,0.0011826471566155727,0.7916966251808951,0.009053207049381388,1.0373938100084477,0.0015607120038082976,0.13270911972153954,0.008553295060664823
-6.73,0.0011945329581411752,0.7916249171187972,0.009062651520078019,1.0373776086548876,0.0015627852546553792,0.13279473046804924,0.008568868054233292
-6.72,0.0012065382139580404,0.7915531407295422,0.00907211219879943,1.037361386026016,0.0015648626005206234,0.132880497328415,0.00858451784324643
-6.71,0.0012186641246017523,0.7914812959044417,0.009081589128269882,1.0373451420803,0.0015669440528620995,0.13296642107525258,0.00860024528037684
-6.7,0.001230911902673481,0.7914093825345329,0.009091082351398064,1.0373288767760913,0.0015690296231856324,0.13305250248708944,0.008616050990895019
-6.6899999999999995,0.0012432827729612415,0.7913374005105767,0.009100591911278419,1.0373125900716265,0.0015711193230451173,0.133138742349729,0.008631935600071472
-6.68,0.0012557779725623694,0.7912653497230575,0.009110117851192399,1.037296281925026,0.0015732131640428166,0.13322514145443165,0.008647899733205122
-6.67,0.0012683987510072388,0.7911932300621812,0.009119660214609854,1.0372799522942935,0.0015753111578296947,0.1333117006001885,0.00866394401555226
-6.66,0.0012811463703842113,0.7911210414178742,0.00912921904519035,1.0372636011373157,0.0015774133161057273,0.13339842059349394,0.008680069072404706
-6.65,0.001294022105465848,0.7910487836797823,0.0091387943867845,1.037247228411862,0.0015795196506202197,0.13348530224607202,0.0086962759837661
-6.64,0.0013070272438363876,0.790976456737269,0.009148386283435379,1.0372308340755831,0.0015816301731721417,0.13357234637737747,0.008712565090718272
-6.63,0.0013201630860205026,0.790904060479415,0.009157994779379865,1.037214418086012,0.0015837448956104482,0.13365955381527783,0.00872893718906198
-6.62,0.0013334309456133593,0.7908315947950161,0.009167619919050055,1.0371979804005618,0.001585863829834412,0.133746925391506,0.00874539307460509
-6.609999999999999,0.0013468321494119746,0.7907590595725826,0.009177261747074643,1.0371815209765267,0.0015879869877939532,0.13383446194848148,0.008761933372625208
-6.6,0.0013603680375478939,0.7906864547003377,0.009186920308280399,1.0371650397710805,0.0015901143814899877,0.13392216433408066,0.008778559049460455
-6.59,0.0013740399636212118,0.7906137800662159,0.009196595647693585,1.0371485367412765,0.001592246022974764,0.13401003340300122,0.00879527038932082
-6.58,0.001387849294835929,0.7905410355578623,0.009206287810541357,1.0371320118440472,0.0015943819243521946,0.13409807001880836,0.008812068472252577
-6.57,0.0014017974121366744,0.7904682210626308,0.009215996842253316,1.0371154650362027,0.001596522097778223,0.13418627505257064,0.008828954094035169
-6.5600000000000005,0.0014158857103468022,0.790395336467583,0.009225722788462953,1.037098896274432,0.001598666555461164,0.1342746493824052,0.008845927879974624
-6.55,0.0014301155983078744,0.7903223816594868,0.009235465695009116,1.0370823055153007,0.0016008153096620538,0.13436319389256823,0.008862990284796979
-6.54,0.0014444884990205433,0.7902493565248151,0.009245225607937543,1.0370656927152513,0.0016029683726950094,0.13445190947800256,0.008880142900125065
-6.53,0.0014590058497868585,0.7901762609497442,0.009255002573502437,1.037049057830603,0.0016051257569275998,0.13454079704001742,0.008897385839652827
-6.52,0.001473669102353996,0.7901030948201527,0.00926479663816796,1.0370324008175504,0.001607287474781202,0.13462985748788014,0.008914720183383906
-6.51,0.0014884797230594294,0.7900298580216202,0.009274607848609761,1.0370157216321634,0.001609453538731358,0.1347190917374519,0.008932146556610121
-6.5,0.0015034391929775724,0.7899565504394254,0.009284436251716627,1.0369990202303863,0.0016116239613081665,0.13480850071618988,0.008949665982534327
-6.49,0.0015185490080678835,0.789883171958545,0.00929428189459206,1.036982296568038,0.0016137987550966513,0.13489808535655357,0.008967279086398605
-6.48,0.001533810679324463,0.7898097224636528,0.00930414482455578,1.0369655506008106,0.0016159779327371202,0.1349878465994152,0.008984986948235019
-6.47,0.0015492257329271562,0.7897362018391172,0.009314025089145524,1.0369487822842696,0.0016181615069255824,0.13507778539724313,0.009002789852281978
-6.46,0.0015647957103941666,0.7896626099690008,0.009323922736118517,1.0369319915738524,0.0016203494904141005,0.13516790270728052,0.00902068939012679
-6.45,0.001580522168736217,0.7895889467370583,0.009333837813453266,1.0369151784248685,0.0016225418960112063,0.13525819949632023,0.009038685959694703
-6.4399999999999995,0.0015964066806122487,0.7895152120267349,0.009343770369351152,1.0368983427924992,0.001624738736582282,0.13534867674161433,0.009056780527316732
-6.43,0.0016124508344866836,0.7894414057211656,0.009353720452238153,1.0368814846317955,0.0016269400250499579,0.13543933542564446,0.009074974229861255
-6.42,0.0016286562347882806,0.789367527703173,0.009363688110766558,1.0368646038976796,0.0016291457743945192,0.13553017654317046,0.009093267294701946
-6.41,0.0016450245020705747,0.7892935778552661,0.00937367339381666,1.036847700544943,0.0016313559976543026,0.13562120109554598,0.00911166148398479
-6.4,0.001661557273173934,0.7892195560596387,0.009383676350498577,1.036830774528246,0.0016335707079261214,0.1357124100945839,0.009130156740873474
-6.39,0.0016782562013892477,0.789145462198168,0.009393697030153915,1.0368138258021171,0.0016357899183656586,0.135803804561192,0.009148754713805829
-6.38,0.0016951229566232505,0.7890712961524129,0.009403735482357628,1.0367968543209531,0.0016380136421878999,0.13589538552309932,0.009167456084924197
-6.37,0.0017121592255655228,0.7889970578036127,0.009413791756919783,1.0367798600390183,0.0016402418926675484,0.13598715402076778,0.009186262047933269
-6.359999999999999,0.0017293667118571572,0.7889227470326854,0.0094238659038874,1.036762842910443,0.001642474683139455,0.13607911110102577,0.009205173114423815
-6.35,0.0017467471362611197,0.7888483637202258,0.009433957973546282,1.0367458028892236,0.0016447120269990467,0.1361712578220704,0.009224190364420792
-6.34,0.0017643022368343355,0.7887739077465046,0.009444068016422868,1.036728739929222,0.0016469539377027612,0.13626359525164844,0.00924331493479258
-6.33,0.0017820337691014916,0.7886993789914661,0.009454196083286126,1.0367116539841654,0.0016492004287684855,0.13635612446637424,0.009262547678197564
-6.32,0.0017999435062305911,0.788624777334727,0.009464342225149474,1.0366945450076446,0.0016514515137760093,0.13644884655332135,0.009281889447265712
-6.3100000000000005,0.0018180332392102713,0.7885501026555749,0.009474506493272613,1.036677412953114,0.00165370720636745,0.13654176260843087,0.009301341435730137
-6.3,0.0018363047770289071,0.7884753548329662,0.00948468893916356,1.036660257773891,0.0016559675202477287,0.13663487373901262,0.009320904553078435
-6.29,0.0018547599468555032,0.7884005337455249,0.009494889614580539,1.036643079423156,0.0016582324691850122,0.1367281810616987,0.009340580163552659
-6.28,0.0018734005942224233,0.7883256392715405,0.009505108571534037,1.03662587785395,0.0016605020670111888,0.13682168570448994,0.009360368892430415
-6.27,0.0018922285832099397,0.7882506712889666,0.009515345862288763,1.0366086530191758,0.001662776327622329,0.13691538880402732,0.009380271762886139
-6.26,0.0019112457966326377,0.7881756296754195,0.009525601539365608,1.036591404871596,0.0016650552649791403,0.1370092915085479,0.009400289854958999
-6.25,0.0019304541362277093,0.7881005143081757,0.009535875655543825,1.0365741333638336,0.0016673388931074742,0.13710339497561108,0.009420424646577885
-6.24,0.0019498555228451206,0.7880253250641709,0.009546168263862991,1.03655683844837,0.0016696272260987857,0.13719770037619128,0.00944067670615567
-6.23,0.0019694518966397014,0.7879500618199977,0.00955647941762515,1.036539520077546,0.0016719202781106267,0.13729220888899363,0.009461047227432573
-6.22,0.0019892452172651635,0.7878747244519048,0.00956680917039685,1.036522178203559,0.0016742180633671259,0.13738692170591094,0.009481537631479853
-6.21,0.0020092374640700602,0.7877993128357936,0.009577157576011427,1.0365048127784637,0.0016765205961595158,0.13748184002815833,0.009502148543560907
-6.2,0.002029430636295734,0.7877238268472185,0.009587524688570966,1.0364874237541726,0.001678827890846588,0.13757696506900174,0.009522881668999617
-6.1899999999999995,0.002049826753276237,0.7876482663613831,0.009597910562448686,1.0364700110824518,0.0016811399618552505,0.1376722980539853,0.009543737462536228
-6.18,0.0020704278546402606,0.7875726312531398,0.009608315252290956,1.0364525747149245,0.0016834568236809922,0.13776784021774802,0.009564717686316726
-6.17,0.0020912360005151103,0.7874969213969872,0.00961873881301969,1.0364351146030668,0.0016857784908884386,0.13786359280925353,0.009585823079305555
-6.16,0.002112253271732714,0.7874211366670688,0.00962918129983447,1.036417630698209,0.001688104978111849,0.13795955708656038,0.009607055346805282
-6.15,0.002133481770037708,0.7873452769371705,0.00963964276821493,1.0364001229515343,0.0016904363000556622,0.13805573432136953,0.00962841482987642
-6.14,0.002154923618297615,0.7872693420807195,0.00965012327392294,1.0363825913140783,0.0016927724714950083,0.13815212579675062,0.009649903404358895
-6.13,0.0021765809607151255,0.7871933319707818,0.009660622873005066,1.0363650357367282,0.0016951135072762755,0.13824873280736938,0.009671522093412932
-6.12,0.0021984559630425313,0.7871172464800603,0.009671141621794853,1.0363474561702217,0.0016974594223176382,0.13834555665948756,0.009693272147615062
-6.109999999999999,0.0022205508127982956,0.7870410854808935,0.009681679576915188,1.036329852565147,0.0016998102316096077,0.13844259867482833,0.009715154760669975
-6.1,0.0022428677194858034,0.786964848845253,0.00969223679528072,1.0363122248719414,0.0017021659502155875,0.1385398601835277,0.009737171353663143
-6.09,0.002265408914814322,0.7868885364447415,0.009702813334100347,1.036294573040891,0.001704526593272451,0.13863734253163784,0.009759322892932687
-6.08,0.0022881766529221693,0.7868121481505912,0.009713409250879637,1.0362768970221299,0.0017068921759910995,0.1387350470763522,0.009781610799564078
-6.07,0.002311173210602129,0.7867356838336614,0.009724024603423288,1.0362591967656387,0.001709262713657032,0.1388329751873698,0.009804036437799368
-6.0600000000000005,0.002334400887529133,0.786659143364437,0.009734659449837684,1.0362414722212456,0.0017116382216309347,0.13893112824916898,0.009826601115044298
-6.05,0.002357862006490233,0.786582526613026,0.009745313848533405,1.0362237233386236,0.001714018715349261,0.1390295076575967,0.009849305968145927
-6.04,0.0023815589136168707,0.7865058334491577,0.00975598785822783,1.0362059500672907,0.001716404210324831,0.1391281148228245,0.009872152531897882
-6.03,0.0024054939786195095,0.7864290637421807,0.009766681537947715,1.036188152356609,0.0017187947221474276,0.13922695116866635,0.009895142227378528
-6.02,0.0024296695950245975,0.7863522173610605,0.009777394947031842,1.0361703301557845,0.0017211902664844058,0.1393260181325786,0.009918276475666232
-6.01,0.002454088180413917,0.7862752941743776,0.009788128145133699,1.0361524834138651,0.00172359085908131,0.13942531716406847,0.009941556356800163
-6.0,0.0024787521766663585,0.7861982940503255,0.009798881192224081,1.0361346120797408,0.0017259965157624775,0.13952484972855927,0.009964983291865792
-5.99,0.0025036640502021,0.7861212168567087,0.009809654148593866,1.0361167161021427,0.0017284072524316703,0.13962461730625364,0.009988559156681731
-5.98,0.0025288262922292556,0.7860440624609396,0.009820447074856834,1.0360987954296417,0.0017308230850727317,0.13972462138985975,0.010012284690226636
-5.97,0.0025542414189929983,0.7859668307300378,0.009831260031952307,1.0360808500106484,0.0017332440297501883,0.13982486348618295,0.010036162109372526
-5.96,0.00257991197202718,0.7858895215306266,0.00984209308114808,1.036062879793412,0.0017356701026099268,0.13992534511885424,0.010060192096261744
-5.95,0.0026058405184084983,0.7858121347289317,0.009852946284043177,1.0360448847260193,0.0017381013198798265,0.14002606782401017,0.010084376697250264
-5.9399999999999995,0.0026320296510132005,0.7857346701907784,0.009863819702570813,1.0360268647563942,0.0017405376978704404,0.14012703315438557,0.01010871761764065
-5.93,0.002658481988776367,0.785657127781589,0.009874713399001278,1.0360088198322963,0.0017429792529756584,0.14022824267658507,0.01013321553955393
-5.92,0.0026852001769538205,0.7855795073663822,0.009885627435944785,1.035990749901321,0.001745426001673361,0.1403296979735842,0.01015787267988344
-5.91,0.0027121868873866434,0.7855018088097685,0.009896561876354609,1.0359726549108976,0.0017478779605261392,0.140431400642683,0.010182690346020706
-5.9,0.0027394448187683684,0.78542403197595,0.009907516783529937,1.0359545348082895,0.0017503351461819494,0.14053335229755248,0.010207670015915937
-5.890000000000001,0.0027669766969148483,0.7853461767287165,0.009918492221119051,1.0359363895405924,0.001752797575374843,0.14063555456800714,0.010232813565387744
-5.88,0.0027947852750368437,0.785268242931444,0.009929488253122317,1.035918219054734,0.0017552652649256517,0.14073800909864076,0.010258122358671073
-5.87,0.0028228733340153363,0.7851902304470921,0.00994050494389532,1.0359000232974729,0.0017577382317427081,0.1408407175517823,0.01028359821475533
-5.859999999999999,0.0028512436826796344,0.7851121391382013,0.009951542358152071,1.0358818022153977,0.0017602164928225768,0.14094368160453996,0.010309242725263346
-5.85,0.002879899158088243,0.7850339688668909,0.009962600560968139,1.0358635557549263,0.0017627000652507753,0.1410469029513024,0.010335057481817955
-5.84,0.002908842625812584,0.7849557194948567,0.009973679617783863,1.0358452838623047,0.001765188966202508,0.1411503833032839,0.010361044019184362
-5.83,0.0029380769802235503,0.7848773908833683,0.009984779594407618,1.0358269864836065,0.0017676832129434128,0.141254124388297,0.010387204497419589
-5.82,0.002967605144780944,0.7847989828932666,0.00999590055701918,1.035808663564732,0.0017701828228303346,0.14135812795143465,0.010413540167064639
-5.8100000000000005,0.0029974300723258286,0.784720495384961,0.010007042572173023,1.035790315051406,0.0017726878133120742,0.1414623957564345,0.010440052847116021
-5.8,0.0030275547453758153,0.7846419282184277,0.010018205706801668,1.03577194088918,0.0017751982019301575,0.14156692958181338,0.010466744583936816
-5.79,0.0030579821764233073,0.7845632812532063,0.010029390028219133,1.0357535410234264,0.001777714006319626,0.1416717312260971,0.010493616855455912
-5.779999999999999,0.0030887154082367718,0.7844845543483977,0.010040595604124363,1.0357351153993428,0.0017802352442098143,0.14177680250395497,0.010520671537506132
-5.77,0.0031197575141649948,0.7844057473626612,0.010051822502604772,1.0357166639619477,0.0017827619334251643,0.14188214525006515,0.010547910960660545
-5.76,0.0031511115984444414,0.7843268601542117,0.0100630707921398,1.0356981866560795,0.0017852940918860378,0.14198776131638624,0.010575336034428062
-5.75,0.003182780796509667,0.7842478925808177,0.010074340541604382,1.0356796834263982,0.0017878317376095031,0.14209365257261197,0.010602949316762533
-5.74,0.00321476827530687,0.7841688444997982,0.010085631820272663,1.0356611542173813,0.001790374888710188,0.1421998209098092,0.010630752456116
-5.73,0.0032470772336105863,0.7840897157680199,0.010096944697821622,1.0356425989733253,0.0017929235634011036,0.1423062682345062,0.010658747328307072
-5.72,0.003279710902343573,0.7840105062418947,0.010108279244334807,1.0356240176383427,0.001795477779994499,0.14241299647642336,0.010686936093406985
-5.71,0.0033126725448998926,0.7839312157773763,0.010119635530306146,1.035605410156362,0.001798037556902726,0.14252000758187933,0.010715320229337522
-5.699999999999999,0.003345965457471275,0.7838518442299589,0.010131013626643542,1.0355867764711277,0.0018006029126390601,0.14262730351629216,0.010743902521419102
-5.6899999999999995,0.0033795929693767155,0.7837723914546725,0.010142413604672955,1.0355681165261967,0.001803173865818632,0.14273488626781727,0.010772684049690895
-5.68,0.0034135584433954303,0.7836928573060812,0.010153835536142162,1.03554943026494,0.0018057504351592815,0.14284275784234524,0.010801667315256225
-5.67,0.0034478652761031265,0.7836132416382804,0.010165279493224665,1.0355307176305395,0.0018083326394824498,0.1429509202673671,0.010830854535008427
-5.66,0.003482516898211663,0.7835335443048931,0.0101767455485238,1.0355119785659885,0.001810920497714111,0.14305937559129234,0.010860247243734023
-5.65,0.0035175167749121284,0.7834537651590678,0.01018823377507661,1.0354932130140897,0.0018135140288856578,0.143168125881175,0.01088984811303817
-5.640000000000001,0.0035528684062213585,0.7833739040534753,0.010199744246358026,1.0354744209174547,0.0018161132521348484,0.1432771732272613,0.010919659018789218
-5.63,0.0035885753273319477,0.783293960840305,0.010211277036285,1.0354556022185024,0.0018187181867067497,0.14338651974117056,0.010949682121008664
-5.62,0.0036246411089657558,0.7832139353712632,0.010222832219220589,1.0354367568594585,0.0018213288519546614,0.1434961675543036,0.0109799194660809
-5.609999999999999,0.0036610693577310083,0.7831338274975688,0.010234409869978279,1.035417884782354,0.001823945267341105,0.14360611882284502,0.01101037327089216
-5.6,0.003697863716482932,0.7830536370699511,0.010246010063826192,1.035398985929024,0.0018265674524387736,0.14371637572139662,0.011041045979702346
-5.59,0.0037350278646880674,0.7829733639386462,0.010257632876491481,1.0353800602411076,0.0018291954269315316,0.1438269404491166,0.011071939866262426
-5.58,0.0037725655187922052,0.7828930079533942,0.010269278384164637,1.0353611076600446,0.0018318292106153957,0.14393781522767313,0.01110305680640522
-5.57,0.003810480432592037,0.7828125689634357,0.010280946663503984,1.035342128127077,0.0018344688233995505,0.14404900230238127,0.011134399073853274
-5.5600000000000005,0.0038487763976105395,0.7827320468175087,0.01029263779164012,1.0353231215832461,0.0018371142853073606,0.1441605039397018,0.011165969624471472
-5.55,0.0038874572434761303,0.7826514413638458,0.010304351846180509,1.035304087969392,0.001839765616477408,0.14427232243110666,0.011197770390936057
-5.54,0.003926526838305624,0.78257075245017,0.010316088905214054,1.035285027226152,0.0018424228371645333,0.14438446009103245,0.01122980376067062
-5.529999999999999,0.003965989089091068,0.7824899799236925,0.010327849047315742,1.0352659392939598,0.0018450859677408863,0.1444969192591543,0.01126207234847243
-5.52,0.00400584794209042,0.7824091236311085,0.010339632351551374,1.0352468241130446,0.0018477550286969994,0.14460970229652048,0.01129457837123482
-5.51,0.004046107383222199,0.7823281834185943,0.01035143889748231,1.0352276816234292,0.0018504300406428614,0.14472281159237355,0.011327324386904536
-5.5,0.004086771438464067,0.7822471591318036,0.010363268765170372,1.0352085117649288,0.0018531110243090291,0.1448362495582387,0.011360312726083066
-5.49,0.004127844174255436,0.7821660506158649,0.01037512203518257,1.035189314477151,0.0018557980005476987,0.14495001863178913,0.0113935464014574
-5.48,0.0041693296979041115,0.7820848577153764,0.01038699878859625,1.035170089699493,0.001858490990333869,0.14506412127684598,0.011427027288860359
-5.47,0.004211232157997035,0.7820035802744043,0.010398899107003952,1.035150837371141,0.0018611900147664426,0.14517855998155937,0.011460758628345502
-5.46,0.004253555744815125,0.7819222181364781,0.010410823072518553,1.0351315574310698,0.0018638950950693905,0.14529333726068216,0.011494742864215368
-5.449999999999999,0.004296304690752343,0.7818407711445874,0.010422770767778389,1.0351122498180394,0.0018666062525929095,0.1454084556573889,0.01152898255440249
-5.4399999999999995,0.004339483270738899,0.7817592391411783,0.010434742275952428,1.035092914470596,0.0018693235088145918,0.14552391773736417,0.011563480370568868
-5.43,0.004383095802668776,0.7816776219681497,0.010446737680745563,1.0350735513270701,0.001872046885340624,0.14563972609607845,0.011598238813803619
-5.42,0.004427146647831511,0.7815959194668499,0.010458757066403895,1.0350541603255734,0.0018747764039069794,0.14575588335674183,0.011633261237868453
-5.41,0.004471640211348332,0.7815141314780721,0.010470800517720221,1.0350347414040006,0.0018775120863806592,0.1458723921696219,0.011668549689154872
-5.4,0.004516580942612666,0.7814322578420518,0.010482868120039351,1.035015294500025,0.0018802539547608942,0.14598925521204364,0.011704107635068794
-5.390000000000001,0.004561973335735092,0.7813502983984618,0.010494959959263795,1.0349958195511002,0.001883002031180429,0.14610647519111808,0.011739937690443014
-5.38,0.004607821929992752,0.7812682529864091,0.010507076121859252,1.034976316494455,0.001885756337906762,0.14622405484237788,0.011776042526889796
-5.37,0.004654131310283272,0.781186121444431,0.010519216694860313,1.0349567852670962,0.0018885168973434322,0.14634199692977745,0.011812425157131656
-5.359999999999999,0.00470090610758328,0.7811039036104911,0.010531381765876167,1.034937225805804,0.0018912837320313102,0.14646030424751189,0.011849089162289772
-5.35,0.004748150999411478,0.7810215993219748,0.010543571423096535,1.0349176380471328,0.0018940568646499322,0.14657897961797062,0.011886036588741433
-5.34,0.004795870710296421,0.7809392084156863,0.010555785755297385,1.0348980219274073,0.0018968363180187954,0.1466980258962849,0.011923271017622028
-5.33,0.004844070012248967,0.7808567307278439,0.010568024851847014,1.0348783773827241,0.0018996221150987254,0.1468174459655529,0.011960795461618545
-5.32,0.004892753725239476,0.7807741660940757,0.010580288802712078,1.034858704348948,0.0019024142789932383,0.14693724274115993,0.011998612819752452
-5.3100000000000005,0.004941926717679818,0.7806915143494163,0.010592577698463609,1.0348390027617116,0.0019052128329498988,0.14705741916873194,0.012036726445792567
-5.3,0.004991593906910217,0.7806087753283021,0.010604891630283301,1.0348192725564134,0.0019080178003617325,0.14717797822800094,0.012075139409269298
-5.29,0.005041760259690979,0.7805259488645667,0.010617230689969783,1.034799513668216,0.0019108292047686467,0.14729892292712066,0.012113855120787775
-5.279999999999999,0.005092430792699196,0.7804430347914376,0.010629594969944891,1.0347797260320464,0.0019136470698588363,0.14742025630971511,0.01215287659306341
-5.27,0.005143610573030383,0.7803600329415309,0.010641984563260194,1.0347599095825921,0.00191647141947026,0.1475419814498764,0.012192207407217381
-5.26,0.005195304718705231,0.7802769431468478,0.010654399563603395,1.034740064254301,0.0019193022775920796,0.14766410145603004,0.012231850519121679
-5.25,0.005247518399181385,0.7801937652387698,0.010666840065305015,1.0347201899813796,0.0019221396683661639,0.14778661947116234,0.01227180956675511
-5.24,0.005300256835870402,0.7801104990480541,0.010679306163345068,1.0347002866977917,0.001924983616088594,0.14790953867077405,0.012312088074395433
-5.23,0.005353525302659903,0.7800271444048292,0.010691797953359792,1.0346803543372558,0.0019278341452111777,0.14803286226538148,0.01235268922528121
-5.22,0.00540732912644096,0.7799437011385909,0.010704315531648505,1.0346603928332452,0.0019306912803429927,0.1481565935009712,0.012393616714234668
-5.21,0.005461673687640779,0.7798601690781969,0.010716858995180576,1.0346404021189848,0.001933555046251953,0.14828073565786326,0.012434874122391193
-5.199999999999999,0.005516564420760777,0.7797765480518625,0.010729428441602462,1.0346203821274507,0.0019364254678663954,0.14840529205230268,0.012476465087722488
-5.1899999999999995,0.005572006814919998,0.779692837887156,0.010742023969244787,1.0346003327913675,0.0019393025702766694,0.14853026603736907,0.012518393020847896
-5.18,0.005628006414404065,0.7796090384109942,0.01075464567712959,1.0345802540432074,0.0019421863787367694,0.14865566100206706,0.012560661616589641
-5.17,0.005684568819219595,0.7795251494496369,0.010767293664977608,1.0345601458151887,0.0019450769186659693,0.14878148037291794,0.012603274967659672
-5.16,0.005741699685654202,0.7794411708286826,0.010779968033215761,1.0345400080392735,0.0019479742156505065,0.14890772761418702,0.012646236598349958
-5.15,0.005799404726842141,0.7793571023730633,0.01079266888298456,1.034519840647166,0.0019508782954452486,0.14903440622879316,0.012689550146660622
-5.140000000000001,0.005857689713335617,0.7792729439070402,0.01080539631614572,1.0344996435703118,0.001953789183975402,0.14916151975535286,0.01273321976214703
-5.13,0.005916560473681857,0.7791886952541976,0.010818150435289909,1.034479416739895,0.0019567069073382517,0.149289071775911,0.01277724948067771
-5.12,0.005976022895005943,0.779104356237439,0.01083093134374451,1.034459160086837,0.0019596314918049096,0.14941706590707327,0.01282164276972253
-5.109999999999999,0.00603608292359957,0.7790199266789811,0.010843739145581524,1.0344388735417946,0.0019625629638220865,0.14954550580955583,0.01286640429043473
-5.1,0.006096746565515638,0.7789354064003492,0.010856573945625586,1.0344185570351583,0.0019655013500138913,0.14967439518159154,0.012911537680793117
-5.09,0.006158019887168897,0.7788507952223717,0.010869435849462056,1.0343982104970504,0.0019684466771836503,0.14980373776438682,0.012957047260897525
-5.08,0.006219909015942573,0.7787660929651744,0.010882324963445328,1.034377833857324,0.001971398972315768,0.1499335373409849,0.013002937009780169
-5.07,0.006282420140801118,0.7786812994481762,0.01089524139470702,1.0343574270455589,0.001974358262577573,0.15006379773353729,0.013049211304405617
-5.0600000000000005,0.00634555951290911,0.7785964144900829,0.010908185251164496,1.0343369899910626,0.001977324575321223,0.1501945228101249,0.013095874351165548
-5.05,0.006409333446256383,0.7785114379088819,0.010921156641529388,1.034316522622867,0.0019802979380856194,0.15032571647998338,0.013142930640697159
-5.04,0.006473748318289405,0.7784263695218369,0.010934155675316262,1.0342960248697262,0.0019832783785983534,0.1504573826955493,0.013190384493100282
-5.029999999999999,0.00653881057054907,0.778341209145482,0.010947182462851403,1.0342754966601149,0.0019862659247776755,0.15058952545564352,0.013238240398997903
-5.02,0.006604526709314811,0.778255956595616,0.010960237115281761,1.0342549379222268,0.001989260604734501,0.15072214880137835,0.013286502621660645
-5.01,0.006670903306255274,0.7781706116872972,0.010973319744583838,1.0342343485839725,0.0019922624467744025,0.15085525682093248,0.01333517570856202
-5.0,0.006737946999085467,0.7780851742348371,0.010986430463572932,1.034213728572977,0.0019952714793996847,0.15098885364795933,0.01338426483243893
-4.99,0.006805664492230543,0.7779996440517949,0.01099956938591237,1.034193077816579,0.0019982877313114524,0.15112294346226918,0.013433774086031747
-4.98,0.006874062557496249,0.7779140209509712,0.01101273662612287,1.0341723962418277,0.0020013112314117088,0.1512575304902839,0.013483708528390537
-4.97,0.0069431480347461145,0.7778283047444023,0.011025932299592058,1.03415168377548,0.0020043420088054916,0.1513926190075381,0.01353407265014539
-4.96,0.007012927832585425,0.7777424952433546,0.01103915652258408,1.0341309403440013,0.002007380092803022,0.15152821333617794,0.013584871908278728
-4.949999999999999,0.007083408929052125,0.7776565922583171,0.011052409412249468,1.0341101658735605,0.0020104255129219173,0.1516643178488266,0.013636110281822766
-4.9399999999999995,0.007154598372314585,0.7775705955989969,0.011065691086634867,1.0340893602900294,0.002013478298889374,0.15180093696653785,0.01368779373932938
-4.93,0.0072265032813764625,0.7774845050743119,0.011079001664693208,1.0340685235189797,0.002016538480644439,0.15193807516084235,0.013739926600919716
-4.92,0.007299130846788583,0.7773983204923847,0.011092341266293826,1.034047655485683,0.002019606088340282,0.15207573695306564,0.013792514323540672
-4.91,0.007372488331368012,0.7773120416605362,0.011105710012232763,1.0340267561151049,0.002022681152346499,0.15221392691773872,0.013845562136800993
-4.9,0.007446583070924338,0.7772256683852796,0.01111910802424319,1.0340058253319062,0.0020257637032514487,0.15235264968123374,0.013899074872369965
-4.890000000000001,0.007521422474993263,0.7771392004723129,0.011132535425006067,1.0339848630604391,0.002028853771864636,0.15249190992199146,0.013953058271461316
-4.88,0.007597014027577567,0.7770526377265127,0.011145992338160856,1.0339638692247453,0.002031951389219113,0.15263171237188544,0.014007517563648264
-4.87,0.007673365287895489,0.7769659799519283,0.011159478888316272,1.0339428437485536,0.0020350565865738844,0.15277206181713154,0.014062458546959533
-4.859999999999999,0.007750483891136699,0.7768792269517734,0.011172995201061556,1.0339217865552777,0.0020381693954164303,0.15291296309942481,0.014117886109943356
-4.85,0.007828377549225773,0.7767923785284205,0.011186541402977418,1.0339006975680136,0.002041289847465155,0.1530544211138931,0.01417380610746477
-4.84,0.007907054051593441,0.7767054344833939,0.011200117621647463,1.0338795767095381,0.0020444179746719427,0.15319644081500883,0.014230224394395918
-4.83,0.007986521265955502,0.7766183946173616,0.011213723985669753,1.0338584239023059,0.002047553809224747,0.1533390272120414,0.014287146314025279
-4.82,0.008066787139099614,0.7765312587301293,0.011227360624668338,1.033837239068446,0.0020506973835501693,0.15348218537224056,0.014344578005420772
-4.8100000000000005,0.008147859697679982,0.7764440266206328,0.011241027669305124,1.0338160221297619,0.002053848730316111,0.1536259204237922,0.014402525323482962
-4.8,0.00822974704902003,0.7763566980869306,0.011254725251291876,1.0337947730077266,0.002057007882434461,0.15377023755104346,0.014460994350429246
-4.79,0.008312457381923119,0.7762692729261967,0.011268453503402309,1.033773491623482,0.0020601748730638,0.15391514199905032,0.014519990713786513
-4.779999999999999,0.008395998967491478,0.7761817509347134,0.011282212559484367,1.0337521778978356,0.002063349735612144,0.15406063907494172,0.014579520836825566
-4.77,0.008480380159953269,0.7760941319078635,0.011296002554472757,1.0337308317512568,0.002066532503739749,0.15420673414610064,0.014639591086044845
-4.76,0.00856560939749806,0.7760064156401225,0.011309823624401591,1.0337094531038769,0.0020697232113619365,0.15435343264289259,0.01470020742998912
-4.75,0.008651695203120634,0.7759186019250514,0.011323675906417217,1.0336880418754844,0.002072921892651961,0.15450074005934766,0.014761376121441572
-4.74,0.00873864618547329,0.7758306905552883,0.011337559538791201,1.0336665979855237,0.002076128582043915,0.15464866195384275,0.014823103981598251
-4.73,0.008826471039726723,0.775742681322541,0.011351474660933579,1.0336451213530908,0.0020793433142356865,0.1547972039486467,0.014885397320092864
-4.72,0.008915178548439553,0.7756545740175788,0.011365421413406147,1.033623611896933,0.0020825661241919346,0.1549463717319668,0.014948262787591204
-4.71,0.00900477758243656,0.7755663684302244,0.011379399937936076,1.0336020695354438,0.002085797047147128,0.1550961710588581,0.015011707375833794
-4.699999999999999,0.009095277101695824,0.7754780643493459,0.011393410377429693,1.0335804941866618,0.0020890361186086267,0.15524660775281518,0.015075737451297755
-4.6899999999999995,0.009186686156244673,0.775389661562848,0.011407452875986372,1.033558885768267,0.0020922833743597844,0.15539768770349838,0.015140359948873083
-4.68,0.009279013887064744,0.7753011598576647,0.011421527578912703,1.0335372441975788,0.002095538850463115,0.15554941687173596,0.015205582258204231
-4.67,0.009372269527006058,0.7752125590197495,0.011435634632736835,1.033515569391552,0.0020988025832634986,0.15570180128952416,0.015271411086821729
-4.66,0.009466462401710323,0.7751238588340676,0.011449774185223076,1.033493861266776,0.0021020746093914407,0.15585484705729868,0.01533785365381135
-4.65,0.009561601930543505,0.7750350590845873,0.01146394638538657,1.0334721197394685,0.0021053549657663517,0.15600856034893695,0.015404917178329924
-4.640000000000001,0.009657697627537768,0.7749461595542704,0.011478151383508333,1.0334503447254766,0.0021086436895999035,0.1561629474124402,0.01547260927737426
-4.63,0.009754759102342903,0.7748571600250644,0.011492389331150366,1.0334285361402709,0.0021119408183994104,0.15631801456811445,0.015540937056357507
-4.62,0.009852796061187257,0.7747680602778927,0.011506660381171136,1.0334066938989432,0.0021152463899712813,0.15647376821266334,0.015609908132326211
-4.609999999999999,0.009951818307848428,0.7746788600926456,0.011520964687741114,1.0333848179162044,0.00211856044242449,0.15663021481805117,0.015679530520174012
-4.6,0.010051835744633586,0.7745895592481715,0.01153530240635866,1.03336290810638,0.002121883014174125,0.1567873609333219,0.01574981166640299
-4.59,0.010152858373369763,0.774500157522267,0.01154967369386608,1.0333409643834082,0.002125214143944976,0.15694521318596344,0.015820759415412056
-4.58,0.010254896296404022,0.7744106546916678,0.01156407870846591,1.0333189866608365,0.002128553870775163,0.15710377828213495,0.01589238206634036
-4.57,0.010357959717613696,0.7743210505320388,0.011578517609737523,1.0332969748518173,0.002131902234019853,0.15726306300916804,0.015964687122504984
-4.5600000000000005,0.010462058943426795,0.774231344817965,0.01159299055865378,1.0332749288691068,0.002135259273354972,0.15742307423511193,0.016037683167276384
-4.55,0.010567204383852655,0.7741415373229408,0.011607497717598166,1.0332528486250594,0.002138625028781031,0.15758381891032514,0.01611137844292898
-4.54,0.010673406553522925,0.7740516278193608,0.011622039250381997,1.0332307340316267,0.0021419995406269684,0.15774530406770282,0.01618578124863035
-4.529999999999999,0.010780676072743092,0.7739616160785096,0.011636615322261897,1.0332085850003527,0.002145382849554053,0.15790753682745162,0.016260900224544628
-4.52,0.01088902366855445,0.7738715018705512,0.011651226099957654,1.0331864014423704,0.002148774996559865,0.1580705243934517,0.01633674412459385
-4.51,0.010998460175806881,0.7737812849645193,0.011665871751670177,1.033164183268399,0.0021521760229823105,0.1582342740553031,0.016413321475276632
-4.5,0.011108996538242306,0.773690965128306,0.011680552447099837,1.0331419303887404,0.002155585970503709,0.15839879319491956,0.016490641030486586
-4.49,0.011220643809589084,0.7736005421286526,0.011695268357464938,1.033119642713275,0.0021590048811549194,0.15856408927970733,0.016568712055686774
-4.48,0.011333413154667387,0.7735100157311371,0.011710019655520676,1.033097320151459,0.0021624327973195708,0.15873016986802213,0.016647543191091074
-4.47,0.01144731585050571,0.7734193857001652,0.01172480651557807,1.033074962612321,0.0021658697617382866,0.15889704261326187,0.016727144782180403
-4.46,0.011562363287468536,0.7733286517989577,0.011739629113523564,1.0330525700044564,0.0021693158175130614,0.15906471525727284,0.016807525184965755
-4.449999999999999,0.011678566970395453,0.7732378137895404,0.011754487626838528,1.0330301422360262,0.002172771008111609,0.15923319563967198,0.016888694005956495
-4.4399999999999995,0.011795938519751572,0.7731468714327326,0.01176938223461924,1.033007679214752,0.002176235377371825,0.1594024916928447,0.016970661420145916
-4.43,0.011914489672789647,0.7730558244881355,0.011784313117597258,1.032985180847913,0.002179708969506329,0.15957261145035773,0.017053436408779987
-4.42,0.012034232284723775,0.7729646727141207,0.011799280458159825,1.03296264704234,0.002183191829107025,0.15974356303877357,0.017137029487912514
-4.41,0.012155178329914935,0.7728734158678189,0.011814284440370831,1.032940077704415,0.0021866840011497673,0.15991535468674556,0.017221450264059968
-4.4,0.012277339903068436,0.7727820537051072,0.011829325249991965,1.032917472740065,0.002190185530999091,0.16008799472592727,0.017306709196418524
-4.390000000000001,0.012400729220443395,0.7726905859805981,0.011844403074504163,1.0328948320547575,0.002193696464412992,0.160261491585743,0.01739281645996016
-4.38,0.012525358621074385,0.7725990124476269,0.011859518103129437,1.0328721555534988,0.0021972168475477994,0.1604358538043016,0.01747978262756078
-4.37,0.012651240568005305,0.7725073328582389,0.011874670526853016,1.0328494431408282,0.002200746726963114,0.1606110900204385,0.017567618215259984
-4.359999999999999,0.012778387649535773,0.7724155469631777,0.011889860538445847,1.0328266947208142,0.00220428614962683,0.16078720898281063,0.017656333682225522
-4.35,0.012906812580479873,0.7723236545118723,0.01190508833248728,1.0328039101970505,0.0022078351629201964,0.16096421954648577,0.01774594034031196
-4.34,0.013036528203437736,0.7722316552524243,0.011920354105388314,1.0327810894726521,0.0022113938146430014,0.16114213067680794,0.017836449046619407
-4.33,0.013167547490079751,0.7721395489315946,0.011935658055415067,1.0327582324502504,0.0022149621530188103,0.1613209514503069,0.017927871112988214
-4.32,0.013299883542443767,0.7720473352947911,0.011951000382712572,1.0327353390319898,0.0022185402267002764,0.16150069105538023,0.01802021762387085
-4.3100000000000005,0.013433549594245302,0.7719550140860543,0.01196638128932906,1.032712409119522,0.002222128084774553,0.16168135879706824,0.018113500232175284
-4.3,0.013568559012200934,0.7718625850480446,0.011981800979240488,1.0326894426140025,0.002225725776768772,0.16186296409273382,0.018207730477122652
-4.29,0.013704925297364945,0.7717700479220289,0.01199725965837543,1.0326664394160865,0.0022293333526555922,0.16204551648047527,0.01830292069371353
-4.279999999999999,0.013842662086479513,0.7716774024478655,0.012012757534640527,1.0326433994259232,0.0022329508628588807,0.16222902561639785,0.01839908219380959
-4.27,0.013981783153338308,0.7715846483639917,0.012028294817946086,1.032620322543152,0.0022365783582594207,0.16241350127506848,0.018496227767172968
-4.26,0.014122302410163962,0.7714917854074081,0.012043871720232222,1.032597208666898,0.0022402158902007467,0.16259895335770125,0.0185943692940711
-4.25,0.014264233908999256,0.7713988133136656,0.012059488455495364,1.0325740576957663,0.0022438635104950564,0.16278539188692775,0.01869351945060771
-4.24,0.01440759184311235,0.7713057318168496,0.01207514523981512,1.0325508695278383,0.0022475212714292057,0.1629728270124815,0.018793690799157048
-4.23,0.014552390548416123,0.7712125406495663,0.012090842291381606,1.0325276440606665,0.0022511892257708016,0.16316126901210737,0.018894896413719664
-4.22,0.014698644504901784,0.7711192395429268,0.012106579830523267,1.032504381191269,0.0022548674267744177,0.16335072829042474,0.018997149140886904
-4.21,0.014846368338086832,0.7710258282265327,0.012122358079734896,1.0324810808161264,0.0022585559281878336,0.16354121538893196,0.019100462338883517
-4.199999999999999,0.014995576820477717,0.77093230642846,0.012138177263706336,1.0324577428311736,0.0022622547842584516,0.16373274097645663,0.019204849536436086
-4.1899999999999995,0.015146284873046992,0.7708386738752444,0.012154037609351475,1.032434367131798,0.0022659640497397545,0.16392531585984216,0.019310324205427776
-4.18,0.015298507566725518,0.7707449302918647,0.01216993934583776,1.0324109536128323,0.0022696837798978973,0.16411895098372042,0.019416899874606486
-4.17,0.015452260123909515,0.7706510754017275,0.012185882704616109,1.03238750216855,0.0022734140305183787,0.16431365743028437,0.019524591266424807
-4.16,0.01560755791998283,0.7705571089266502,0.012201867919451376,1.03236401269266,0.0022771548579128384,0.16450944642383547,0.019633412080111157
-4.15,0.015764416484854486,0.7704630305868454,0.012217895226453165,1.0323404850783013,0.0022809063189259344,0.16470632933078377,0.01974337658339209
-4.140000000000001,0.015922851504511684,0.7703688401009038,0.012233964864107253,1.0323169192180375,0.002284668470942351,0.16490431766260372,0.019854499669243353
-4.13,0.016082878822588433,0.7702745371857774,0.012250077073307409,1.0322933150038511,0.0022884413718939007,0.16510342307992687,0.01996679600324569
-4.12,0.01624451444194987,0.7701801215567623,0.01226623209738782,1.0322696723271383,0.0022922250802667613,0.16530365739004083,0.020080281160517188
-4.109999999999999,0.01640777452629266,0.7700855929274817,0.012282430182155833,1.032245991078703,0.0022960196551087783,0.16550503255257354,0.02019496963612255
-4.1,0.016572675401761255,0.7699909510098679,0.012298671575925445,1.0322222711487516,0.0022998251560369413,0.16570756068176706,0.020310877175688802
-4.09,0.016739233558580632,0.769896195514145,0.012314956529551141,1.0321985124268866,0.002303641643244933,0.16591125404625018,0.020428019467992442
-4.08,0.01690746565270528,0.7698013261488104,0.012331285296462366,1.0321747148021005,0.0023074691775108237,0.1661161250733585,0.020546412713429163
-4.07,0.017077388507484793,0.7697063426206165,0.012347658132698504,1.0321508781627715,0.0023113078202048757,0.16632218635163554,0.020666072543917835
-4.0600000000000005,0.017249019115346265,0.7696112446345528,0.012364075296944412,1.0321270023966551,0.0023151576332974756,0.16652945063106017,0.02078701584196807
-4.05,0.017422374639493515,0.769516031893826,0.012380537050566534,1.0321030873908799,0.002319018679367193,0.16673793082736665,0.02090925875108951
-4.04,0.017597472415623393,0.769420704099842,0.012397043657649568,1.0320791330319399,0.0023228910216089634,0.16694764002363627,0.021032818835919898
-4.029999999999999,0.01777432995365946,0.7693252609521859,0.012413595385033723,1.0320551392056898,0.0023267747238424064,0.16715859147279843,0.021157712637887016
-4.02,0.017952964939502866,0.7692297021486028,0.012430192502352588,1.0320311057973373,0.002330669850520276,0.16737079860013182,0.021283957778450713
-4.01,0.018133395236801075,0.7691340273849776,0.012446835282071576,1.032007032691437,0.0023345764667370415,0.16758427500599282,0.02141157153801032
-4.0,0.01831563888873418,0.7690382363553151,0.012463523999527052,1.0319829197718846,0.0023384946382376238,0.16779903446786193,0.0215405721633104
-3.99,0.018499714119819242,0.7689423287517194,0.012480258932965982,1.0319587669219088,0.002342424431426245,0.16801509094352696,0.021670977503156053
-3.9799999999999995,0.01868563933773278,0.7688463042643737,0.012497040363586258,1.0319345740240666,0.002346365913375429,0.16823245857472102,0.021802806372754446
-3.9699999999999998,0.018873433135151493,0.7687501625815182,0.012513868575577855,1.031910340960234,0.002350319151835195,0.16845115168598568,0.02193607707567935
-3.96,0.019063114291611637,0.76865390338943,0.01253074385616427,1.0318860676116013,0.002354284215242301,0.16867118479285637,0.022070808881835546
-3.95,0.01925470177538692,0.7685575263724008,0.012547666495645,1.0318617538586652,0.0023582611727297345,0.16889257259890655,0.022207020663245203
-3.9399999999999995,0.0194482147453854,0.7684610312127154,0.012564636787438544,1.031837399581221,0.002362250094136313,0.16911533000438794,0.022344732201410977
-3.9299999999999997,0.0196436725530653,0.768364417590629,0.012581655028126075,1.0318130046583565,0.002366251050016432,0.16933947210372935,0.022483963164184217
-3.92,0.019841094744370288,0.7682676851843454,0.012598721517495911,1.0317885689684445,0.0023702641116499987,0.16956501419235792,0.02262473356040573
-3.91,0.020040501061684014,0.7681708336699934,0.012615836558588688,1.0317640923891351,0.0023742893510525177,0.16979197176851812,0.022767064251638658
-3.9000000000000004,0.02024191144580438,0.7680738627216039,0.012633000457743248,1.0317395747973483,0.0023783268409853404,0.1700203605344086,0.02291097547413301
-3.8899999999999997,0.020445346037937663,0.7679767720110872,0.012650213524643211,1.031715016069266,0.0023823766549660656,0.17025019640186656,0.023056488430484023
-3.88,0.020650825181712566,0.7678795612082076,0.01266747607236454,1.0316904160803249,0.002386438867279162,0.1704814954957783,0.02320362432328693
-3.87,0.02085836942521472,0.7677822299805604,0.012684788417423636,1.0316657747052087,0.002390513552986711,0.17071427415203289,0.023352405094101414
-3.8600000000000003,0.021067999523041423,0.7676847779935474,0.012702150879826362,1.0316410918178396,0.00239460078793936,0.1709485489286635,0.023502852172896382
-3.8499999999999996,0.021279736438377175,0.7675872049103514,0.01271956378311781,1.0316163672913705,0.002398700648787434,0.17118433660357368,0.02365498863809279
-3.84,0.021493601345089923,0.7674895103919113,0.012737027454433005,1.0315916009981774,0.0024028132129922685,0.1714216541784026,0.023808836317591897
-3.83,0.02170961562984857,0.7673916940968967,0.012754542224548294,1.0315667928098498,0.0024069385588376866,0.17166051888466427,0.023964418915063845
-3.8200000000000003,0.02192780089426161,0.7672937556816817,0.012772108427933717,1.0315419425971835,0.0024110767654416995,0.17190094818397483,0.024121759565787215
-3.8099999999999996,0.022148178957037325,0.7671956948003182,0.012789726402806265,1.0315170502301718,0.00241522791276841,0.17214295977464644,0.024280881405047694
-3.8,0.0223707718561656,0.7670975111045106,0.012807396491183759,1.0314921155779972,0.0024193920816400487,0.17238657159077775,0.024441809330255637
-3.79,0.022595601851121864,0.7669992042435868,0.012825119038940102,1.031467138509021,0.002423569353749321,0.17263180181248572,0.024604566817743034
-3.7800000000000002,0.02282269142509297,0.7669007738644719,0.012842894395861053,1.0314421188907767,0.002427759811671873,0.1728786688627224,0.024769179276518116
-3.7699999999999996,0.02305206328722558,0.76680221961166,0.012860722915701088,1.0314170565899594,0.0024319635388789992,0.17312719141682464,0.02493567194505175
-3.76,0.02328374037489701,0.766703541127186,0.012878604956241232,1.0313919514724172,0.002436180619750567,0.17337738840046768,0.02510407011868665
-3.75,0.023517745856009107,0.7666047380505966,0.0128965408793479,1.031366803403142,0.0024404111395881696,0.17362927899853275,0.02527439949062682
-3.74,0.023754103131304997,0.7665058100189218,0.01291453105103254,1.0313416122462602,0.0024446551846284592,0.17388288265783558,0.025446687232033582
-3.7299999999999995,0.023992835836709185,0.7664067566666444,0.012932575841512634,1.0313163778650223,0.002448912842056787,0.17413821908894533,0.02562095892243832
-3.7199999999999998,0.024233967845691123,0.7663075776256707,0.012950675625273352,1.0312911001217941,0.002453184200020978,0.17439530827323324,0.025797242585667846
-3.71,0.02447752327165267,0.7662082725252995,0.012968830781130607,1.031265778878047,0.0024574693476454405,0.17465417046491893,0.02597556539285506
-3.7,0.024723526470339388,0.7661088409921919,0.012987041692294874,1.031240413994347,0.0024617683750454296,0.1749148261958453,0.026155955481499404
-3.6899999999999995,0.024972002042276165,0.7660092826503393,0.013005308746436297,1.031215005330346,0.002466081373341607,0.17517729628002598,0.026338441273303204
-3.6799999999999997,0.025222974835227223,0.7659095971210318,0.013023632335750913,1.0311895527447694,0.002470408434674852,0.17544160181887491,0.026523051531057718
-3.67,0.025476469946681016,0.7658097840228261,0.013042012857027876,1.0311640560954087,0.002474749652221296,0.17570776420302536,0.02670981564278918
-3.66,0.02573251272635994,0.7657098429715122,0.013060450711718009,1.031138515239108,0.0024791051202076573,0.1759758051209701,0.02689876356498644
-3.6499999999999995,0.025991128778755358,0.7656097735800808,0.013078946306003413,1.0311129300317552,0.002483474933926808,0.1762457465586067,0.027089925140437288
-3.6399999999999997,0.02625234396568797,0.7655095754586888,0.013097500050868316,1.03108730032827,0.0024878591897536267,0.17651761080696815,0.027283331519349474
-3.63,0.02651618440889418,0.7654092482146255,0.013116112362171231,1.0310616259825935,0.0024922579851611388,0.17679142046813467,0.027479013454012602
-3.62,0.026782676492638175,0.7653087914522778,0.013134783660718198,1.0310359068476767,0.0024966714187369073,0.17706719845818952,0.02767700260620387
-3.6100000000000003,0.027051846866350402,0.7652082047730945,0.013153514372337492,1.031010142775469,0.002501099590199747,0.17734496801108435,0.027877331774561753
-3.5999999999999996,0.02732372244729257,0.7651074877755507,0.013172304927955493,1.0309843336169071,0.0025055426004167007,0.17762475268659728,0.028080033246162373
-3.59,0.027598330423249287,0.7650066400551112,0.013191155763674014,1.0309584792219026,0.0025100005514203504,0.1779065763730614,0.028285139876523147
-3.58,0.027875698255247015,0.764905661204194,0.013210067320848775,1.0309325794393314,0.0025144735464263735,0.17819046329373123,0.028492686112720378
-3.5700000000000003,0.028155853680300096,0.7648045508121322,0.013229040046169531,1.0309066341170192,0.002518961689851484,0.17847643801042068,0.02870270577658829
-3.5599999999999996,0.02843882471418452,0.764703308465136,0.01324807439174141,1.0308806431017319,0.0025234650873316384,0.17876452543305277,0.028915233542640806
-3.55,0.028724639654239433,0.7646019337462545,0.013267170815167753,1.0308546062391617,0.002527983845740578,0.17905475081988698,0.02913030499485103
-3.54,0.029013327082197053,0.7645004262353355,0.013286329779634485,1.030828523373914,0.002532518073208725,0.17934713978706895,0.029347955944558635
-3.5300000000000002,0.029304915867040746,0.7643987855089868,0.013305551753995802,1.0308023943494964,0.0025370678791423623,0.17964171831090425,0.029568223169462726
-3.5199999999999996,0.029599435167892013,0.7642970111405343,0.013324837212861639,1.0307762190083034,0.0025416333742432243,0.17993851273786277,0.029791143219874527
-3.51,0.02989691443692632,0.7641951026999824,0.013344186636686411,1.0307499971916052,0.002546214670528367,0.18023754978617035,0.030016754237756516
-3.5,0.0301973834223185,0.7640930597539707,0.013363600511859683,1.0307237287395328,0.0025508118813504796,0.18053885655604063,0.030245094251313276
-3.49,0.030500872171217483,0.7639908818657328,0.013383079330798088,1.030697413491065,0.0025554251214184695,0.18084246053035713,0.030476202482532244
-3.4799999999999995,0.03080741103275109,0.7638885685950524,0.013402623592039243,1.0306710512840143,0.0025600545068185025,0.18114838958695145,0.03071011781229771
-3.4699999999999998,0.031117030661060873,0.7637861194982201,0.01342223380033704,1.030644641955013,0.0025647001550353488,0.181456672000877,0.03094688099736942
-3.46,0.03142976201836771,0.7636835341279886,0.013441910466758916,1.0306181853394993,0.0025693621849741787,0.18176733645077547,0.031186532794443167
-3.45,0.03174563637806794,0.7635808120335278,0.013461654108784794,1.030591681271702,0.0025740407169827315,0.18208041202865388,0.03142911418763106
-3.4399999999999995,0.03206468532786078,0.7634779527603788,0.01348146525040772,1.0305651295846254,0.0025787358728738678,0.1823959282451142,0.03167466786634776
-3.4299999999999997,0.032386940772907054,0.7633749558504074,0.013501344422236489,1.030538530110036,0.0025834477759485684,0.1827139150320818,0.031923236406328215
-3.42,0.03271243493901982,0.7632718208417565,0.013521292161600104,1.030511882678446,0.0025881765510193497,0.18303440275735738,0.0321748631790868
-3.41,0.03304120037588693,0.7631685472687986,0.013541309012654011,1.030485187119098,0.0025929223244340748,0.18335742222438967,0.03242959280669311
-3.3999999999999995,0.0333732699603261,0.7630651346620866,0.013561395526488431,1.0304584432599493,0.00259768522410024,0.1836830046859177,0.032687470195462254
-3.3899999999999997,0.033708676899572416,0.7629615825483042,0.013581552261238675,1.0304316509276563,0.0026024653795097084,0.18401118184465304,0.03294854059276986
-3.38,0.034047454734599344,0.7628578904502156,0.013601779782197372,1.0304048099475578,0.002607262921763873,0.18434198586646744,0.03321285100810911
-3.37,0.03438963734347271,0.7627540578866145,0.013622078661928867,1.0303779201436596,0.002612077983599309,0.18467544938471292,0.03348044839412978
-3.3600000000000003,0.03473525894473855,0.762650084372272,0.01364244948038574,1.030350981338616,0.002616910699413908,0.1850116055086346,0.03375138101091579
-3.3499999999999996,0.03508435410084504,0.7625459694178832,0.013662892825027466,1.0303239933537147,0.002621761205293488,0.1853504878338299,0.03402569734588923
-3.34,0.03543695772159864,0.7624417125300142,0.013683409290941261,1.030296956008858,0.0026266296390389083,0.18569213044452226,0.034303447307600266
-3.33,0.0357931050676553,0.7623373132110473,0.013703999480965219,1.030269869122546,0.002631516140193683,0.18603656792811307,0.03458468108874513
-3.3200000000000003,0.03615283175404641,0.7622327709591252,0.013724664005813686,1.030242732511859,0.0026364208500721177,0.186383835379047,0.03486945024632604
-3.3099999999999996,0.036516173753740416,0.7621280852680954,0.013745403484205098,1.0302155459924394,0.002641343911787991,0.18673396840949863,0.03515780645102495
-3.3,0.036883167401240015,0.7620232556274522,0.01376621854299209,1.0301883093784716,0.0026462854702837524,0.18708700315710303,0.03544980290826061
-3.29,0.03725384939621581,0.7619182815222793,0.013787109817294115,1.0301610224826663,0.0026512456723602816,0.18744297629405082,0.03574549418772932
-3.2800000000000002,0.0376282568071762,0.7618131624331893,0.01380807795063271,1.0301336851162386,0.0026562246667072562,0.1878019250368652,0.03604493429065769
-3.2699999999999996,0.038006427075174334,0.761707897836265,0.013829123595069057,1.030106297088891,0.002661222603934026,0.18816388715436005,0.036348179150984095
-3.26,0.038388398017552075,0.7616024872029978,0.013850247411344269,1.030078858208792,0.002666239636601105,0.18852890097650743,0.036655285498461865
-3.25,0.03877420783172201,0.7614969300002252,0.013871450069022507,1.030051368282557,0.0026712759192523096,0.18889700540717058,0.03696631114280535
-3.24,0.039163895098987066,0.761391225690068,0.013892732246636598,1.030023827115228,0.0026763316084474514,0.18926823992910613,0.03728131457592099
-3.2299999999999995,0.039557498788398746,0.7612853737298662,0.013914094631836535,1.0299962345102527,0.002681406862795689,0.1896426446182886,0.03760035548339147
-3.2199999999999998,0.03995505826065392,0.7611793735721134,0.013935537921540867,1.0299685902694633,0.002686501842989528,0.19002026015050433,0.03792349417609131
-3.21,0.04035661327203115,0.761073224664391,0.013957062822090945,1.0299408941930568,0.002691616711839466,0.19040112781385687,0.038250792783856014
-3.2,0.04076220397836621,0.7609669264493001,0.013978670049408183,1.0299131460795705,0.002696751634309322,0.1907852895187716,0.0385823140049979
-3.1899999999999995,0.04117187093906775,0.7608604783643933,0.014000360329154353,1.0298853457258628,0.0027019067775522487,0.19117278780731795,0.03891812116307847
-3.1799999999999997,0.04158565512117318,0.7607538798421053,0.014022134396894901,1.0298574929270887,0.0027070823109474266,0.19156366586639706,0.03925827968487994
-3.17,0.04200359790344555,0.7606471303096811,0.014043992998265687,1.0298295874766783,0.002712278406137535,0.19195796753706418,0.03960285539506003
-3.16,0.042425741080511385,0.7605402291891048,0.014065936889142679,1.0298016291663132,0.002717495237066886,0.19235573732589728,0.039951915539397476
-3.1499999999999995,0.0428521268670402,0.760433175897026,0.014087966835815122,1.029773617785903,0.002722732980020351,0.19275702041841214,0.04030552855737568
-3.1399999999999997,0.043282797901965916,0.7603259698446848,0.014110083615162196,1.0297455531235604,0.0027279918136630683,0.19316186268838464,0.040663763627442506
-3.13,0.04371779725275094,0.7602186104378369,0.014132288014832918,1.0297174349655798,0.0027332719190808854,0.19357031071240272,0.0410266920880602
-3.12,0.04415716841969286,0.7601110970766757,0.014154580833429787,1.0296892630964083,0.0027385734798216575,0.19398241177736963,0.04139438539141338
-3.1100000000000003,0.044600955340274515,0.7600034291557541,0.014176962880696007,1.029661037298624,0.0027438966819373378,0.1943982139007403,0.04176691697921342
-3.0999999999999996,0.04504920239355782,0.7598956060639049,0.01419943497770642,1.0296327573529083,0.002749241714026924,0.19481776583575083,0.04214436114579456
-3.09,0.04550195440462157,0.7597876271841598,0.014221997957062138,1.0296044230380212,0.0027546087672802276,0.19524111708869896,0.04252679428874018
-3.08,0.045959256649044204,0.7596794918936661,0.01424465266308935,1.029576034130774,0.0027599980355226,0.19566831793008532,0.04291429280556969
-3.0700000000000003,0.04642115485743125,0.7595711995636041,0.014267399952041668,1.0295475904060023,0.0027654097152604467,0.19609941941007492,0.0433069362770766
-3.0599999999999996,0.04688769521998851,0.7594627495590998,0.014290240692307126,1.0295190916365384,0.002770844005727806,0.19653447337259422,0.04370480365876972
-3.05,0.04735892439114093,0.75935414123914,0.014313175764618623,1.0294905375931847,0.002776301108933699,0.19697353246374405,0.044107977146275346
-3.04,0.04783488949419837,0.7592453739564825,0.01433620606226934,1.0294619280446833,0.0027817812297106096,0.19741665015476428,0.044516538594059796
-3.0300000000000002,0.04831563812606777,0.7591364470575671,0.014359332491331886,1.029433262757689,0.0027872845757638035,0.19786388075090144,0.044930573324101886
-3.0199999999999996,0.04880121836201298,0.7590273598824231,0.01438255597088248,1.0294045414967385,0.0027928113577217954,0.19831527940800697,0.04535016648787149
-3.01,0.04929167876046217,0.7589181117645771,0.014405877433229165,1.029375764024221,0.0027983617891877218,0.1987709021466344,0.045775405737920494
-3.0,0.049787068367863944,0.758808702030958,0.014429297824145058,1.0293469301003475,0.002803936086791856,0.19923080587113873,0.04620637963626706
-2.99,0.050287436723591865,0.7586991300018001,0.014452818103106219,1.029318039483121,0.0028095344702451716,0.19969504838059038,0.0466431792460682
-2.9799999999999995,0.05079283386489852,0.7585893949905455,0.014476439243534523,1.0292890919283029,0.0028151571623940357,0.20016368838969356,0.04708589631263038
-2.9699999999999998,0.051303310331919136,0.7584794963037438,0.014500162233045353,1.0292600871893824,0.002820804389275996,0.20063678554197395,0.047534624627594724
-2.96,0.05181891717272583,0.7583694332409513,0.014523988073700509,1.0292310250175436,0.002826476380176746,0.2011144004277412,0.047989460426840935
-2.95,0.05233970594843238,0.7582592050946263,0.014547917782266552,1.029201905161632,0.0028321733676883315,0.2015965946027336,0.04845050028734477
-2.9399999999999995,0.05286572873835039,0.7581488111500247,0.01457195239047818,1.0291727273681204,0.00283789558776848,0.2020834306033521,0.04891784362825291
-2.9299999999999997,0.053397038145197105,0.7580382506850929,0.01459609294530729,1.029143491381075,0.002843643279801239,0.2025749719673513,0.049391591119281486
-2.92,0.05393368730035602,0.7579275229703576,0.014620340509237802,1.0291141969421203,0.0028494166866589016,0.20307128324975565,0.04987184570381942
-2.91,0.05447572986918986,0.7578166272688158,0.01464469616054595,1.0290848437904023,0.002855216054765184,0.20357243004241354,0.05035871237168976
-2.8999999999999995,0.05502322005640726,0.7577055628358215,0.01466916099358669,1.0290554316625542,0.0028610416341597828,0.20407847899400622,0.05085229702217475
-2.8899999999999997,0.055576212611483086,0.7575943289189699,0.01469373611908614,1.029025960292657,0.002866893678564303,0.2045894978286924,0.051352708567264926
-2.88,0.056134762834133725,0.7574829247579811,0.014718422664440164,1.0289964294122036,0.0028727724454495783,0.2051055553667993,0.051860057681096805
-2.87,0.0566989265798469,0.7573713495845799,0.014743221774019304,1.0289668387500595,0.0028786781961044274,0.20562672154369466,0.05237445702732657
-2.8600000000000003,0.05726876026546733,0.7572596026223747,0.014768134609480291,1.028937188032424,0.002884611195705908,0.20615306743320616,0.052896021372816904
-2.8499999999999996,0.057844320874838484,0.7571476830867331,0.014793162350084273,1.02890747698279,0.0028905717133910955,0.2066846652685399,0.05342486713287542
-2.84,0.05842566596450083,0.7570355901846568,0.014818306193021508,1.0288777053219043,0.0028965600223303137,0.20722158846092498,0.053961114133478816
-2.83,0.05901285366944784,0.7569233231146524,0.014843567353743604,1.0288478727677253,0.002902576399802098,0.2077639116246246,0.05450488345105242
-2.8200000000000003,0.05960594270893934,0.7568108810666008,0.014868947066302499,1.0288179790353815,0.0029086211272696737,0.2083117105985366,0.0550562988337262
-2.8099999999999996,0.06020499239237357,0.756698263221624,0.01489444658369702,1.0287880238371283,0.0029146944904591575,0.2088650624705224,0.05561548618970136
-2.8,0.06081006262521797,0.7565854687519497,0.014920067178226897,1.0287580068823055,0.002920796779439452,0.209424045601736,0.05618257392826109
-2.79,0.06142121391500013,0.7564724968207723,0.01494581014185451,1.0287279278772898,0.0029269282887038972,0.2099887396482245,0.056757692902927204
-2.7800000000000002,0.06203850737735829,0.756359346582113,0.014971676786574607,1.0286977865254539,0.002933089317253726,0.2105592255868487,0.057340976638890595
-2.7699999999999996,0.06266200474215318,0.7562460171806755,0.014997668444792077,1.028667582527116,0.00293928016868335,0.2111355857430226,0.05793256087825682
-2.76,0.06329176835964073,0.7561325077517005,0.015023786469708053,1.028637315579496,0.002945501151267541,0.21171790381140454,0.058532584660049736
-2.75,0.06392786120670757,0.7560188174208158,0.01505003223571473,1.028606985376665,0.002951752578050586,0.21230626488932103,0.059141188273777345
-2.74,0.06457034689316847,0.755904945303886,0.01507640713879851,1.0285765916094989,0.0029580347669373314,0.21290075549723042,0.05975851678385169
-2.7299999999999995,0.06521928966812755,0.7557908905068562,0.015102912596952739,1.0285461339656266,0.002964348040786416,0.21350146361032785,0.060384716164200825
-2.7199999999999998,0.06587475442640298,0.7556766521255956,0.015129550050599122,1.0285156121293801,0.0029706927275054613,0.21410847868514793,0.06101993614039003
-2.71,0.06653680671501686,0.7555622292457363,0.015156320963018883,1.0284850257817426,0.002977069160148486,0.21472189169071498,0.06166432967803104
-2.7,0.06720551273974976,0.7554476209425097,0.015183226820793518,1.0284543746002963,0.0029834776770154953,0.2153417951337815,0.062318052130187596
-2.6899999999999995,0.06788093937176147,0.7553328262805794,0.01521026913425559,1.028423658259168,0.002989918621754351,0.21596828309384364,0.06298126214687016
-2.6799999999999997,0.06856315415427794,0.7552178443138715,0.015237449437949578,1.0283928764289738,0.002996392343464929,0.2166014512520178,0.06365412099285805
-2.67,0.069252225309346,0.7551026740854011,0.015264769291103333,1.0283620287767647,0.003002899196805685,0.2172413969221907,0.06433679453721908
-2.66,0.06994822174465536,0.7549873146270946,0.015292230278110455,1.0283311149659686,0.0030094395421027043,0.21788821908512546,0.06502945012698547
-2.6499999999999995,0.07065121306042962,0.7548717649596112,0.015319834009023075,1.0283001346563325,0.0030160137454611153,0.21854201841870236,0.06573225994088006
-2.6399999999999997,0.07136126955638608,0.7547560240921574,0.01534758212005687,1.0282690875038634,0.0030226221788792816,0.21920289733520804,0.06644539843137665
-2.63,0.0720784622387661,0.7546400910223008,0.015375476274106913,1.028237973160767,0.0030292652203654656,0.21987096001316786,0.0671690445983657
-2.62,0.07280286282743559,0.7545239647357784,0.015403518161275982,1.0282067912753876,0.0030359432540573122,0.22054631243554468,0.06790338039764521
-2.6100000000000003,0.07353454376305707,0.7544076442063021,0.015431709499414862,1.0281755414921445,0.0030426566703440723,0.22122906242339013,0.06864859170718063
-2.5999999999999996,0.0742735782143339,0.7542911283953595,0.01546005203467542,1.0281442234514675,0.0030494058659917256,0.22191931967495293,0.06940486758821152
-2.59,0.07502004008532698,0.7541744162520116,0.015488547542076429,1.0281128367897323,0.003056191244270999,0.22261719580342287,0.07017240216101328
-2.58,0.07577400402284548,0.754057506712686,0.015517197826082877,1.0280813811391936,0.003063013215088463,0.2233228043746749,0.07095139233116043
-2.5700000000000003,0.07653554542391149,0.7539403987009657,0.015546004721198764,1.0280498561279168,0.0030698721951206848,0.2240362609481963,0.07174203938119916
-2.5599999999999996,0.07730474044329978,0.7538230911273746,0.01557497009257399,1.0280182613797086,0.003076768607951599,0.2247576831182414,0.07254454885695338
-2.55,0.07808166600115317,0.7537055828891572,0.015604095836625644,1.027986596514047,0.0030837028842131413,0.22548719055566835,0.0733591304538237
-2.54,0.07886639979067495,0.7535878728700554,0.01563338388167418,1.0279548611460076,0.003090675461729288,0.22622490504932102,0.0741859989261755
-2.5300000000000002,0.07965902028589801,0.7534699599400794,0.015662836188594594,1.0279230548861917,0.0030976867856634923,0.22697095054991223,0.07502537221171224
-2.5199999999999996,0.08045960674953247,0.7533518429552749,0.015692454751483505,1.0278911773406492,0.003104737308669752,0.22772545321845428,0.07587747296610559
-2.51,0.0812682392408917,0.7532335207574854,0.015722241598342023,1.0278592281108028,0.0031118274910472655,0.22848854146718622,0.07674252935886017
-2.5,0.0820849986238988,0.753114992174109,0.015752198791775356,1.02782720679337,0.0031189578008989005,0.22926034601027823,0.07762077393636702
-2.49,0.08290996657517266,0.7529962560178507,0.015782328429709405,1.027795112980282,0.003126128714293533,0.2300409999106705,0.07851244430411697
-2.4799999999999995,0.08374322559219599,0.752877311086469,0.015812632646124737,1.0277629462586033,0.00313334071543234,0.2308306386298682,0.07941778187613835
-2.4699999999999998,0.08458485900156473,0.752758156162519,0.01584311361180838,1.0277307062104464,0.0031405942968191535,0.23162940007841826,0.08033703494448474
-2.46,0.08543495096732123,0.7526387900130873,0.015873773535124414,1.027698392412889,0.00314788995943509,0.23243742466775075,0.08127045612128825
-2.45,0.0862935864993705,0.7525192113895237,0.01590461466280345,1.027666004437886,0.003155228212917496,0.23325485536406632,0.08221830336196234
-2.4399999999999995,0.08716085146198134,0.7523994190271666,0.015935639280751368,1.0276335418521794,0.0031626095757432654,0.23408183774199642,0.08318084047685659
-2.4299999999999997,0.08803683258237259,0.7522794116450618,0.015966849714878606,1.0276010042172101,0.0031700345754168465,0.23491852004076463,0.0841583366195735
-2.42,0.08892161745938634,0.7521591879456768,0.015998248331949863,1.027568391089024,0.0031775037486629046,0.2357650532221669,0.08515106696905406
-2.41,0.08981529457224763,0.7520387466146075,0.016029837540455175,1.0275357020181772,0.0031850176416238474,0.23662159102832447,0.08615931261600451
-2.3999999999999995,0.09071795328941255,0.7519180863202798,0.016061619791502845,1.0275029365496402,0.003192576810062334,0.23748829004171057,0.08718336084710643
-2.3899999999999997,0.09162968387750488,0.7517972057136444,0.016093597579735063,1.0274700942226984,0.003200181819568962,0.23836530974972447,0.08822350480387797
-2.38,0.09255057751034329,0.751676103427865,0.016125773444266578,1.027437174570852,0.003207833245775199,0.23925281260198972,0.08928004427844627
-2.37,0.09348072627805847,0.7515547780780002,0.016158149969647227,1.027404177121713,0.0032155316745717598,0.24015096408311365,0.09035328611163607
-2.3600000000000003,0.0944202231963023,0.7514332282606776,0.016190729786849465,1.0273711013968994,0.003223277702332683,0.2410599327733962,0.09144354311273872
-2.3499999999999996,0.09536916221554965,0.7513114525537614,0.016223515574280842,1.0273379469119277,0.003231071936145101,0.24197989041954315,0.09255113553761163
-2.34,0.09632763823049303,0.7511894495160136,0.016256510058822546,1.0273047131761042,0.0032389149940449404,0.2429110120031055,0.09367639040647902
-2.33,0.09729574708953276,0.7510672176867457,0.016289716016895318,1.0272713996924108,0.0032468075052588846,0.24385347581664973,0.09481964218595351
-2.3200000000000003,0.0982735856043615,0.7509447555854648,0.01632313627555245,1.0272380059573916,0.003254750110452499,0.24480746353196992,0.09598123313025297
-2.3099999999999996,0.0992612515596457,0.750822061711511,0.01635677371360178,1.0272045314610354,0.0032627434619849787,0.24577316027898632,0.09716151259907946
-2.3,0.10025884372280375,0.7506991345436864,0.016390631262756895,1.027170975686655,0.0032707882241705634,0.2467507547241894,0.09836083773962656
-2.29,0.1012664618538834,0.750575972539877,0.016424711908818595,1.0271373381107651,0.003278885073546844,0.247740439149311,0.09957957468033385
-2.2800000000000002,0.10228420671553744,0.7504525741366642,0.01645901869288786,1.0271036182029571,0.0032870346991502753,0.24874240953249682,0.10081809739403269
-2.2699999999999996,0.10331218008310024,0.7503289377489306,0.01649355471261057,1.02706981542577,0.0032952378027989245,0.24975686563220734,0.1020767879822273
-2.26,0.10435048475476504,0.7502050617694538,0.016528323123455837,1.0270359292345606,0.003303495099382897,0.25078401107657555,0.10335603747081734
-2.25,0.10539922456186433,0.750080944568493,0.016563327140028353,1.0270019590773678,0.00331180731716252,0.25182405345071857,0.10465624643531157
-2.24,0.1064585043792528,0.7499565844933651,0.016598570037416167,1.0269679043947764,0.003320175198074632,0.25287720438495853,0.10597782409148948
-2.2299999999999995,0.107528430135795,0.7498319798680124,0.0166340551525747,1.0269337646197765,0.0033285994980471233,0.25394367965259335,0.10732118931854018
-2.2199999999999998,0.10860910882495801,0.7497071289925593,0.016669785885748387,1.0268995391776206,0.0033370809873220866,0.25502369926311985,0.10868677088638634
-2.21,0.10970064851551141,0.7495820301428591,0.016705765701931177,1.0268652274856749,0.0033456204507878373,0.2561174875634151,0.11007500711458817
-2.2,0.11080315836233387,0.7494566815700305,0.016741998132366823,1.0268308289532708,0.003354218688320018,0.25722527333709877,0.11148634740720809
-2.1899999999999995,0.11191674861732893,0.7493310814999834,0.01677848677609068,1.0267963429815505,0.00336287651513219,0.2583472899111712,0.11292125077487469
-2.1799999999999997,0.11304153064044989,0.7492052281329336,0.01681523530151369,1.0267617689633095,0.003371594762136059,0.25948377525833166,0.1143801878811388
-2.17,0.1141776169108365,0.7490791196429059,0.01685224744805077,1.0267271062828347,0.0033803742763118486,0.2606349721152128,0.11586364024653051
-2.16,0.11532512103806251,0.7489527541772261,0.016889527027794265,1.0266923543157414,0.003389215921088969,0.26180112808742706,0.11737210087403582
-2.1499999999999995,0.11648415777349702,0.7488261298560008,0.016927077927234302,1.0266575124288022,0.0033981205767374093,0.2629824957728033,0.11890607476060211
-2.1399999999999997,0.11765484302177924,0.7486992447715843,0.016964904109027824,1.026622579979776,0.0034070891407702473,0.2641793328741642,0.1204660784992484
-2.13,0.11883729385240965,0.7485720969880338,0.017003009613817142,1.0265875563172295,0.003416122528357486,0.2653919023314302,0.12205264198429688
-2.12,0.12003162851145673,0.748444684540551,0.017041398562100477,1.0265524407803575,0.0034252216727517723,0.26662047243848974,0.12366630738823403
-2.1100000000000003,0.12123796643338162,0.7483170054349106,0.017080075156155644,1.0265172326987955,0.0034343875257262647,0.26786531698144245,0.12530763024186342
-2.0999999999999996,0.12245642825298195,0.7481890576468744,0.01711904368201917,1.0264819313924307,0.00344362105802518,0.2691267153691115,0.12697717988883994
-2.09,0.12368713581745483,0.7480608391215924,0.017158308511521853,1.0264465361712072,0.0034529232598272436,0.2704049527708321,0.12867553925845243
-2.08,0.12493021219858241,0.7479323477729881,0.017197874104383813,1.0264110463349259,0.0034622951412227447,0.2717003202576507,0.1304033058886631
-2.0700000000000003,0.12618578170503872,0.7478035814831302,0.017237745010369843,1.0263754611730407,0.0034717377327043923,0.2730131149542103,0.1321610927789152
-2.0599999999999996,0.1274539698948208,0.7476745381015866,0.017277925871508455,1.0263397799644478,0.003481252085672731,0.27434364018063206,0.13394952668474502
-2.05,0.12873490358780423,0.7475452154447656,0.017318421424375077,1.026304001977273,0.003490839272956246,0.27569220561304064,0.13576925118742622
-2.04,0.1300287108784259,0.7474156112952383,0.01735923650244346,1.0262681264686495,0.0035005003893470595,0.2770591274415892,0.13762092589787756
-2.0300000000000002,0.13133552114849303,0.747285723401045,0.01740037603850625,1.0262321526844937,0.0035102365521524743,0.2784447285355327,0.13950522736649873
-2.0199999999999996,0.13265546508012177,0.7471555494749845,0.017441845067167942,1.0261960798592737,0.0035200489017630635,0.27984933861011996,0.14142284868511013
-2.01,0.13398867466880499,0.7470250871938852,0.017483648727412145,1.0261599072157714,0.003529938602237786,0.28127329440212634,0.14337450051017697
-2.0,0.1353352832366127,0.7468943341978581,0.01752579226524618,1.0261236339648412,0.003539906841906788,0.28271693984970625,0.14536091254059613
-1.9900000000000002,0.13669542544552382,0.7467632880895312,0.01756828103642563,1.0260872593051582,0.0035499548339925284,0.28418062627702056,0.14738283272207298
-1.9799999999999995,0.13806923731089288,0.7466319464332629,0.017611120509261783,1.026050782422965,0.0035600838172498645,0.28566471258477577,0.14944102849764818
-1.9699999999999998,0.13945685621505097,0.7465003067543374,0.017654316267514427,1.0260142024918073,0.003570295056625698,0.28716956544553796,0.1515362869213419
-1.96,0.140858420921045,0.7463683665381383,0.017697874013373558,1.0259775186722666,0.003580589843938975,0.2886955595060954,0.15366941613594065
-1.9500000000000002,0.14227407158651353,0.7462361232293002,0.01774179957053335,1.0259407301116832,0.0035909694985818206,0.29024307760096235,0.155841244975349
-1.9399999999999995,0.14370394977770298,0.7461035742308397,0.017786098887360904,1.025903835943872,0.0036014353682423893,0.291812510961563,0.15805262410137288
-1.9299999999999997,0.14514819848362376,0.7459707169032634,0.01783077804016389,1.025866835288834,0.0036119888296503645,0.29340425943905757,0.16030442770899356
-1.92,0.14660696213035015,0.745837548563651,0.017875843236560954,1.0258297272524564,0.003622631289346008,0.2950187317383097,0.16259755182092306
-1.9100000000000001,0.14808038659546244,0.7457040664847169,0.017921300818957382,1.0257925109262056,0.0036333641844733338,0.2966563456463973,0.16493291752793482
-1.8999999999999995,0.14956861922263515,0.7455702678938443,0.01796715726813161,1.0257551853868148,0.0036441889835986787,0.29831752828408753,0.16731147019298476
-1.8899999999999997,0.1510718088363709,0.7454361499720961,0.018013419206935142,1.025717749695959,0.0036551071875552685,0.3000027163509458,0.16973418047429334
-1.88,0.1525901057568839,0.745301709853197,0.018060093404111327,1.0256802028999252,0.0036661203303150376,0.3017123563899986,0.17220204631486524
-1.87,0.1541236618151314,0.7451669446224899,0.018107186778236632,1.0256425440292702,0.003677229979888522,0.3034469050514872,0.17471609214678097
-1.8599999999999994,0.1556726303679974,0.7450318513158632,0.018154706401789383,1.0256047720984713,0.0036884377392539915,0.3052068293711727,0.1772773701986523
-1.8499999999999996,0.15723716631362766,0.7448964269186503,0.018202659505350518,1.0255668861055671,0.0036997452473168427,0.3069926070591009,0.179886962939662
-1.8399999999999999,0.1588174261069207,0.7447606683644965,0.0182510534819422,1.025528885031789,0.0037111541799006173,0.3088047267883667,0.18254598154500457
-1.83,0.16041356777517274,0.7446245725341977,0.018299895891508253,1.025490767841179,0.0037226662507705544,0.3106436885052517,0.1852555687378583
-1.8200000000000003,0.16202575093388072,0.7444881362545053,0.018349194465543006,1.025452533480203,0.0037342832126911747,0.3125100037430002,0.1880168998695666
-1.8099999999999996,0.16365413680270413,0.7443513562968985,0.01839895711187383,1.025414180877347,0.0037460068585191434,0.3144041959435526,0.19083118223758788
-1.7999999999999998,0.16529888822158656,0.7442142293763226,0.018449191919603293,1.0253757089427065,0.003757839022332743,0.3163268008001978,0.19369965770013664
-1.79,0.1669601696670407,0.7440767521498911,0.01849990716421755,1.0253371165675624,0.0037697815805995093,0.318278366599543,0.19662360404029755
-1.7800000000000002,0.16863814726859547,0.7439389212155522,0.018551111312866946,1.0252984026239447,0.003781836453383385,0.32025945458394744,0.1996043346821068
-1.7699999999999996,0.1703329888254095,0.7438007331107167,0.018602813029826325,1.0252595659641845,0.0037940056055931226,0.3222706393257795,0.20264320176008255
-1.7599999999999998,0.17204486382305056,0.743662184310848,0.018655021182141494,1.0252206054204522,0.00380629104827343,0.324312509101901,0.20574159594845298
-1.75,0.17377394345044514,0.7435232712280101,0.018707744845469953,1.0251815198042842,0.0038186948399407165,0.32638566630589594,0.2089009483370461
-1.7400000000000002,0.17552040061699684,0.7433839902093751,0.018760993310123382,1.0251423079060926,0.003831219087965171,0.32849072784733835,0.21212273259151004
-1.7299999999999995,0.17728440996987788,0.7432443375356865,0.018814776087320035,1.0251029684946655,0.0038438659500010437,0.33062832558448463,0.21540846455533824
-1.7199999999999998,0.17906614791149328,0.7431043094196792,0.018869102915655574,1.0250635003166475,0.0038566376354671056,0.3327991067619678,0.2187597058878339
-1.71,0.1808657926171221,0.7429639020044505,0.018923983767801997,1.0250239020960072,0.0038695364070795075,0.33500373447009224,0.2221780641775979
-1.7000000000000002,0.1826835240527346,0.7428231113617866,0.018979428857442526,1.0249841725334905,0.0038825645824388444,0.33724288811436054,0.22566519555763875
-1.6899999999999995,0.18451952399298935,0.7426819334904365,0.0190354486464541,1.0249443103060538,0.0038957245356741237,0.3395172639068278,0.22922280544432283
-1.6799999999999997,0.18637397603941003,0.7425403643143365,0.01909205385234641,1.0249043140662846,0.003909018699145682,0.34182757537269026,0.23285265132246025
-1.67,0.1882470656387468,0.7423983996807799,0.019149255455968878,1.0248641824417999,0.003922449565209693,0.34417455387551854,0.23655654382540092
-1.6600000000000001,0.1901389801015205,0.7422560353585331,0.019207064709496884,1.024823914034631,0.003936019688046864,0.34655894916249963,0.24033634923623026
-1.6499999999999995,0.19204990862075422,0.742113267035893,0.019265493144708972,1.0247835074205853,0.003949731685558023,0.3489815299296879,0.24419399130690067
-1.6399999999999997,0.19398004229089197,0.7419700903186859,0.019324552581567497,1.0247429611485919,0.003963588241329498,0.35144308440430905,0.24813145307692253
-1.63,0.19592957412690937,0.7418265007282052,0.01938425513711582,1.0247022737400244,0.003977592106671265,0.3539444209534395,0.25215078011345327
-1.62,0.19789869908361465,0.7416824936990852,0.019444613234705647,1.024661443688005,0.003991746102731047,0.3564863687138313,0.2562540813073326
-1.6099999999999994,0.1998876140751446,0.7415380645771084,0.019505639613569267,1.0246204694566836,0.0040060531226877435,0.35906977824538444,0.26044353194262726
-1.5999999999999996,0.20189651799465547,0.7413932086169447,0.019567347338751196,1.0245793494804984,0.004020516134027544,0.3616955222062188,0.26472137756175584
-1.5899999999999999,0.20392561173421347,0.7412479209798194,0.019629749811415888,1.024538082163409,0.004035138180906574,0.36436449605935195,0.269089933681272
-1.58,0.20597509820488344,0.7411021967311077,0.019692860779547176,1.024496665878108,0.004049922386603687,0.3670776188016589,0.2735515922722982
-1.5700000000000003,0.2080451823570204,0.7409560308378517,0.019756694349058142,1.024455098965206,0.004064871956067719,0.36983583372125395,0.2781088206233875
-1.5599999999999996,0.21013607120076483,0.740809418166199,0.019821264995328783,1.02441337973239,0.004079990178563224,0.37264010918602253,0.2827641677640287
-1.5499999999999998,0.2122479738267431,0.7406623534787576,0.0198865875751919,1.0243715064535552,0.004095280430419384,0.3754914394635307,0.28752026452141877
-1.54,0.21438110142697794,0.7405148314318658,0.019952677339386358,1.0243294773679086,0.004110746177886554,0.37839084556730995,0.29237983039823234
-1.5300000000000002,0.216535667316007,0.7403668465727724,0.020019549945500485,1.0242872906790423,0.004126390980105669,0.38133937614452407,0.29734567340253193
-1.5199999999999996,0.21871188695221486,0.7402183933367245,0.02008722147142738,1.0242449445539763,0.004142218492195558,0.38433810839683247,0.30242069595939824
-1.5099999999999998,0.22090997795937825,0.7400694660439584,0.02015570842935625,1.0242024371221703,0.004158232468463732,0.38738814902694685,0.30760789798026167
-1.5,0.22313016014842982,0.7399200588965914,0.020225027780324634,1.0241597664745006,0.004174436765746405,0.39049063524498706,0.3129103809556284
-1.4900000000000002,0.22537265553943867,0.7397701659754079,0.020295196949358378,1.0241169306622047,0.004190835346883938,0.3936467357912079,0.3183313511385393
-1.4799999999999995,0.22763768838381285,0.7396197812365383,0.020366233841226596,1.024073927695788,0.0042074322843380155,0.39685765202398215,0.32387412511521063
-1.4699999999999998,0.2299254851867239,0.7394688985080239,0.02043815685684181,1.0240307555438948,0.004224231763957532,0.40012461902915675,0.3295421338407749
-1.46,0.23223627472975883,0.7393175114862658,0.020510984910335213,1.023987412132138,0.004241238088900118,0.40344890679648415,0.33533892730022785
-1.4500000000000002,0.23457028809379762,0.7391656137323499,0.020584737446840917,1.0239438953418911,0.004258455683717123,0.4068318214303872,0.3412681796816912
-1.4399999999999995,0.23692775868212188,0.7390131986682456,0.020659434461022842,1.0239002030090367,0.004275889098609863,0.41027470641665786,0.34733369443524964
-1.4299999999999997,0.2393089222437546,0.7388602595728705,0.020735096516381415,1.0238563329226702,0.004293543013865713,0.4137789439428161,0.35353940910457027
-1.42,0.24171401689703645,0.7387067895780188,0.020811744765377664,1.0238122828237588,0.00431142224448275,0.41734595627599447,0.3598894028869353
-1.4100000000000001,0.24414328315343706,0.7385527816641433,0.020889400970416715,1.0237680504037514,0.004329531744992674,0.42097720719425524,0.3663879004988928
-1.3999999999999995,0.2465969639416066,0.7383982286559884,0.020968087525732513,1.0237236333031414,0.004347876614491674,0.42467420348521046,0.3730392797364743
-1.3899999999999997,0.24907530463166827,0.7382431232180657,0.02104782748022032,1.0236790291099735,0.004366462101890027,0.42843849650989796,0.3798480785235796
-1.38,0.2515785530597565,0.7380874578499661,0.02112864456126467,1.0236342353582992,0.004385293611391473,0.4322716838250926,0.3868190001413012
-1.37,0.25410695955280027,0.7379312248815012,0.021210563199613532,1.0235892495265746,0.004404376708214108,0.43617541089497536,0.39395692328976395
-1.3599999999999994,0.25666077695355605,0.737774416467666,0.021293608555353827,1.023544069035998,0.004423717124565572,0.44015137285964556,0.40126690646498275
-1.3499999999999996,0.2592402606458916,0.7376170245834162,0.021377806545043867,1.0234986912487885,0.004443320765885419,0.44420131639458305,0.40875419955459336
-1.3399999999999999,0.26184566858032604,0.7374590410182498,0.021463183870065464,1.0234531134663967,0.00446319371736919,0.44832704165105497,0.4164242497495678
-1.33,0.26447726129982396,0.7373004573705865,0.021549768046258036,1.0234073329276492,0.004483342250788637,0.45253040428315217,0.4242827116059402
-1.3200000000000003,0.2671353019658503,0.7371412650419343,0.021637587434904095,1.0233613468068237,0.004503772831624188,0.45681331756736654,0.4323354574466549
-1.3099999999999996,0.269820056384687,0.7369814552308334,0.02172667127513893,1.0233151522116481,0.004524492126526534,0.4611777546244866,0.44058858492229547
-1.2999999999999998,0.27253179303401265,0.7368210189265681,0.021817049717859822,1.0232687461812238,0.004545507011124789,0.46562575073130574,0.4490484300277302
-1.29,0.27527078308975234,0.7366599469026364,0.02190875386121821,1.0232221256838676,0.004566824578200586,0.4701594057614784,0.45772157756124443
-1.2800000000000002,0.2780373004531941,0.7364982297099626,0.022001815787780755,1.0231752876148683,0.004588452146248043,0.47478088672050944,0.4666148719251879
-1.2699999999999996,0.2808316217783799,0.7363358576698463,0.022096268603451485,1.0231282287941563,0.004610397268440967,0.47949243041466616,0.4757354308821391
-1.2599999999999998,0.28365402649977045,0.7361728208666298,0.022192146478253967,1.0230809459638786,0.004632667742030289,0.4842963462397165,0.4850906573210949
-1.25,0.2865047968601901,0.7360091091400744,0.022289484689076912,1.0230334357858768,0.00465527161819568,0.4891950191088199,0.4946882542640765
-1.2400000000000002,0.28938421793905056,0.7358447120774294,0.022388319664495625,1.0229856948390637,0.00467821721237749,0.4941909125238908,0.5045362383952607
-1.2299999999999995,0.29229257768085953,0.7356796190051794,0.022488689031786982,1.0229377196166916,0.004701513115116293,0.499286571787934,0.5146429571709064
-1.2199999999999998,0.29523016692401427,0.7355138189804548,0.022590631666264703,1.0228895065235093,0.004725168203429502,0.5044846273913208,0.5250171029161379
-1.21,0.2981972794298874,0.7353473007820875,0.022694187743069263,1.0228410518728006,0.004749191652756231,0.5097877985515424,0.5356677326631711
-1.2000000000000002,0.301194211912202,0.7351800529012951,0.022799398791557256,1.0227923518832984,0.0047735929495040545,0.515198896941456,0.5466042831585014
-1.1899999999999995,0.3042212640667042,0.7350120635319752,0.022906307752441096,1.0227434026759696,0.00479838190423274,0.5207208305982931,0.5578365945097232
-1.1799999999999997,0.3072787386011313,0.7348433205605889,0.023014959037846488,1.0226942002706618,0.004823568665513807,0.5263566080441251,0.5693749267266526
-1.17,0.31036694126548503,0.7346738115556135,0.02312539859445912,1.0226447405826085,0.004849163734505832,0.5321093426011885,0.5812299846753319
-1.1600000000000001,0.31348618088260527,0.7345035237565414,0.023237673969951068,1.02259501941878,0.004875177980289727,0.5379822569461794,0.5934129391106922
-1.1499999999999995,0.3166367693790534,0.7343324440624021,0.023351834382884618,1.022545032474077,0.004901622656009991,0.5439786879028361,0.6059354512898949
-1.1399999999999997,0.319819021816304,0.7341605590197827,0.02346793079630913,1.0224947753273566,0.004928509415872075,0.5501020914666697,0.6188097012228013
-1.13,0.32303325642225295,0.733987854810319,0.0235860159952809,1.0224442434372802,0.004955850333049348,0.5563560481348304,0.6320484128537487
-1.12,0.32627979462303947,0.7338143172376301,0.02370614466855095,1.022393432137977,0.004983657918556655,0.5627442684863126,0.6456648848142379
-1.1099999999999994,0.3295589610751892,0.7336399317136661,0.023828373494685674,1.0223423366345112,0.0050119451411521085,0.5692705990863942,0.6596730219143296
-1.0999999999999996,0.33287108369807966,0.7334646832444371,0.023952761232903012,1.02229095199814,0.0050407254483329274,0.5759390287043971,0.6740873662352556
-1.0899999999999999,0.3362164937067334,0.7332885564150896,0.024079368818927912,1.0222392731613572,0.005070012788496013,0.5827536948877423,0.6889231367495938
-1.08,0.3395955256449391,0.733111535374293,0.024208259466194912,1.022187294912703,0.00509982163433963,0.589718890881386,0.7041962625181384
-1.0700000000000003,0.3430085174187066,0.7329336038179,0.024339498772747083,1.0221350118913322,0.005130167007587506,0.5968390729608473,0.7199234267431507
-1.0599999999999996,0.34645581033005757,0.7327547449718377,0.0244731548342107,1.0220824185813242,0.005161064505123749,0.6041188681640506,0.7361221072982573
-1.0499999999999998,0.34993774911115544,0.7325749415741866,0.024609298363251438,1.0220295093057217,0.005192530326633121,0.6115630824701839,0.752810623680574
-1.04,0.35345468195878016,0.7323941758564007,0.024748002815950073,1.0219762782202815,0.0052245813038487516,0.6191767094644547,0.7700081854410143
-1.0300000000000002,0.35700696056914727,0.7322124295236184,0.024889344525570373,1.0219227193069207,0.005257234931517485,0.6269649394894259,0.7877349449926498
-1.0199999999999996,0.36059494017307847,0.7320296837340118,0.025033402844227975,1.0218688263668407,0.0052905094002014845,0.6349331693525073,0.8060120532603889
-1.0099999999999998,0.3642189795715234,0.7318459190771158,0.025180260293010216,1.0218145930133087,0.005324423631044362,0.6430870126057471,0.824861719706945
-1.0,0.36787944117144233,0.7316611155510784,0.025330002721140957,1.021760012664078,0.005358997312640415,0.651432310443397,0.8443072749174405
-0.9900000000000002,0.3715766910220456,0.7314752525387639,0.025482719474832702,1.0217050785334236,0.005394250940156827,0.659975143269321,0.8643732421659536
-0.9799999999999995,0.37531109885139974,0.7312883087826425,0.025638503576520134,1.02164978362377,0.0054302058568708325,0.6687218429583481,0.8850854078445138
-0.9699999999999998,0.37908303810339894,0.7311002623583888,0.02579745191522781,1.0215941207168857,0.005466884298297578,0.6776790059045652,0.9064709021800752
-0.96,0.38289288597511206,0.7309110906471091,0.025959665448887632,1.0215380823646176,0.005504309439099099,0.686853506858597,0.9285582834764625
-0.9500000000000002,0.3867410234545011,0.7307207703061129,0.026125249419489415,1.0214816608791368,0.005542505442980748,0.6962525136671047,0.9513776293487126
-0.9399999999999995,0.3906278353585213,0.7305292772381333,0.026294313582024786,1.0214248483226613,0.005581497515799368,0.7058835029408783,0.9749606325043487
-0.9299999999999997,0.39455371037160125,0.7303365865588999,0.026466972448265846,1.021367636496627,0.005621311962126578,0.7157542767367886,0.9993407099387923
-0.9199999999999999,0.3985190410845142,0.7301426725629528,0.026643345546514475,1.0213100169302665,0.005661976245532659,0.7258729803386359,1.024553111165119
-0.9100000000000001,0.4025242240336359,0.7299475086875874,0.02682355769855245,1.0212519808685583,0.005703519052878643,0.7362481212101102,1.050635044634788
-0.8999999999999995,0.40656965974059933,0.7297510674748,0.02700773931513919,1.0211935192595052,0.005745970362931553,0.746888589213313,1.0776258068289053
-0.8899999999999997,0.4106557527523456,0.7295533205311052,0.027196026711519643,1.0211346227406943,0.005789361519644897,0.7578036781922037,1.1055669245935178
-0.8799999999999999,0.41478291168158143,0.7293542384850765,0.027388562444542325,1.0210752816250905,0.005833725310478779,0.7690031090417051,1.1345023082186572
-0.8700000000000001,0.41895154924763894,0.729153790942456,0.027585495673132482,1.0210154858860132,0.0058790960501680254,0.7804970543536456,1.1644784194116937
-0.8599999999999994,0.42316208231774904,0.7289519464386629,0.02778698254403046,1.0209552251412335,0.005925509670385451,0.7922961648091587,1.1955444475118497
-0.8499999999999996,0.4274149319487268,0.7287486723885186,0.0279931866048838,1.0208944886361349,0.00597300381578936,0.8044115974148554,1.2277525046330595
-0.8399999999999999,0.43171052342907973,0.7285439350329902,0.02820427924698274,1.0208332652258667,0.006021617946991576,0.8168550457796755,1.2611578383713606
-0.8300000000000001,0.43604928632153556,0.728337699382737,0.028420440180150136,1.0207715433564226,0.00607139345103432,0.829638772574981,1.2958190567930217
-0.8200000000000003,0.44043165450599914,0.7281299291582274,0.028641857942541808,1.0207093110445553,0.006122373760021872,0.8427756443782073,1.331798379282958
-0.8099999999999996,0.44485806622294133,0.7279205867261734,0.02886873044838766,1.020646555856454,0.006174604478617402,0.8562791690985705,1.3691619038807517
-0.7999999999999998,0.4493289641172217,0.7277096330320072,0.029101265577007047,1.0205832648850803,0.006228133521186685,0.870163536223572,1.4079799021830581
-0.79,0.45384479528235583,0.7274970275281003,0.02933968180677145,1.0205194247260687,0.006283011259450312,0.8844436601173129,1.4483271388600656
-0.7800000000000002,0.4584060113052234,0.7272827280973989,0.029584208898066768,1.0204550214520742,0.006339290681595201,0.8991352266618833,1.4902832184018848
-0.7699999999999996,0.4630130683112283,0.7270666909721205,0.029835088629726447,1.020390040585451,0.0063970275638949095,0.914254743541278,1.5339329671062956
-0.7599999999999998,0.46766642700990935,0.7268488706471226,0.030092575593883383,1.0203244670691298,0.006456280656000429,0.9298195944859344,1.5793668478069662
-0.75,0.4723665527410147,0.7266292197875189,0.03035693805471601,1.0202582852355437,0.006517111881187434,0.9458480978908028,1.626681414052399
-0.7400000000000002,0.47711391552103427,0.7264076891300806,0.030628458877157407,1.020191478773453,0.006579586552985769,0.9623595701573322,1.6759798091923699
-0.7299999999999995,0.48190899009020266,0.72618422737791,0.030907436532307007,1.0201240306924884,0.006643773609775048,0.9793743942789206,1.7273723108244496
-0.7199999999999998,0.4867522559599718,0.7259587810878326,0.031194186187032603,1.0200559232852262,0.006709745869106644,0.9969140941311707,1.7809769301495066
-0.71,0.4916441974609651,0.7257312945498925,0.031489040886098496,1.019987138086585,0.0067775803037123964,1.0150014150447078,1.836920071696312
-0.7000000000000002,0.4965853037914094,0.7255017096582782,0.03179235283611192,1.0199176558303156,0.006847358341385944,1.0336604113022076,1.8953372573376441
-0.6899999999999995,0.5015760690660558,0.7252699657729373,0.0321044948016615,1.0198474564023272,0.006919166191177962,1.052916541233344,1.9563739269299276
-0.6799999999999997,0.5066169923655898,0.7250359995710611,0.03242586162524634,1.0197765187905774,0.006993095198635678,1.0727967707189237,2.020186316883837
-0.6699999999999999,0.5117085777865426,0.7247997448875381,0.0327568718839819,1.0197048210312092,0.00706924223314481,1.0933296859564052,2.086942438950473
-0.6600000000000001,0.5168513344916992,0.7245611325433766,0.033097969697652975,1.0196323401506,0.007147710110806404,1.1145456164890675,2.156823154223048
-0.6499999999999995,0.5220457767610164,0.7243200901609947,0.03344962670447749,1.0195590521029436,0.0072286080567048406,1.1364767695847604,2.230023372646599
-0.6399999999999997,0.5272924240430488,0.7240765419651487,0.03381234422300451,1.0194849317029413,0.007312052210910364,1.1591573772136599,2.306753377581856
-0.6299999999999999,0.5325918010068973,0.7238304085681421,0.03418665562091207,1.0194099525531453,0.007398166183113477,1.1826238570258738,2.3872403007205776
-0.6200000000000001,0.5379444375946745,0.7235816067378026,0.034573128914159715,1.019334086965426,0.007487081661424911,1.20691498889164,2.4717297667959315
-0.6099999999999994,0.5433508690745001,0.7233300491465399,0.034972369623040137,1.0192573058759926,0.007578939081606201,1.2320721088117352,2.5604877245652347
-0.5999999999999996,0.5488116360940266,0.7230756440996039,0.0353850239152217,1.0191795787533198,0.007673888363836042,1.2581393221844337,2.653802494990316
-0.5899999999999999,0.5543272847345071,0.722818295240442,0.03581178206996761,1.019100873498256,0.007772089725087418,1.2851637387557275,2.751987063277568
-0.5800000000000001,0.559898366565402,0.7225579012307985,0.03625338230245091,1.0190211563355092,0.00787371457631243,1.313195731841688,2.855381647748061
-0.5700000000000003,0.565525438699537,0.7222943554029155,0.0367106149925594,1.0189403916956,0.007978946514929848,1.3422892248020162,2.964356589472686
-0.5599999999999996,0.5712090638488151,0.7220275453808648,0.037184327368950144,1.0188585420862601,0.008087982424620404,1.3725020081574257,3.079315600927771
-0.5499999999999998,0.5769498103804868,0.7217573526676663,0.037675428706513706,1.0187755679521282,0.008201033696191093,1.4038960912484981,3.2006994331371743
-0.54,0.5827482523739896,0.7214836521944158,0.038184896104056704,1.0186914275214398,0.00831832758532296,1.4365380928718423,3.328990021032382
-0.5300000000000002,0.5886049696783551,0.7212063118271532,0.03871378091911526,1.018606076638243,0.008440108725416917,1.4704996760649465,3.46471517553897
-0.5199999999999996,0.5945205479701946,0.7209251918266295,0.0392632159486844,1.018519468578471,0.008566640816573347,1.505858032913693,3.6084539177632564
-0.5099999999999998,0.6004955788122661,0.7206401442554722,0.039834423458609346,1.018431553847973,0.008698208515060436,1.5426964262453566,3.7608425399757266
-0.5,0.6065306597126334,0.7203510123264866,0.04042872418086503,1.0183422799603414,0.00883511955154623,1.5811047961358327,3.9225815286276884
-0.4900000000000002,0.6126263941844159,0.7200576296849421,0.04104754741746401,1.0182515911920715,0.008977707111013217,1.6211804404224495,4.094443473206411
-0.47999999999999954,0.6187833918061412,0.71975981961666,0.0416924424129092,1.0181594283122128,0.009126332512792407,1.6630287799812322,4.2772821382181405
-0.46999999999999975,0.625002268282701,0.7194573941725113,0.04236509118472698,1.0180657282832788,0.009281388235733268,1.7067642213121417,4.472042897021311
-0.45999999999999996,0.631283645506926,0.7191501531985172,0.043067323034651384,1.0179704239296599,0.009443301341399521,1.752511131159281,4.679774748638522
-0.4500000000000002,0.6376281516217732,0.7188378832590828,0.04380113100266278,1.0178734435692325,0.00961253735763194,1.800404940456474,4.901644222285938
-0.4399999999999995,0.6440364210831416,0.718520356438929,0.044568690573850614,1.0177747106031492,0.009789604696216366,1.8505933980948157,5.138951502203213
-0.4299999999999997,0.6505090947233167,0.718197329006963,0.04537238100582013,1.017674143058002,0.009975059692181987,1.903237998636314,5.393149181771264
-0.41999999999999993,0.6570468198150569,0.7178685399225684,0.046214809714505575,1.0175716530735803,0.010169512369009873,1.9585156128464405,5.665864163234517
-0.41000000000000014,0.6636502501363193,0.7175337091614986,0.04709884024178383,1.0174671463282887,0.010373633054474687,2.016620355311943,5.958923304262271
-0.39999999999999947,0.6703200460356397,0.717192535834615,0.048027624433063056,1.0173605213929267,0.010588159996901084,2.077765730312194,6.274383568608414
-0.3899999999999997,0.6770568744981649,0.7168446960679695,0.04900463958195894,1.0172516690018525,0.010813908162471509,2.142187105447192,6.61456760968872
-0.3799999999999999,0.6838614092123559,0.7164898406070007,0.050033731458652156,1.0171404712285692,0.011051779432410128,2.2101445727710143,6.982105920088429
-0.3700000000000001,0.6907343306373546,0.7161275921006712,0.05111916433670643,1.0170268005503182,0.011302774466355081,2.281926270017948,7.3799869854261715
-0.35999999999999943,0.6976763260710315,0.7157575420129036,0.052265679380845004,1.0169105187833074,0.011568006557626328,2.3578522504128614,7.811617201865829
-0.34999999999999964,0.7046880897187137,0.7153792470983018,0.05347856306944984,1.016791475866551,0.011848717880780272,2.4382790094523443,8.280892807136752
-0.33999999999999986,0.7117703227626098,0.7149922253663759,0.05476372771904416,1.0166695084678148,0.01214629862632279,2.5236048022966315,8.792286637004622
-0.33000000000000007,0.7189237334319262,0.7145959514426771,0.05612780667855632,1.0165444383795896,0.012462309637721937,2.6142759172250862,9.350953313684158
-0.3200000000000003,0.7261490370736907,0.7141898512155548,0.05757826740205159,1.016416070666088,0.012798509319970933,2.7107941113392826,9.962857443325788
-0.3099999999999996,0.7334469562242896,0.7137732956325775,0.05912354643487987,1.0162841915135425,0.01315688578779173,2.8137254670441507,10.634930778677358
-0.2999999999999998,0.740818220681718,0.713345593479534,0.060773211421337486,1.0161485657251106,0.013539695480030364,2.9237109954513016,11.375266022981918
-0.29000000000000004,0.7482635675785652,0.7129059829354106,0.06253815664651376,1.0160089337877065,0.013949509805359613,3.041479401165816,12.193357370507783
-0.28000000000000025,0.7557837414557252,0.7124536216461805,0.06443084047859701,1.01586500842019,0.014389271831590705,3.1678625388506134,13.100401068241695
-0.2699999999999996,0.7633794943368535,0.7119875749950523,0.0664655755455485,1.0157164704892383,0.01486236562675196,3.3038142456939568,14.109673699122709
-0.2599999999999998,0.7710515858035665,0.7115068021620927,0.0686588857958477,1.0155629641491537,0.01537270166149808,3.4504334394491707,15.237011961632334
-0.25,0.7788007830714049,0.7110101394550046,0.07102994909300758,1.0154040910223658,0.01592482277108637,3.6089926492352333,16.50142618945165
-0.2400000000000002,0.7866278610665532,0.7104962802457161,0.07360115016587333,1.0152394031850258,0.016524036669916843,3.7809735248359857,17.92589182585209
-0.22999999999999954,0.7945336025033344,0.7099637506506761,0.0763987772998448,1.015068394651956,0.017176583087566453,3.9681113922774784,19.53838015395843
-0.21999999999999975,0.8025187979624787,0.7094108798267323,0.07945390818039141,1.0148904909602523,0.017889846513945356,4.172451651635242,21.373214310360936
-0.20999999999999996,0.8105842459701871,0.7088357633905904,0.08280354741429352,1.014705036320712,0.018672629699491263,4.396421842128348,23.47287288953021
-0.20000000000000018,0.8187307530779817,0.708236217965753,0.08649210295790777,1.0145112776256884,0.01953550906602645,4.642924673079506,25.89041748788327
-0.1899999999999995,0.8269591339433627,0.7076097241528764,0.09057332489620773,1.01430834434791,0.02049130200506551,4.915459460790316,28.692802350999727
-0.17999999999999972,0.8352702114112722,0.706953354210238,0.09511288400387834,1.0140952230019087,0.02155568920849208,5.218282573288775,31.965450293174854
-0.16999999999999993,0.8436648165963837,0.7062636792686897,0.100191849491797,1.013870724312837,0.02274805519902986,5.556622234234851,35.81867696164363
-0.16000000000000014,0.8521437889662112,0.7055366487485232,0.10591145233048033,1.0136334404586147,0.02409264129339227,5.9369703067541195,40.396862695099344
-0.14999999999999947,0.8607079764250583,0.7047674314010645,0.11239972166649484,1.0133816885770555,0.025620154512714415,6.367485035392633,45.89179140603028
-0.13999999999999968,0.8693582353988061,0.7039502024099255,0.11982090827645751,1.0131134349199182,0.027370056079838855,6.858556873661314,52.562450241544184
-0.1299999999999999,0.8780954309205614,0.7030778531316667,0.12838915340790927,1.0128261911781742,0.029393887024395462,7.423619256699908,60.76509430969372
-0.1200000000000001,0.8869204367171574,0.7021415873463065,0.13838879733172224,1.0125168698658062,0.03176021906580594,8.080336242710814,71.00006996539923
-0.10999999999999943,0.8958341352965288,0.7011303466903599,0.15020538716899534,1.0121815778909917,0.03456223022383298,8.852385855721764,83.98683992276392
-0.09999999999999964,0.9048374180359599,0.7000299713496291,0.16437452354242083,1.0118153140027248,0.0379296671844058,9.772214035688307,100.78810560800048
-0.08999999999999986,0.9139311852712283,0.698821936371635,0.18166164078199137,1.0114115115706872,0.0420484349803014,10.885425167017502,123.02271973116694
-0.08000000000000007,0.9231163463866358,0.6974813804536164,0.20319793455669496,1.010961322421001,0.047194072878724576,12.258041213751994,153.24616038661088
-0.0699999999999994,0.9323938199059488,0.6959738993225446,0.2307238294187723,1.0104524463675764,0.053791918854322086,13.989014233644866,195.66250459960474
-0.05999999999999961,0.941764533584249,0.6942500595599508,0.2670520401126376,1.009867117823439,0.0625319924053111,16.2328424220874,257.5263061897913
-0.04999999999999982,0.9512294245007141,0.6922354153736431,0.31701508948233015,1.009178418569277,0.0746051839006578,19.242667424407955,352.0524373675853
-0.040000000000000036,0.9607894391523232,0.6898108930579002,0.38958758234682034,1.0083429762120975,0.09223540602160753,23.456980455506937,504.7157054642621
-0.03000000000000025,0.9704455335485079,0.6867703178865103,0.5032076073166948,1.0072849954325078,0.12002436513864642,29.680610170823797,766.5528937269364
-0.019999999999999574,0.9801986733067557,0.6827163690360368,0.701093001204144,1.005856592518344,0.1688666949445745,39.432995769254774,1229.9908952923324
-0.009999999999999787,0.9900498337491682,0.6767658232375426,1.1017570429511274,1.0037228827441784,0.26913265771435524,54.96410632588709,1849.7773628436007
0.0,1.0,0.6666666666666666,2.037037037037037,1.0,0.5092592592592593,69.53554597209398,-99.08137565549987
0.009999999999999787,1.010050167084168,0.6483444359359803,3.4915916829163134,0.9929152329356561,0.908395360017192,36.054327029520486,-4849.47790942076
0.019999999999999574,1.0202013400267553,0.6240255357947407,3.997669452970548,0.9828395609400166,1.0923325030733435,8.633964775036503,-939.9748834806544
0.02999999999999936,1.0304545339535163,0.5993291042395089,4.059568010897188,0.9718002302180199,1.161265473745479,4.9207654759146,-122.86000747913135
0.040000000000000924,1.040810774192389,0.5754344800077744,4.076094067575179,0.960318766940409,1.2148047759479157,4.215746348358202,-46.63670579456175
0.05000000000000071,1.0512710963760248,0.5524134816728181,4.089622997547996,0.9484854227600023,1.2644909962677353,3.821652650272135,-34.75344325091862
0.0600000000000005,1.06183654654536,0.5302406921908814,4.103658819910724,0.9363450041611452,1.311597018970133,3.503121065731108,-29.35017416959272
0.07000000000000028,1.0725081812542168,0.5088845140968614,4.118453753106231,0.9239352125254181,1.3564585944202043,3.2304129575247913,-25.35836455468609
0.08000000000000007,1.0832870676749586,0.4883144468840739,4.133970516919218,0.9112903662247313,1.399294308366342,2.9935227114920053,-22.13620124749093
0.08999999999999986,1.0941742837052102,0.4685015948450366,4.150143269379836,0.898442054883033,1.4402852274709335,2.7858701055746735,-19.484679365204897
0.09999999999999964,1.1051709180756473,0.4494185940469437,4.166903182383937,0.8854194654772959,1.4795865627042541,2.6023982066281377,-17.28145933716462
0.10999999999999943,1.1162780704588706,0.43103949160934246,4.184181653899526,0.8722496387951818,1.5173320859703752,2.4390977416358197,-15.436262540228881
0.120000000000001,1.1274968515793768,0.41333962761312054,4.201911130605838,0.8589576872027801,1.5536373073397238,2.2927508800319316,-13.879787258298393
0.13000000000000078,1.1388283833246227,0.3962955249719762,4.220025585503453,0.8455669814893617,1.5886021211337409,2.1607523606555503,-12.558003370839401
0.14000000000000057,1.150273798857228,0.3798847878796655,4.2384608873066245,0.8320993114761432,1.6223130630049714,2.040977122725849,-11.428325240833317
0.15000000000000036,1.1618342427282835,0.36408600878815867,4.257155099481201,0.8185750242058785,1.654845245570352,1.9316803361483323,-10.45687452110758
0.16000000000000014,1.1735108709918105,0.3488786836886974,4.2760487216674266,0.8050131429831852,1.6862640223696432,1.8314208901761333,-9.616477350757748
0.16999999999999993,1.1853048513203654,0.334243135369438,4.29508488164122,0.7914314700888156,1.716626420601769,1.7390021734091192,-8.885177183253347
0.17999999999999972,1.19721736312181,0.32016044425811585,4.314209484235422,0.777846675608222,1.7459823761827753,1.6534257719272318,-8.24511666662977
0.1899999999999995,1.2092495976572508,0.3066123864146602,4.3333713225263555,0.7642743744835562,1.7743757991378935,1.573854933481357,-7.681687453925576
0.1999999999999993,1.221402758160169,0.29358137821152647,4.35252215574986,0.7507291936106406,1.8018454928404726,1.4995854953528465,-7.18287698023164
0.21000000000000085,1.2336780599567443,0.28105042722501195,4.371616757758909,0.7372248305520473,1.8284259469304187,1.4300225738358279,-6.7387617093651215
0.22000000000000064,1.2460767305873817,0.2690030888562177,4.390612939328031,0.7237741052189768,1.8541480207240646,1.3646617430877939,-6.34111046595433
0.23000000000000043,1.2586000099294783,0.2574234282033842,4.4094715472159605,0.7103890056835999,1.8790395314396056,1.303073742490767,-5.983071333340376
0.2400000000000002,1.271249150321405,0.24629598671657096,4.4281564425912,0.6970807291164411,1.9031257595054945,1.2448919798152076,-5.658922582282855
0.25,1.2840254166877414,0.23560575317945867,4.446634461184599,0.6838597186968352,1.9264298815122922,1.1898022663592656,-5.363873093932284
0.2599999999999998,1.2969300866657716,0.2253381385806479,4.4648753573414846,0.6707356972161931,1.948973339945036,1.137534346475718,-5.093901359373888
0.2699999999999996,1.3099644507332469,0.2154789544571561,4.4828517339898575,0.6577176979813668,1.9707761576403544,1.087854879108221,-4.845624783464132
0.27999999999999936,1.323129812337436,0.20601439431524374,4.500538960409964,0.6448140935270313,1.9918572039071696,1.0405616014036525,-4.616192972897238
0.2900000000000009,1.3364274880254734,0.19693101775761024,4.517915079575874,0.6320326225600968,2.012234418397198,0.9954784600197399,-4.403200141219571
0.3000000000000007,1.349858807576004,0.18821573697089794,4.534960706735325,0.6193804154843652,2.0319249980834715,0.9524515386937651,-4.2046128535778
0.3100000000000005,1.3634251141321785,0.17985580525283798,4.551658920795601,0.6068640187886783,2.0509455520792965,0.9113456440705363,-4.018710160722094
0.3200000000000003,1.3771277643359574,0.17183880728402193,4.567995149987161,0.5944894185258092,2.069312228487885,0.8720414380137242,-3.8440337980519246
0.33000000000000007,1.3909681284637803,0.1641526508746601,4.5839570531814955,0.5822620630610928,2.0870408170001764,0.8344330253229373,-3.679346610587885
0.33999999999999986,1.4049475905635935,0.15678555994171936,4.599534398143691,0.5701868852287383,2.1041468305428976,0.7984259222332355,-3.5235977358500463
0.34999999999999964,1.4190675485932567,0.14972606849614112,4.614718937903265,0.5582683239989463,2.1206455689116095,0.7639353442399397,-3.375893366403602
0.35999999999999943,1.4333294145603395,0.14296301544328738,4.629504286328891,0.546510345729776,2.1365521669967147,0.7308847623745578,-3.2354721429331903
0.370000000000001,1.4477346146633259,0.13648554002216445,4.6438857938940785,0.534916465053503,2.1518816299181722,0.6992046856445597,-3.101684403724306
0.3800000000000008,1.4622845894342256,0.13028307773021586,4.657860424522449,0.5234897654274351,2.1666488571222158,0.6688316343278302,-2.97397466140157
0.39000000000000057,1.4769807938826434,0.12434535660041178,4.671426634303681,0.5122329193631863,2.1808686572568994,0.6397072745342882,-2.851866788219894
0.40000000000000036,1.4918246976412708,0.11866239371602177,4.684584252775278,0.5011482083359481,2.194555755429563,0.611777689160732,-2.7349514825081087
0.41000000000000014,1.5068177851128537,0.11322449186564744,4.697334367372102,0.49023754236563055,2.2077247942560954,0.5849927642594821,-2.6228756611308484
0.41999999999999993,1.5219615556186337,0.10802223625693923,4.7096792115557164,0.47950247925471623,2.220390329936856,0.5593056730853903,-2.5153334826771356
0.4299999999999997,1.537257523548281,0.1030464912218299,4.721622057049801,0.468944243462744,2.2325668244357963,0.5346724427964489,-2.4120587529810393
0.4399999999999995,1.5527072185113353,0.0982883968591466,4.733167110526903,0.45856374459424515,2.244268634696163,0.5110515910518529,-2.312818505523026
0.4499999999999993,1.5683121854901676,0.09373936557214138,4.744319415015951,0.44836159547536747,2.25550999969699,0.48840382167000485,-2.2174075801688815
0.46000000000000085,1.5840739849944832,0.08939107846885527,4.755084756229829,0.43833812979407943,2.26630502603829,0.46669177012591945,-2.125644051936831
0.47000000000000064,1.5999941932173614,0.08523548160236995,4.765469573947911,0.42849341927950996,2.2766676726384523,0.4458797910373278,-2.037365383266618
0.4800000000000004,1.616074402192894,0.08126478203594713,4.7754808785302165,0.4188272903973812,2.286611735034001,0.4259337809591557,-1.9524251926343794
0.4900000000000002,1.6323162199553793,0.07747144372494706,4.785126172587452,0.4093393405405835,2.2961508296886426,0.40682103079689114,-1.8706905465671184
0.5,1.6487212707001282,0.07384818321323595,4.79441337778492,0.4000289536963522,2.3052983786448036,0.38851010300078315,-1.7920396985496438
0.5099999999999998,1.665291194945886,0.07038796514671876,4.803350766717719,0.3908953155743038,2.314067594785728,0.37097072942617615,-1.716360205925767
0.5199999999999996,1.6820276496988857,0.06708399761068344,4.811946899759649,0.3819374281825215,2.3224714679191014,0.35417372636800337,-1.6435473682394104
0.5299999999999994,1.6989323086185495,0.06392972730092705,4.820210566758661,0.37315412384190344,2.3305227518433416,0.33809092381142136,-1.5735029377880778
0.5400000000000009,1.71600686218486,0.06091883454122351,4.82815073342689,0.36454407863200755,2.338233952514537,0.3226951063921035,-1.506134059887799
0.5500000000000007,1.7332530178673964,0.05804522816167171,4.835776492253374,0.356105825264595,2.3456173173949173,0.3079599639560797,-1.4413524069782397
0.5600000000000005,1.7506725002961019,0.0553030402538836,4.843097017751674,0.34783776538387845,2.3526848260321227,0.29386004993872916,-1.3790734752562628
0.5700000000000003,1.7682670514337357,0.0526866208199497,4.8501215258427175,0.33973818129521965,2.35944818189181,0.2803707460741691,-1.3192160175061787
0.5800000000000001,1.7860384307500734,0.05019053233265124,4.856859237164754,0.33180524712645976,2.36591880544388,0.2674682321876105,-1.2617015901805928
0.5899999999999999,1.8039884153978567,0.047809544224601076,4.863319344096947,0.32403703942839285,2.3721078284842125,0.25512946003337333,-1.206454193955281
0.5999999999999996,1.8221188003905082,0.045538627323899315,4.86951098128056,0.31643154722295047,2.3780260896589387,0.24333213032113576,-1.1533999925462837
0.6099999999999994,1.8404313987816363,0.0433729482535537,4.875443199421458,0.30898668150951863,2.383684131146421,0.2320546722235406,-1.1024670956559888
0.620000000000001,1.8589280418463439,0.04130786381137844,4.8811249421595075,0.30170028424143003,2.389092196442977,0.221276224786493,-1.0535853932866033
0.6300000000000008,1.8776105792643445,0.03933891534639308,4.886565025794016,0.29457013678608857,2.3942602291915307,0.21097661977449889,-1.0066864327314988
0.6400000000000006,1.8964808793049523,0.03746182314691695,4.891772121659411,0.287593967883344,2.3991978729875534,0.20113636557215386,-0.9617033291605708
0.6500000000000004,1.9155408290138967,0.03567248085465703,4.896754740951547,0.2807694611177678,2.4039144720934953,0.19173663184409406,-0.9185707021896192
0.6600000000000001,1.9347923344020317,0.033966949918099454,4.901521221812223,0.27409426192122804,2.4084190729912573,0.18275923471583155,-0.8772246338392549
0.6699999999999999,1.9542373206359394,0.03234145409750552,4.906079718487382,0.26756598412280236,2.4127204267017537,0.17418662229607662,-0.8376026418447111
0.6799999999999997,1.973877732230447,0.03079237403277348,4.910438192382922,0.2611822160635067,2.4168269918011474,0.16600186040221843,-0.7996436650118142
0.6899999999999995,1.9937155332430814,0.029316241884385155,4.914604404850838,0.2549405262936139,2.420746938064677,0.158188618389147,-0.7632880564899196
0.7000000000000011,2.013752707470479,0.02790973605662498,4.91858591154751,0.24883846887049424,2.4244881506710136,0.15073115501073175,-0.728477583507555
0.7100000000000009,2.0339912586467523,0.026569676011249557,4.922390058215052,0.24287358827495198,2.4280582349025446,0.14361430426862398,-0.6951554301296241
0.7200000000000006,2.054433210643889,0.02529301717880147,4.926023977745818,0.2370434239639338,2.431464521279943,0.13682346122021727,-0.6632662020607683
0.7300000000000004,2.0750806076741237,0.024076845973828125,4.92949458839918,0.23134551457735225,2.434714071072499,0.1303445677358468,-0.6327559319317544
0.7400000000000002,2.095935514494365,0.022918374919359885,4.932808593048577,0.22577740181647357,2.4378136821291148,0.12416409820497165,-0.6035720840740417
0.75,2.117000016612675,0.021814937885157225,4.93597247934549,0.22033663401101466,2.4407698949783185,0.11826904520006565,-0.5756635579457239
0.7599999999999998,2.138276220496818,0.020763985443435603,4.938992520695303,0.21502076939169854,2.443588999149211,0.11264690511683284,-0.5489806894801212
0.7699999999999996,2.1597662537849143,0.01976308034502997,4.941874777948112,0.20982737908457705,2.446277039668811,0.1072856638097619,-0.5234752506667029
0.7799999999999994,2.1814722654981997,0.018809893118266946,4.944625101715169,0.20475404984295165,2.44883982369473,0.10217378224780305,-0.49910044587170077
0.7900000000000009,2.2033964262559387,0.017902197792171563,4.947249135229012,0.19979838653220458,2.4512829272455576,0.0973001822167987,-0.47581090591824804
0.8000000000000007,2.225540928492469,0.017037867745047886,4.949752317672228,0.1949580143823223,2.4536117019946353,0.0926542320963506,-0.45356267953883034
0.8100000000000005,2.2479079866764726,0.016214871678931812,4.952139887906375,0.19023058102231308,2.455831282096074,0.08822573273545231,-0.4323132217792178
0.8200000000000003,2.2704998375324066,0.015431269719931938,4.954416888538727,0.18561375831018403,2.457946591014919,0.0840049034570427,-0.4120213799934973
0.8300000000000001,2.293318740264183,0.014685209644027968,4.956588170270283,0.18110524397153094,2.459962348336244,0.07998236821470073,-0.3926473775378376
0.8399999999999999,2.3163669767810915,0.013974923227504292,4.9586583964738775,0.1767027630592351,2.461883076530672,0.07614914192510014,-0.3741527948975367
0.8499999999999996,2.3396468519259903,0.01329872272084296,4.960632047956238,0.17240406924617546,2.4637131076563845,0.0724966170000414,-0.35650054858397695
0.8599999999999994,2.3631606937057934,0.012654997444588615,4.962513427862518,0.1682069459622923,2.465456589980062,0.06901655009821184,-0.33965486848334336
0.870000000000001,2.386910853524279,0.012042210505424136,4.964306666686143,0.16410920738677412,2.4671174945014145,0.06570104911239127,-0.32358127324276253
0.8800000000000008,2.4108997064172115,0.011458895630458276,4.966015727350772,0.1601086993055895,2.468699621368027,0.06254256041316353,-0.3082465438737714
0.8900000000000006,2.435129651289876,0.01090365411751909,4.967644410334913,0.15620329984403067,2.4702066061691363,0.05953385635822883,-0.2936186967659502
0.9000000000000004,2.4596031111569507,0.01037515189907589,4.969196358813022,0.15239092008343458,2.4716419260987004,0.056668023085222785,-0.2796669545616268
0.9100000000000001,2.484322533384817,0.009872116717262187,4.970675063790104,0.14866950457071137,2.473008905979722,0.053938448592219856,-0.26636171688201316
0.9199999999999999,2.5092903899362975,0.009393335407353418,4.972083869209563,0.1450370317288339,2.4743107241432374,0.05133881112101335,-0.25367452998639806
0.9299999999999997,2.534509177617854,0.0089376512869552,4.973425977016737,0.1414915141759607,2.4755504181567187,0.04886306784368344,-0.2415780558777918
0.9399999999999995,2.5599814183292704,0.008503961648082132,4.974704452162802,0.13803099896041013,2.476730890397815,0.04650544386296929,-0.23004604076962032
0.9500000000000011,2.585709659315849,0.008091215349250598,4.97592222753594,0.1346535677182651,2.477854913470456,0.04426042152647369,-0.21905328373608413
0.9600000000000009,2.61169647342312,0.007698410504670603,4.977082108808549,0.13135733675997366,2.478925135461308,0.0421227300583098,-0.2085756048089369
0.9700000000000006,2.6379444593541543,0.007324592267596903,4.978186779191043,0.12814045709189847,2.479944085035425,0.040087335508445676,-0.19858981288225408
0.9800000000000004,2.664456241929418,0.006968850704893099,4.979238804084363,0.12500111437840863,2.4809141763707347,0.038149431020968905,-0.18907367467592984
0.9900000000000002,2.691234472349263,0.00663031875986316,4.980240635624698,0.12193752884972511,2.48183771393165,0.036304427417235274,-0.18000588230642833
1.0,2.718281828459045,0.006308170300420784,4.981194617115255,0.11894795516039888,2.482716897082742,0.03454794409447004,-0.17136602292560887
1.0099999999999998,2.745601015016916,0.00600161824969065,4.982102987340955,0.11603068220297193,2.4835538245438813,0.03287580023356895,-0.16313454701590402
1.0199999999999996,2.773194763964297,0.005709912796168362,4.982967884763033,0.11318403288106271,2.4843504986887797,0.03128400631553063,-0.15529273868965543
1.0299999999999994,2.8010658346990773,0.005432339680605935,4.983791351591346,0.11040636384582721,2.48510882968919,0.02976875593878958,-0.14782268502956875
1.040000000000001,2.829217014351562,0.005168218556836028,4.984575337733031,0.10769606519946973,2.485830639507433,0.028326417933698167,-0.14070724733984807
1.0500000000000007,2.8576511180631656,0.004916901423800297,4.98532170461682,0.105051560169223,2.486517665740134,0.026953528768530077,-0.13393003161611805
1.0600000000000005,2.88637098926796,0.00467777112610262,4.986032228892968,0.1024713047549614,2.487171565316368,0.025646785240240888,-0.12747536105452184
1.0700000000000003,2.9153794999769973,0.0044502399204697715,4.986708606009261,0.0999537873533991,2.4877939180535362,0.02440303744413086,-0.12132824798523512
1.08,2.944679551065524,0.004233748105563714,4.987352453664034,0.09749752836159141,2.488386230074522,0.023219282014650844,-0.11547436729838001
1.0899999999999999,2.9742740725630648,0.004027762712656387,4.987965315137559,0.09510107976226517,2.4889499370897514,0.022092655632093283,-0.10990003049472641
1.0999999999999996,3.004166023946432,0.003831776254745104,4.988548662503474,0.0927630246933106,2.489486407547903,0.021020428785135437,-0.10459215976511604
1.1099999999999994,3.034358394435674,0.0036453055317557156,4.989103899722252,0.09048197700358912,2.4899969456590787,0.01999999978534106,-0.09953826403120658
1.120000000000001,3.064854203293005,0.00346789048955052,4.989632365618923,0.08825658079704433,2.4904827942942807,0.019028889022706608,-0.09472641438891127
1.1300000000000008,3.095656500124714,0.0032990931305285753,4.990135336747485,0.08608550996695034,2.490945137765069,0.01810473345855712,-0.09014522147055981
1.1400000000000006,3.1267683651861575,0.0031384964736759706,4.990614030144625,0.083967467721977,2.4913851044872706,0.017225281344394716,-0.08578381265068469
1.1500000000000004,3.158192909689769,0.002985703561995171,4.991069605975462,0.08190118610562981,2.4918037695326114,0.01638838716206692,-0.08163181058049052
1.1600000000000001,3.189933276116185,0.002840336515311477,4.9915031700741785,0.07988542551048085,2.4922021570720974,0.015592006777012557,-0.07767931218436086
1.17,3.2219926385284996,0.002702035626524677,4.991915776382454,0.07791897418849686,2.49258124271494,0.014834192796911339,-0.07391686845182566
1.1799999999999997,3.25437420288967,0.0025704584994422695,4.992308429288686,0.07600064775865784,2.4929419557467747,0.014113090128688555,-0.07033546522451051
1.1899999999999995,3.2870812073831166,0.0024452792263981466,4.992682085871011,0.07412928871295672,2.4932851812708345,0.01342693172671261,-0.06692650386953147
1.200000000000001,3.3201169227365512,0.00232618760392691,4.993037658047178,0.0723037659217748,2.493611762255727,0.012774034525818934,-0.06368178370053812
1.2100000000000009,3.3534846525490267,0.0022128883848291205,4.993376014634286,0.07052297413954084,2.493922501493318,0.012152795550804285,-0.06059348428522737
1.2200000000000006,3.387187733621337,0.002105100565025907,4.993697983321445,0.06878583351149282,2.4942181634702028,0.011561688197417652,-0.05765414895365195
1.2300000000000004,3.421229536289675,0.0020025567036641954,4.994004352558342,0.06709128908229536,2.4944994761561303,0.010999258676690715,-0.05485666842731174
1.2400000000000002,3.4556134647626764,0.0019050022749935256,4.994295873362705,0.06543831030718347,2.4947671327126777,0.010464122617861449,-0.05219426579825992
1.25,3.4903429574618414,0.0018121950505948124,4.994573261049579,0.06382589056624477,2.4950217931253498,0.009954961820938024,-0.04966048098252207
1.2599999999999998,3.5254214873653815,0.0017239045105984128,4.994837196885309,0.06225304668238785,2.4952640857622366,0.009470521157510348,-0.0472491573617666
1.2699999999999996,3.560852562355519,0.001639911282584454,4.995088329669063,0.06071881844348941,2.495494608862217,0.009009605607189997,-0.04495442743035971
1.2799999999999994,3.596639725569279,0.0015600066069121716,4.99532727724464,0.05922226812915962,2.4957139319556316,0.008571077431810181,-0.04277070014069739
1.290000000000001,3.6327865557528125,0.001483991827277113,4.995554627945305,0.05776248004251679,2.4959225972202543,0.008153853474624384,-0.04069264792150751
1.3000000000000007,3.6692966676192467,0.0014116779053455506,4.995770941974248,0.0563385600473201,2.49612112077528,0.007756902584247882,-0.03871519509602184
1.3100000000000005,3.7061737122102003,0.0013428849583638554,4.995976752723264,0.05494963511076165,2.4963099939159696,0.007379243155384074,-0.03683350622907655
1.3200000000000003,3.7434213772608635,0.0012774418186880696,4.996172568032133,0.05359485285219101,2.496489684291492,0.007019940782498679,-0.03504297481525742
1.33,3.781043387568781,0.0012151856142237631,4.9963588713911244,0.05227338109800077,2.496660637028413,0.00667810602161012,-0.03333921313241062
1.3399999999999999,3.819043505366335,0.0011559613688102534,4.996536123088978,0.050984407442875274,2.496823275802198,0.006352892254568587,-0.03171804193158656
1.3499999999999996,3.857425530696973,0.0010996216216252362,4.99670476130863,0.04972713881757317,2.4969780038589913,0.00604349365340795,-0.03017548084472188
1.3599999999999994,3.896193301795212,0.0010460260647263847,4.996865203172875,0.048500801063387264,2.4971252049898682,0.005749143237181897,-0.028707739197390003
1.370000000000001,3.935350695470477,0.0009950411978854113,4.9970178457421035,0.04730463851340056,2.497265244459653,0.005469111020630635,-0.027311206899585994
1.3800000000000008,3.9749016274947513,0.0009465399999075701,4.99716306696615,0.0461379135806354,2.4973984698923335,0.005202702249221147,-0.025982446459241082
1.3900000000000006,4.014850052994204,0.0009004016156653478,4.997301226592236,0.0449999063531676,2.4975252121149993,0.004949255714791434,-0.0247181845907134
1.4000000000000004,4.055199966844676,0.0008565110581099254,4.997432667030902,0.04388991419626592,2.497645785962175,0.004708142152537675,-0.023515304732760534
1.4100000000000001,4.0959554040711765,0.0008147589245567945,4.997557714181782,0.04280725136159176,2.4977604910423232,0.0044787627112157224,-0.022370839353406335
1.42,4.137120440251392,0.0007750411265738774,4.997676678220963,0.041751248603483206,2.4978696124682527,0.0042605474959316325,-0.021281963370259005
1.4299999999999997,4.178699191923245,0.00073725863283089,4.9977898543516455,0.0407212528023311,2.497973421553036,0.004052954180195911,-0.020245987165881107
1.4399999999999995,4.2206958169965505,0.0007013172242978869,4.997897523519714,0.03971662659504218,2.4980721764730465,0.003855466681784492,-0.019260350249796665
1.450000000000001,4.263114515168822,0.0006671272612088797,4.99799995309581,0.03873674801257199,2.498166122899597,0.003667593903088573,-0.01832261519041567
1.4600000000000009,4.30595952834521,0.0006346034612332365,4.998097397525391,0.037781010124501,2.4982554946006297,0.003488868529956335,-0.017430461774383343
1.4700000000000006,4.349235141062744,0.000603664688323071,4.998190098948217,0.036848820690613564,2.4983405140138366,0.0033188458872075444,-0.016581681315132824
1.4800000000000004,4.392945680918759,0.0005742337517295678,4.998278287788666,0.03593960181943727,2.4984213927925327,0.0031571028493715403,-0.01577417165066386
1.4900000000000002,4.437095519003665,0.0005462372147044378,4.9983621833181875,0.03505278963368559,2.4984983323255405,0.0030032368025558753,-0.015005931793150018
1.5,4.4816890703380645,0.000519605212425262,4.998441994191166,0.03418783394254398,2.498571524232294,0.002856864655825575,-0.01427505726780487
1.5099999999999998,4.526730794314251,0.0004942712787048888,4.998517918955423,0.0333441979207317,2.4986411508343194,0.002717621899734013,-0.01357973537352708
1.5199999999999996,4.572225195142157,0.0004701721810655618,4.998590146538506,0.03252135779426629,2.498707385604195,0.0025851617101295687,-0.012918241061755986
1.5299999999999994,4.618176822299778,0.00044724776377804467,4.99865885671089,0.03171880253285298,2.4987703935930328,0.0024591540938558865,-0.012288932474292746
1.540000000000001,4.66459027098813,0.0004254407984847259,4.99872422052716,0.03093603354881635,2.4988303318375147,0.0023392850760899364,-0.01169024703529109
1.5500000000000007,4.711470182590745,0.00040469684204358917,4.99878640074619,0.030172564402489402,2.498887349747412,0.0022252559265041327,-0.011120697756440645
1.5600000000000005,4.758821245137857,0.0003849641012469288,4.998845552231287,0.029427920513968277,2.498941589474531,0.0021167824217513953,-0.010578869648726452
1.5700000000000003,4.80664819377518,0.000366193304085124,4.998901822331247,0.028701638881143663,2.498993186263947,0.0020135941442447347,-0.010063415878388549
1.58,4.854955811237434,0.00034833757724121023,4.998955351243213,0.027993267803912068,2.4990422687883784,0.0019154338139912852,-0.009573055159247834
1.5899999999999999,4.903748928326621,0.0003313523295169175,4.999006272358168,0.02730236661447142,2.4990889594664707,0.0018220566529976168,-0.009106567972595347
1.5999999999999996,4.953032424395113,0.00031519514090498933,4.999054712589902,0.026628505413602725,2.499133374765788,0.0017332297792620466,-0.008662793973713667
1.6099999999999994,5.002811227833585,0.000299825657036121,4.999100792688212,0.0259712648128384,2.4991756254912083,0.0016487316312634448,-0.008240628993406496
1.620000000000001,5.053090316563872,0.0002852054887417479,4.999144627537088,0.025330235682416644,2.499215817059438,0.001568351418796965,-0.00783902238055223
1.6300000000000008,5.10387471853673,0.00027129811648623846,4.999186326438577,0.024705018904921452,2.499254049760286,0.0014918886014356758,-0.007456974508102898
1.6400000000000006,5.155169512234684,0.0002580687994337208,4.999225993383027,0.024095225134504877,2.499290419005343,0.0014191523911790682,-0.007093533973546395
1.6500000000000004,5.20697982717985,0.00024548448892605114,4.999263727306332,0.02350047456159181,2.4993250155646667,0.001349961279913714,-0.006747795822545921
1.6600000000000001,5.259310844446899,0.00023351374615900698,4.9992996223347985,0.022920396682963733,2.49935792579203,0.0012841425885028457,-0.006418898834679276
1.67,5.312167797181167,0.0002221266638540114,4.999333768018243,0.022354630077120075,2.4993892318393005,0.0012215320390964735,-0.006106023583641429
1.6799999999999997,5.365555971121974,0.00021129479173236882,4.999366249551837,0.021802822184815662,2.4994190118604536,0.0011619733466545767,-0.005808390518780682
1.6899999999999995,5.419480705131203,0.00020099106560823345,4.999397147987281,0.021264629094673016,2.499447340205724,0.0011053178318150003,-0.005525257861905275
1.700000000000001,5.473947391727205,0.0001911897399253345,4.999426540433785,0.020739715333768886,2.499474287606371,0.001051424050700689,-0.005255919845126855
1.7100000000000009,5.528961477624009,0.00018186632357088405,4.999454500249351,0.020227753663095756,2.4994999213504965,0.0010001574441957928,-0.004999705076614291
1.7200000000000006,5.584528464276057,0.00017299751880805162,4.999481097222823,0.019728424877797853,2.4995243054503593,0.000951390002825292,-0.004755974678972097
1.7300000000000004,5.640653908428323,0.00016456116317606738,4.999506397747145,0.01924141761208546,2.4995475008015853,0.0009049999491708149,-0.004524120868155068
1.7400000000000002,5.697343422671993,0.00015653617421421058,4.999530464984243,0.018766428148728954,2.4995695653346632,0.0008608714341846735,-0.004303565397377418
1.75,5.754602676005731,0.0001489024968728906,4.999553359021941,0.018303160233037134,2.4995905541591035,0.0008188942501021756,-0.004093758150246207
1.7599999999999998,5.812437394402587,0.00014164105348159884,4.999575137023278,0.0178513248912248,2.4996105197006067,0.0007789635552057916,-0.0038941756486114976
1.7699999999999996,5.870853361382599,0.000134733696149785,4.999595853368612,0.017410640253075944,2.499629511831583,0.0007409796136812474,-0.003704320043596415
1.7799999999999994,5.929856418591142,0.00012816316148268325,4.9996155597908345,0.016980831378810075,2.499647577995341,0.0007048475468991455,-0.003523717545306587
1.790000000000001,5.989452466383119,0.00012191302749980271,4.999634305504047,0.01656163009006051,2.499664763324252,0.0006704770970031859,-0.0033519175701716697
1.8000000000000007,6.04964746441295,0.00011596767264922122,4.999652137325996,0.016152774804875186,2.499681110752177,0.0006377824028902523,-0.0031884911635419455
1.8100000000000005,6.110447432230613,0.0001103122368159579,4.999669099794579,0.01575401037665061,2.4996966611214453,0.0006066817852854456,-0.0030330305875739816
1.8200000000000003,6.171858449883555,0.00010493258422765068,4.999685235278704,0.015365087936913255,2.499711453284629,0.0005770975445216209,-0.0028851477580350837
1.83,6.2338866585247175,9.981526816540327e-05,4.999700584083772,0.01498576474186181,2.4997255242013816,0.0005489557654527744,-0.0027444733916572595
1.8399999999999999,6.296538261026656,9.49474973921434e-05,4.999715184552049,0.014615804022586441,2.499738909030574,0.00052218613484456,-0.002610656437696285
1.8499999999999996,6.359819522601829,9.031710421506593e-05,4.999729073158156,0.014254974838882401,2.49975164121795,0.0004967217643354616,-0.002483362678163098
1.8599999999999994,6.42373677142913,8.591251410277191e-05,4.999742284599938,0.013903051936576637,2.4997637525795247,0.0004724990254203476,-0.0023622743512421857
1.870000000000001,6.4882963992867175,8.172271678155696e-05,4.999754851884917,0.013559815608287609,2.4997752733809318,0.0004494573896067777,-0.0022470889931017063
1.8800000000000008,6.553504862191153,7.773723873896544e-05,4.9997668064125484,0.01322505155754032,2.4997862324129123,0.00042753927800731617,-0.002137519011569347
1.8900000000000006,6.619368681043081,7.39461170661931e-05,4.999778178052481,0.012898550766158834,2.499796657063133,0.00040668991749726047,-0.0020332907197941896
1.9000000000000004,6.685894442279272,7.033987457426252e-05,4.999788995219023,0.012580109364862103,2.4998065733845167,0.00038685720434727955,-0.0019341438814984013
1.9100000000000001,6.753088798531287,6.690949612202323e-05,4.999799284941977,0.01226952850698824,2.4998160061602404,0.0003679915738814543,-0.0018398307872751624
1.92,6.8209584692907494,6.364640609704809e-05,4.999809072934046,0.011966614245275186,2.4998249789655826,0.0003500458771270587,-0.0017501157643098064
1.9299999999999997,6.889510241581291,6.054244699335014e-05,4.9998183836549615,0.011671177411626639,2.49983351422676,0.0003329752629497307,-0.001664774842424957
1.9399999999999995,6.9587509706372686,5.758985903256509e-05,4.999827240372487,0.01138303349979368,2.4998416332768953,0.000316737066469841,-0.001583594823273582
1.950000000000001,7.028687580589301,5.478126077783325e-05,4.999835665220462,0.01110200255090386,2.499849356409269,0.000301290702083179,-0.0015063728326937809
1.9600000000000009,7.099327065156639,5.210963069208229e-05,4.999843679254023,0.010827909041771312,2.4998567029279752,0.0002865975625354622,-0.0014329159370164851
1.9700000000000006,7.170676488346618,4.956828959474664e-05,4.99985130250214,0.010560581775921719,2.49986369119612,0.00027262092243063307,-0.0013630407380561954
1.9800000000000004,7.242742985161016,4.715088397320829e-05,4.999858554017593,0.010299853777269209,2.4998703386816588,0.00025932584676979786,-0.0012965724920372956
1.9900000000000002,7.315533762309568,4.48513701073504e-05,4.999865451924524,0.010045562186381748,2.4998766620010215,0.000246679102986036,-0.0012333451806508036
2.0,7.38905609893065,4.2663998967645904e-05,4.99987201346367,0.009797548159274052,2.499882676960599,0.0002346490791182987,-0.0011732007862970684
2.01,7.463317347319193,4.058330184912372e-05,4.999878255035399,0.00955565676866801,2.4998883985962177,0.000223205703775875,-0.0011159890718205473
2.0199999999999996,7.538324933661919,3.8604076705385186e-05,4.999884192240651,0.009319736907661937,2.499893841210688,0.0002123203718156219,-0.0010615670120729392
2.0299999999999994,7.61408635877997,3.6721375148585e-05,4.999889839919883,0.009089641195751312,2.499899018409529,0.0002019658725203044,-0.001009798651807725
2.040000000000001,7.690609198879005,3.493049008294756e-05,4.9998952121901254,0.008865225887144805,2.4999039431349472,0.0001921163216422883,-0.0009605546011927021
2.0500000000000007,7.767901106306778,3.3226943940968694e-05,4.99990032248023,0.00864635078132101,2.4999086276981677,0.00018274709714205528,-0.0009137118155423327
2.0600000000000005,7.8459698103184525,3.1606477492946314e-05,4.9999051835643975,0.008432879135771619,2.499913083810182,0.00017383477708676764,-0.000869153147675758
2.0700000000000003,7.92482311784949,3.0065039201922183e-05,4.999909807594086,0.008224677580879382,2.4999173226110107,0.00016535708172682462,-0.0008267673408110521
2.08,8.004468914296353,2.8598775097464164e-05,4.999914206128354,0.00802161603687905,2.4999213546975256,0.00015729281739140788,-0.0007864483961836505
2.09,8.084915164305059,2.72040191430175e-05,4.999918390162727,0.007823567632851374,2.4999251901499284,0.00014962182356725862,-0.0007480955162010028
2.0999999999999996,8.166169912567646,2.5877284072780974e-05,4.999922370156666,0.007630408627701228,2.4999288385569343,0.00014232492330279456,-0.000711612848647368
2.1099999999999994,8.248241284626657,2.461525267523413e-05,4.999926156059692,0.007442018333071982,2.4999323090397305,0.000135383873811179,-0.0006769093019443756
2.120000000000001,8.3311374876877,2.3414769501554805e-05,4.999929757336237,0.007258279038149378,2.4999356102747643,0.000128781322530358,-0.0006438980335588679
2.130000000000001,8.414866811440136,2.2272832978226644e-05,4.999933182989292,0.007079075936309412,2.4999387505154256,0.00012250076255782005,-0.0006124965352683615
2.1400000000000006,8.499437628886128,2.1186587904139613e-05,4.999936441582893,0.006904297053565173,2.4999417376126685,0.00011652649217808175,-0.0005826263489439668
2.1500000000000004,8.584858397177896,2.0153318313452604e-05,4.999939541263521,0.006733833178769684,2.4999445790346324,0.00011084357495860786,-0.0005542128178602015
2.16,8.671137658463456,1.9170440686391883e-05,4.999942489780451,0.006567577795531707,2.4999472818853006,0.0001054378028300107,-0.0005271848380060049
2.17,8.758284040740834,1.8235497491031434e-05,4.999945294505121,0.006405427015803153,2.4999498529222595,0.0001002956606726002,-0.0005014749646648463
2.1799999999999997,8.84630625872088,1.734615103992532e-05,4.999947962449542,0.006247279515097478,2.499952298573579,9.540429235244119e-05,-0.0004770188226644288
2.1899999999999995,8.935213114698744,1.650017764624791e-05,4.999950500283824,0.006093036469299411,2.4999546249538835,9.075146857639993e-05,-0.00045375531954055734
2.200000000000001,9.025013499434131,1.5695462064844863e-05,4.9999529143528445,0.0059426014930273035,2.4999568378796324,8.632555619669802e-05,-0.00043162635421372525
2.210000000000001,9.115716393040314,1.4929992204309762e-05,4.9999552106920975,0.0057958805795104455,2.499958942883654,8.211548970393778e-05,-0.0004105764190854219
2.2200000000000006,9.207330865882257,1.4201854096874595e-05,4.9999573950427845,0.005652782041944088,2.4999609452289806,7.811074294750142e-05,-0.00039055311162887463
2.2300000000000004,9.29986607948359,1.3509227113550753e-05,4.999959472866155,0.005513216456286643,2.4999628499219964,7.43013029591566e-05,-0.00037150628884306813
2.24,9.393331287442784,1.2850379412564303e-05,4.999961449357157,0.005377096605463515,2.4999646617249525,7.067764548196465e-05,-0.0003533882875216207
2.25,9.487735836358526,1.222366360971471e-05,4.999963329457422,0.005244337424943408,2.499966385167875,6.723071004444137e-05,-0.0003361538816192243
2.26,9.583089166764376,1.1627512659839155e-05,4.999965117867616,0.00511485594965353,2.4999680245598817,6.395187841690131e-05,-0.0003197599340865401
2.2699999999999996,9.679400814072837,1.1060435939091775e-05,4.999966819059181,0.0049885712622010255,2.4999695839999574,6.0832952783584915e-05,-0.0003041655034508369
2.2799999999999994,9.776680409528899,1.052101551824862e-05,4.99996843728552,0.004865404442368684,2.499971067387198,5.786613468217183e-05,-0.00028933160933778193
2.290000000000001,9.874937681173192,1.0007902617725924e-05,4.99996997659262,0.0047452785178537385,2.499972478430557,5.5044006160187564e-05,-0.0002752210761514419
2.3000000000000007,9.974182454814727,9.519814235453767e-06,4.9999714408291736,0.004628118416219492,2.49997382065812,5.235951098825353e-05,-0.0002617987036046838
2.3100000000000005,10.07442465501359,9.05552993917693e-06,4.99997283365619,0.004513850918029726,2.4999750974259207,4.980593718073578e-05,-0.00024903093986952674
2.3200000000000003,10.175674306073338,8.613888815168609e-06,4.999974158556151,0.004402404611137394,2.499976311926331,4.737689985745419e-05,-0.00023688585315531988
2.33,10.277941533043448,8.193786565730105e-06,4.999975418841717,0.004293709846098961,2.4999774671960435,4.506632541279032e-05,-0.0002253330393386186
2.34,10.381236562731843,7.794172748223162e-06,4.999976617664002,0.004187698692686972,2.499978566123659,4.286843676482022e-05,-0.00021434362196262081
2.3499999999999996,10.48556972472757,7.414048148734537e-06,4.999977758020457,0.0040843048974738665,2.4999796114569133,4.077773832023013e-05,-0.00020389012433954558
2.3599999999999994,10.590951452433774,7.052462283808788e-06,4.99997884276236,0.003983463842460789,2.499980605809542,3.878900253084794e-05,-0.00019394649086736972
2.370000000000001,10.697392284111062,6.708511024005095e-06,4.99997987460194,0.0038851125047257365,2.499981551667815,3.689725676281341e-05,-0.00018448774596892953
2.380000000000001,10.804902863931266,6.381334333338788e-06,4.999980856119164,0.0037891894170661244,2.4999824513967552,3.509777096155631e-05,-0.00017549034936339102
2.3900000000000006,10.91349394304198,6.070114118956415e-06,4.9999817897681815,0.003695634629611109,2.499983307246048,3.338604585678695e-05,-0.0001669317128971861
2.4000000000000004,11.023176380641605,5.77407218567081e-06,4.999982677883462,0.0036043896723801957,2.4999841213556664,3.175780125275196e-05,-0.0001587904847610306
2.41,11.133961145065307,5.492468290242416e-06,4.99998352268563,0.0035153975187646315,2.4999848957612225,3.020896596694911e-05,-0.0001510462581677018
2.42,11.245859314881844,5.2245982905436896e-06,4.999984326287017,0.003428602549909014,2.4999856323990577,2.873566711514286e-05,-0.0001436797703036211
2.4299999999999997,11.358882080001454,4.969792384980037e-06,4.999985090696941,0.0033439505199709804,2.4999863331110768,2.7334221101682488e-05,-0.000136672497319538
2.4399999999999995,11.473040742794828,4.72741343776637e-06,4.999985817826731,0.0032613885222373914,2.499986999649362,2.6001123501373513e-05,-0.00013000698828592727
2.450000000000001,11.588346719223402,4.496855385872844e-06,4.999986509494508,0.0031808649560759405,2.4999876336805493,2.473304101613394e-05,-0.0001236665880810636
2.460000000000001,11.704811539980865,4.277541723657718e-06,4.999987167429721,0.0031023294947017262,2.499988236789993,2.3526802976903127e-05,-0.00011763533080967614
2.4700000000000006,11.822446851646369,4.068924061398597e-06,4.9999877932774845,0.0030257330537385393,2.499988810485735,2.2379393243454615e-05,-0.00011189825954717285
2.4800000000000004,11.941264417849109,3.870480754119403e-06,4.999988388602679,0.0029510277605555883,2.4999893562022693,2.128794275790824e-05,-0.00010644095738140177
2.49,12.06127612044472,3.681715597284682e-06,4.999988954893873,0.002878166924360378,2.4999898753041347,2.0249722467724496e-05,-0.00010124986715706
2.5,12.182493960703473,3.50215658610083e-06,4.999989493567037,0.002807105007029221,2.4999903690893195,1.926213619185546e-05,-9.63118864660507e-05
2.51,12.30493006051041,3.3313547353225266e-06,4.999990005969088,0.002737797594657203,2.4999908387925123,1.8322714907981208e-05,-9.161473002451334e-05
2.5199999999999996,12.428596663577538,3.1688829566139065e-06,4.999990493381255,0.002670201369809906,2.4999912855881874,1.7429109078648253e-05,-8.714666677179551e-05
2.5299999999999994,12.553506136668224,3.0143349906578818e-06,4.999990957022287,0.0026042740844595966,2.499991710593541,1.6579084643808528e-05,-8.289648434357377e-05
2.540000000000001,12.679670970833888,2.8673243913438244e-06,4.99999139805149,0.002539974533589027,2.4999921148712834,1.577051608592228e-05,-7.885359565308137e-05
2.5500000000000007,12.807103782663042,2.7274835594941843e-06,4.999991817571639,0.002477262529446471,2.4999924994323,1.50013816835326e-05,-7.500788967718932e-05
2.5600000000000005,12.935817315543083,2.594462823713899e-06,4.999992216631723,0.002416098876435785,2.4999928652381733,1.426975802587549e-05,-7.134975987811102e-05
2.5700000000000003,13.065824440934563,2.467929566065145e-06,4.999992596229574,0.0023564453466260768,2.4999932132035907,1.3573816062262267e-05,-6.78699905165333e-05
2.58,13.197138159658358,2.3475673903811325e-06,4.999992957314362,0.002298264655865554,2.499993544198632,1.2911815161942286e-05,-6.456001244712446e-05
2.59,13.329771603195772,2.233075331139762e-06,4.999993300788967,0.0022415204404847284,2.4999938590509427,1.2282100357197123e-05,-6.141133468418698e-05
2.5999999999999996,13.463738035001686,2.124167100919186e-06,4.999993627512234,0.0021861772345744437,2.4999941585478047,1.1683096914794078e-05,-5.841629757697515e-05
2.6099999999999994,13.599050851830919,2.020570374553777e-06,4.999993938301125,0.002132200447824566,2.4999944434381045,1.1113307010646167e-05,-5.556732673995309e-05
2.620000000000001,13.735723585077938,1.922026108200741e-06,4.9999942339327585,0.002079556343909504,2.499994714434206,1.0571305921303065e-05,-5.285732385119143e-05
2.630000000000001,13.873769902129917,1.8282878916150096e-06,4.999994515146353,0.002028212019407138,2.4999949722137296,1.005573844281571e-05,-5.02793824352977e-05
2.6400000000000006,14.01320360773362,1.7391213320126889e-06,4.999994782645078,0.001978135383237878,2.499995217421252,9.565315423287757e-06,-4.7827256821625017e-05
2.6500000000000004,14.154038645375808,1.6543034679829302e-06,4.999995037097806,0.0019292951366112012,2.49999545066991,9.098810437535576e-06,-4.549471555036081e-05
2.66,14.296289098677603,1.5736222119825903e-06,4.9999952791407924,0.0018816607534670282,2.499995672542941,8.655057143869271e-06,-4.327595348739468e-05
2.67,14.43996919280288,1.4968758200198777e-06,4.999995509379262,0.0018352024613997912,2.4999958835951355,8.232945816644133e-06,-4.116529339626531e-05
2.6799999999999997,14.585093295880785,1.423872387201032e-06,4.999995728388921,0.0017898912230532825,2.4999960843542297,7.831421044102171e-06,-3.9157690423512366e-05
2.6899999999999995,14.731675920442564,1.354429367878754e-06,4.9999959367174,0.001745698717974674,2.4999962753222196,7.4494788293577585e-06,-3.724796471260951e-05
2.700000000000001,14.87973172487285,1.2883731192026052e-06,4.999996134885622,0.0017025973249163776,2.4999964569766195,7.086164060865485e-06,-3.543134141637352e-05
2.710000000000001,15.029275514875415,1.2255384669301806e-06,4.999996323389105,0.0016605601045747505,2.4999966297716565,6.740568238683409e-06,-3.370330858843231e-05
2.7200000000000006,15.180322244953906,1.1657682924132662e-06,4.9999965026992,0.0016195607827547485,2.4999967941394043,6.411827371266554e-06,-3.2059610077798256e-05
2.7300000000000004,15.332887019907202,1.1089131397265495e-06,4.9999966732642696,0.0015795737339501883,2.4999969504908637,6.0991192185611e-06,-3.049607499859921e-05
2.74,15.486985096339938,1.0548308419563885e-06,4.999996835510812,0.0015405739653292392,2.499997099216993,5.801662155136e-06,-2.900877404953396e-05
2.75,15.642631884188171,1.0033861657153086e-06,4.999996989844523,0.0015025371011152013,2.49999724068968,5.518712100638368e-06,-2.7593991092092962e-05
2.76,15.799842948260395,9.54450472993368e-07,4.999997136651314,0.0014654393673528118,2.4999973752626796,5.249561695563898e-06,-2.6248223150563115e-05
2.7699999999999996,15.958634009794022,9.07901399500903e-07,4.9999972762982745,0.0014292575770505685,2.499997503272491,4.99353785698986e-06,-2.496806672525314e-05
2.7799999999999994,16.119020948027536,8.636225486983862e-07,4.999997409134592,0.0013939691156897895,2.4999976250392035,4.750000442754754e-06,-2.375039542812634e-05
2.790000000000001,16.281019801788442,8.215032007483513e-07,4.999997535492422,0.0013595519270913645,2.4999977408672946,4.518340347203775e-06,-2.259205444943551e-05
2.8000000000000007,16.444646771097062,7.814380356616929e-07,4.999997655687725,0.0013259844996313984,2.4999978510463943,4.297978449585571e-06,-2.149024425080132e-05
2.8100000000000005,16.609918218786706,7.433268699459912e-07,4.999997770021047,0.0012932458527970582,2.4999979558520056,4.088363795062833e-06,-2.044214397756367e-05
2.8200000000000003,16.77685067213988,7.070744060975228e-07,4.999997878778282,0.0012613155240743428,2.499998055546196,3.888972116783407e-06,-1.9445188570437356e-05
2.83,16.94546082454102,6.725899943104756e-07,4.999997982231374,0.0012301735561594987,2.499998150378251,3.6993049263855937e-06,-1.8496834286446033e-05
2.84,17.115765537145876,6.397874058075874e-07,4.999998080639011,0.0011998004844861318,2.499998240585299,3.518887808695581e-06,-1.7594715018278426e-05
2.8499999999999996,17.287781840567632,6.085846172254331e-07,4.999998174247259,0.0011701773250602165,2.4999983263929044,3.3472697964498366e-06,-1.6736599661728202e-05
2.8599999999999994,17.46152693657998,5.789036055152332e-07,4.999998263290189,0.001141285562595408,2.4999984080156294,3.1840216649925424e-06,-1.592035658859632e-05
2.870000000000001,17.63701819983734,5.506701528463426e-07,4.999998347990451,0.0011131071389412395,2.499998485657572,3.02873516488944e-06,-1.5143903908667114e-05
2.880000000000001,17.81427317961221,5.238136610246246e-07,4.99999842855984,0.0010856244417970055,2.499998559512878,2.8810220555897104e-06,-1.4405337367408527e-05
2.8900000000000006,17.993309601550326,4.982669749616002e-07,4.9999985051998195,0.0010588202937042125,2.499998629766222,2.7405130822444335e-06,-1.370275981571619e-05
2.9000000000000004,18.174145369443067,4.739662147530688e-07,4.99999857810203,0.0010326779413108113,2.499998696593275,2.6068567535730836e-06,-1.3034515689010033e-05
2.91,18.356798567017925,4.5085061594724615e-07,4.999998647448762,0.0010071810449004395,2.4999987601611364,2.4797189723813062e-06,-1.2398814419607761e-05
2.92,18.54128745974687,4.2886237760304964e-07,4.999998713413419,0.0009823136681801569,2.49999882062876,2.3587817281622847e-06,-1.179407860263501e-05
2.9299999999999997,18.727630496672912,4.079465177586016e-07,4.999998776160946,0.0009580602683202905,2.499998878147346,2.243742642349389e-06,-1.1218880047182602e-05
2.9399999999999995,18.91584631225503,3.8805073594855864e-07,4.999998835848244,0.0009344056862401692,2.499998932860721,2.1343141156648926e-06,-1.0671740824365144e-05
2.950000000000001,19.10595372823167,3.6912528242649137e-07,4.9999988926245615,0.0009113351371336713,2.499998984905695,2.0302223333601432e-06,-1.0151268270420762e-05
2.960000000000001,19.297971755502775,3.511228337653325e-07,4.999998946631869,0.0008888342012286928,2.4999990344124075,1.9312072083721432e-06,-9.65617630299784e-06
2.9700000000000006,19.49191959603113,3.339983745247852e-07,4.999998998005211,0.0008668888147747024,2.499999081504651,1.8370212160334631e-06,-9.185221472308633e-06
2.9800000000000004,19.687816644762407,3.177090846898734e-07,4.999999046873048,0.0008454852612528322,2.499999126300181,1.7474286551077967e-06,-8.737288226254151e-06
2.99,19.88568249156473,3.022142325991255e-07,4.999999093357576,0.0008246101628029512,2.4999991689110086,1.66220567621167e-06,-8.311154431336909e-06
3.0,20.085536923187668,2.8747507309468346e-07,4.999999137575029,0.0008042504718623921,2.499999209443683,1.5811389744158078e-06,-7.905804011444065e-06
3.01,20.287399925240926,2.7345475063965967e-07,4.999999179635973,0.0007843934630111,2.499999247999557,1.5040259881970997e-06,-7.520249312165919e-06
3.0199999999999996,20.49129168419293,2.6011820716048933e-07,4.999999219645582,0.0007650267250181095,2.4999992846750403,1.4306737341485132e-06,-7.153467151966555e-06
3.0299999999999994,20.69723258938949,2.4743209438384035e-07,4.999999257703901,0.0007461381530843797,2.49999931956184,1.3608989775093505e-06,-6.80459777413565e-06
3.040000000000001,20.905243235092776,2.3536469044887813e-07,4.999999293906095,0.0007277159412771381,2.4999993527471913,1.2945271521402901e-06,-6.472731683971537e-06
3.0500000000000007,21.115344422540627,2.238858205863895e-07,4.999999328342689,0.0007097485751510236,2.499999384314075,1.2313923605233867e-06,-6.157080179037416e-06
3.0600000000000005,21.327557162026913,2.1296678166639185e-07,4.999999361099791,0.0006922248245513702,2.499999414341424,1.1713365495324979e-06,-5.856776397195713e-06
3.0700000000000003,21.541902675002422,2.0258027042560375e-07,4.999999392259312,0.0006751337365951999,2.499999442904323,1.1142098799155065e-06,-5.571152428272374e-06
3.08,21.75840239619708,1.927003151952781e-07,4.999999421899166,0.0006584646288254881,2.499999470074194,1.0598692483654304e-06,-5.299483518681966e-06
3.09,21.977077975763418,1.833022109586968e-07,4.999999450093468,0.000642207082534446,2.4999994959189746,1.0081787991111923e-06,-5.040980965987361e-06
3.0999999999999996,22.197951281441625,1.7436245757593677e-07,4.999999476912718,0.0006263509362516414,2.499999520503291,9.590094691702689e-07,-4.795118968559651e-06
3.1099999999999994,22.421044400746332,1.658587010214387e-07,4.99999950242398,0.0006108862793928914,2.499999543888617,9.12237908323732e-07,-4.561279354220975e-06
3.120000000000001,22.64637964317542,1.577696774874423e-07,4.999999526691043,0.0005958034460659532,2.4999995661334276,8.677475307194982e-07,-4.338822634509176e-06
3.130000000000001,22.87397954244083,1.500751602135272e-07,4.9999995497745875,0.0005810930090291599,2.4999995872933467,8.254270085217286e-07,-4.127230113227148e-06
3.1400000000000006,23.103866858722196,1.4275590890928566e-07,4.999999571732334,0.000566745773799185,2.4999996074212834,7.851705845496326e-07,-3.925912039904185e-06
3.1500000000000004,23.336064580942722,1.3579362164368732e-07,4.99999959261919,0.000552752772904307,2.49999962656757,7.46877333313023e-07,-3.7344776160340453e-06
3.16,23.570595929068126,1.291708890808138e-07,4.9999996124873824,0.000539105260279542,2.4999996447800816,7.104516726030852e-07,-3.552308669439925e-06
3.17,23.80748435642867,1.2287115094753807e-07,4.999999631386593,0.0005257947058001592,2.4999996621043596,6.758025676845136e-07,-3.3790783504631847e-06
3.1799999999999997,24.046753552064487,1.168786546242951e-07,4.999999649364077,0.0005128127899501597,2.4999996785837215,6.428432470784173e-07,-3.2142679629036024e-06
3.1899999999999995,24.288427443094545,1.1117841575539928e-07,4.99999966646479,0.0005001513986223854,2.499999694259377,6.114914583577047e-07,-3.057508024540182e-06
3.200000000000001,24.532530197109374,1.05756180780414e-07,4.999999682731491,0.0004878026180470084,2.4999997091705204,5.816686723392195e-07,-2.9083579988767793e-06
3.210000000000001,24.77908622458772,1.0059839129288864e-07,4.9999996982048565,0.0004757587298452426,2.49999972335444,5.533003673008352e-07,-2.766519457964321e-06
3.2200000000000006,25.028120181337826,9.56921501373275e-08,4.999999712923577,0.0004640122062051556,2.4999997368466023,5.263155458123947e-07,-2.6316300250076236e-06
3.2300000000000004,25.279656970962904,9.10251891596351e-08,4.999999726924457,0.0004525557051766067,2.499999749680743,5.006469336876762e-07,-2.5032846906461383e-06
3.24,25.533721747351528,8.658583853038314e-08,4.999999740242507,0.0004413820660823412,2.4999997618889567,4.762299852245633e-07,-2.3812347649246666e-06
3.25,25.790339917193062,8.236299756419772e-08,4.999999752911028,0.00043048430504238314,2.499999773501768,4.53004020073422e-07,-2.265039711346861e-06
3.26,26.049537142518336,7.83461069622994e-08,4.999999764961697,0.0004198556106089296,2.4999997845482156,4.3091077372992004e-07,-2.1545929485002974e-06
3.2699999999999996,26.31133934326588,7.452512240878823e-08,4.99999977642465,0.0004094893395090163,2.4999997950559227,4.098950228126341e-07,-2.0495249941634514e-06
3.2799999999999994,26.57577269987394,7.089048945465138e-08,4.999999787328546,0.0003993790124922959,2.4999998050511616,3.8990421558082744e-07,-1.9495018932504885e-06
3.290000000000001,26.84286365589859,6.74331196266895e-08,4.999999797700655,0.00038951831028133014,2.499999814558928,3.708882445607742e-07,-1.8544525914878464e-06
3.3000000000000007,27.112638920657908,6.414436770162618e-08,4.999999807566909,0.00037990106962187736,2.4999998236029954,3.52799872871401e-07,-1.7640005012255856e-06
3.3100000000000005,27.38512547190323,6.101601008856442e-08,4.999999816951981,0.00037052127943067897,2.4999998322059778,3.3559356893420045e-07,-1.6779750922071103e-06
3.3200000000000003,27.660350558516758,5.804022426574797e-08,4.999999825879337,0.000361373077038373,2.4999998403893886,3.192265580764797e-07,-1.59613477990153e-06
3.33,27.938341703236507,5.52095692201994e-08,4.999999834371302,0.00035245074452516063,2.4999998481736894,3.0365768566298357e-07,-1.5183232449084686e-06
3.34,28.21912670540861,5.2516966841327706e-08,4.999999842449108,0.00034374870514694534,2.4999998555783454,2.888481276386301e-07,-1.4442491647061423e-06
3.3499999999999996,28.502733643767268,4.9955684221979555e-08,4.999999850132955,0.0003352615198497097,2.4999998626218725,2.7476087893774093e-07,-1.3738272741649587e-06
3.3599999999999994,28.78919087924266,4.7519316822677426e-08,4.999999857442056,0.00032698388386995166,2.4999998693218823,2.613606682189129e-07,-1.3068301996101118e-06
3.370000000000001,29.078527057797103,4.520177245694637e-08,4.999999864394689,0.0003189106234190531,2.499999875695129,2.4861384417818044e-07,-1.243073199930358e-06
3.380000000000001,29.370771113289457,4.299725605768692e-08,4.999999871008237,0.000311036692449518,2.4999998817575486,2.3648883029636636e-07,-1.1824567991426639e-06
3.3900000000000006,29.66595227036887,4.0900255186495976e-08,4.999999877299239,0.00030335716950103753,2.499999887524301,2.2495515850096126e-07,-1.1248033615630825e-06
3.4000000000000004,29.964100047397025,3.8905526249710004e-08,4.999999883283426,0.00029586725462443883,2.4999998930098055,2.13983895491765e-07,-1.0699707786439945e-06
3.41,30.265244259400085,3.7008081386697075e-08,4.9999998889757595,0.0002885622663815742,2.4999998982277787,2.0354784169285267e-07,-1.0177885201297795e-06
3.42,30.569415021050208,3.5203175997614435e-08,4.999999894390475,0.0002814376389192834,2.4999999031912674,1.9362067860129173e-07,-9.680860557638145e-07
3.4299999999999997,30.876642749677032,3.348629687944401e-08,4.999999899541113,0.0002744889191156001,2.4999999079126853,1.8417767932987772e-07,-9.208989126819795e-07
3.4399999999999995,31.186958168309445,3.185315094063996e-08,4.99999990444055,0.00026771176379641735,2.4999999124038363,1.751952538597834e-07,-8.759926117819276e-07
3.450000000000001,31.500392308747966,3.029965446616863e-08,4.99999990910104,0.0002611019370208726,2.499999916675952,1.666508921971399e-07,-8.332747825080372e-07
3.460000000000001,31.81697651466772,2.8821922906099834e-08,4.999999913534234,0.0002546553074337613,2.499999920739713,1.585231643730367e-07,-7.925962108857646e-07
3.4700000000000006,32.136742444753175,2.7416261162211305e-08,4.999999917751219,0.0002483678456833083,2.4999999246052833,1.5079191939548764e-07,-7.539853186245608e-07
3.4800000000000004,32.45972207586381,2.6079154348323504e-08,4.999999921762539,0.00024223562190270513,2.499999928282327,1.4343777365866117e-07,-7.172147320486436e-07
3.49,32.785947706231894,2.4807259001256658e-08,4.999999925578225,0.00023625480325382248,2.4999999317800383,1.3644219620800868e-07,-6.822133968851146e-07
3.5,33.11545195869231,2.3597394720434486e-08,4.999999929207817,0.00023042165153156925,2.4999999351071653,1.2978779295735876e-07,-6.489671022791977e-07
3.51,33.44826778394491,2.244653621522909e-08,4.999999932660393,0.00022473252082739958,2.4999999382720266,1.2345796562840405e-07,-6.1729821254637e-07
3.5199999999999996,33.78442846384954,2.1351805740161218e-08,4.999999935944584,0.00021918385525050807,2.499999941282535,1.1743694017241069e-07,-5.871854114048502e-07
3.5299999999999994,34.12396761475434,2.0310465899040013e-08,4.999999939068603,0.00021377218670528826,2.4999999441462193,1.1170939728799567e-07,-5.585434337263605e-07
3.540000000000001,34.46691919085742,1.931991280004867e-08,4.9999999420402625,0.00020849413272366467,2.4999999468702403,1.0626126822899096e-07,-5.313012252373183e-07
3.5500000000000007,34.81331748760205,1.8377669544661254e-08,4.9999999448669925,0.00020334639435094922,2.4999999494614094,1.0107888215316052e-07,-5.054019425188593e-07
3.5600000000000005,35.16319714510663,1.748138003410691e-08,4.999999947555861,0.00019832575408388614,2.4999999519262057,9.614922191758524e-08,-4.807674258700498e-07
3.5700000000000003,35.516593151628484,1.6628803077898076e-08,4.999999950113591,0.00019342907385961643,2.499999954270792,9.145995250037231e-08,-4.573266210171208e-07
3.58,35.87354084706276,1.581780678968807e-08,4.99999995254658,0.00018865329309428915,2.4999999565010316,8.699939257894584e-08,-4.3501557911426045e-07
3.59,36.234075926476464,1.5046363256446154e-08,4.999999954860911,0.0001839954267701012,2.4999999586225017,8.275640084320912e-08,-4.137845621699384e-07
3.5999999999999996,36.598234443677974,1.4312543467619812e-08,4.9999999570623705,0.00017945256356956724,2.4999999606405057,7.872023388699745e-08,-3.9356251591020594e-07
3.6099999999999994,36.96605281482248,1.3614512491604676e-08,4.9999999591564634,0.00017502186405585503,2.499999962560091,7.48811430639762e-08,-3.7440628375411025e-07
3.620000000000001,37.33756782205369,1.2950524887460602e-08,4.999999961148426,0.0001707005588980474,2.4999999643860567,7.1229067089007e-08,-3.561169137356419e-07
3.630000000000001,37.71281661718178,1.2318920340401505e-08,4.99999996304324,0.00016648594714022597,2.4999999661229695,6.775516681045701e-08,-3.387796709830988e-07
3.6400000000000006,38.091836725399034,1.1718119510143662e-08,4.999999964845642,0.00016237539451328402,2.499999967775172,6.445065992011223e-08,-3.222737632313883e-07
3.6500000000000004,38.47466604903214,1.1146620081733563e-08,4.99999996656014,0.00015836633178842807,2.499999969346795,6.130741780907556e-08,-3.065494524888767e-07
3.66,38.86134287133247,1.0602993008978523e-08,4.999999968191021,0.0001544562531713277,2.4999999708417695,5.831745397699706e-08,-2.9162805503792136e-07
3.67,39.2519058603045,1.0085878941087452e-08,4.999999969742364,0.00015064271473591478,2.4999999722638333,5.547332193600596e-08,-2.774029894681312e-07
3.6799999999999997,39.64639407257258,9.593984823586342e-09,4.999999971218045,0.00014692333289685188,2.4999999736165415,5.276777415019751e-08,-2.638174123603964e-07
3.6899999999999995,40.0448469572867,9.126080665009053e-09,4.999999972621758,0.00014329578291971595,2.499999974903278,5.019435889153101e-08,-2.509707996978521e-07
3.700000000000001,40.447304360067434,8.680996461278326e-09,4.999999973957011,0.00013975779746796448,2.4999999761272598,4.774622652803373e-08,-2.3872814836070387e-07
3.710000000000001,40.853806526990304,8.257619270086874e-09,4.9999999752271425,0.00013630716518578054,2.499999977291547,4.541772113952902e-08,-2.2708235292159583e-07
3.7200000000000006,41.26439410861082,7.85489042796179e-09,4.999999976435329,0.00013294172931590107,2.4999999783990514,4.3202618371651624e-08,-2.1601209709845177e-07
3.7300000000000004,41.67910816402931,7.471802903055073e-09,4.999999977584592,0.00012965938635157732,2.499999979452542,4.1095603364738054e-08,-2.05474748327038e-07
3.74,42.09799016499691,7.10739877703969e-09,4.9999999786778035,0.00012645808472181523,2.4999999804546533,3.909130441570596e-08,-1.954632011801799e-07
3.75,42.52108200006278,6.760766849815054e-09,4.9999999797177,0.00012333582350907788,2.4999999814078913,3.7184861412242753e-08,-1.8592771766636574e-07
3.76,42.94842597876301,6.431040361032397e-09,4.999999980706879,0.00012029065119864813,2.499999982314639,3.5371357398616965e-08,-1.7683987607599237e-07
3.7699999999999996,43.3800648358516,6.117394822742637e-09,4.999999981647815,0.00011732066445886931,2.4999999831771644,3.364615963619144e-08,-1.6822809811857995e-07
3.7799999999999994,43.81604173557394,5.819045957747245e-09,4.999999982542862,0.00011442400695150186,2.4999999839976237,3.200534592906479e-08,-1.600355403752643e-07
3.790000000000001,44.25640027598341,5.535247738496867e-09,4.999999983394257,0.00011159886817145195,2.499999984778069,3.044431196030928e-08,-1.5224088656397685e-07
3.8000000000000007,44.70118449330086,5.265290521634224e-09,4.999999984204129,0.00010884348231514972,2.499999985520451,2.8959505016246112e-08,-1.447801878384941e-07
3.8100000000000005,45.150438866318744,5.008499273515919e-09,4.999999984974503,0.00010615612717686209,2.4999999862266273,2.7547116587811615e-08,-1.3777423646389867e-07
3.8200000000000003,45.60420832084875,4.764231882277063e-09,4.999999985707304,0.00010353512307226109,2.4999999868983624,2.620376449158357e-08,-1.3105960761090728e-07
3.83,46.06253823421448,4.531877552217211e-09,4.999999986404368,0.00010097883178856632,2.499999987537337,2.4925697061917163e-08,-1.2463630127963767e-07
3.84,46.5254744397892,4.310855276493075e-09,4.999999987067435,9.84856555606095e-05,2.4999999881451487,2.3710242658125935e-08,-1.1858958259837343e-07
3.8499999999999996,46.993063231579264,4.100612384298882e-09,4.999999987698163,9.605403607217963e-05,2.4999999887233155,2.2553706457983935e-08,-1.1272760502835175e-07
3.8599999999999994,47.4653513688535,3.900623158901569e-09,4.99999998829813,9.368245348202518e-05,2.4999999892732863,2.145375788131787e-08,-1.0724932053564138e-07
3.870000000000001,47.9423860808193,3.7103875230751657e-09,4.999999988868837,9.136942547390388e-05,2.499999989796434,2.0407469492056407e-08,-1.02041042282519e-07
3.880000000000001,48.424215071345216,3.529429788647459e-09,4.999999989411711,8.911350633008893e-05,2.4999999902940684,1.941216964951309e-08,-9.70885594142711e-08
3.8900000000000006,48.91088652373191,3.3572974670316484e-09,4.999999989928107,8.691328602774626e-05,2.499999990767432,1.8465499351805192e-08,-9.232792308467674e-08
3.9000000000000004,49.40244910553019,3.193560137769384e-09,4.99999999041932,8.47673893576264e-05,2.4999999912177095,1.756490064508398e-08,-8.785150384934999e-08
3.91,49.89895197340787,3.037808372255445e-09,4.999999990886575,8.267447506451395e-05,2.4999999916460274,1.6708213479432743e-08,-8.355982572535983e-08
3.92,50.400444778065484,2.889652709953013e-09,4.999999991331042,8.063323500889955e-05,2.499999992053455,1.58933062266442e-08,-7.945288871270287e-08
3.9299999999999997,50.90697766920142,2.7487226845395113e-09,4.999999991753832,7.864239334935065e-05,2.4999999924410123,1.5118246210477082e-08,-7.556621994809513e-08
3.9399999999999995,51.418601300526895,2.6146658975478735e-09,4.9999999921560025,7.670070574506912e-05,2.4999999928096686,1.4380901802724111e-08,-7.189271400421498e-08
3.950000000000001,51.93536683483149,2.4871471371868316e-09,4.999999992538559,7.480695857813786e-05,2.4999999931603454,1.3679567700819462e-08,-6.838973831691727e-08
3.960000000000001,52.45732594909909,2.365847540136957e-09,4.999999992902458,7.295996819497159e-05,2.49999999349392,1.3012311228521867e-08,-6.510703087770476e-08
3.9700000000000006,52.9845308396762,2.250463794226166e-09,4.9999999932486086,7.115858016649301e-05,2.4999999938112243,1.2377711300359806e-08,-6.188116685735432e-08
3.9800000000000004,53.51703422749119,2.1407073799914197e-09,4.999999993577878,6.940166856657871e-05,2.499999994113055,1.1774119457186316e-08,-5.887557108506242e-08
3.99,54.0548893633266,2.0363038492297857e-09,4.999999993891088,6.76881352683184e-05,2.4999999944001643,1.1199830396435573e-08,-5.599076757787726e-08
4.0,54.598150033144236,1.9369921387349976e-09,4.999999994189023,6.601690925765014e-05,2.4999999946732716,1.0653621984602069e-08,-5.324807261786784e-08
4.01,55.1468705634638,1.842523917503478e-09,4.999999994472429,6.438694596394187e-05,2.49999999493306,1.0134101557923714e-08,-5.0697224196488654e-08
4.02,55.70110582679559,1.7526629657774978e-09,4.999999994742011,6.279722660710076e-05,2.4999999951801763,9.639876452638418e-09,-4.81676920571827e-08
4.030000000000001,56.2609112471279,1.6671845843727405e-09,4.999999994998446,6.124675756080254e-05,2.499999995415242,9.169667691821815e-09,-4.582290102917394e-08
4.040000000000001,56.826342805469075,1.585875032813377e-09,4.999999995242375,5.973456973144381e-05,2.4999999956388437,8.722452093934407e-09,-4.360600769360201e-08
4.050000000000001,57.39745704544624,1.5085309948694648e-09,4.999999995474407,5.825971795242552e-05,2.4999999958515398,8.29697910376126e-09,-4.146727405896368e-08
4.0600000000000005,57.97431107895932,1.434959070160545e-09,4.999999995695123,5.682128039339426e-05,2.499999996053863,7.892253961472306e-09,-3.9491965253550603e-08
4.07,58.556962591892386,1.3649752905539472e-09,4.999999995905075,5.541835798406815e-05,2.4999999962463186,7.507480859203497e-09,-3.7566394439624e-08
4.08,59.14546984988227,1.298404660148644e-09,4.999999996104786,5.40500738522887e-05,2.4999999964293873,7.1413523983210325e-09,-3.571187789929078e-08
4.09,59.739891704145194,1.2350807176943564e-09,4.999999996294758,5.271557277594733e-05,2.499999996603528,6.793072770960862e-09,-3.39710481966942e-08
4.1,60.34028759736195,1.1748451203517293e-09,4.999999996475465,5.141402064844372e-05,2.499999996769176,6.461789325840073e-09,-3.228706191294255e-08
4.109999999999999,60.94671756962217,1.117547247752764e-09,4.999999996647358,5.0144603957342145e-05,2.499999996926745,6.1465357248380315e-09,-3.072386789427012e-08
4.120000000000001,61.559242264428576,1.0630438253714403e-09,4.999999996810868,4.8906529275899566e-05,2.499999997076629,5.846828798894421e-09,-2.9203306439743506e-08
4.130000000000001,62.17792293476085,1.0111985662628177e-09,4.999999996966404,4.769902276714903e-05,2.499999997219204,5.561730631598039e-09,-6.344791358975904e-07
4.140000000000001,62.80282144920171,1e-09,4.999999997,4.7434164890667154e-05,2.49999999725,-2.842170943040401e-14,2.524274117350543e-23
4.15,63.434000298123344,1e-09,4.999999997,4.7434164890667154e-05,2.49999999725,0.0,-1.4210854715197259e-11
4.16,64.07152259993664,1e-09,4.999999997,4.7434164890667154e-05,2.49999999725,0.0,-1.4210854715197259e-11
4.17,64.71545210740304,1e-09,4.999999997,4.7434164890667154e-05,2.49999999725,2.842170943040401e-14,2.524274117350543e-23
4.18,65.3658532140099,1e-09,4.999999997,4.7434164890667154e-05,2.49999999725,2.842170943040401e-14,7.105427357620717e-12
4.1899999999999995,66.02279096040989,1e-09,4.999999997,4.7434164890667154e-05,2.49999999725,2.842170943040401e-14,7.105427357620717e-12
4.200000000000001,66.68633104092521,1e-09,4.999999997,4.7434164890667154e-05,2.49999999725,-2.842170943040401e-14,7.105427357620717e-12
4.210000000000001,67.35653981011664,1e-09,4.999999997,4.7434164890667154e-05,2.49999999725,-2.842170943040401e-14,7.105427357620717e-12
4.220000000000001,68.03348428941972,1e-09,4.999999997,4.7434164890667154e-05,2.49999999725,-2.842170943040401e-14,2.524274117350543e-23
4.23,68.7172321738465,1e-09,4.999999997,4.7434164890667154e-05,2.49999999725,0.0,-1.4210854715197259e-11
4.24,69.4078518387552,1e-09,4.999999997,4.7434164890667154e-05,2.49999999725,0.0,-1.4210854715197259e-11
4.25,70.10541234668786,1e-09,4.999999997,4.7434164890667154e-05,2.49999999725,2.842170943040401e-14,2.524274117350543e-23
4.26,70.80998345427655,1e-09,4.999999997,4.7434164890667154e-05,2.49999999725,2.842170943040401e-14,7.105427357620717e-12
4.27,71.5216356192192,1e-09,4.999999997,4.7434164890667154e-05,2.49999999725,2.842170943040401e-14,7.105427357620717e-12
4.280000000000001,72.24044000732545,1e-09,4.999999997,4.7434164890667154e-05,2.49999999725,-2.842170943040401e-14,7.105427357620717e-12
4.290000000000001,72.96646849963287,1e-09,4.999999997,4.7434164890667154e-05,2.49999999725,-2.842170943040401e-14,7.105427357620717e-12
4.300000000000001,73.69979369959584,1e-09,4.999999997,4.7434164890667154e-05,2.49999999725,-2.842170943040401e-14,7.105427357620717e-12
4.3100000000000005,74.44048894034549,1e-09,4.999999997,4.7434164890667154e-05,2.49999999725,-2.842170943040401e-14,2.524274117350543e-23
4.32,75.18862829202311,1e-09,4.999999997,4.7434164890667154e-05,2.49999999725,0.0,-1.4210854715197259e-11
4.33,75.94428656918733,1e-09,4.999999997,4.7434164890667154e-05,2.49999999725,0.0,-1.4210854715197259e-11
4.34,76.70753933829559,1e-09,4.999999997,4.7434164890667154e-05,2.49999999725,2.842170943040401e-14,2.524274117350543e-23
4.35,77.47846292526083,1e-09,4.999999997,4.7434164890667154e-05,2.49999999725,2.842170943040401e-14,7.105427357620717e-12
4.359999999999999,78.25713442308421,1e-09,4.999999997,4.7434164890667154e-05,2.49999999725,2.842170943040401e-14,7.105427357620717e-12
4.370000000000001,79.04363169956453,1e-09,4.999999997,4.7434164890667154e-05,2.49999999725,-2.842170943040401e-14,7.105427357620717e-12
4.380000000000001,79.83803340508457,1e-09,4.999999997,4.7434164890667154e-05,2.49999999725,-2.842170943040401e-14,7.105427357620717e-12
4.390000000000001,80.64041898047705,1e-09,4.999999997,4.7434164890667154e-05,2.49999999725,-2.842170943040401e-14,2.524274117350543e-23
4.4,81.45086866496814,1e-09,4.999999997,4.7434164890667154e-05,2.49999999725,0.0,-1.4210854715197259e-11
4.41,82.26946350420168,1e-09,4.999999997,4.7434164890667154e-05,2.49999999725,0.0,-1.4210854715197259e-11
4.42,83.09628535834376,1e-09,4.999999997,4.7434164890667154e-05,2.49999999725,2.842170943040401e-14,2.524274117350543e-23
4.43,83.93141691026881,1e-09,4.999999997,4.7434164890667154e-05,2.49999999725,2.842170943040401e-14,7.105427357620717e-12
4.4399999999999995,84.77494167382795,1e-09,4.999999997,4.7434164890667154e-05,2.49999999725,2.842170943040401e-14,7.105427357620717e-12
4.450000000000001,85.62694400220066,1e-09,4.999999997,4.7434164890667154e-05,2.49999999725,-2.842170943040401e-14,7.105427357620717e-12
4.460000000000001,86.48750909632946,1e-09,4.999999997,4.7434164890667154e-05,2.49999999725,-2.842170943040401e-14,7.105427357620717e-12
4.470000000000001,87.35672301344107,1e-09,4.999999997,4.7434164890667154e-05,2.49999999725,-2.842170943040401e-14,2.524274117350543e-23
4.48,88.23467267565151,1e-09,4.999999997,4.7434164890667154e-05,2.49999999725,0.0,-1.4210854715197259e-11
4.49,89.12144587865868,1e-09,4.999999997,4.7434164890667154e-05,2.49999999725,0.0,-1.4210854715197259e-11
4.5,90.01713130052181,1e-09,4.999999997,4.7434164890667154e-05,2.49999999725,2.842170943040401e-14,2.524274117350543e-23
4.51,90.92181851052953,1e-09,4.999999997,4.7434164890667154e-05,2.49999999725,2.842170943040401e-14,7.105427357620717e-12
4.52,91.83559797815674,1e-09,4.999999997,4.7434164890667154e-05,2.49999999725,2.842170943040401e-14,7.105427357620717e-12
4.530000000000001,92.75856108211184,1e-09,4.999999997,4.7434164890667154e-05,2.49999999725,-2.842170943040401e-14,7.105427357620717e-12
4.540000000000001,93.69080011947406,1e-09,4.999999997,4.7434164890667154e-05,2.49999999725,-2.842170943040401e-14,7.105427357620717e-12
4.550000000000001,94.63240831492415,1e-09,4.999999997,4.7434164890667154e-05,2.49999999725,-2.842170943040401e-14,7.105427357620717e-12
4.5600000000000005,95.58347983006632,1e-09,4.999999997,4.7434164890667154e-05,2.49999999725,-2.842170943040401e-14,2.524274117350543e-23
4.57,96.54410977284468,1e-09,4.999999997,4.7434164890667154e-05,2.49999999725,0.0,-1.4210854715197259e-11
4.58,97.51439420705401,1e-09,4.999999997,4.7434164890667154e-05,2.49999999725,0.0,-1.4210854715197259e-11
4.59,98.49443016194631,1e-09,4.999999997,4.7434164890667154e-05,2.49999999725,2.842170943040401e-14,2.524274117350543e-23
4.6,99.48431564193378,1e-09,4.999999997,4.7434164890667154e-05,2.49999999725,2.842170943040401e-14,7.105427357620717e-12
4.609999999999999,100.4841496363893,1e-09,4.999999997,4.7434164890667154e-05,2.49999999725,2.842170943040401e-14,7.105427357620717e-12
4.620000000000001,101.49403212954572,1e-09,4.999999997,4.7434164890667154e-05,2.49999999725,-2.842170943040401e-14,7.105427357620717e-12
4.630000000000001,102.51406411049355,1e-09,4.999999997,4.7434164890667154e-05,2.49999999725,-2.842170943040401e-14,7.105427357620717e-12
4.640000000000001,103.54434758328111,1e-09,4.999999997,4.7434164890667154e-05,2.49999999725,-2.842170943040401e-14,2.524274117350543e-23
4.65,104.58498557711422,1e-09,4.999999997,4.7434164890667154e-05,2.49999999725,0.0,-1.4210854715197259e-11
4.66,105.63608215665951,1e-09,4.999999997,4.7434164890667154e-05,2.49999999725,0.0,-1.4210854715197259e-11
4.67,106.69774243245082,1e-09,4.999999997,4.7434164890667154e-05,2.49999999725,2.842170943040401e-14,2.524274117350543e-23
4.68,107.77007257140046,1e-09,4.999999997,4.7434164890667154e-05,2.49999999725,2.842170943040401e-14,7.105427357620717e-12
4.6899999999999995,108.85317980741593,1e-09,4.999999997,4.7434164890667154e-05,2.49999999725,2.842170943040401e-14,7.105427357620717e-12
4.700000000000001,109.94717245212361,1e-09,4.999999997,4.7434164890667154e-05,2.49999999725,-2.842170943040401e-14,7.105427357620717e-12
4.710000000000001,111.05215990569927,1e-09,4.999999997,4.7434164890667154e-05,2.49999999725,-2.842170943040401e-14,7.105427357620717e-12
4.720000000000001,112.16825266780927,1e-09,4.999999997,4.7434164890667154e-05,2.49999999725,-2.842170943040401e-14,2.524274117350543e-23
4.73,113.29556234865991,1e-09,4.999999997,4.7434164890667154e-05,2.49999999725,0.0,-1.4210854715197259e-11
4.74,114.43420168015871,1e-09,4.999999997,4.7434164890667154e-05,2.49999999725,0.0,-1.4210854715197259e-11
4.75,115.58428452718766,1e-09,4.999999997,4.7434164890667154e-05,2.49999999725,2.842170943040401e-14,2.524274117350543e-23
4.76,116.7459258989899,1e-09,4.999999997,4.7434164890667154e-05,2.49999999725,2.842170943040401e-14,7.105427357620717e-12
4.77,117.91924196067062,1e-09,4.999999997,4.7434164890667154e-05,2.49999999725,2.842170943040401e-14,7.105427357620717e-12
4.780000000000001,119.10435004481398,1e-09,4.999999997,4.7434164890667154e-05,2.49999999725,-2.842170943040401e-14,7.105427357620717e-12
4.790000000000001,120.30136866321558,1e-09,4.999999997,4.7434164890667154e-05,2.49999999725,-2.842170943040401e-14,7.105427357620717e-12
4.800000000000001,121.51041751873497,1e-09,4.999999997,4.7434164890667154e-05,2.49999999725,-2.842170943040401e-14,2.524274117350543e-23
4.8100000000000005,122.73161751726525,1e-09,4.999999997,4.7434164890667154e-05,2.49999999725,-2.842170943040401e-14,2.524274117350543e-23
4.82,123.96509077982394,1e-09,4.999999997,4.7434164890667154e-05,2.49999999725,0.0,-1.4210854715197259e-11
4.83,125.21096065476522,1e-09,4.999999997,4.7434164890667154e-05,2.49999999725,0.0,-1.4210854715197259e-11
4.84,126.46935173011477,1e-09,4.999999997,4.7434164890667154e-05,2.49999999725,2.842170943040401e-14,2.524274117350543e-23
4.85,127.7403898460288,1e-09,4.999999997,4.7434164890667154e-05,2.49999999725,2.842170943040401e-14,7.105427357620717e-12
4.859999999999999,129.02420210737813,1e-09,4.999999997,4.7434164890667154e-05,2.49999999725,2.842170943040401e-14,7.105427357620717e-12
4.870000000000001,130.32091689645895,1e-09,4.999999997,4.7434164890667154e-05,2.49999999725,-2.842170943040401e-14,7.105427357620717e-12
4.880000000000001,131.63066388583033,1e-09,4.999999997,4.7434164890667154e-05,2.49999999725,-2.842170943040401e-14,7.105427357620717e-12
4.890000000000001,132.95357405128286,1e-09,4.999999997,4.7434164890667154e-05,2.49999999725,-2.842170943040401e-14,2.524274117350543e-23
4.9,134.28977968493552,1e-09,4.999999997,4.7434164890667154e-05,2.49999999725,0.0,-1.4210854715197259e-11
4.91,135.63941440846523,1e-09,4.999999997,4.7434164890667154e-05,2.49999999725,0.0,-1.4210854715197259e-11
4.92,137.00261318646898,1e-09,4.999999997,4.7434164890667154e-05,2.49999999725,2.842170943040401e-14,2.524274117350543e-23
4.93,138.3795123399606,1e-09,4.999999997,4.7434164890667154e-05,2.49999999725,2.842170943040401e-14,7.105427357620717e-12
4.9399999999999995,139.7702495600029,1e-09,4.999999997,4.7434164890667154e-05,2.49999999725,2.842170943040401e-14,7.105427357620717e-12
4.950000000000001,141.174963921477,1e-09,4.999999997,4.7434164890667154e-05,2.49999999725,-2.842170943040401e-14,7.105427357620717e-12
4.960000000000001,142.5937958969892,1e-09,4.999999997,4.7434164890667154e-05,2.49999999725,-2.842170943040401e-14,7.105427357620717e-12
4.970000000000001,144.02688737091967,1e-09,4.999999997,4.7434164890667154e-05,2.49999999725,-2.842170943040401e-14,2.524274117350543e-23
4.98,145.47438165361004,1e-09,4.999999997,4.7434164890667154e-05,2.49999999725,0.0,-1.4210854715197259e-11
4.99,146.9364234956948,1e-09,4.999999997,4.7434164890667154e-05,2.49999999725,0.0,-1.4210854715197259e-11
5.0,148.4131591025766,1e-09,4.999999997,4.7434164890667154e-05,2.49999999725,2.842170943040401e-14,2.524274117350543e-23
5.01,149.90473614904667,1e-09,4.999999997,4.7434164890667154e-05,2.49999999725,2.842170943040401e-14,7.105427357620717e-12
5.02,151.41130379405269,1e-09,4.999999997,4.7434164890667154e-05,2.49999999725,2.842170943040401e-14,7.105427357620717e-12
5.030000000000001,152.9330126956149,1e-09,4.999999997,4.7434164890667154e-05,2.49999999725,-2.842170943040401e-14,7.105427357620717e-12
5.040000000000001,154.47001502589097,1e-09,4.999999997,4.7434164890667154e-05,2.49999999725,-2.842170943040401e-14,7.105427357620717e-12
5.050000000000001,156.0224644863951,1e-09,4.999999997,4.7434164890667154e-05,2.49999999725,-2.842170943040401e-14,2.524274117350543e-23
5.0600000000000005,157.590516323367,1e-09,4.999999997,4.7434164890667154e-05,2.49999999725,-2.842170943040401e-14,2.524274117350543e-23
5.07,159.17432734329714,1e-09,4.999999997,4.7434164890667154e-05,2.49999999725,0.0,-1.4210854715197259e-11
5.08,160.7740559286073,1e-09,4.999999997,4.7434164890667154e-05,2.49999999725,0.0,-1.4210854715197259e-11
5.09,162.38986205348914,1e-09,4.999999997,4.7434164890667154e-05,2.49999999725,2.842170943040401e-14,2.524274117350543e-23
5.1,164.0219072999017,1e-09,4.999999997,4.7434164890667154e-05,2.49999999725,2.842170943040401e-14,7.105427357620717e-12
5.109999999999999,165.6703548737296,1e-09,4.999999997,4.7434164890667154e-05,2.49999999725,2.842170943040401e-14,7.105427357620717e-12
5.120000000000001,167.33536962110423,1e-09,4.999999997,4.7434164890667154e-05,2.49999999725,-2.842170943040401e-14,7.105427357620717e-12
5.130000000000001,169.01711804488733,1e-09,4.999999997,4.7434164890667154e-05,2.49999999725,-2.842170943040401e-14,7.105427357620717e-12
5.140000000000001,170.71576832132297,1e-09,4.999999997,4.7434164890667154e-05,2.49999999725,-2.842170943040401e-14,2.524274117350543e-23
5.15,172.43149031685434,1e-09,4.999999997,4.7434164890667154e-05,2.49999999725,0.0,-1.4210854715197259e-11
5.16,174.16445560511082,1e-09,4.999999997,4.7434164890667154e-05,2.49999999725,0.0,-1.4210854715197259e-11
5.17,175.9148374840653,1e-09,4.999999997,4.7434164890667154e-05,2.49999999725,2.842170943040401e-14,2.524274117350543e-23
5.18,177.6828109933644,1e-09,4.999999997,4.7434164890667154e-05,2.49999999725,2.842170943040401e-14,7.105427357620717e-12
5.1899999999999995,179.4685529318323,1e-09,4.999999997,4.7434164890667154e-05,2.49999999725,2.842170943040401e-14,7.105427357620717e-12
5.200000000000001,181.27224187515137,1e-09,4.999999997,4.7434164890667154e-05,2.49999999725,-2.842170943040401e-14,7.105427357620717e-12
5.210000000000001,183.09405819371833,1e-09,4.999999997,4.7434164890667154e-05,2.49999999725,-2.842170943040401e-14,7.105427357620717e-12
5.220000000000001,184.93418407068356,1e-09,4.999999997,4.7434164890667154e-05,2.49999999725,-2.842170943040401e-14,2.524274117350543e-23
5.23,186.79280352016818,1e-09,4.999999997,4.7434164890667154e-05,2.49999999725,0.0,-1.4210854715197259e-11
5.24,188.670102405666,1e-09,4.999999997,4.7434164890667154e-05,2.49999999725,0.0,-1.4210854715197259e-11
5.25,190.56626845863,1e-09,4.999999997,4.7434164890667154e-05,2.49999999725,2.842170943040401e-14,2.524274117350543e-23
5.26,192.4814912972456,1e-09,4.999999997,4.7434164890667154e-05,2.49999999725,2.842170943040401e-14,7.105427357620717e-12
5.27,194.41596244539272,1e-09,4.999999997,4.7434164890667154e-05,2.49999999725,2.842170943040401e-14,7.105427357620717e-12
5.280000000000001,196.36987535179858,1e-09,4.999999997,4.7434164890667154e-05,2.49999999725,-2.842170943040401e-14,7.105427357620717e-12
5.290000000000001,198.34342540938135,1e-09,4.999999997,4.7434164890667154e-05,2.49999999725,-2.842170943040401e-14,7.105427357620717e-12
5.300000000000001,200.33680997479183,1e-09,4.999999997,4.7434164890667154e-05,2.49999999725,-2.842170943040401e-14,2.524274117350543e-23
5.3100000000000005,202.35022838814766,1e-09,4.999999997,4.7434164890667154e-05,2.49999999725,0.0,-1.4210854715197259e-11
5.32,204.38388199296807,1e-09,4.999999997,4.7434164890667154e-05,2.49999999725,0.0,-1.4210854715197259e-11
5.33,206.43797415630826,1e-09,4.999999997,4.7434164890667154e-05,2.49999999725,0.0,-1.4210854715197259e-11
5.34,208.51271028909628,1e-09,4.999999997,4.7434164890667154e-05,2.49999999725,2.842170943040401e-14,2.524274117350543e-23
5.35,210.60829786667438,1e-09,4.999999997,4.7434164890667154e-05,2.49999999725,2.842170943040401e-14,7.105427357620717e-12
5.359999999999999,212.72494644954662,1e-09,4.999999997,4.7434164890667154e-05,2.49999999725,2.842170943040401e-14,7.105427357620717e-12
5.370000000000001,214.86286770433563,1e-09,4.999999997,4.7434164890667154e-05,2.49999999725,-2.842170943040401e-14,7.105427357620717e-12
5.380000000000001,217.02227542494765,1e-09,4.999999997,4.7434164890667154e-05,2.49999999725,-2.842170943040401e-14,7.105427357620717e-12
5.390000000000001,219.20338555395466,1e-09,4.999999997,4.7434164890667154e-05,2.49999999725,-2.842170943040401e-14,2.524274117350543e-23
5.4,221.40641620418717,1e-09,4.999999997,4.7434164890667154e-05,2.49999999725,0.0,-1.4210854715197259e-11
5.41,223.63158768054606,1e-09,4.999999997,4.7434164890667154e-05,2.49999999725,0.0,-1.4210854715197259e-11
5.42,225.87912250203328,1e-09,4.999999997,4.7434164890667154e-05,2.49999999725,2.842170943040401e-14,2.524274117350543e-23
5.43,228.14924542400394,1e-09,4.999999997,4.7434164890667154e-05,2.49999999725,2.842170943040401e-14,7.105427357620717e-12
5.4399999999999995,230.44218346064198,1e-09,4.999999997,4.7434164890667154e-05,2.49999999725,2.842170943040401e-14,7.105427357620717e-12
5.450000000000001,232.7581659076623,1e-09,4.999999997,4.7434164890667154e-05,2.49999999725,-2.842170943040401e-14,7.105427357620717e-12
5.460000000000001,235.09742436523877,1e-09,4.999999997,4.7434164890667154e-05,2.49999999725,-2.842170943040401e-14,7.105427357620717e-12
5.470000000000001,237.46019276116692,1e-09,4.999999997,4.7434164890667154e-05,2.49999999725,-2.842170943040401e-14,2.524274117350543e-23
5.48,239.84670737425535,1e-09,4.999999997,4.7434164890667154e-05,2.49999999725,0.0,-1.4210854715197259e-11
5.49,242.25720685795415,1e-09,4.999999997,4.7434164890667154e-05,2.49999999725,0.0,-1.4210854715197259e-11
5.5,244.69193226422038,1e-09,4.999999997,4.7434164890667154e-05,2.49999999725,2.842170943040401e-14,2.524274117350543e-23
5.51,247.1511270676237,1e-09,4.999999997,4.7434164890667154e-05,2.49999999725,2.842170943040401e-14,7.105427357620717e-12
5.52,249.6350371896937,1e-09,4.999999997,4.7434164890667154e-05,2.49999999725,2.842170943040401e-14,7.105427357620717e-12
5.530000000000001,252.14391102351303,1e-09,4.999999997,4.7434164890667154e-05,2.49999999725,-2.842170943040401e-14,7.105427357620717e-12
5.540000000000001,254.67799945855486,1e-09,4.999999997,4.7434164890667154e-05,2.49999999725,-2.842170943040401e-14,7.105427357620717e-12
5.550000000000001,257.23755590577497,1e-09,4.999999997,4.7434164890667154e-05,2.49999999725,-2.842170943040401e-14,2.524274117350543e-23
5.5600000000000005,259.822836322951,1e-09,4.999999997,4.7434164890667154e-05,2.49999999725,0.0,-1.4210854715197259e-11
5.57,262.434099240279,1e-09,4.999999997,4.7434164890667154e-05,2.49999999725,0.0,-1.4210854715197259e-11
5.58,265.0716057862269,1e-09,4.999999997,4.7434164890667154e-05,2.49999999725,0.0,-1.4210854715197259e-11
5.59,267.73561971364717,1e-09,4.999999997,4.7434164890667154e-05,2.49999999725,2.842170943040401e-14,2.524274117350543e-23
5.6,270.42640742615254,1e-09,4.999999997,4.7434164890667154e-05,2.49999999725,2.842170943040401e-14,7.105427357620717e-12
5.609999999999999,273.14423800475663,1e-09,4.999999997,4.7434164890667154e-05,2.49999999725,2.842170943040401e-14,7.105427357620717e-12
5.620000000000001,275.8893832347826,1e-09,4.999999997,4.7434164890667154e-05,2.49999999725,-2.842170943040401e-14,7.105427357620717e-12
5.630000000000001,278.66211763304017,1e-09,4.999999997,4.7434164890667154e-05,2.49999999725,-2.842170943040401e-14,7.105427357620717e-12
5.640000000000001,281.46271847528027,1e-09,4.999999997,4.7434164890667154e-05,2.49999999725,-2.842170943040401e-14,2.524274117350543e-23
5.65,284.29146582392093,1e-09,4.999999997,4.7434164890667154e-05,2.49999999725,0.0,-1.4210854715197259e-11
5.66,287.1486425560543,1e-09,4.999999997,4.7434164890667154e-05,2.49999999725,0.0,-1.4210854715197259e-11
5.67,290.03453439173467,1e-09,4.999999997,4.7434164890667154e-05,2.49999999725,2.842170943040401e-14,2.524274117350543e-23
5.68,292.94942992255045,1e-09,4.999999997,4.7434164890667154e-05,2.49999999725,2.842170943040401e-14,7.105427357620717e-12
5.6899999999999995,295.8936206404838,1e-09,4.999999997,4.7434164890667154e-05,2.49999999725,2.842170943040401e-14,7.105427357620717e-12
5.700000000000001,298.8674009670606,1e-09,4.999999997,4.7434164890667154e-05,2.49999999725,-2.842170943040401e-14,7.105427357620717e-12
5.710000000000001,301.8710682827905,1e-09,4.999999997,4.7434164890667154e-05,2.49999999725,-2.842170943040401e-14,7.105427357620717e-12
5.720000000000001,304.90492295690876,1e-09,4.999999997,4.7434164890667154e-05,2.49999999725,-2.842170943040401e-14,2.524274117350543e-23
5.73,307.969268377411,1e-09,4.999999997,4.7434164890667154e-05,2.49999999725,0.0,-1.4210854715197259e-11
5.74,311.06441098139294,1e-09,4.999999997,4.7434164890667154e-05,2.49999999725,0.0,-1.4210854715197259e-11
5.75,314.1906602856942,1e-09,4.999999997,4.7434164890667154e-05,2.49999999725,2.842170943040401e-14,2.524274117350543e-23
5.76,317.34832891785044,1e-09,4.999999997,4.7434164890667154e-05,2.49999999725,2.842170943040401e-14,7.105427357620717e-12
5.77,320.5377326473563,1e-09,4.999999997,4.7434164890667154e-05,2.49999999725,2.842170943040401e-14,7.105427357620717e-12
5.780000000000001,323.75919041724313,1e-09,4.999999997,4.7434164890667154e-05,2.49999999725,-2.842170943040401e-14,7.105427357620717e-12
5.790000000000001,327.0130243759713,1e-09,4.999999997,4.7434164890667154e-05,2.49999999725,-2.842170943040401e-14,7.105427357620717e-12
5.800000000000001,330.2995599096489,1e-09,4.999999997,4.7434164890667154e-05,2.49999999725,-2.842170943040401e-14,2.524274117350543e-23
5.8100000000000005,333.61912567456795,1e-09,4.999999997,4.7434164890667154e-05,2.49999999725,0.0,-1.4210854715197259e-11
5.82,336.97205363007134,1e-09,4.999999997,4.7434164890667154e-05,2.49999999725,0.0,-1.4210854715197259e-11
5.83,340.3586790717487,1e-09,4.999999997,4.7434164890667154e-05,2.49999999725,0.0,-1.4210854715197259e-11
5.84,343.77934066496647,1e-09,4.999999997,4.7434164890667154e-05,2.49999999725,2.842170943040401e-14,2.524274117350543e-23
5.85,347.23438047873447,1e-09,4.999999997,4.7434164890667154e-05,2.49999999725,2.842170943040401e-14,7.105427357620717e-12
5.859999999999999,350.72414401991324,1e-09,4.999999997,4.7434164890667154e-05,2.49999999725,2.842170943040401e-14,7.105427357620717e-12
5.870000000000001,354.2489802677657,1e-09,4.999999997,4.7434164890667154e-05,2.49999999725,-2.842170943040401e-14,7.105427357620717e-12
5.880000000000001,357.8092417088529,1e-09,4.999999997,4.7434164890667154e-05,2.49999999725,-2.842170943040401e-14,7.105427357620717e-12
5.890000000000001,361.40528437228625,1e-09,4.999999997,4.7434164890667154e-05,2.49999999725,-2.842170943040401e-14,2.524274117350543e-23
5.9,365.0374678653289,1e-09,4.999999997,4.7434164890667154e-05,2.49999999725,0.0,-1.4210854715197259e-11
5.91,368.706155409357,1e-09,4.999999997,4.7434164890667154e-05,2.49999999725,0.0,-1.4210854715197259e-11
5.92,372.4117138761822,1e-09,4.999999997,4.7434164890667154e-05,2.49999999725,2.842170943040401e-14,2.524274117350543e-23
5.93,376.1545138247391,1e-09,4.999999997,4.7434164890667154e-05,2.49999999725,2.842170943040401e-14,7.105427357620717e-12
5.9399999999999995,379.9349295381417,1e-09,4.999999997,4.7434164890667154e-05,2.49999999725,2.842170943040401e-14,7.105427357620717e-12
5.950000000000001,383.75333906111223,1e-09,4.999999997,4.7434164890667154e-05,2.49999999725,-2.842170943040401e-14,7.105427357620717e-12
5.960000000000001,387.61012423778374,1e-09,4.999999997,4.7434164890667154e-05,2.49999999725,-2.842170943040401e-14,7.105427357620717e-12
5.970000000000001,391.5056707498885,1e-09,4.999999997,4.7434164890667154e-05,2.49999999725,-2.842170943040401e-14,2.524274117350543e-23
5.98,395.4403681553241,1e-09,4.999999997,4.7434164890667154e-05,2.49999999725,0.0,-1.4210854715197259e-11
5.99,399.41460992710995,1e-09,4.999999997,4.7434164890667154e-05,2.49999999725,0.0,-1.4210854715197259e-11
6.0,403.4287934927351,1e-09,4.999999997,4.7434164890667154e-05,2.49999999725,0.0,1.421085471520988e-11
