shape_id,family,K,k1,k2,k3,B_sum_real_O1_to_O4,B_sum_abs_O1_to_O4,fNL_sum_O1_to_O4,R_B_sum_O1_to_O4,P1,P2,P3,Psum,contains_schematic_O3,missing_O5_boundary,mode_model,closure_status
equilateral_K0.1000,equilateral,0.1,0.10000000000000002,0.10000000000000002,0.10000000000000002,0.2024196053708739,0.2024196053708739,5.40055131120143e+17,6.480661573441715e+17,3.226680676035425e-10,3.226680676035425e-10,3.226680676035425e-10,3.123440455530128e-19,True,True,instantaneous_BD_slow_variation,RUN01_KERNEL_PASS_NOT_FINAL_A2_CLOSURE
equilateral_K0.2000,equilateral,0.2,0.20000000000000004,0.20000000000000004,0.20000000000000004,-0.003608525897651132,0.003608525897651132,-634919512684975.5,761903415221970.5,1.2564763709143642e-09,1.2564763709143642e-09,1.2564763709143642e-09,4.7361986119983924e-18,True,True,instantaneous_BD_slow_variation,RUN01_KERNEL_PASS_NOT_FINAL_A2_CLOSURE
equilateral_K0.3000,equilateral,0.30000000000000004,0.30000000000000004,0.30000000000000004,0.30000000000000004,0.00034632516480424683,0.00034632516480424683,12158963981596.334,14590756777915.6,2.812823543099066e-09,2.812823543099066e-09,2.812823543099066e-09,2.373592885383715e-17,True,True,instantaneous_BD_slow_variation,RUN01_KERNEL_PASS_NOT_FINAL_A2_CLOSURE
equilateral_K0.4000,equilateral,0.4,0.4000000000000001,0.4000000000000001,0.4000000000000001,-6.807469562653821e-05,6.807469562653821e-05,-758900059393.3562,910680071272.0273,4.991709584157647e-09,4.991709584157647e-09,4.991709584157647e-09,7.475149371771392e-17,True,True,instantaneous_BD_slow_variation,RUN01_KERNEL_PASS_NOT_FINAL_A2_CLOSURE
equilateral_K0.5000,equilateral,0.5,0.5,0.5,0.5,1.982600309084157e-05,1.982600309084157e-05,90679334894.04018,108815201872.8482,7.79313449409011e-09,7.79313449409011e-09,7.79313449409011e-09,1.8219883572893133e-16,True,True,instantaneous_BD_slow_variation,RUN01_KERNEL_PASS_NOT_FINAL_A2_CLOSURE
equilateral_K0.6000,equilateral,0.6,0.6,0.6,0.6,-7.333910830227053e-06,7.333910830227053e-06,-16190940433.366613,19429128520.039936,1.121709827289645e-08,1.121709827289645e-08,1.121709827289645e-08,3.774698809914496e-16,True,True,instantaneous_BD_slow_variation,RUN01_KERNEL_PASS_NOT_FINAL_A2_CLOSURE
equilateral_K0.7000,equilateral,0.7000000000000001,0.7000000000000001,0.7000000000000001,0.7000000000000001,3.146676462440019e-06,3.146676462440019e-06,3751764638.7068114,4502117566.4481735,1.5263600920576687e-08,1.5263600920576687e-08,1.5263600920576687e-08,6.989325391878884e-16,True,True,instantaneous_BD_slow_variation,RUN01_KERNEL_PASS_NOT_FINAL_A2_CLOSURE
equilateral_K0.8000,equilateral,0.8,0.8000000000000002,0.8000000000000002,0.8000000000000002,-1.4690785341362847e-06,1.4690785341362847e-06,-1027100072.2640251,1232520086.71683,1.9932642437130793e-08,1.9932642437130793e-08,1.9932642437130793e-08,1.1919307035795221e-15,True,True,instantaneous_BD_slow_variation,RUN01_KERNEL_PASS_NOT_FINAL_A2_CLOSURE
equilateral_K0.9000,equilateral,0.9,0.9,0.9,0.9,7.059425359781313e-07,7.059425359781313e-07,308199025.81358105,369838830.97629726,2.522422282255877e-08,2.522422282255877e-08,2.522422282255877e-08,1.9087842510062842e-15,True,True,instantaneous_BD_slow_variation,RUN01_KERNEL_PASS_NOT_FINAL_A2_CLOSURE
equilateral_K1.0000,equilateral,1.0,1.0,1.0,1.0,-3.263849750080511e-07,3.263849750080511e-07,-93505398.72666499,112206478.47199798,3.1138342076860624e-08,3.1138342076860624e-08,3.1138342076860624e-08,2.9087890418867666e-15,True,True,instantaneous_BD_slow_variation,RUN01_KERNEL_PASS_NOT_FINAL_A2_CLOSURE
equilateral_K1.2500,equilateral,1.25,1.25,1.25,1.25,-2.492720466518248e-07,2.492720466518248e-07,-29258666.508746352,35110399.81049562,4.864724776393852e-08,4.864724776393852e-08,4.864724776393852e-08,7.099664145018064e-15,True,True,instantaneous_BD_slow_variation,RUN01_KERNEL_PASS_NOT_FINAL_A2_CLOSURE
equilateral_K1.5000,equilateral,1.5,1.5,1.5,1.5,-7.679166481988609e-08,7.679166481988609e-08,-4347426.390622993,5216911.668747592,7.004702138147818e-08,7.004702138147818e-08,7.004702138147818e-08,1.4719755613251783e-14,True,True,instantaneous_BD_slow_variation,RUN01_KERNEL_PASS_NOT_FINAL_A2_CLOSURE
equilateral_K1.7500,equilateral,1.75,1.75,1.75,1.75,1.1026543639699634e-08,1.1026543639699634e-08,336982.92579633265,404379.5109555992,9.53376629294796e-08,9.53376629294796e-08,9.53376629294796e-08,2.7267809918565204e-14,True,True,instantaneous_BD_slow_variation,RUN01_KERNEL_PASS_NOT_FINAL_A2_CLOSURE
equilateral_K2.0000,equilateral,2.0,2.0,2.0,2.0,3.314648776103449e-08,3.314648776103449e-08,593830.5890359402,712596.7068431282,1.245191724079427e-07,1.245191724079427e-07,1.245191724079427e-07,4.651507289147688e-14,True,True,instantaneous_BD_slow_variation,RUN01_KERNEL_PASS_NOT_FINAL_A2_CLOSURE
equilateral_K2.2500,equilateral,2.25,2.25,2.25,2.25,2.4496343335267224e-08,2.4496343335267224e-08,273988.86069010774,328786.6328281293,1.5759154981686767e-07,1.5759154981686767e-07,1.5759154981686767e-07,7.450528972104685e-14,True,True,instantaneous_BD_slow_variation,RUN01_KERNEL_PASS_NOT_FINAL_A2_CLOSURE
equilateral_K2.5000,equilateral,2.5,2.5,2.5,2.5,8.599334913263329e-09,8.599334913263329e-09,63107.13792587517,75728.5655110502,1.945547951562544e-07,1.945547951562544e-07,1.945547951562544e-07,1.1355470495487633e-13,True,True,instantaneous_BD_slow_variation,RUN01_KERNEL_PASS_NOT_FINAL_A2_CLOSURE
equilateral_K2.7500,equilateral,2.75,2.75,2.75,2.75,-3.155444960963277e-09,3.155444960963277e-09,-15816.570501093842,18979.88460131261,2.3540890842610278e-07,2.3540890842610278e-07,2.3540890842610278e-07,1.6625206249910774e-13,True,True,instantaneous_BD_slow_variation,RUN01_KERNEL_PASS_NOT_FINAL_A2_CLOSURE
equilateral_K3.0000,equilateral,3.0,3.0,3.0,3.0,-7.750216524769511e-09,7.750216524769511e-09,-27429.508272497256,32915.409926996705,2.8015388962641295e-07,2.8015388962641295e-07,2.8015388962641295e-07,2.354586056184251e-13,True,True,instantaneous_BD_slow_variation,RUN01_KERNEL_PASS_NOT_FINAL_A2_CLOSURE
equilateral_K3.2500,equilateral,3.25,3.25,3.25,3.25,-6.6807248153357875e-09,6.6807248153357875e-09,-17166.61124213763,20599.933490565156,3.2878973875718475e-07,3.2878973875718475e-07,3.2878973875718475e-07,3.243080769360534e-13,True,True,instantaneous_BD_slow_variation,RUN01_KERNEL_PASS_NOT_FINAL_A2_CLOSURE
equilateral_K3.3500,equilateral,3.35,3.35,3.35,3.35,6.12096635467638e-09,6.12096635467638e-09,13932.753962194536,16719.304754633442,3.493335214300231e-07,3.493335214300231e-07,3.493335214300231e-07,3.661017275841012e-13,True,True,instantaneous_BD_slow_variation,RUN01_KERNEL_PASS_NOT_FINAL_A2_CLOSURE
equilateral_K3.3750,equilateral,3.375,3.375,3.375,3.375,-4.970808787103281e-09,4.970808787103281e-09,-10983.191878503594,13179.830254204313,3.5456673879649394e-07,3.5456673879649394e-07,3.5456673879649394e-07,3.771527167823435e-13,True,True,instantaneous_BD_slow_variation,RUN01_KERNEL_PASS_NOT_FINAL_A2_CLOSURE
equilateral_K3.4000,equilateral,3.4,3.4,3.4,3.4,1.574822164555425e-09,1.574822164555425e-09,3378.4141055174837,4054.0969266209804,3.598388648422697e-07,3.598388648422697e-07,3.598388648422697e-07,3.8845202595291967e-13,True,True,instantaneous_BD_slow_variation,RUN01_KERNEL_PASS_NOT_FINAL_A2_CLOSURE
equilateral_K3.4250,equilateral,3.4250000000000003,3.4250000000000003,3.4250000000000003,3.4250000000000003,2.3819444834013496e-09,2.3819444834013496e-09,4962.342812282782,5954.811374739338,3.6514989956735015e-07,3.6514989956735015e-07,3.6514989956735015e-07,4.000033474621377e-13,True,True,instantaneous_BD_slow_variation,RUN01_KERNEL_PASS_NOT_FINAL_A2_CLOSURE
equilateral_K3.4500,equilateral,3.45,3.4500000000000006,3.4500000000000006,3.4500000000000006,-5.039420941577061e-09,5.039420941577061e-09,-10197.696420169797,12237.235704203757,3.704998429717351e-07,3.704998429717351e-07,3.704998429717351e-07,4.118104009262411e-13,True,True,instantaneous_BD_slow_variation,RUN01_KERNEL_PASS_NOT_FINAL_A2_CLOSURE
equilateral_K3.4750,equilateral,3.475,3.475,3.475,3.475,5.231152098579917e-09,5.231152098579917e-09,10284.337443078219,12341.204931693861,3.7588869505542443e-07,3.7588869505542443e-07,3.7588869505542443e-07,4.2387693321140957e-13,True,True,instantaneous_BD_slow_variation,RUN01_KERNEL_PASS_NOT_FINAL_A2_CLOSURE
equilateral_K3.5000,equilateral,3.5,3.5,3.5,3.5,-2.989122490904055e-09,2.989122490904055e-09,-5710.447143112887,6852.536571735463,3.8131645581841867e-07,3.8131645581841867e-07,3.8131645581841867e-07,4.3620671843376007e-13,True,True,instantaneous_BD_slow_variation,RUN01_KERNEL_PASS_NOT_FINAL_A2_CLOSURE
equilateral_K3.5250,equilateral,3.525,3.525,3.525,3.525,-5.300783970457478e-10,5.300783970457478e-10,-984.2435286088783,1181.0922343306538,3.8678312526071736e-07,3.8678312526071736e-07,3.8678312526071736e-07,4.488035579593433e-13,True,True,instantaneous_BD_slow_variation,RUN01_KERNEL_PASS_NOT_FINAL_A2_CLOSURE
equilateral_K3.5500,equilateral,3.5500000000000003,3.5500000000000003,3.5500000000000003,3.5500000000000003,3.6350154711521216e-09,3.6350154711521216e-09,6561.334195711048,7873.601034853257,3.922887033823207e-07,3.922887033823207e-07,3.922887033823207e-07,4.616712804041472e-13,True,True,instantaneous_BD_slow_variation,RUN01_KERNEL_PASS_NOT_FINAL_A2_CLOSURE
equilateral_K3.5750,equilateral,3.575,3.5750000000000006,3.5750000000000006,3.5750000000000006,-4.907486867906804e-09,4.907486867906804e-09,-8613.003439723267,10335.604127667919,3.978331901832288e-07,3.978331901832288e-07,3.978331901832288e-07,4.748137416340952e-13,True,True,instantaneous_BD_slow_variation,RUN01_KERNEL_PASS_NOT_FINAL_A2_CLOSURE
equilateral_K3.6000,equilateral,3.6,3.6,3.6,3.6,3.845200515080264e-09,3.845200515080264e-09,6563.099557900056,7875.719469480067,4.034165856634414e-07,4.034165856634414e-07,4.034165856634414e-07,4.882348247650463e-13,True,True,instantaneous_BD_slow_variation,RUN01_KERNEL_PASS_NOT_FINAL_A2_CLOSURE
equilateral_K3.6250,equilateral,3.625,3.625,3.625,3.625,-1.0503067076510574e-09,1.0503067076510574e-09,-1743.7508659933274,2092.5010391919927,4.0903888982295864e-07,4.0903888982295864e-07,4.0903888982295864e-07,5.019384401627955e-13,True,True,instantaneous_BD_slow_variation,RUN01_KERNEL_PASS_NOT_FINAL_A2_CLOSURE
equilateral_K3.6500,equilateral,3.6500000000000004,3.6500000000000004,3.6500000000000004,3.6500000000000004,-2.1014715864963425e-09,2.1014715864963425e-09,-3394.3196309534383,4073.1835571441256,4.1470010266178046e-07,4.1470010266178046e-07,4.1470010266178046e-07,5.159285254430737e-13,True,True,instantaneous_BD_slow_variation,RUN01_KERNEL_PASS_NOT_FINAL_A2_CLOSURE
equilateral_K3.6750,equilateral,3.6750000000000003,3.6750000000000003,3.6750000000000003,3.6750000000000003,4.133565610629729e-09,4.133565610629729e-09,6496.754512731064,7796.105415277277,4.2040022417990683e-07,4.2040022417990683e-07,4.2040022417990683e-07,5.302090454715477e-13,True,True,instantaneous_BD_slow_variation,RUN01_KERNEL_PASS_NOT_FINAL_A2_CLOSURE
equilateral_K3.7000,equilateral,3.7,3.7000000000000006,3.7000000000000006,3.7000000000000006,-4.156277867111827e-09,4.156277867111827e-09,-6357.684766454735,7629.221719745681,4.26139254377338e-07,4.26139254377338e-07,4.26139254377338e-07,5.447839923638208e-13,True,True,instantaneous_BD_slow_variation,RUN01_KERNEL_PASS_NOT_FINAL_A2_CLOSURE
equilateral_K3.7250,equilateral,3.725,3.725,3.725,3.725,2.2511311197535828e-09,2.2511311197535828e-09,3351.9482605728817,4022.337912687458,4.319171932540733e-07,4.319171932540733e-07,4.319171932540733e-07,5.596573854854296e-13,True,True,instantaneous_BD_slow_variation,RUN01_KERNEL_PASS_NOT_FINAL_A2_CLOSURE
equilateral_K3.7500,equilateral,3.75,3.75,3.75,3.75,6.115640350867671e-10,6.115640350867671e-10,886.581764166946,1063.898117000335,4.377340408101139e-07,4.377340408101139e-07,4.377340408101139e-07,5.748332714518513e-13,True,True,instantaneous_BD_slow_variation,RUN01_KERNEL_PASS_NOT_FINAL_A2_CLOSURE
equilateral_K3.7750,equilateral,3.7750000000000004,3.7750000000000004,3.7750000000000004,3.7750000000000004,-3.0622555927864044e-09,3.0622555927864044e-09,-4322.906465726917,5187.4877588723,4.435897970454591e-07,4.435897970454591e-07,4.435897970454591e-07,5.903157241284948e-13,True,True,instantaneous_BD_slow_variation,RUN01_KERNEL_PASS_NOT_FINAL_A2_CLOSURE
equilateral_K3.8000,equilateral,3.8000000000000003,3.8000000000000003,3.8000000000000003,3.8000000000000003,3.9839411230085694e-09,3.9839411230085694e-09,5477.483071317468,6572.979685580961,4.494844619601085e-07,4.494844619601085e-07,4.494844619601085e-07,6.061088446307048e-13,True,True,instantaneous_BD_slow_variation,RUN01_KERNEL_PASS_NOT_FINAL_A2_CLOSURE
equilateral_K3.8250,equilateral,3.825,3.8250000000000006,3.8250000000000006,3.8250000000000006,-3.017642244613976e-09,3.017642244613976e-09,-4041.5206192157584,4849.82474305891,4.554180355540629e-07,4.554180355540629e-07,4.554180355540629e-07,6.22216761323765e-13,True,True,instantaneous_BD_slow_variation,RUN01_KERNEL_PASS_NOT_FINAL_A2_CLOSURE
equilateral_K3.8500,equilateral,3.85,3.85,3.85,3.85,6.946032681556742e-10,6.946032681556742e-10,906.3521966967985,1087.6226360361582,4.6139051782732164e-07,4.6139051782732164e-07,4.6139051782732164e-07,6.386436298228921e-13,True,True,instantaneous_BD_slow_variation,RUN01_KERNEL_PASS_NOT_FINAL_A2_CLOSURE
equilateral_K4.0000,equilateral,4.0,4.0,4.0,4.0,2.5977487001261323e-09,2.5977487001261323e-09,2909.1213486357447,3490.9456183628936,4.98042493732271e-07,4.98042493732271e-07,4.98042493732271e-07,7.441389766891776e-13,True,True,instantaneous_BD_slow_variation,RUN01_KERNEL_PASS_NOT_FINAL_A2_CLOSURE
equilateral_K4.2500,equilateral,4.25,4.25,4.25,4.25,2.711403128445749e-09,2.711403128445749e-09,2382.5680251638996,2859.0816301966793,5.6224181458489e-07,5.6224181458489e-07,5.6224181458489e-07,9.483475742031293e-13,True,True,instantaneous_BD_slow_variation,RUN01_KERNEL_PASS_NOT_FINAL_A2_CLOSURE
equilateral_K4.5000,equilateral,4.5,4.5,4.5,4.5,1.562804500575545e-09,1.562804500575545e-09,1092.605637214386,1311.126764657263,6.303320033679707e-07,6.303320033679707e-07,6.303320033679707e-07,1.191955303409638e-12,True,True,instantaneous_BD_slow_variation,RUN01_KERNEL_PASS_NOT_FINAL_A2_CLOSURE
equilateral_K4.7500,equilateral,4.75,4.75,4.75,4.75,7.278730899539426e-11,7.278730899539426e-11,40.99129828478395,49.18955794174074,7.02313060081513e-07,7.02313060081513e-07,7.02313060081513e-07,1.4797309030831767e-12,True,True,instantaneous_BD_slow_variation,RUN01_KERNEL_PASS_NOT_FINAL_A2_CLOSURE
equilateral_K5.0000,equilateral,5.0,5.0,5.0,5.0,-1.000010266266846e-09,1.000010266266846e-09,-458.70794710315005,550.44953652378,7.781849847255178e-07,7.781849847255178e-07,7.781849847255178e-07,1.8167156113567631e-12,True,True,instantaneous_BD_slow_variation,RUN01_KERNEL_PASS_NOT_FINAL_A2_CLOSURE
equilateral_K5.2500,equilateral,5.25,5.25,5.25,5.25,-1.311352616712739e-09,1.311352616712739e-09,-494.8747319672927,593.8496783607512,8.57947777299984e-07,8.57947777299984e-07,8.57947777299984e-07,2.2082231657219487e-12,True,True,instantaneous_BD_slow_variation,RUN01_KERNEL_PASS_NOT_FINAL_A2_CLOSURE
equilateral_K5.5000,equilateral,5.5,5.5,5.5,5.5,-9.434544537331497e-10,9.434544537331497e-10,-295.5862393977055,354.7034872772466,9.41601437804911e-07,9.41601437804911e-07,9.41601437804911e-07,2.6598398030288272e-12,True,True,instantaneous_BD_slow_variation,RUN01_KERNEL_PASS_NOT_FINAL_A2_CLOSURE
equilateral_K5.7500,equilateral,5.75,5.75,5.75,5.75,-2.457661160272376e-10,2.457661160272376e-10,-64.45632687480402,77.34759224976482,1.0291459662403006e-06,1.0291459662403006e-06,1.0291459662403006e-06,3.177424259486046e-12,True,True,instantaneous_BD_slow_variation,RUN01_KERNEL_PASS_NOT_FINAL_A2_CLOSURE
equilateral_K6.0000,equilateral,6.0,6.0,6.0,6.0,3.8539583661716916e-10,3.8539583661716916e-10,85.25458169322289,102.30549803186746,1.120581362606152e-06,1.120581362606152e-06,1.120581362606152e-06,3.767107770660781e-12,True,True,instantaneous_BD_slow_variation,RUN01_KERNEL_PASS_NOT_FINAL_A2_CLOSURE
squeezed_q0.001_K0.1000,squeezed,0.1,0.00014992503748125941,0.1499250374812594,0.1499250374812594,531620384.2165665,531620384.2165665,8.489999821426169e+26,1.0187999785711402e+27,1.139933282299835e-11,7.110550293394464e-10,7.110550293394464e-10,5.218103606187353e-19,True,True,instantaneous_BD_slow_variation,RUN01_KERNEL_PASS_NOT_FINAL_A2_CLOSURE
squeezed_q0.001_K0.2000,squeezed,0.2,0.00029985007496251883,0.2998500749625188,0.2998500749625188,-493226.87947030744,493226.87947030744,-5.163395143502847e+22,6.196074172203416e+22,1.1401431792186869e-11,2.8100242178579777e-09,2.8100242178579777e-09,7.960312703856942e-18,True,True,instantaneous_BD_slow_variation,RUN01_KERNEL_PASS_NOT_FINAL_A2_CLOSURE
squeezed_q0.001_K0.3000,squeezed,0.30000000000000004,0.0004497751124437782,0.4497751124437782,0.4497751124437782,-152748.74625776353,152748.74625776353,-3.1871563437017777e+21,3.824587612442133e+21,1.1404930074167734e-11,6.3083061987222e-09,6.3083061987222e-09,3.993861867900265e-17,True,True,instantaneous_BD_slow_variation,RUN01_KERNEL_PASS_NOT_FINAL_A2_CLOSURE
squeezed_q0.001_K0.4000,squeezed,0.4,0.0005997001499250377,0.5997001499250376,0.5997001499250376,53602.244687022,53602.244687022,3.5499699268277096e+20,4.259963912193251e+20,1.1409827668940946e-11,1.1205900971932104e-08,1.1205900971932104e-08,1.258279313906788e-16,True,True,instantaneous_BD_slow_variation,RUN01_KERNEL_PASS_NOT_FINAL_A2_CLOSURE
squeezed_q0.001_K0.5000,squeezed,0.5,0.0007496251874062969,0.7496251874062969,0.7496251874062969,-21019.785166357437,21019.785166357437,-5.710384856558706e+19,6.852461827870446e+19,1.1416124576506503e-11,1.7502808537487708e-08,1.7502808537487708e-08,3.0674793518535804e-16,True,True,instantaneous_BD_slow_variation,RUN01_KERNEL_PASS_NOT_FINAL_A2_CLOSURE
squeezed_q0.001_K0.6000,squeezed,0.6,0.0008995502248875562,0.8995502248875562,0.8995502248875562,9438.534159203915,9438.534159203915,1.2375481517421044e+19,1.4850577820905253e+19,1.1423820796864402e-11,2.5199028895388978e-08,2.5199028895388978e-08,6.355667956513605e-16,True,True,instantaneous_BD_slow_variation,RUN01_KERNEL_PASS_NOT_FINAL_A2_CLOSURE
squeezed_q0.001_K0.7000,squeezed,0.7000000000000001,0.0010494752623688157,1.0494752623688157,1.0494752623688157,-4661.553051501358,4661.553051501358,-3.300725393265685e+18,3.960870471918822e+18,1.1432916330014655e-11,3.4294562045635954e-08,3.4294562045635954e-08,1.1769011596188587e-15,True,True,instantaneous_BD_slow_variation,RUN01_KERNEL_PASS_NOT_FINAL_A2_CLOSURE
squeezed_q0.001_K0.8000,squeezed,0.8,0.0011994002998500753,1.1994002998500752,1.1994002998500752,2447.5582105237854,2447.5582105237854,1.0162002018964835e+18,1.21944024227578e+18,1.1443411175957236e-11,4.4789407988228614e-08,4.4789407988228614e-08,2.007116155159871e-15,True,True,instantaneous_BD_slow_variation,RUN01_KERNEL_PASS_NOT_FINAL_A2_CLOSURE
squeezed_q0.001_K0.9000,squeezed,0.9,0.0013493253373313345,1.3493253373313345,1.3493253373313345,-1330.8068405909914,1330.8068405909914,-3.45019736768003e+17,4.140236841216036e+17,1.1455305334692179e-11,5.668356672316698e-08,5.668356672316698e-08,3.2143253915882696e-15,True,True,instantaneous_BD_slow_variation,RUN01_KERNEL_PASS_NOT_FINAL_A2_CLOSURE
squeezed_q0.001_K1.0000,squeezed,1.0,0.0014992503748125939,1.4992503748125938,1.4992503748125938,732.9800852931958,732.9800852931958,1.2469742468487968e+17,1.496369096218556e+17,1.1468598806219467e-11,6.9977038250451e-08,6.9977038250451e-08,4.898390959459767e-15,True,True,instantaneous_BD_slow_variation,RUN01_KERNEL_PASS_NOT_FINAL_A2_CLOSURE
squeezed_q0.001_K1.2500,squeezed,1.25,0.0018740629685157421,1.8740629685157422,1.8740629685157422,135.61345113330054,135.61345113330054,9452134157357202.0,1.1342560988828642e+16,1.1507954478504193e-11,1.0933271053517352e-07,1.0933271053517352e-07,1.1956157984679745e-14,True,True,instantaneous_BD_slow_variation,RUN01_KERNEL_PASS_NOT_FINAL_A2_CLOSURE
squeezed_q0.001_K1.5000,squeezed,1.5,0.0022488755622188904,2.2488755622188905,2.2488755622188905,-6.8627755273759865,6.8627755273759865,-230705130092531.47,276846156111037.75,1.1556055855741074e-11,1.5743408777205648e-07,1.5743408777205648e-07,2.4789130626843368e-14,True,True,instantaneous_BD_slow_variation,RUN01_KERNEL_PASS_NOT_FINAL_A2_CLOSURE
squeezed_q0.001_K1.7500,squeezed,1.75,0.0026236881559220395,2.6236881559220393,2.6236881559220393,-23.444824632183213,23.444824632183213,-425452082999328.5,510542499599194.2,1.1612902937930115e-11,2.1428116996110008e-07,2.1428116996110008e-07,4.592139665275423e-14,True,True,instantaneous_BD_slow_variation,RUN01_KERNEL_PASS_NOT_FINAL_A2_CLOSURE
squeezed_q0.001_K2.0000,squeezed,2.0,0.0029985007496251877,2.9985007496251876,2.9985007496251876,-13.947047545950012,13.947047545950012,-148367854360320.75,178041425232384.88,1.167849572507132e-11,2.7987395710230425e-07,2.7987395710230425e-07,7.833596887772561e-14,True,True,instantaneous_BD_slow_variation,RUN01_KERNEL_PASS_NOT_FINAL_A2_CLOSURE
squeezed_q0.001_K2.2500,squeezed,2.25,0.003373313343328336,3.373313343328336,3.373313343328336,-4.467974558487183,4.467974558487183,-29673787663069.188,35608545195683.02,1.1752834217164684e-11,3.5421244919566867e-07,3.5421244919566867e-07,1.2547478516558027e-13,True,True,instantaneous_BD_slow_variation,RUN01_KERNEL_PASS_NOT_FINAL_A2_CLOSURE
squeezed_q0.001_K2.5000,squeezed,2.5,0.0037481259370314842,3.7481259370314843,3.7481259370314843,0.45107980856295304,0.45107980856295304,1965605413034.7278,2358726495641.6733,1.1835918414210209e-11,4.3729664624119415e-07,4.3729664624119415e-07,1.9123870842865155e-13,True,True,instantaneous_BD_slow_variation,RUN01_KERNEL_PASS_NOT_FINAL_A2_CLOSURE
squeezed_q0.001_K2.7500,squeezed,2.75,0.004122938530734633,4.122938530734633,4.122938530734633,1.8355471023113756,1.8355471023113756,5463181176970.712,6555817412364.854,1.1927748316207895e-11,5.291265482388797e-07,5.291265482388797e-07,2.799875266277811e-13,True,True,instantaneous_BD_slow_variation,RUN01_KERNEL_PASS_NOT_FINAL_A2_CLOSURE
squeezed_q0.001_K3.0000,squeezed,3.0,0.004497751124437781,4.497751124437781,4.497751124437781,1.4734042323685188,1.4734042323685188,3096376170226.853,3715651404272.2236,1.2028323923157742e-11,6.29702155188726e-07,6.29702155188726e-07,3.9653995277232184e-13,True,True,instantaneous_BD_slow_variation,RUN01_KERNEL_PASS_NOT_FINAL_A2_CLOSURE
squeezed_q0.001_K3.2500,squeezed,3.25,0.004872563718140929,4.872563718140929,4.872563718140929,0.6489333650547633,0.6489333650547633,990120686057.2555,1188144823268.7065,1.2137645235059749e-11,7.39023467090733e-07,7.39023467090733e-07,5.461736249201355e-13,True,True,instantaneous_BD_slow_variation,RUN01_KERNEL_PASS_NOT_FINAL_A2_CLOSURE
squeezed_q0.001_K3.3500,squeezed,3.35,0.00502248875562219,5.02248875562219,5.02248875562219,-0.7076727158202788,0.7076727158202788,-956480836771.3046,1147777004125.5654,1.2183822557207157e-11,7.852007892381409e-07,7.852007892381409e-07,6.16559412914375e-13,True,True,instantaneous_BD_slow_variation,RUN01_KERNEL_PASS_NOT_FINAL_A2_CLOSURE
squeezed_q0.001_K3.3750,squeezed,3.375,0.005059970014992504,5.059970014992504,5.059970014992504,0.28423972287263494,0.28423972287263494,372917774913.3279,447501329895.9934,1.2195585530367812e-11,7.969637623987968e-07,7.969637623987968e-07,6.351706774563036e-13,True,True,instantaneous_BD_slow_variation,RUN01_KERNEL_PASS_NOT_FINAL_A2_CLOSURE
squeezed_q0.001_K3.4000,squeezed,3.4,0.005097451274362818,5.097451274362818,5.097451274362818,0.23574993794535565,0.23574993794535565,300303023538.5573,360363628246.26874,1.2207435960577988e-11,8.08814192608974e-07,8.08814192608974e-07,6.542001452606271e-13,True,True,instantaneous_BD_slow_variation,RUN01_KERNEL_PASS_NOT_FINAL_A2_CLOSURE
squeezed_q0.001_K3.4250,squeezed,3.4250000000000003,0.005134932533733134,5.134932533733134,5.134932533733134,-0.6073480960828389,0.6073480960828389,-751310594586.3768,901572713503.6521,1.221937384783769e-11,8.207520798686741e-07,8.207520798686741e-07,6.736540347617549e-13,True,True,instantaneous_BD_slow_variation,RUN01_KERNEL_PASS_NOT_FINAL_A2_CLOSURE
squeezed_q0.001_K3.4500,squeezed,3.45,0.005172413793103449,5.172413793103449,5.172413793103449,0.6724716692887934,0.6724716692887934,808019985374.8397,969623982449.8076,1.2231399192146903e-11,8.327774241778942e-07,8.327774241778942e-07,6.93538610286595e-13,True,True,instantaneous_BD_slow_variation,RUN01_KERNEL_PASS_NOT_FINAL_A2_CLOSURE
squeezed_q0.001_K3.4750,squeezed,3.475,0.005209895052473764,5.2098950524737635,5.2098950524737635,-0.42511935348453933,0.42511935348453933,-496268228442.3913,595521874130.8695,1.2243511993505646e-11,8.44890225536636e-07,8.44890225536636e-07,7.138601820545668e-13,True,True,instantaneous_BD_slow_variation,RUN01_KERNEL_PASS_NOT_FINAL_A2_CLOSURE
squeezed_q0.001_K3.5000,squeezed,3.5,0.005247376311844079,5.247376311844079,5.247376311844079,0.002298201585131125,0.002298201585131125,2607000457.1097293,3128400548.531675,1.225571225191392e-11,8.570904839449006e-07,8.570904839449006e-07,7.346251061775941e-13,True,True,instantaneous_BD_slow_variation,RUN01_KERNEL_PASS_NOT_FINAL_A2_CLOSURE
squeezed_q0.001_K3.5250,squeezed,3.525,0.005284857571214393,5.284857571214393,5.284857571214393,0.3894378105753828,0.3894378105753828,429365475857.77155,515238571029.3258,1.2267999967371705e-11,8.693781994026853e-07,8.693781994026853e-07,7.558397846600991e-13,True,True,instantaneous_BD_slow_variation,RUN01_KERNEL_PASS_NOT_FINAL_A2_CLOSURE
squeezed_q0.001_K3.5500,squeezed,3.5500000000000003,0.005322338830584708,5.322338830584708,5.322338830584708,-0.573462264419604,0.573462264419604,-614634938936.0709,737561926723.285,1.228037513987901e-11,8.817533719099936e-07,8.817533719099936e-07,7.775106653990192e-13,True,True,instantaneous_BD_slow_variation,RUN01_KERNEL_PASS_NOT_FINAL_A2_CLOSURE
squeezed_q0.001_K3.5750,squeezed,3.575,0.005359820089955024,5.359820089955024,5.359820089955024,0.4813268692905368,0.4813268692905368,501605217982.16473,601926261578.5977,1.2292837769435837e-11,8.942160014668222e-07,8.942160014668222e-07,7.996442421837856e-13,True,True,instantaneous_BD_slow_variation,RUN01_KERNEL_PASS_NOT_FINAL_A2_CLOSURE
squeezed_q0.001_K3.6000,squeezed,3.6,0.005397301349325338,5.397301349325338,5.397301349325338,-0.17580622215088143,0.17580622215088143,-178176600680.9709,213811920817.16507,1.230538785604219e-11,9.067660880731728e-07,9.067660880731728e-07,8.222470546963418e-13,True,True,instantaneous_BD_slow_variation,RUN01_KERNEL_PASS_NOT_FINAL_A2_CLOSURE
squeezed_q0.001_K3.6250,squeezed,3.625,0.005434782608695652,5.434782608695652,5.434782608695652,-0.18757446333596178,0.18757446333596178,-184913406636.53516,221896087963.8422,1.2318025399698058e-11,9.194036317290444e-07,9.194036317290444e-07,8.453256885111328e-13,True,True,instantaneous_BD_slow_variation,RUN01_KERNEL_PASS_NOT_FINAL_A2_CLOSURE
squeezed_q0.001_K3.6500,squeezed,3.6500000000000004,0.005472263868065968,5.472263868065967,5.472263868065967,0.43839781697723607,0.43839781697723607,420459287238.7847,504551144686.5416,1.2330750400403457e-11,9.321286324344383e-07,9.321286324344383e-07,8.688867750951113e-13,True,True,instantaneous_BD_slow_variation,RUN01_KERNEL_PASS_NOT_FINAL_A2_CLOSURE
squeezed_q0.001_K3.6750,squeezed,3.6750000000000003,0.005509745127436283,5.5097451274362825,5.5097451274362825,-0.47021565688713096,0.47021565688713096,-438828701615.3192,526594441938.38306,1.2343562858158369e-11,9.449410901893534e-07,9.449410901893534e-07,8.929369918077317e-13,True,True,instantaneous_BD_slow_variation,RUN01_KERNEL_PASS_NOT_FINAL_A2_CLOSURE
squeezed_q0.001_K3.7000,squeezed,3.7,0.005547226386806598,5.547226386806598,5.547226386806598,0.2844288105698139,0.2844288105698139,258341563621.98395,310009876346.38074,1.2356462772962804e-11,9.578410049937901e-07,9.578410049937901e-07,9.174830619009552e-13,True,True,instantaneous_BD_slow_variation,RUN01_KERNEL_PASS_NOT_FINAL_A2_CLOSURE
squeezed_q0.001_K3.7250,squeezed,3.725,0.005584707646176912,5.584707646176912,5.584707646176912,0.018225570269951048,0.018225570269951048,16114019662.611855,19336823595.134224,1.2369450144816758e-11,9.708283768477488e-07,9.708283768477488e-07,9.425317545192478e-13,True,True,instantaneous_BD_slow_variation,RUN01_KERNEL_PASS_NOT_FINAL_A2_CLOSURE
squeezed_q0.001_K3.7500,squeezed,3.75,0.005622188905547227,5.622188905547227,5.622188905547227,-0.2908706994620393,0.2908706994620393,-250381966987.4141,300458360384.8969,1.2382524973720245e-11,9.839032057512288e-07,9.839032057512288e-07,9.680898846995787e-13,True,True,instantaneous_BD_slow_variation,RUN01_KERNEL_PASS_NOT_FINAL_A2_CLOSURE
squeezed_q0.001_K3.7750,squeezed,3.7750000000000004,0.005659670164917542,5.659670164917542,5.659670164917542,0.41088557084295196,0.41088557084295196,344414537681.3606,413297445217.6327,1.239568725967324e-11,9.970654917042308e-07,9.970654917042308e-07,9.94164313371425e-13,True,True,instantaneous_BD_slow_variation,RUN01_KERNEL_PASS_NOT_FINAL_A2_CLOSURE
squeezed_q0.001_K3.8000,squeezed,3.8000000000000003,0.005697151424287857,5.697151424287856,5.697151424287856,-0.33417420828619027,0.33417420828619027,-272814349737.73434,327377219685.2812,1.240893700267577e-11,1.0103152347067532e-06,1.0103152347067532e-06,1.0207619473567624e-12,True,True,instantaneous_BD_slow_variation,RUN01_KERNEL_PASS_NOT_FINAL_A2_CLOSURE
squeezed_q0.001_K3.8250,squeezed,3.825,0.0057346326836581725,5.734632683658172,5.734632683658172,0.10972511999624648,0.10972511999624648,87258798861.6416,104710558633.96992,1.2422274202727812e-11,1.0236524347587989e-06,1.0236524347587989e-06,1.0478897393700824e-12,True,True,instantaneous_BD_slow_variation,RUN01_KERNEL_PASS_NOT_FINAL_A2_CLOSURE
squeezed_q0.001_K3.8500,squeezed,3.85,0.005772113943028487,5.7721139430284865,5.7721139430284865,0.14934959508602125,0.14934959508602125,115715172172.5304,138858206607.03647,1.243569885982938e-11,1.0370770918603644e-06,1.0370770918603644e-06,1.0755546880183683e-12,True,True,instantaneous_BD_slow_variation,RUN01_KERNEL_PASS_NOT_FINAL_A2_CLOSURE
squeezed_q0.001_K4.0000,squeezed,4.0,0.0059970014992503755,5.997001499250375,5.997001499250375,-0.299609530696826,0.299609530696826,-199226102370.78748,239071322844.94495,1.2518083400478732e-11,1.1194616325097173e-06,1.1194616325097173e-06,1.2532223736894803e-12,True,True,instantaneous_BD_slow_variation,RUN01_KERNEL_PASS_NOT_FINAL_A2_CLOSURE
squeezed_q0.001_K4.2500,squeezed,4.25,0.006371814092953524,6.371814092953524,6.371814092953524,-0.1696184850969475,0.1696184850969475,-88501383365.02531,106201660038.03038,1.2662387532189383e-11,1.263765764220366e-06,1.263765764220366e-06,1.5971359113991986e-12,True,True,instantaneous_BD_slow_variation,RUN01_KERNEL_PASS_NOT_FINAL_A2_CLOSURE
squeezed_q0.001_K4.5000,squeezed,4.5,0.006746626686656672,6.746626686656672,6.746626686656672,-0.02613500812506449,0.02613500812506449,-10849428853.681131,13019314624.417356,1.2815437368852186e-11,1.4168156008831758e-06,1.4168156008831758e-06,2.0074027611291473e-12,True,True,instantaneous_BD_slow_variation,RUN01_KERNEL_PASS_NOT_FINAL_A2_CLOSURE
squeezed_q0.001_K4.7500,squeezed,4.75,0.007121439280359821,7.12143928035982,7.12143928035982,0.06294479273796068,0.06294479273796068,21048497186.30222,25258196623.562664,1.2977232910467163e-11,1.5786111424981458e-06,1.5786111424981458e-06,2.4920541112282438e-12,True,True,instantaneous_BD_slow_variation,RUN01_KERNEL_PASS_NOT_FINAL_A2_CLOSURE
squeezed_q0.001_K5.0000,squeezed,5.0,0.0074962518740629685,7.496251874062969,7.496251874062969,0.0845037470047251,0.0845037470047251,23016161513.093426,27619393815.71211,1.3147774157034291e-11,1.7491523890652775e-06,1.7491523890652775e-06,3.0595800750939236e-12,True,True,instantaneous_BD_slow_variation,RUN01_KERNEL_PASS_NOT_FINAL_A2_CLOSURE
squeezed_q0.001_K5.2500,squeezed,5.25,0.007871064467766118,7.871064467766117,7.871064467766117,0.05917121801703416,0.05917121801703416,13259016018.66191,15910819222.39429,1.3327061108553585e-11,1.928439340584568e-06,1.928439340584568e-06,3.718929691172116e-12,True,True,instantaneous_BD_slow_variation,RUN01_KERNEL_PASS_NOT_FINAL_A2_CLOSURE
squeezed_q0.001_K5.5000,squeezed,5.5,0.008245877061469266,8.245877061469265,8.245877061469265,0.017837133196187998,0.017837133196187998,3318281374.7168875,3981937649.660265,1.3515093765025035e-11,2.11647199705602e-06,2.11647199705602e-06,4.479510922957281e-12,True,True,instantaneous_BD_slow_variation,RUN01_KERNEL_PASS_NOT_FINAL_A2_CLOSURE
squeezed_q0.001_K5.7500,squeezed,5.75,0.008620689655172415,8.620689655172415,8.620689655172415,-0.015065373664928805,0.015065373664928805,-2346109278.1305146,2815331133.7566175,1.3711872126448648e-11,2.3132503584796316e-06,2.3132503584796316e-06,5.351190658992368e-12,True,True,instantaneous_BD_slow_variation,RUN01_KERNEL_PASS_NOT_FINAL_A2_CLOSURE
squeezed_q0.001_K6.0000,squeezed,6.0,0.008995502248875561,8.995502248875562,8.995502248875562,-0.028607538192632145,0.028607538192632145,-3757646237.9924083,4509175485.59089,1.3917396192824418e-11,2.518774424855405e-06,2.518774424855405e-06,6.344294712868858e-12,True,True,instantaneous_BD_slow_variation,RUN01_KERNEL_PASS_NOT_FINAL_A2_CLOSURE
squeezed_q0.01_K0.1000,squeezed,0.1,0.0014925373134328363,0.14925373134328362,0.14925373134328362,3351.103694122637,3351.103694122637,5.444558638828622e+21,6.533470366594345e+21,1.146797365099446e-11,7.048034770893921e-10,7.048034770893921e-10,5.129132767260782e-19,True,True,instantaneous_BD_slow_variation,RUN01_KERNEL_PASS_NOT_FINAL_A2_CLOSURE
squeezed_q0.01_K0.2000,squeezed,0.2,0.0029850746268656725,0.29850746268656725,0.29850746268656725,22.54622424151431,22.54622424151431,2.402205977472134e+18,2.882647172966561e+18,1.1675995104171301e-11,2.7850180088577624e-09,2.7850180088577624e-09,7.82136102293496e-18,True,True,instantaneous_BD_slow_variation,RUN01_KERNEL_PASS_NOT_FINAL_A2_CLOSURE
squeezed_q0.01_K0.3000,squeezed,0.30000000000000004,0.004477611940298509,0.4477611940298509,0.4477611940298509,-4.050557357692424,4.050557357692424,-8.602459550716035e+16,1.0322951460859242e+17,1.2022697526132694e-11,6.252042228471714e-09,6.252042228471714e-09,3.923836485186061e-17,True,True,instantaneous_BD_slow_variation,RUN01_KERNEL_PASS_NOT_FINAL_A2_CLOSURE
squeezed_q0.01_K0.4000,squeezed,0.4,0.005970149253731345,0.5970149253731345,0.5970149253731345,1.0149966994361574,1.0149966994361574,6842275833198998.0,8210730999838797.0,1.2508080916878649e-11,1.110587613593124e-08,1.110587613593124e-08,1.2361831114136915e-16,True,True,instantaneous_BD_slow_variation,RUN01_KERNEL_PASS_NOT_FINAL_A2_CLOSURE
squeezed_q0.01_K0.5000,squeezed,0.5,0.00746268656716418,0.746268656716418,0.746268656716418,-0.34112278101043647,0.34112278101043647,-943295369548374.2,1131954443458049.0,1.3132145276409158e-11,1.734651973123635e-08,1.734651973123635e-08,3.0135734082047334e-16,True,True,instantaneous_BD_slow_variation,RUN01_KERNEL_PASS_NOT_FINAL_A2_CLOSURE
squeezed_q0.01_K0.6000,squeezed,0.6,0.008955223880597015,0.8955223880597015,0.8955223880597015,0.1376277977040862,0.1376277977040862,183682019572940.88,220418423487529.03,1.3894890604724226e-11,2.4973973014387037e-08,2.4973973014387037e-08,6.243933493693325e-16,True,True,instantaneous_BD_slow_variation,RUN01_KERNEL_PASS_NOT_FINAL_A2_CLOSURE
squeezed_q0.01_K0.7000,squeezed,0.7000000000000001,0.010447761194029853,1.0447761194029852,1.0447761194029852,-0.06195634332926992,0.06195634332926992,-44654920227286.64,53585904272743.97,1.479631690182385e-11,3.3988235985383304e-08,3.3988235985383304e-08,1.1562059868192521e-15,True,True,instantaneous_BD_slow_variation,RUN01_KERNEL_PASS_NOT_FINAL_A2_CLOSURE
squeezed_q0.01_K0.8000,squeezed,0.8,0.01194029850746269,1.194029850746269,1.194029850746269,0.029604303940740588,0.029604303940740588,12511433650260.16,15013720380312.191,1.5836424167708036e-11,4.438930864422518e-08,4.438930864422518e-08,1.971816657752687e-15,True,True,instantaneous_BD_slow_variation,RUN01_KERNEL_PASS_NOT_FINAL_A2_CLOSURE
squeezed_q0.01_K0.9000,squeezed,0.9,0.013432835820895526,1.3432835820895526,1.3432835820895526,-0.014427168257741343,0.014427168257741343,-3807297459496.328,4568756951395.594,1.7015212402376783e-11,5.6177190990912586e-08,5.6177190990912586e-08,3.1577885213032292e-15,True,True,instantaneous_BD_slow_variation,RUN01_KERNEL_PASS_NOT_FINAL_A2_CLOSURE
squeezed_q0.01_K1.0000,squeezed,1.0,0.01492537313432836,1.492537313432836,1.492537313432836,0.006877492037328645,0.006877492037328645,1190975398804.2678,1429170478565.1213,1.8332681605830092e-11,6.93518830254456e-08,6.93518830254456e-08,4.8122264911556295e-15,True,True,instantaneous_BD_slow_variation,RUN01_KERNEL_PASS_NOT_FINAL_A2_CLOSURE
squeezed_q0.01_K1.2500,squeezed,1.25,0.01865671641791045,1.865671641791045,1.865671641791045,0.0024910912790020866,0.0024910912790020866,176736006815.2147,212083208178.25763,2.2233083852895764e-11,1.0835590549610252e-07,1.0835590549610252e-07,1.1745820427746002e-14,True,True,instantaneous_BD_slow_variation,RUN01_KERNEL_PASS_NOT_FINAL_A2_CLOSURE
squeezed_q0.01_K1.5000,squeezed,1.5,0.02238805970149254,2.238805970149254,2.238805970149254,0.0005705610722612839,0.0005705610722612839,19523980900.448338,23428777080.538002,2.7000242154864956e-11,1.5602748851579438e-07,1.5602748851579438e-07,2.435300273249183e-14,True,True,instantaneous_BD_slow_variation,RUN01_KERNEL_PASS_NOT_FINAL_A2_CLOSURE
squeezed_q0.01_K1.7500,squeezed,1.75,0.02611940298507463,2.611940298507463,2.611940298507463,-6.293040865828e-05,6.293040865828e-05,-1162447350.6171975,1394936820.740637,3.263415651173763e-11,2.12366632084521e-07,2.12366632084521e-07,4.511344723474093e-14,True,True,instantaneous_BD_slow_variation,RUN01_KERNEL_PASS_NOT_FINAL_A2_CLOSURE
squeezed_q0.01_K2.0000,squeezed,2.0,0.02985074626865672,2.985074626865672,2.985074626865672,-0.00018003668246400028,0.00018003668246400028,-1949520483.1328695,2339424579.7594433,3.9134826923513794e-11,2.773733362022826e-07,2.773733362022826e-07,7.695767755099545e-14,True,True,instantaneous_BD_slow_variation,RUN01_KERNEL_PASS_NOT_FINAL_A2_CLOSURE
squeezed_q0.01_K2.2500,squeezed,2.25,0.033582089552238806,3.3582089552238807,3.3582089552238807,-0.0001281087347252019,0.0001281087347252019,-866064890.3419544,1039277868.4103452,4.6502253390193434e-11,3.510476008690791e-07,3.510476008690791e-07,1.2326706708491154e-13,True,True,instantaneous_BD_slow_variation,RUN01_KERNEL_PASS_NOT_FINAL_A2_CLOSURE
squeezed_q0.01_K2.5000,squeezed,2.5,0.0373134328358209,3.73134328358209,3.73134328358209,-5.094074597137396e-05,5.094074597137396e-05,-225952808.87746826,271143370.6529619,5.473643591177656e-11,4.333894260849104e-07,4.333894260849104e-07,1.878738390272995e-13,True,True,instantaneous_BD_slow_variation,RUN01_KERNEL_PASS_NOT_FINAL_A2_CLOSURE
squeezed_q0.01_K2.7500,squeezed,2.75,0.041044776119402986,4.104477611940299,4.104477611940299,1.8207555308586318e-06,1.8207555308586318e-06,5516216.074546405,6619459.289455686,6.383737448826318e-11,5.243988118497766e-07,5.243988118497766e-07,2.75061066356124e-13,True,True,instantaneous_BD_slow_variation,RUN01_KERNEL_PASS_NOT_FINAL_A2_CLOSURE
squeezed_q0.01_K3.0000,squeezed,3.0,0.04477611940298508,4.477611940298508,4.477611940298508,2.303636570902045e-05,2.303636570902045e-05,49278262.041083254,59133914.4492999,7.380506911965328e-11,6.240757581636772e-07,6.240757581636772e-07,3.895626718365028e-13,True,True,instantaneous_BD_slow_variation,RUN01_KERNEL_PASS_NOT_FINAL_A2_CLOSURE
squeezed_q0.01_K3.2500,squeezed,3.25,0.04850746268656717,4.850746268656717,4.850746268656717,2.209300029119174e-05,2.209300029119174e-05,34312501.77431491,41175002.12917789,8.46395198059469e-11,7.324202650266134e-07,7.324202650266134e-07,5.365634280207105e-13,True,True,instantaneous_BD_slow_variation,RUN01_KERNEL_PASS_NOT_FINAL_A2_CLOSURE
squeezed_q0.01_K3.3500,squeezed,3.35,0.05000000000000001,5.000000000000001,5.000000000000001,-1.8020019931790068e-05,1.8020019931790068e-05,-24791839.88796322,29750207.865555864,8.92159917758373e-11,7.781849847255182e-07,7.781849847255182e-07,6.057107235426496e-13,True,True,instantaneous_BD_slow_variation,RUN01_KERNEL_PASS_NOT_FINAL_A2_CLOSURE
squeezed_q0.01_K3.3750,squeezed,3.375,0.050373134328358216,5.037313432835822,5.037313432835822,1.7312775731392384e-05,1.7312775731392384e-05,23120897.568596244,27745077.082315493,9.038177866968251e-11,7.898428536639693e-07,7.898428536639693e-07,6.239945082880097e-13,True,True,instantaneous_BD_slow_variation,RUN01_KERNEL_PASS_NOT_FINAL_A2_CLOSURE
squeezed_q0.01_K3.4000,squeezed,3.4,0.05074626865671642,5.074626865671642,5.074626865671642,-8.687691429667187e-06,8.687691429667187e-06,-11264766.174461994,13517719.409354392,9.155623312407669e-11,8.015873982079117e-07,8.015873982079117e-07,6.426891376111284e-13,True,True,instantaneous_BD_slow_variation,RUN01_KERNEL_PASS_NOT_FINAL_A2_CLOSURE
squeezed_q0.01_K3.4250,squeezed,3.4250000000000003,0.05111940298507464,5.111940298507464,5.111940298507464,-3.3575304693852627e-06,3.3575304693852627e-06,-4227771.2475057775,5073325.497006932,9.273935513901998e-11,8.134186183573446e-07,8.134186183573446e-07,6.618007205266205e-13,True,True,instantaneous_BD_slow_variation,RUN01_KERNEL_PASS_NOT_FINAL_A2_CLOSURE
squeezed_q0.01_K3.4500,squeezed,3.45,0.05149253731343285,5.1492537313432845,5.1492537313432845,1.3056038562526616e-05,1.3056038562526616e-05,15968687.312654264,19162424.775185116,9.393114471451233e-11,8.253365141122672e-07,8.253365141122672e-07,6.813354111340791e-13,True,True,instantaneous_BD_slow_variation,RUN01_KERNEL_PASS_NOT_FINAL_A2_CLOSURE
squeezed_q0.01_K3.4750,squeezed,3.475,0.05186567164179105,5.186567164179105,5.186567164179105,-1.6102991177848835e-05,1.6102991177848835e-05,-19134707.87222917,22961649.446675003,9.513160185055363e-11,8.373410854726807e-07,8.373410854726807e-07,7.012994086180797e-13,True,True,instantaneous_BD_slow_variation,RUN01_KERNEL_PASS_NOT_FINAL_A2_CLOSURE
squeezed_q0.01_K3.5000,squeezed,3.5,0.05223880597014926,5.223880597014926,5.223880597014926,1.15345548833334e-05,1.15345548833334e-05,13318751.500065068,15982501.800078081,9.634072654714393e-11,8.494323324385843e-07,8.494323324385843e-07,7.216989572481731e-13,True,True,instantaneous_BD_slow_variation,RUN01_KERNEL_PASS_NOT_FINAL_A2_CLOSURE
squeezed_q0.01_K3.5250,squeezed,3.525,0.052611940298507465,5.2611940298507465,5.2611940298507465,-1.950427503595501e-06,1.950427503595501e-06,-2188913.0481899674,2626695.657827961,9.755851880428334e-11,8.616102550099781e-07,8.616102550099781e-07,7.425403463788902e-13,True,True,instantaneous_BD_slow_variation,RUN01_KERNEL_PASS_NOT_FINAL_A2_CLOSURE
squeezed_q0.01_K3.5500,squeezed,3.5500000000000003,0.052985074626865684,5.298507462686568,5.298507462686568,-7.913054870002048e-06,7.913054870002048e-06,-8633090.0393593,10359708.047231158,9.878497862197182e-11,8.738748531868629e-07,8.738748531868629e-07,7.63829910449742e-13,True,True,instantaneous_BD_slow_variation,RUN01_KERNEL_PASS_NOT_FINAL_A2_CLOSURE
squeezed_q0.01_K3.5750,squeezed,3.575,0.0533582089552239,5.33582089552239,5.33582089552239,1.3497359183619677e-05,1.3497359183619677e-05,14317936.82667017,17181524.192004204,1.000201060002093e-10,8.862261269692377e-07,8.862261269692377e-07,7.855740289852146e-13,True,True,instantaneous_BD_slow_variation,RUN01_KERNEL_PASS_NOT_FINAL_A2_CLOSURE
squeezed_q0.01_K3.6000,squeezed,3.6,0.0537313432835821,5.37313432835821,5.37313432835821,-1.2504922106261083e-05,1.2504922106261083e-05,-12900517.082947416,15480620.4995369,1.012639009389958e-10,8.986640763571021e-07,8.986640763571021e-07,8.077791265947748e-13,True,True,instantaneous_BD_slow_variation,RUN01_KERNEL_PASS_NOT_FINAL_A2_CLOSURE
squeezed_q0.01_K3.6250,squeezed,3.625,0.0541044776119403,5.41044776119403,5.41044776119403,5.810472227035575e-06,5.810472227035575e-06,5830634.517072607,6996761.420487128,1.0251636343833126e-10,9.111887013504577e-07,9.111887013504577e-07,8.304516729728707e-13,True,True,instantaneous_BD_slow_variation,RUN01_KERNEL_PASS_NOT_FINAL_A2_CLOSURE
squeezed_q0.01_K3.6500,squeezed,3.6500000000000004,0.054477611940298515,5.447761194029852,5.447761194029852,3.1426486107331127e-06,3.1426486107331127e-06,3068040.5543783763,3681648.6652540513,1.0377749349821582e-10,9.238000019493038e-07,9.238000019493038e-07,8.535981828989255e-13,True,True,instantaneous_BD_slow_variation,RUN01_KERNEL_PASS_NOT_FINAL_A2_CLOSURE
squeezed_q0.01_K3.6750,squeezed,3.6750000000000003,0.05485074626865672,5.485074626865672,5.485074626865672,-1.0087912594235315e-05,1.0087912594235315e-05,-9583164.816656336,11499797.779987603,1.0504729111864949e-10,9.364979781536393e-07,9.364979781536393e-07,8.772252162373406e-13,True,True,instantaneous_BD_slow_variation,RUN01_KERNEL_PASS_NOT_FINAL_A2_CLOSURE
squeezed_q0.01_K3.7000,squeezed,3.7,0.05522388059701494,5.522388059701494,5.522388059701494,1.1949557636344297e-05,1.1949557636344297e-05,11047963.664629849,13257556.397555819,1.0632575629963216e-10,9.492826299634661e-07,9.492826299634661e-07,9.013393779375008e-13,True,True,instantaneous_BD_slow_variation,RUN01_KERNEL_PASS_NOT_FINAL_A2_CLOSURE
squeezed_q0.01_K3.7250,squeezed,3.725,0.055597014925373146,5.5597014925373145,5.5597014925373145,-8.183517942904084e-06,8.183517942904084e-06,-7364995.991602109,8837995.18992253,1.0761288904116381e-10,9.621539573787832e-07,9.621539573787832e-07,9.259473180337652e-13,True,True,instantaneous_BD_slow_variation,RUN01_KERNEL_PASS_NOT_FINAL_A2_CLOSURE
squeezed_q0.01_K3.7500,squeezed,3.75,0.05597014925373135,5.597014925373135,5.597014925373135,8.713309629250437e-07,8.713309629250437e-07,763476.9568283759,916172.3481940511,1.0890868934324454e-10,9.751119603995905e-07,9.751119603995905e-07,9.510557316454725e-13,True,True,instantaneous_BD_slow_variation,RUN01_KERNEL_PASS_NOT_FINAL_A2_CLOSURE
squeezed_q0.01_K3.7750,squeezed,3.7750000000000004,0.056343283582089565,5.634328358208957,5.634328358208957,6.3990844777044915e-06,6.3990844777044915e-06,5459943.459049441,6551932.150859329,1.1021315720587429e-10,9.881566390258877e-07,9.881566390258877e-07,9.766713589769407e-13,True,True,instantaneous_BD_slow_variation,RUN01_KERNEL_PASS_NOT_FINAL_A2_CLOSURE
squeezed_q0.01_K3.8000,squeezed,3.8000000000000003,0.056716417910447764,5.6716417910447765,5.6716417910447765,-1.0277044162976588e-05,1.0277044162976588e-05,-8540282.263918897,10248338.716702675,1.1152629262905304e-10,1.0012879932576757e-06,1.0012879932576757e-06,1.002800985317467e-12,True,True,instantaneous_BD_slow_variation,RUN01_KERNEL_PASS_NOT_FINAL_A2_CLOSURE
squeezed_q0.01_K3.8250,squeezed,3.825,0.057089552238805984,5.708955223880598,5.708955223880598,9.177636028408223e-06,9.177636028408223e-06,7429228.537421119,8915074.244905343,1.1284809561278086e-10,1.0145060230949538e-06,1.0145060230949538e-06,1.0294514410413267e-12,True,True,instantaneous_BD_slow_variation,RUN01_KERNEL_PASS_NOT_FINAL_A2_CLOSURE
squeezed_q0.01_K3.8500,squeezed,3.85,0.05746268656716419,5.746268656716419,5.746268656716419,-3.905465784108898e-06,3.905465784108898e-06,-3080128.3771896963,3696154.052627635,1.1417856615705773e-10,1.0278107285377222e-06,1.0278107285377222e-06,1.056629601607774e-12,True,True,instantaneous_BD_slow_variation,RUN01_KERNEL_PASS_NOT_FINAL_A2_CLOSURE
squeezed_q0.01_K4.0000,squeezed,4.0,0.05970149253731344,5.970149253731344,5.970149253731344,-5.222010926598255e-06,5.222010926598255e-06,-3534582.53459034,4241499.041508408,1.2234340819424865e-10,1.1094591489096306e-06,1.1094591489096306e-06,1.2311710731263413e-12,True,True,instantaneous_BD_slow_variation,RUN01_KERNEL_PASS_NOT_FINAL_A2_CLOSURE
squeezed_q0.01_K4.2500,squeezed,4.25,0.06343283582089553,6.343283582089553,6.343283582089553,-6.203898189266459e-06,6.203898189266459e-06,-3294968.7178671747,3953962.4614406093,1.366448831001561e-10,1.252473897968706e-06,1.252473897968706e-06,1.5690331533916726e-12,True,True,instantaneous_BD_slow_variation,RUN01_KERNEL_PASS_NOT_FINAL_A2_CLOSURE
squeezed_q0.01_K4.5000,squeezed,4.5,0.06716417910447761,6.7164179104477615,6.7164179104477615,-3.9015632806238345e-06,3.9015632806238345e-06,-1648665.9238953209,1978399.108674385,1.5181311406096716e-10,1.4041562075768166e-06,1.4041562075768166e-06,1.9720809939295085e-12,True,True,instantaneous_BD_slow_variation,RUN01_KERNEL_PASS_NOT_FINAL_A2_CLOSURE
squeezed_q0.01_K4.7500,squeezed,4.75,0.07089552238805971,7.089552238805971,7.089552238805971,-7.235107556245887e-07,7.235107556245887e-07,-246272.57978519364,295527.09574223234,1.6784810107668174e-10,1.564506077733961e-06,1.564506077733961e-06,2.448204466015044e-12,True,True,instantaneous_BD_slow_variation,RUN01_KERNEL_PASS_NOT_FINAL_A2_CLOSURE
squeezed_q0.01_K5.0000,squeezed,5.0,0.0746268656716418,7.46268656716418,7.46268656716418,1.5548601884957215e-06,1.5548601884957215e-06,431080.1912693955,517296.2295232746,1.8474984414729961e-10,1.7335235084401411e-06,1.7335235084401411e-06,3.0057442907106362e-12,True,True,instantaneous_BD_slow_variation,RUN01_KERNEL_PASS_NOT_FINAL_A2_CLOSURE
squeezed_q0.01_K5.2500,squeezed,5.25,0.07835820895522388,7.835820895522389,7.835820895522389,2.2553442415598334e-06,2.2553442415598334e-06,514426.61285137536,617311.9354216504,2.0251834327282122e-10,1.911208499695357e-06,1.911208499695357e-06,3.6534920388657915e-12,True,True,instantaneous_BD_slow_variation,RUN01_KERNEL_PASS_NOT_FINAL_A2_CLOSURE
squeezed_q0.01_K5.5000,squeezed,5.5,0.08208955223880597,8.208955223880597,8.208955223880597,1.6468161773853201e-06,1.6468161773853201e-06,311848.0905492391,374217.70865908684,2.2115359845324617e-10,2.0975610514996058e-06,2.0975610514996058e-06,4.4006901311171605e-12,True,True,instantaneous_BD_slow_variation,RUN01_KERNEL_PASS_NOT_FINAL_A2_CLOSURE
squeezed_q0.01_K5.7500,squeezed,5.75,0.08582089552238807,8.582089552238807,8.582089552238807,4.748911726720706e-07,4.748911726720706e-07,75278.72306977266,90334.4676837272,2.4065560968857463e-10,2.292581163852892e-06,2.292581163852892e-06,5.257031837888576e-12,True,True,instantaneous_BD_slow_variation,RUN01_KERNEL_PASS_NOT_FINAL_A2_CLOSURE
squeezed_q0.01_K6.0000,squeezed,6.0,0.08955223880597016,8.955223880597016,8.955223880597016,-5.288673416217163e-07,5.288673416217163e-07,-70711.81393124387,84854.17671749265,2.610243769788066e-10,2.4962688367552105e-06,2.4962688367552105e-06,6.232661279390983e-12,True,True,instantaneous_BD_slow_variation,RUN01_KERNEL_PASS_NOT_FINAL_A2_CLOSURE
squeezed_q0.1_K0.1000,squeezed,0.1,0.014285714285714289,0.14285714285714288,0.14285714285714288,1.6115753703974773,1.6115753703974773,3.044590022948942e+18,3.65350802753873e+18,1.7751070604090768e-11,6.466423769154599e-10,6.466423769154599e-10,4.411035525993225e-19,True,True,instantaneous_BD_slow_variation,RUN01_KERNEL_PASS_NOT_FINAL_A2_CLOSURE
squeezed_q0.1_K0.2000,squeezed,0.2,0.028571428571428577,0.28571428571428575,0.28571428571428575,-0.038354645371976075,0.038354645371976075,-4768692848844200.0,5722431418613040.0,3.68083829165565e-11,2.552373608162034e-09,2.552373608162034e-09,6.7025085258727634e-18,True,True,instantaneous_BD_slow_variation,RUN01_KERNEL_PASS_NOT_FINAL_A2_CLOSURE
squeezed_q0.1_K0.3000,squeezed,0.30000000000000004,0.042857142857142864,0.4285714285714286,0.4285714285714286,0.003950069646864035,0.003950069646864035,97961012424038.44,117553214908846.12,6.85705701039994e-11,5.7285923269063245e-09,5.7285923269063245e-09,3.3602395731388746e-17,True,True,instantaneous_BD_slow_variation,RUN01_KERNEL_PASS_NOT_FINAL_A2_CLOSURE
squeezed_q0.1_K0.4000,squeezed,0.4,0.057142857142857155,0.5714285714285715,0.5714285714285715,-0.0008098026744909432,0.0008098026744909432,-6376173071640.999,7651407685969.198,1.1303763216641952e-10,1.0175298533148326e-08,1.0175298533148326e-08,1.0583708354423753e-16,True,True,instantaneous_BD_slow_variation,RUN01_KERNEL_PASS_NOT_FINAL_A2_CLOSURE
squeezed_q0.1_K0.5000,squeezed,0.5,0.07142857142857144,0.7142857142857143,0.7142857142857143,0.00024105301326226338,0.00024105301326226338,778651086000.3939,934381303200.4727,1.702095691038168e-10,1.589249222688805e-08,1.589249222688805e-08,2.579814176895459e-16,True,True,instantaneous_BD_slow_variation,RUN01_KERNEL_PASS_NOT_FINAL_A2_CLOSURE
squeezed_q0.1_K0.6000,squeezed,0.6,0.0857142857142857,0.857142857142857,0.857142857142857,-8.892834300995986e-05,8.892834300995986e-05,-138650157862.12012,166380189434.54413,2.4008638091619093e-10,2.2880173408125484e-08,2.2880173408125484e-08,5.344887712424759e-16,True,True,instantaneous_BD_slow_variation,RUN01_KERNEL_PASS_NOT_FINAL_A2_CLOSURE
squeezed_q0.1_K0.7000,squeezed,0.7000000000000001,0.1,1.0,1.0,3.68864659569969e-05,3.68864659569969e-05,31058906511.958626,37270687814.35035,3.2266806760354255e-10,3.1138342076860624e-08,3.1138342076860624e-08,9.896910446282263e-16,True,True,instantaneous_BD_slow_variation,RUN01_KERNEL_PASS_NOT_FINAL_A2_CLOSURE
squeezed_q0.1_K0.8000,squeezed,0.8,0.11428571428571431,1.142857142857143,1.142857142857143,-1.595972675874276e-05,1.595972675874276e-05,-7879951898.202676,9455942277.84321,4.1795462916587137e-10,4.066699823309352e-08,4.066699823309352e-08,1.6877986656220353e-15,True,True,instantaneous_BD_slow_variation,RUN01_KERNEL_PASS_NOT_FINAL_A2_CLOSURE
squeezed_q0.1_K0.9000,squeezed,0.9,0.1285714285714286,1.2857142857142858,1.2857142857142858,6.624866779121227e-06,6.624866779121227e-06,2042517707.7132885,2451021249.255946,5.259460656031771e-10,5.146614187682408e-08,5.146614187682408e-08,2.7029005893491666e-15,True,True,instantaneous_BD_slow_variation,RUN01_KERNEL_PASS_NOT_FINAL_A2_CLOSURE
squeezed_q0.1_K1.0000,squeezed,1.0,0.14285714285714288,1.4285714285714286,1.4285714285714286,-2.215995974578635e-06,2.215995974578635e-06,-448331953.96177167,537998344.754126,6.466423769154599e-10,6.353577300805239e-08,6.353577300805239e-08,4.118964298284935e-15,True,True,instantaneous_BD_slow_variation,RUN01_KERNEL_PASS_NOT_FINAL_A2_CLOSURE
squeezed_q0.1_K1.2500,squeezed,1.25,0.17857142857142858,1.7857142857142856,1.7857142857142856,-2.5182303096022477e-06,2.5182303096022477e-06,-208735659.379213,250482791.2550556,1.0039669827741927e-09,9.926823359392566e-08,9.926823359392566e-08,1.0053506258791426e-14,True,True,instantaneous_BD_slow_variation,RUN01_KERNEL_PASS_NOT_FINAL_A2_CLOSURE
squeezed_q0.1_K1.5000,squeezed,1.5,0.2142857142857143,2.142857142857143,2.142857142857143,-1.1033552606149074e-06,1.1033552606149074e-06,-44111480.47270956,52933776.567251466,1.4406970566015323e-09,1.4294124097665962e-07,1.4294124097665962e-07,2.0844068422231563e-14,True,True,instantaneous_BD_slow_variation,RUN01_KERNEL_PASS_NOT_FINAL_A2_CLOSURE
squeezed_q0.1_K1.7500,squeezed,1.75,0.25,2.5,2.5,-2.0160774985412582e-07,2.0160774985412582e-07,-4351034.597116245,5221241.516539494,1.9568325983974788e-09,1.945547951562544e-07,1.945547951562544e-07,3.8612990648964713e-14,True,True,instantaneous_BD_slow_variation,RUN01_KERNEL_PASS_NOT_FINAL_A2_CLOSURE
squeezed_q0.1_K2.0000,squeezed,2.0,0.28571428571428575,2.857142857142857,2.857142857142857,1.5463015553123496e-07,1.5463015553123496e-07,1956298.945307522,2347558.7343690265,2.552373608162034e-09,2.541088961327097e-07,2.541088961327097e-07,6.586849277396087e-14,True,True,instantaneous_BD_slow_variation,RUN01_KERNEL_PASS_NOT_FINAL_A2_CLOSURE
squeezed_q0.1_K2.2500,squeezed,2.25,0.3214285714285714,3.214285714285714,3.214285714285714,2.0016673731202316e-07,2.0016673731202316e-07,1581025.8175606297,1897230.9810727555,3.227320085895195e-09,3.2160354390602594e-07,3.2160354390602594e-07,1.0550467460680114e-13,True,True,instantaneous_BD_slow_variation,RUN01_KERNEL_PASS_NOT_FINAL_A2_CLOSURE
squeezed_q0.1_K2.5000,squeezed,2.5,0.35714285714285715,3.571428571428571,3.571428571428571,1.237516509871557e-07,1.237516509871557e-07,641327.1369061422,769592.5642873707,3.981672031596964e-09,3.9703873847620265e-07,3.9703873847620265e-07,1.608015159316769e-13,True,True,instantaneous_BD_slow_variation,RUN01_KERNEL_PASS_NOT_FINAL_A2_CLOSURE
squeezed_q0.1_K2.7500,squeezed,2.75,0.39285714285714285,3.9285714285714284,3.9285714285714284,3.395622125502299e-08,3.395622125502299e-08,120194.8216588069,144233.78599056829,4.815429445267341e-09,4.804144798432402e-07,4.804144798432402e-07,2.354248765073909e-13,True,True,instantaneous_BD_slow_variation,RUN01_KERNEL_PASS_NOT_FINAL_A2_CLOSURE
squeezed_q0.1_K3.0000,squeezed,3.0,0.4285714285714286,4.285714285714286,4.285714285714286,-2.34158435397931e-08,2.34158435397931e-08,-58523.25229092073,70227.90274910488,5.7285923269063245e-09,5.717307680071386e-07,5.717307680071386e-07,3.3342649606735635e-13,True,True,instantaneous_BD_slow_variation,RUN01_KERNEL_PASS_NOT_FINAL_A2_CLOSURE
squeezed_q0.1_K3.2500,squeezed,3.25,0.46428571428571425,4.642857142857142,4.642857142857142,-4.155078145627648e-08,4.155078145627648e-08,-75397.06918729364,90476.48302475236,6.721160676513917e-09,6.709876029678973e-07,6.709876029678973e-07,4.592439943195969e-13,True,True,instantaneous_BD_slow_variation,RUN01_KERNEL_PASS_NOT_FINAL_A2_CLOSURE
squeezed_q0.1_K3.3500,squeezed,3.35,0.4785714285714286,4.785714285714286,4.785714285714286,2.911153296899405e-08,2.911153296899405e-08,46794.65712243123,56153.588546917475,7.1404215473881624e-09,7.129136900553224e-07,7.129136900553224e-07,5.184269380160944e-13,True,True,instantaneous_BD_slow_variation,RUN01_KERNEL_PASS_NOT_FINAL_A2_CLOSURE
squeezed_q0.1_K3.3750,squeezed,3.375,0.48214285714285715,4.821428571428571,4.821428571428571,-3.935776237371373e-08,3.935776237371373e-08,-61410.99256690502,73693.19108028602,7.247221901805941e-09,7.235937254970997e-07,7.235937254970997e-07,5.340759681696358e-13,True,True,instantaneous_BD_slow_variation,RUN01_KERNEL_PASS_NOT_FINAL_A2_CLOSURE
squeezed_q0.1_K3.4000,squeezed,3.4,0.4857142857142857,4.857142857142857,4.857142857142857,3.086070100276757e-08,3.086070100276757e-08,46752.12333124853,56102.54799749823,7.3548163109033966e-09,7.343531664068461e-07,7.343531664068461e-07,5.500766383042662e-13,True,True,instantaneous_BD_slow_variation,RUN01_KERNEL_PASS_NOT_FINAL_A2_CLOSURE
squeezed_q0.1_K3.4250,squeezed,3.4250000000000003,0.4892857142857143,4.892857142857143,4.892857142857143,-8.628819006591178e-09,8.628819006591178e-09,-12694.648021395618,15233.577625674741,7.463204774680545e-09,7.451920127845615e-07,7.451920127845615e-07,5.664341770936413e-13,True,True,instantaneous_BD_slow_variation,RUN01_KERNEL_PASS_NOT_FINAL_A2_CLOSURE
squeezed_q0.1_K3.4500,squeezed,3.45,0.4928571428571429,4.928571428571429,4.928571428571429,-1.6300534341358955e-08,1.6300534341358955e-08,-23293.644680360547,27952.373616432655,7.572387293137386e-09,7.561102646302444e-07,7.561102646302444e-07,5.831538517994118e-13,True,True,instantaneous_BD_slow_variation,RUN01_KERNEL_PASS_NOT_FINAL_A2_CLOSURE
squeezed_q0.1_K3.4750,squeezed,3.475,0.49642857142857144,4.964285714285714,4.964285714285714,3.2286434633107664e-08,3.2286434633107664e-08,44824.26827969963,53789.12193563955,7.682363866273902e-09,7.671079219438968e-07,7.671079219438968e-07,6.002409682712323e-13,True,True,instantaneous_BD_slow_variation,RUN01_KERNEL_PASS_NOT_FINAL_A2_CLOSURE
squeezed_q0.1_K3.5000,squeezed,3.5,0.5,5.0,5.0,-3.247276399819061e-08,3.247276399819061e-08,-43808.64256137934,52570.37107365521,7.79313449409011e-09,7.781849847255178e-07,7.781849847255178e-07,6.177008709467491e-13,True,True,instantaneous_BD_slow_variation,RUN01_KERNEL_PASS_NOT_FINAL_A2_CLOSURE
squeezed_q0.1_K3.5250,squeezed,3.525,0.5035714285714286,5.035714285714286,5.035714285714286,1.766822867074735e-08,1.766822867074735e-08,23166.989305527495,27800.387166632994,7.904699176586005e-09,7.893414529751071e-07,7.893414529751071e-07,6.355389428516083e-13,True,True,instantaneous_BD_slow_variation,RUN01_KERNEL_PASS_NOT_FINAL_A2_CLOSURE
squeezed_q0.1_K3.5500,squeezed,3.5500000000000003,0.5071428571428571,5.071428571428571,5.071428571428571,4.460686114067658e-09,4.460686114067658e-09,5685.932123397473,6823.118548076968,8.017057913761582e-09,8.005773266926648e-07,8.005773266926648e-07,6.537606055994528e-13,True,True,instantaneous_BD_slow_variation,RUN01_KERNEL_PASS_NOT_FINAL_A2_CLOSURE
squeezed_q0.1_K3.5750,squeezed,3.575,0.5107142857142858,5.107142857142858,5.107142857142858,-2.3303633668483746e-08,2.3303633668483746e-08,-28882.396026795348,34658.875232154416,8.130210705616846e-09,8.118926058781913e-07,8.118926058781913e-07,6.723713193919241e-13,True,True,instantaneous_BD_slow_variation,RUN01_KERNEL_PASS_NOT_FINAL_A2_CLOSURE
squeezed_q0.1_K3.6000,squeezed,3.6,0.5142857142857143,5.142857142857143,5.142857142857143,3.035413003157856e-08,3.035413003157856e-08,36586.58534427987,43903.90241313584,8.244157552151802e-09,8.232872905316864e-07,8.232872905316864e-07,6.913765830186602e-13,True,True,instantaneous_BD_slow_variation,RUN01_KERNEL_PASS_NOT_FINAL_A2_CLOSURE
squeezed_q0.1_K3.6250,squeezed,3.625,0.5178571428571428,5.178571428571428,5.178571428571428,-2.300849787615573e-08,2.300849787615573e-08,-26975.57058896672,32370.68470676006,8.358898453366432e-09,8.3476138065315e-07,8.3476138065315e-07,7.107819338572965e-13,True,True,instantaneous_BD_slow_variation,RUN01_KERNEL_PASS_NOT_FINAL_A2_CLOSURE
squeezed_q0.1_K3.6500,squeezed,3.6500000000000004,0.5214285714285715,5.214285714285714,5.214285714285714,5.439645603415119e-09,5.439645603415119e-09,6204.60136665735,7445.5216399888195,8.474433409260765e-09,8.463148762425824e-07,8.463148762425824e-07,7.305929478734666e-13,True,True,instantaneous_BD_slow_variation,RUN01_KERNEL_PASS_NOT_FINAL_A2_CLOSURE
squeezed_q0.1_K3.6750,squeezed,3.6750000000000003,0.525,5.25,5.25,1.3694686508193413e-08,1.3694686508193413e-08,15199.796374127382,18239.755648952858,8.59076241983477e-09,8.57947777299984e-07,8.57947777299984e-07,7.508152396208018e-13,True,True,instantaneous_BD_slow_variation,RUN01_KERNEL_PASS_NOT_FINAL_A2_CLOSURE
squeezed_q0.1_K3.7000,squeezed,3.7,0.5285714285714287,5.2857142857142865,5.2857142857142865,-2.548247055389594e-08,2.548247055389594e-08,-27526.436319470984,33031.72358336518,8.707885485088472e-09,8.69660083825353e-07,8.69660083825353e-07,7.714544622409273e-13,True,True,instantaneous_BD_slow_variation,RUN01_KERNEL_PASS_NOT_FINAL_A2_CLOSURE
squeezed_q0.1_K3.7250,squeezed,3.725,0.5321428571428571,5.321428571428571,5.321428571428571,2.4876214992311938e-08,2.4876214992311938e-08,26157.416528890095,31388.899834668115,8.825802605021844e-09,8.814517958186912e-07,8.814517958186912e-07,7.925163074634713e-13,True,True,instantaneous_BD_slow_variation,RUN01_KERNEL_PASS_NOT_FINAL_A2_CLOSURE
squeezed_q0.1_K3.7500,squeezed,3.75,0.5357142857142857,5.357142857142857,5.357142857142857,-1.281186607309839e-08,1.281186607309839e-08,-13116.056183072229,15739.267419686674,8.944513779634918e-09,8.93322913279998e-07,8.93322913279998e-07,8.140065056060557e-13,True,True,instantaneous_BD_slow_variation,RUN01_KERNEL_PASS_NOT_FINAL_A2_CLOSURE
squeezed_q0.1_K3.7750,squeezed,3.7750000000000004,0.5392857142857144,5.392857142857143,5.392857142857143,-4.539864245576627e-09,4.539864245576627e-09,-4525.757501582787,5430.909001899344,9.064019008927673e-09,9.052734362092737e-07,9.052734362092737e-07,8.359308255743021e-13,True,True,instantaneous_BD_slow_variation,RUN01_KERNEL_PASS_NOT_FINAL_A2_CLOSURE
squeezed_q0.1_K3.8000,squeezed,3.8000000000000003,0.5428571428571429,5.428571428571429,5.428571428571429,1.889299618622351e-08,1.889299618622351e-08,18343.532369743803,22012.23884369256,9.184318292900117e-09,9.173033646065175e-07,9.173033646065175e-07,8.582950748618265e-13,True,True,instantaneous_BD_slow_variation,RUN01_KERNEL_PASS_NOT_FINAL_A2_CLOSURE
squeezed_q0.1_K3.8250,squeezed,3.825,0.5464285714285715,5.464285714285714,5.464285714285714,-2.3776149400013306e-08,2.3776149400013306e-08,-22487.053863901216,26984.46463668146,9.305411631552237e-09,9.294126984717303e-07,9.294126984717303e-07,8.811050995502459e-13,True,True,instantaneous_BD_slow_variation,RUN01_KERNEL_PASS_NOT_FINAL_A2_CLOSURE
squeezed_q0.1_K3.8500,squeezed,3.85,0.55,5.5,5.5,1.7421686645609192e-08,1.7421686645609192e-08,16053.301001942937,19263.961202331524,9.427299024884048e-09,9.41601437804911e-07,9.41601437804911e-07,9.04366784309171e-13,True,True,instantaneous_BD_slow_variation,RUN01_KERNEL_PASS_NOT_FINAL_A2_CLOSURE
squeezed_q0.1_K4.0000,squeezed,4.0,0.5714285714285715,5.714285714285714,5.714285714285714,4.403709635143738e-09,4.403709635143738e-09,3482.5495459001613,4179.059455080193,1.0175298533148326e-08,1.0164013886313397e-06,1.0164013886313397e-06,1.0537561579293763e-12,True,True,instantaneous_BD_slow_variation,RUN01_KERNEL_PASS_NOT_FINAL_A2_CLOSURE
squeezed_q0.1_K4.2500,squeezed,4.25,0.6071428571428572,6.071428571428571,6.071428571428571,1.2839617005547947e-08,1.2839617005547947e-08,7967.409417693675,9560.89130123241,1.1485488754630346e-08,1.1474204107795413e-06,1.1474204107795413e-06,1.3429309675231748e-12,True,True,instantaneous_BD_slow_variation,RUN01_KERNEL_PASS_NOT_FINAL_A2_CLOSURE
squeezed_q0.1_K4.5000,squeezed,4.5,0.6428571428571428,6.428571428571428,6.428571428571428,1.2327968697492585e-08,1.2327968697492585e-08,6086.450441957247,7303.740530348696,1.2875084444080971e-08,1.2863799797246032e-06,1.2863799797246032e-06,1.6878979539685294e-12,True,True,instantaneous_BD_slow_variation,RUN01_KERNEL_PASS_NOT_FINAL_A2_CLOSURE
squeezed_q0.1_K4.7500,squeezed,4.75,0.6785714285714286,6.785714285714286,6.785714285714286,6.428370177416186e-09,6.428370177416186e-09,2556.5283666886758,3067.8340400264105,1.4344085601500213e-08,1.4332800954665271e-06,1.4332800954665271e-06,2.0954100168211332e-12,True,True,instantaneous_BD_slow_variation,RUN01_KERNEL_PASS_NOT_FINAL_A2_CLOSURE
squeezed_q0.1_K5.0000,squeezed,5.0,0.7142857142857143,7.142857142857142,7.142857142857142,-3.8231146399249154e-10,3.8231146399249154e-10,-123.84053159883116,148.6086379185974,1.589249222688805e-08,1.5881207580053113e-06,1.5881207580053113e-06,2.5726059356112825e-12,True,True,instantaneous_BD_slow_variation,RUN01_KERNEL_PASS_NOT_FINAL_A2_CLOSURE
squeezed_q0.1_K5.2500,squeezed,5.25,0.75,7.5,7.5,-4.813621515471621e-09,4.813621515471621e-09,-1282.807150746124,1539.368580895349,1.7520304320244504e-08,1.7509019673409554e-06,1.7509019673409554e-06,3.1270103698438846e-12,True,True,instantaneous_BD_slow_variation,RUN01_KERNEL_PASS_NOT_FINAL_A2_CLOSURE
squeezed_q0.1_K5.5000,squeezed,5.5,0.7857142857142857,7.857142857142857,7.857142857142857,-5.6777548755940915e-09,5.6777548755940915e-09,-1256.1847506095492,1507.421700731459,1.9227521881569552e-08,1.9216237234734606e-06,1.9216237234734606e-06,3.766533858998465e-12,True,True,instantaneous_BD_slow_variation,RUN01_KERNEL_PASS_NOT_FINAL_A2_CLOSURE
squeezed_q0.1_K5.7500,squeezed,5.75,0.8214285714285714,8.214285714285714,8.214285714285714,-3.687919299896174e-09,3.687919299896174e-09,-683.0280356086975,819.6336427304369,2.1014144910863218e-08,2.1002860264028272e-06,2.1002860264028272e-06,4.4994728225291574e-12,True,True,instantaneous_BD_slow_variation,RUN01_KERNEL_PASS_NOT_FINAL_A2_CLOSURE
squeezed_q0.1_K6.0000,squeezed,6.0,0.8571428571428572,8.571428571428571,8.571428571428571,-5.713038149118222e-10,5.713038149118222e-10,-89.24653842753507,107.09584611304209,2.2880173408125487e-08,2.2868888761290547e-06,2.2868888761290547e-06,5.334509559864704e-12,True,True,instantaneous_BD_slow_variation,RUN01_KERNEL_PASS_NOT_FINAL_A2_CLOSURE
folded_delta0.01_K0.1000,folded_flattened,0.1,0.07537688442211056,0.07537688442211056,0.1492462311557789,0.27609268254416613,0.27609268254416613,7.649516906880494e+17,9.179420288256593e+17,1.8825180038033824e-10,1.8825180038033824e-10,7.047337899113328e-10,3.007735498257736e-19,True,True,instantaneous_BD_slow_variation,RUN01_KERNEL_PASS_NOT_FINAL_A2_CLOSURE
folded_delta0.01_K0.2000,folded_flattened,0.2,0.15075376884422112,0.15075376884422112,0.2984924623115578,-0.005035619203137416,0.005035619203137416,-928376606012115.4,1114051927214538.4,7.188113020215461e-10,7.188113020215461e-10,2.784739260145526e-09,4.520093794665356e-18,True,True,instantaneous_BD_slow_variation,RUN01_KERNEL_PASS_NOT_FINAL_A2_CLOSURE
folded_delta0.01_K0.3000,folded_flattened,0.30000000000000004,0.22613065326633167,0.22613065326633167,0.4477386934673367,0.00048773360689747137,0.00048773360689747137,17974051906891.453,21568862288269.742,1.6030771380902258e-09,1.6030771380902258e-09,6.2514150438691755e-09,2.261285738574751e-17,True,True,instantaneous_BD_slow_variation,RUN01_KERNEL_PASS_NOT_FINAL_A2_CLOSURE
folded_delta0.01_K0.4000,folded_flattened,0.4,0.30150753768844224,0.30150753768844224,0.5969849246231156,-9.6245676604525e-05,9.6245676604525e-05,-1126947210144.454,1352336652173.3447,2.841049308586378e-09,2.841049308586378e-09,1.1104761141082287e-08,7.116990909759655e-17,True,True,instantaneous_BD_slow_variation,RUN01_KERNEL_PASS_NOT_FINAL_A2_CLOSURE
folded_delta0.01_K0.5000,folded_flattened,0.5,0.37688442211055273,0.37688442211055273,0.7462311557788943,2.794904049499745e-05,2.794904049499745e-05,134304450007.5555,161165340009.0666,4.432727813510001e-09,4.432727813510001e-09,1.7344777551784866e-08,1.734184316145465e-16,True,True,instantaneous_BD_slow_variation,RUN01_KERNEL_PASS_NOT_FINAL_A2_CLOSURE
folded_delta0.01_K0.6000,folded_flattened,0.6,0.4522613065326632,0.4522613065326632,0.8954773869346732,-1.0224505784502489e-05,1.0224505784502489e-05,-23719100664.901497,28462920797.881794,6.378112652861096e-09,6.378112652861096e-09,2.4971464275976898e-08,3.5922194553074097e-16,True,True,instantaneous_BD_slow_variation,RUN01_KERNEL_PASS_NOT_FINAL_A2_CLOSURE
folded_delta0.01_K0.7000,folded_flattened,0.7000000000000001,0.5276381909547739,0.5276381909547739,1.0447236180904524,4.298960035572394e-06,4.298960035572394e-06,5386517456.532191,6463820947.83863,8.677203826639667e-09,8.677203826639667e-09,3.3984821313658413e-08,6.650803093501343e-16,True,True,instantaneous_BD_slow_variation,RUN01_KERNEL_PASS_NOT_FINAL_A2_CLOSURE
folded_delta0.01_K0.8000,folded_flattened,0.8,0.6030150753768845,0.6030150753768845,1.1939698492462312,-1.9457666553482948e-06,1.9457666553482948e-06,-1429706130.551289,1715647356.6615467,1.1330001334845706e-08,1.1330001334845706e-08,4.438484866482936e-08,1.134129719486488e-15,True,True,instantaneous_BD_slow_variation,RUN01_KERNEL_PASS_NOT_FINAL_A2_CLOSURE
folded_delta0.01_K0.9000,folded_flattened,0.9,0.6783919597989949,0.6783919597989949,1.34321608040201,8.924048186980793e-07,8.924048186980793e-07,409478108.766328,491373730.51959354,1.4336505177479204e-08,1.4336505177479204e-08,5.617154632948975e-08,1.8161427102633737e-15,True,True,instantaneous_BD_slow_variation,RUN01_KERNEL_PASS_NOT_FINAL_A2_CLOSURE
folded_delta0.01_K1.0000,folded_flattened,1.0,0.7537688442211055,0.7537688442211055,1.4924623115577886,-3.811895972937634e-07,3.811895972937634e-07,-114780403.33412029,137736484.00094435,1.7696715354540193e-08,1.7696715354540193e-08,6.934491430763965e-08,2.7675281539141797e-15,True,True,instantaneous_BD_slow_variation,RUN01_KERNEL_PASS_NOT_FINAL_A2_CLOSURE
folded_delta0.01_K1.2500,folded_flattened,1.25,0.9422110552763818,0.9422110552763818,1.865577889447236,-3.3046564500078816e-07,3.3046564500078816e-07,-40770672.54885149,48924807.05862179,2.764470601031283e-08,2.764470601031283e-08,1.0834501687453075e-07,6.7545620487541964e-15,True,True,instantaneous_BD_slow_variation,RUN01_KERNEL_PASS_NOT_FINAL_A2_CLOSURE
folded_delta0.01_K1.5000,folded_flattened,1.5,1.1306532663316582,1.1306532663316582,2.238693467336683,-1.1206699154124464e-07,1.1206699154124464e-07,-6668798.261765894,8002557.914119072,3.9803361256257214e-08,3.9803361256257214e-08,1.5601180890073097e-07,1.4003896347132037e-14,True,True,instantaneous_BD_slow_variation,RUN01_KERNEL_PASS_NOT_FINAL_A2_CLOSURE
folded_delta0.01_K1.7500,folded_flattened,1.75,1.3190954773869346,1.3190954773869346,2.6118090452261304,5.844156860678179e-09,5.844156860678179e-09,187736.52229867748,225283.82675841296,5.417268109237323e-08,5.417268109237323e-08,2.1234529038624028e-07,2.594130677185834e-14,True,True,instantaneous_BD_slow_variation,RUN01_KERNEL_PASS_NOT_FINAL_A2_CLOSURE
folded_delta0.01_K2.0000,folded_flattened,2.0,1.507537688442211,1.507537688442211,2.9849246231155773,3.927853414089653e-08,3.927853414089653e-08,739678.6356226063,887614.3627471274,7.075266551866099e-08,7.075266551866099e-08,2.7734546133105873e-07,4.4251800995345763e-14,True,True,instantaneous_BD_slow_variation,RUN01_KERNEL_PASS_NOT_FINAL_A2_CLOSURE
folded_delta0.01_K2.2500,folded_flattened,2.25,1.6959798994974873,1.6959798994974873,3.3580402010050254,3.1352896164763826e-08,3.1352896164763826e-08,368616.73316109006,442340.07979330805,8.95433145351204e-08,8.95433145351204e-08,3.5101232173518645e-07,7.087961863960885e-14,True,True,instantaneous_BD_slow_variation,RUN01_KERNEL_PASS_NOT_FINAL_A2_CLOSURE
folded_delta0.01_K2.5000,folded_flattened,2.5,1.8844221105527637,1.8844221105527637,3.731155778894472,1.2331929611660925e-08,1.2331929611660925e-08,95128.91110321644,114154.69332385973,1.1054462814175157e-07,1.1054462814175157e-07,4.3334587159862307e-07,1.0802823127626415e-13,True,True,instantaneous_BD_slow_variation,RUN01_KERNEL_PASS_NOT_FINAL_A2_CLOSURE
folded_delta0.01_K2.7500,folded_flattened,2.75,2.07286432160804,2.07286432160804,4.104271356783919,-2.6106612671648312e-09,2.6106612671648312e-09,-13755.351199883105,16506.421439859725,1.337566063385544e-07,1.337566063385544e-07,5.243461109213689e-07,1.5816034242653005e-13,True,True,instantaneous_BD_slow_variation,RUN01_KERNEL_PASS_NOT_FINAL_A2_CLOSURE
folded_delta0.01_K3.0000,folded_flattened,3.0,2.2613065326633164,2.2613065326633164,4.477386934673366,-8.996612086772714e-09,8.996612086772714e-09,-33469.85465176764,40163.825582121164,1.5917924912552901e-07,1.5917924912552901e-07,6.24013039703424e-07,2.2399788756122711e-13,True,True,instantaneous_BD_slow_variation,RUN01_KERNEL_PASS_NOT_FINAL_A2_CLOSURE
folded_delta0.01_K3.2500,folded_flattened,3.25,2.4497487437185925,2.4497487437185925,4.850502512562813,-8.262805604626042e-09,8.262805604626042e-09,-22318.248216071323,26781.897859285586,1.868125565026752e-07,1.868125565026752e-07,7.32346657944788e-07,3.085220341007773e-13,True,True,instantaneous_BD_slow_variation,RUN01_KERNEL_PASS_NOT_FINAL_A2_CLOSURE
folded_delta0.01_K3.3500,folded_flattened,3.35,2.5251256281407035,2.5251256281407035,4.999748743718593,7.366602302319363e-09,7.366602302319363e-09,17626.094547878143,21151.31345745377,1.984848655387817e-07,1.984848655387817e-07,7.781067782899402e-07,3.482810803753351e-13,True,True,instantaneous_BD_slow_variation,RUN01_KERNEL_PASS_NOT_FINAL_A2_CLOSURE
folded_delta0.01_K3.3750,folded_flattened,3.375,2.543969849246231,2.543969849246231,5.037060301507537,-6.34297130108518e-09,6.34297130108518e-09,-14732.153318061759,17678.58398167411,2.0145820941256274e-07,2.0145820941256274e-07,7.89763475612711e-07,3.587940814524738e-13,True,True,instantaneous_BD_slow_variation,RUN01_KERNEL_PASS_NOT_FINAL_A2_CLOSURE
folded_delta0.01_K3.4000,folded_flattened,3.4,2.5628140703517586,2.5628140703517586,5.074371859296481,2.4302593806647947e-09,2.4302593806647947e-09,5480.321468346166,6576.3857620153985,2.0445365993224535e-07,2.0445365993224535e-07,8.015068398300747e-07,3.695433127876637e-13,True,True,instantaneous_BD_slow_variation,RUN01_KERNEL_PASS_NOT_FINAL_A2_CLOSURE
folded_delta0.01_K3.4250,folded_flattened,3.4250000000000003,2.5816582914572863,2.5816582914572863,5.111683417085427,2.411559191601684e-09,2.411559191601684e-09,5281.109457622233,6337.33134914668,2.074712170978297e-07,2.074712170978297e-07,8.133368709420315e-07,3.805322869738222e-13,True,True,instantaneous_BD_slow_variation,RUN01_KERNEL_PASS_NOT_FINAL_A2_CLOSURE
folded_delta0.01_K3.4500,folded_flattened,3.45,2.600502512562814,2.600502512562814,5.1489949748743715,-5.892187643040998e-09,5.892187643040998e-09,-12533.437399740316,15040.12487968838,2.1051088090931582e-07,2.1051088090931582e-07,8.252535689485822e-07,3.917645425270618e-13,True,True,instantaneous_BD_slow_variation,RUN01_KERNEL_PASS_NOT_FINAL_A2_CLOSURE
folded_delta0.01_K3.4750,folded_flattened,3.475,2.6193467336683414,2.6193467336683414,5.186306532663317,6.467141255822971e-09,6.467141255822971e-09,13364.834044022442,16037.80085282693,2.135726513667035e-07,2.135726513667035e-07,8.372569338497252e-07,4.0324364388668846e-13,True,True,instantaneous_BD_slow_variation,RUN01_KERNEL_PASS_NOT_FINAL_A2_CLOSURE
folded_delta0.01_K3.5000,folded_flattened,3.5,2.638190954773869,2.638190954773869,5.223618090452261,-4.014546764420674e-09,4.014546764420674e-09,-8061.859866722088,9674.231840066504,2.1665652846999319e-07,2.1665652846999319e-07,8.493469656454614e-07,4.149731814152054e-13,True,True,instantaneous_BD_slow_variation,RUN01_KERNEL_PASS_NOT_FINAL_A2_CLOSURE
folded_delta0.01_K3.5250,folded_flattened,3.525,2.6570351758793964,2.6570351758793964,5.260929648241205,-1.7967623015813512e-10,1.7967623015813512e-10,-350.6916901869734,420.83002822436805,2.1976251221918437e-07,2.1976251221918437e-07,8.6152366433579e-07,4.2695677139830823e-13,True,True,instantaneous_BD_slow_variation,RUN01_KERNEL_PASS_NOT_FINAL_A2_CLOSURE
folded_delta0.01_K3.5500,folded_flattened,3.5500000000000003,2.6758793969849246,2.6758793969849246,5.29824120603015,4.08661776314725e-09,4.08661776314725e-09,7753.9386974760055,9304.726436971207,2.228906026142773e-07,2.228906026142773e-07,8.737870299207127e-07,4.391980560448901e-13,True,True,instantaneous_BD_slow_variation,RUN01_KERNEL_PASS_NOT_FINAL_A2_CLOSURE
folded_delta0.01_K3.5750,folded_flattened,3.575,2.694723618090453,2.694723618090453,5.335552763819096,-5.90967530480249e-09,5.90967530480249e-09,-10902.638367952124,13083.166041542549,2.2604079965527212e-07,2.2604079965527212e-07,8.861370624002283e-07,4.517007034870376e-13,True,True,instantaneous_BD_slow_variation,RUN01_KERNEL_PASS_NOT_FINAL_A2_CLOSURE
folded_delta0.01_K3.6000,folded_flattened,3.6,2.7135678391959797,2.7135678391959797,5.37286432160804,4.904470536946759e-09,4.904470536946759e-09,8799.43331414817,10559.319976977802,2.2921310334216828e-07,2.2921310334216828e-07,8.98573761774337e-07,4.644684077800315e-13,True,True,instantaneous_BD_slow_variation,RUN01_KERNEL_PASS_NOT_FINAL_A2_CLOSURE
folded_delta0.01_K3.6250,folded_flattened,3.625,2.7324120603015074,2.7324120603015074,5.410175879396984,-1.6722509282609958e-09,1.6722509282609958e-09,-2918.383607382241,3502.060328858689,2.324075136749665e-07,2.324075136749665e-07,9.110971280430385e-07,4.775048889023501e-13,True,True,instantaneous_BD_slow_variation,RUN01_KERNEL_PASS_NOT_FINAL_A2_CLOSURE
folded_delta0.01_K3.6500,folded_flattened,3.6500000000000004,2.751256281407035,2.751256281407035,5.447487437185931,-2.183112672696632e-09,2.183112672696632e-09,-3706.619937684171,4447.943925221005,2.3562403065366633e-07,2.3562403065366633e-07,9.237071612063338e-07,4.908138927556645e-13,True,True,instantaneous_BD_slow_variation,RUN01_KERNEL_PASS_NOT_FINAL_A2_CLOSURE
folded_delta0.01_K3.6750,folded_flattened,3.6750000000000003,2.7701005025125625,2.7701005025125625,5.484798994974874,4.845270040769602e-09,4.845270040769602e-09,8005.0188515372065,9606.022621844648,2.388626542782678e-07,2.388626542782678e-07,9.364038612642211e-07,5.043991911648407e-13,True,True,instantaneous_BD_slow_variation,RUN01_KERNEL_PASS_NOT_FINAL_A2_CLOSURE
folded_delta0.01_K3.7000,folded_flattened,3.7,2.7889447236180906,2.7889447236180906,5.522110552763819,-5.1361014723801115e-09,5.1361014723801115e-09,-8258.493267681515,9910.191921217818,2.4212338454877125e-07,2.4212338454877125e-07,9.491872282167025e-07,5.18264581877942e-13,True,True,instantaneous_BD_slow_variation,RUN01_KERNEL_PASS_NOT_FINAL_A2_CLOSURE
folded_delta0.01_K3.7250,folded_flattened,3.725,2.807788944723618,2.807788944723618,5.559422110552765,3.030971943748658e-09,3.030971943748658e-09,4744.072247863068,5692.8866974356815,2.4540622146517607e-07,2.4540622146517607e-07,9.620572620637774e-07,5.324138885662237e-13,True,True,instantaneous_BD_slow_variation,RUN01_KERNEL_PASS_NOT_FINAL_A2_CLOSURE
folded_delta0.01_K3.7500,folded_flattened,3.75,2.8266331658291457,2.8266331658291457,5.596733668341708,3.837464968312942e-10,3.837464968312942e-10,584.7822720791625,701.7387264949949,2.487111650274828e-07,2.487111650274828e-07,9.750139628054434e-07,5.468509608241369e-13,True,True,instantaneous_BD_slow_variation,RUN01_KERNEL_PASS_NOT_FINAL_A2_CLOSURE
folded_delta0.01_K3.7750,folded_flattened,3.7750000000000004,2.8454773869346734,2.8454773869346734,5.634045226130653,-3.4650804319264497e-09,3.4650804319264497e-09,-5141.865276510526,6170.238331812631,2.5203821523569127e-07,2.5203821523569127e-07,9.880573304417045e-07,5.615796741693304e-13,True,True,instantaneous_BD_slow_variation,RUN01_KERNEL_PASS_NOT_FINAL_A2_CLOSURE
folded_delta0.01_K3.8000,folded_flattened,3.8000000000000003,2.8643216080402008,2.8643216080402008,5.671356783919597,4.7996710310604386e-09,4.7996710310604386e-09,6936.695452147251,8324.034542576701,2.553873720898013e-07,2.553873720898013e-07,1.0011873649725572e-06,5.766039300426429e-13,True,True,instantaneous_BD_slow_variation,RUN01_KERNEL_PASS_NOT_FINAL_A2_CLOSURE
folded_delta0.01_K3.8250,folded_flattened,3.825,2.883165829145729,2.883165829145729,5.708668341708543,-3.84762179460047e-09,3.84762179460047e-09,-5416.796231835135,6500.155478202161,2.587586355898133e-07,2.587586355898133e-07,1.0144040663980033e-06,5.919276558081132e-13,True,True,instantaneous_BD_slow_variation,RUN01_KERNEL_PASS_NOT_FINAL_A2_CLOSURE
folded_delta0.01_K3.8500,folded_flattened,3.85,2.9020100502512562,2.9020100502512562,5.745979899497487,1.1528408266078875e-09,1.1528408266078875e-09,1581.2576599250533,1897.509191910064,2.6215200573572675e-07,2.6215200573572675e-07,1.027707434718043e-06,6.075548047529714e-13,True,True,instantaneous_BD_slow_variation,RUN01_KERNEL_PASS_NOT_FINAL_A2_CLOSURE
folded_delta0.01_K4.0000,folded_flattened,4.0,3.015075376884422,3.015075376884422,5.9698492462311545,2.9549877083727313e-09,2.9549877083727313e-09,3478.5142509548436,4174.217101145812,2.8297646617514413e-07,2.8297646617514413e-07,1.109347649424735e-06,7.079142355968008e-13,True,True,instantaneous_BD_slow_variation,RUN01_KERNEL_PASS_NOT_FINAL_A2_CLOSURE
folded_delta0.01_K4.2500,folded_flattened,4.25,3.2035175879396984,3.2035175879396984,6.342964824120602,3.268664468625074e-09,3.268664468625074e-09,3019.22424922577,3623.069099070924,3.1945243191297716e-07,3.1945243191297716e-07,1.2523480255033357e-06,9.021811009520268e-13,True,True,instantaneous_BD_slow_variation,RUN01_KERNEL_PASS_NOT_FINAL_A2_CLOSURE
folded_delta0.01_K4.5000,folded_flattened,4.5,3.3919597989949746,3.3919597989949746,6.716080402010051,1.9920500930626153e-09,1.9920500930626153e-09,1463.9734180486535,1756.768101658384,3.5813906224098176e-07,3.5813906224098176e-07,1.4040150910412455e-06,1.1339288840582464e-12,True,True,instantaneous_BD_slow_variation,RUN01_KERNEL_PASS_NOT_FINAL_A2_CLOSURE
folded_delta0.01_K4.7500,folded_flattened,4.75,3.580402010050251,3.580402010050251,7.089195979899497,2.1955479767401936e-10,2.1955479767401936e-10,129.9730713312271,155.9676855974725,3.990363571591583e-07,3.990363571591583e-07,1.5643488460384648e-06,1.4076941440334954e-12,True,True,instantaneous_BD_slow_variation,RUN01_KERNEL_PASS_NOT_FINAL_A2_CLOSURE
folded_delta0.01_K5.0000,folded_flattened,5.0,3.7688442211055273,3.7688442211055273,7.462311557788944,-1.1126244073290717e-09,1.1126244073290717e-09,-536.4818996205522,643.7782795446626,4.421443166675063e-07,4.421443166675063e-07,1.7333492904949932e-06,1.7282726719454076e-12,True,True,instantaneous_BD_slow_variation,RUN01_KERNEL_PASS_NOT_FINAL_A2_CLOSURE
folded_delta0.01_K5.2500,folded_flattened,5.25,3.9572864321608034,3.9572864321608034,7.83542713567839,-1.5521232467974441e-09,1.5521232467974441e-09,-615.71097171969,738.8531660636279,4.874629407660264e-07,4.874629407660264e-07,1.91101642441083e-06,2.1007194908112226e-12,True,True,instantaneous_BD_slow_variation,RUN01_KERNEL_PASS_NOT_FINAL_A2_CLOSURE
folded_delta0.01_K5.5000,folded_flattened,5.5,4.14572864321608,4.14572864321608,8.208542713567837,-1.163949009964659e-09,1.163949009964659e-09,-383.3295579611836,459.99546955342026,5.349922294547177e-07,5.349922294547177e-07,2.097350247785976e-06,2.530348855597777e-12,True,True,instantaneous_BD_slow_variation,RUN01_KERNEL_PASS_NOT_FINAL_A2_CLOSURE
folded_delta0.01_K5.7500,folded_flattened,5.75,4.334170854271357,4.334170854271357,8.581658291457288,-3.499150915566692e-10,3.499150915566692e-10,-96.46759695126534,115.7611163415184,5.847321827335813e-07,5.847321827335813e-07,2.2923507606204334e-06,3.0227342532215207e-12,True,True,instantaneous_BD_slow_variation,RUN01_KERNEL_PASS_NOT_FINAL_A2_CLOSURE
folded_delta0.01_K6.0000,folded_flattened,6.0,4.522613065326633,4.522613065326633,8.954773869346733,4.1449607047487016e-10,4.1449607047487016e-10,96.3843463984842,115.66121567818104,6.366828006026161e-07,6.366828006026161e-07,2.496017962914197e-06,3.5837084025484867e-12,True,True,instantaneous_BD_slow_variation,RUN01_KERNEL_PASS_NOT_FINAL_A2_CLOSURE
folded_delta0.001_K0.1000,folded_flattened,0.1,0.0750375187593797,0.0750375187593797,0.14992496248124063,0.2784171853662131,0.2784171853662131,7.726136502487505e+17,9.271363802985005e+17,1.8666291049864383e-10,1.8666291049864383e-10,7.110543293332215e-10,3.002979834278254e-19,True,True,instantaneous_BD_slow_variation,RUN01_KERNEL_PASS_NOT_FINAL_A2_CLOSURE
folded_delta0.001_K0.2000,folded_flattened,0.2,0.1500750375187594,0.1500750375187594,0.29984992496248125,-0.005081420644223667,0.005081420644223667,-938579165093830.0,1126294998112596.0,7.124557424947688e-10,7.124557424947688e-10,2.8100214178330808e-09,4.511624976350713e-18,True,True,instantaneous_BD_slow_variation,RUN01_KERNEL_PASS_NOT_FINAL_A2_CLOSURE
folded_delta0.001_K0.3000,folded_flattened,0.30000000000000004,0.22511255627813911,0.22511255627813911,0.4497748874437219,0.0004922939966635701,0.0004922939966635701,18177223722180.484,21812668466616.582,1.5887771291549773e-09,1.5887771291549773e-09,6.308299898666183e-09,2.2569177971828914e-17,True,True,instantaneous_BD_slow_variation,RUN01_KERNEL_PASS_NOT_FINAL_A2_CLOSURE
folded_delta0.001_K0.4000,folded_flattened,0.4,0.3001500750375188,0.3001500750375188,0.5996998499249625,-9.715495919656584e-05,9.715495919656584e-05,-1139819252910.0117,1367783103492.014,2.815627070479268e-09,2.815627070479268e-09,1.120588977183251e-08,7.10309689807724e-17,True,True,instantaneous_BD_slow_variation,RUN01_KERNEL_PASS_NOT_FINAL_A2_CLOSURE
folded_delta0.001_K0.5000,folded_flattened,0.5,0.3751875937968985,0.3751875937968985,0.749624812406203,2.821039399409752e-05,2.821039399409752e-05,135826809205.3442,162992171046.41302,4.393005566467645e-09,4.393005566467645e-09,1.7502791037332095e-08,1.7307821481845552e-16,True,True,instantaneous_BD_slow_variation,RUN01_KERNEL_PASS_NOT_FINAL_A2_CLOSURE
folded_delta0.001_K0.6000,folded_flattened,0.6,0.4502251125562781,0.4502251125562781,0.8995497748874436,-1.0316814278505418e-05,1.0316814278505418e-05,-23980411274.794403,28776493529.753284,6.3209126171201e-09,6.3209126171201e-09,2.5199003695164907e-08,3.5851533710451583e-16,True,True,instantaneous_BD_slow_variation,RUN01_KERNEL_PASS_NOT_FINAL_A2_CLOSURE
folded_delta0.001_K0.7000,folded_flattened,0.7000000000000001,0.5252626313156579,0.5252626313156579,1.0494747373686844,4.335302547126773e-06,4.335302547126773e-06,5442777359.627539,6531332831.553046,8.599348222436647e-09,8.599348222436647e-09,3.429452774533095e-08,6.637699622629562e-16,True,True,instantaneous_BD_slow_variation,RUN01_KERNEL_PASS_NOT_FINAL_A2_CLOSURE
folded_delta0.001_K0.8000,folded_flattened,0.8,0.6003001500750376,0.6003001500750376,1.199399699849925,-1.9605077730778464e-06,1.9605077730778464e-06,-1443384304.7342634,1732061165.681116,1.1228312382417269e-08,1.1228312382417269e-08,4.478936318783027e-08,1.1318929215221426e-15,True,True,instantaneous_BD_slow_variation,RUN01_KERNEL_PASS_NOT_FINAL_A2_CLOSURE
folded_delta0.001_K0.9000,folded_flattened,0.9,0.6753376688344173,0.6753376688344173,1.3493246623311657,8.979669426308844e-07,8.979669426308844e-07,412845096.2323909,495414115.478869,1.4207805097061983e-08,1.4207805097061983e-08,5.6683510022662806e-08,1.8125582509148056e-15,True,True,instantaneous_BD_slow_variation,RUN01_KERNEL_PASS_NOT_FINAL_A2_CLOSURE
folded_delta0.001_K1.0000,folded_flattened,1.0,0.750375187593797,0.750375187593797,1.499249624812406,-3.8265438891437576e-07,3.8265438891437576e-07,-115449443.16827807,138539331.80193368,1.753782636637078e-08,1.753782636637078e-08,6.997696824982851e-08,2.7620631912780367e-15,True,True,instantaneous_BD_slow_variation,RUN01_KERNEL_PASS_NOT_FINAL_A2_CLOSURE
folded_delta0.001_K1.2500,folded_flattened,1.25,0.9379689844922461,0.9379689844922461,1.8740620310155076,-3.3297376345250225e-07,3.3297376345250225e-07,-41161451.69296387,49393742.031556636,2.7396441966298102e-08,2.7396441966298102e-08,1.0933260115920087e-07,6.7412135577776675e-15,True,True,instantaneous_BD_slow_variation,RUN01_KERNEL_PASS_NOT_FINAL_A2_CLOSURE
folded_delta0.001_K1.5000,folded_flattened,1.5,1.1255627813906954,1.1255627813906954,2.2488744372186096,-1.1319117708974614e-07,1.1319117708974614e-07,-6749038.695109067,8098846.43413088,3.9445861032875976e-08,3.9445861032875976e-08,1.5743393027065603e-07,1.3976209823256531e-14,True,True,instantaneous_BD_slow_variation,RUN01_KERNEL_PASS_NOT_FINAL_A2_CLOSURE
folded_delta0.001_K1.7500,folded_flattened,1.75,1.3131565782891448,1.3131565782891448,2.623686843421711,5.657190755479122e-09,5.657190755479122e-09,182090.55661016892,218508.6679322027,5.368608356610438e-08,5.368608356610438e-08,2.142809555841938e-07,2.5890006144902202e-14,True,True,instantaneous_BD_slow_variation,RUN01_KERNEL_PASS_NOT_FINAL_A2_CLOSURE
folded_delta0.001_K2.0000,folded_flattened,2.0,1.500750375187594,1.500750375187594,2.998499249624812,3.945451969928752e-08,3.945451969928752e-08,744465.2030699367,893358.243683924,7.011710956598326e-08,7.011710956598326e-08,2.798736770998145e-07,4.416427561757273e-14,True,True,instantaneous_BD_slow_variation,RUN01_KERNEL_PASS_NOT_FINAL_A2_CLOSURE
folded_delta0.001_K2.2500,folded_flattened,2.25,1.6883441720860433,1.6883441720860433,3.373311655827914,3.1561369796151747e-08,3.1561369796151747e-08,371803.23379845335,446163.880558144,8.873893903251269e-08,8.873893903251269e-08,3.542120948175178e-07,7.073941027379663e-14,True,True,instantaneous_BD_slow_variation,RUN01_KERNEL_PASS_NOT_FINAL_A2_CLOSURE
folded_delta0.001_K2.5000,folded_flattened,2.5,1.8759379689844922,1.8759379689844922,3.7481240620310152,1.2449257065356988e-08,1.2449257065356988e-08,96224.33771918816,115469.20526302578,1.0955157196569261e-07,1.0955157196569261e-07,4.372962087373037e-07,1.0781452108377285e-13,True,True,instantaneous_BD_slow_variation,RUN01_KERNEL_PASS_NOT_FINAL_A2_CLOSURE
folded_delta0.001_K2.7500,folded_flattened,2.75,2.0635317658829413,2.0635317658829413,4.1229364682341165,-2.5902429058895814e-09,2.5902429058895814e-09,-13674.822872438894,16409.78744692667,1.3255500836552303e-07,1.3255500836552303e-07,5.291260188591724e-07,1.5784743795537087e-13,True,True,instantaneous_BD_slow_variation,RUN01_KERNEL_PASS_NOT_FINAL_A2_CLOSURE
folded_delta0.001_K3.0000,folded_flattened,3.0,2.251125562781391,2.251125562781391,4.497748874437219,-9.032207520076412e-09,9.032207520076412e-09,-33668.89299274971,40402.671591299644,1.577492482320041e-07,1.577492482320041e-07,6.297015251831245e-07,2.23554709734131e-13,True,True,instantaneous_BD_slow_variation,RUN01_KERNEL_PASS_NOT_FINAL_A2_CLOSURE
folded_delta0.001_K3.2500,folded_flattened,3.25,2.43871935967984,2.43871935967984,4.87256128064032,-8.310298945493305e-09,8.310298945493305e-09,-22491.02997973673,26989.235975684074,1.851342915651356e-07,1.851342915651356e-07,7.390227277091587e-07,3.079116042032631e-13,True,True,instantaneous_BD_slow_variation,RUN01_KERNEL_PASS_NOT_FINAL_A2_CLOSURE
folded_delta0.001_K3.3500,folded_flattened,3.35,2.51375687843922,2.51375687843922,5.022486243121562,7.403423678760355e-09,7.403423678760355e-09,17749.31572345293,21299.178868143517,1.9670173386905035e-07,1.9670173386905035e-07,7.85200003656156e-07,3.475919764133918e-13,True,True,instantaneous_BD_slow_variation,RUN01_KERNEL_PASS_NOT_FINAL_A2_CLOSURE
folded_delta0.001_K3.3750,folded_flattened,3.375,2.5325162581290646,2.5325162581290646,5.059967483741871,-6.384738598961808e-09,6.384738598961808e-09,-14858.560854439524,17830.273025327428,1.9964836453169527e-07,1.9964836453169527e-07,7.969629650479566e-07,3.58084174588491e-13,True,True,instantaneous_BD_slow_variation,RUN01_KERNEL_PASS_NOT_FINAL_A2_CLOSURE
folded_delta0.001_K3.4000,folded_flattened,3.4,2.5512756378189096,2.5512756378189096,5.097448724362182,2.457327853943574e-09,2.457327853943574e-09,5552.347697556255,6662.8172370675065,2.026169032290067e-07,2.026169032290067e-07,8.088133834017788e-07,3.688121355442001e-13,True,True,instantaneous_BD_slow_variation,RUN01_KERNEL_PASS_NOT_FINAL_A2_CLOSURE
folded_delta0.001_K3.4250,folded_flattened,3.4250000000000003,2.5700350175087543,2.5700350175087543,5.134929964982491,2.4109302268349634e-09,2.4109302268349634e-09,5290.199278663933,6348.239134396719,2.056073499609847e-07,2.056073499609847e-07,8.207512587176221e-07,3.797793649221245e-13,True,True,instantaneous_BD_slow_variation,RUN01_KERNEL_PASS_NOT_FINAL_A2_CLOSURE
folded_delta0.001_K3.4500,folded_flattened,3.45,2.5887943971985994,2.5887943971985994,5.172411205602803,-5.916839930138884e-09,5.916839930138884e-09,-12610.82784974273,15132.993419691276,2.086197047276293e-07,2.086197047276293e-07,8.327765909954862e-07,3.909893942357633e-13,True,True,instantaneous_BD_slow_variation,RUN01_KERNEL_PASS_NOT_FINAL_A2_CLOSURE
folded_delta0.001_K3.4750,folded_flattened,3.475,2.6075537768884445,2.6075537768884445,5.209892446223112,6.5042651171581884e-09,6.5042651171581884e-09,13468.201652508249,16161.8419830099,2.1165396752894016e-07,2.1165396752894016e-07,8.448893802353704e-07,4.0244578087050863e-13,True,True,instantaneous_BD_slow_variation,RUN01_KERNEL_PASS_NOT_FINAL_A2_CLOSURE
folded_delta0.001_K3.5000,folded_flattened,3.5,2.6263131565782896,2.6263131565782896,5.247373686843422,-4.046248786433589e-09,4.046248786433589e-09,-8141.631837386722,9769.958204864066,2.147101383649177e-07,2.147101383649177e-07,8.570896264372758e-07,4.141521080836483e-13,True,True,instantaneous_BD_slow_variation,RUN01_KERNEL_PASS_NOT_FINAL_A2_CLOSURE
folded_delta0.001_K3.5250,folded_flattened,3.525,2.6450725362681338,2.6450725362681338,5.284854927463731,-1.6781255067654456e-10,1.6781255067654456e-10,-328.1855407775546,393.82264893306547,2.1778821723556162e-07,2.1778821723556162e-07,8.693773296012017e-07,4.2611198500436214e-13,True,True,instantaneous_BD_slow_variation,RUN01_KERNEL_PASS_NOT_FINAL_A2_CLOSURE
folded_delta0.001_K3.5500,folded_flattened,3.5500000000000003,2.6638319159579793,2.6638319159579793,5.322336168084042,4.099043375083338e-09,4.099043375083338e-09,7792.9343388700245,9351.521206644029,2.2088820414087202e-07,2.2088820414087202e-07,8.81752489727149e-07,4.3832904663372485e-13,True,True,instantaneous_BD_slow_variation,RUN01_KERNEL_PASS_NOT_FINAL_A2_CLOSURE
folded_delta0.001_K3.5750,folded_flattened,3.575,2.6825912956478244,2.6825912956478244,5.3598174087043535,-5.93934615454782e-09,5.93934615454782e-09,-10979.101113189237,13174.921335827084,2.2401009908084916e-07,2.2401009908084916e-07,8.942151068151175e-07,4.50806953844705e-13,True,True,instantaneous_BD_slow_variation,RUN01_KERNEL_PASS_NOT_FINAL_A2_CLOSURE
folded_delta0.001_K3.6000,folded_flattened,3.6,2.701350675337669,2.701350675337669,5.397298649324663,4.936718523815928e-09,4.936718523815928e-09,8874.851659633818,10649.82199156058,2.2715390205549266e-07,2.2715390205549266e-07,9.067651808651061e-07,4.635493933821632e-13,True,True,instantaneous_BD_slow_variation,RUN01_KERNEL_PASS_NOT_FINAL_A2_CLOSURE
folded_delta0.001_K3.6250,folded_flattened,3.625,2.720110055027514,2.720110055027514,5.4347798899449735,-1.6919784567497997e-09,1.6919784567497997e-09,-2958.6658908035192,3550.399068964223,2.3031961306480274e-07,2.3031961306480274e-07,9.194027118771155e-07,4.765600778628555e-13,True,True,instantaneous_BD_slow_variation,RUN01_KERNEL_PASS_NOT_FINAL_A2_CLOSURE
folded_delta0.001_K3.6500,folded_flattened,3.6500000000000004,2.7388694347173588,2.7388694347173588,5.472261130565283,-2.1844165338094408e-09,2.1844165338094408e-09,-3716.1867297355225,4459.424075682627,2.3350723210877912e-07,2.3350723210877912e-07,9.321276998511454e-07,4.898427457754309e-13,True,True,instantaneous_BD_slow_variation,RUN01_KERNEL_PASS_NOT_FINAL_A2_CLOSURE
folded_delta0.001_K3.6750,folded_flattened,3.6750000000000003,2.7576288144072034,2.7576288144072034,5.5097423711855935,4.865927058548492e-09,4.865927058548492e-09,8055.085140312469,9666.102168374962,2.3671675918742217e-07,2.3671675918742217e-07,9.449401447871967e-07,5.034011614804334e-13,True,True,instantaneous_BD_slow_variation,RUN01_KERNEL_PASS_NOT_FINAL_A2_CLOSURE
folded_delta0.001_K3.7000,folded_flattened,3.7,2.776388194097049,2.776388194097049,5.5472236118059035,-5.165544370184149e-09,5.165544370184149e-09,-8322.302358623081,9986.762830347698,2.399481943007318e-07,2.399481943007318e-07,9.578400466852689e-07,5.172391152102995e-13,True,True,instantaneous_BD_slow_variation,RUN01_KERNEL_PASS_NOT_FINAL_A2_CLOSURE
folded_delta0.001_K3.7250,folded_flattened,3.725,2.795147573786894,2.795147573786894,5.5847048524262135,3.0550932653622906e-09,3.0550932653622906e-09,4791.307263274015,5749.568715928817,2.4320153744870773e-07,2.4320153744870773e-07,9.708274055453622e-07,5.313604230693596e-13,True,True,instantaneous_BD_slow_variation,RUN01_KERNEL_PASS_NOT_FINAL_A2_CLOSURE
folded_delta0.001_K3.7500,folded_flattened,3.75,2.8139069534767382,2.8139069534767382,5.622186093046523,3.758781143459842e-10,3.758781143459842e-10,573.9274378579023,688.7129254294828,2.464767886313501e-07,2.464767886313501e-07,9.839022213674756e-07,5.457689270338376e-13,True,True,instantaneous_BD_slow_variation,RUN01_KERNEL_PASS_NOT_FINAL_A2_CLOSURE
folded_delta0.001_K3.7750,folded_flattened,3.7750000000000004,2.832666333166584,2.832666333166584,5.6596673336668335,-3.476313283303821e-09,3.476313283303821e-09,-5168.7610671771645,6202.513280612597,2.4977394784865927e-07,2.4977394784865927e-07,9.9706449415161e-07,5.604684949518528e-13,True,True,instantaneous_BD_slow_variation,RUN01_KERNEL_PASS_NOT_FINAL_A2_CLOSURE
folded_delta0.001_K3.8000,folded_flattened,3.8000000000000003,2.8514257128564284,2.8514257128564284,5.697148574287144,4.823852159043757e-09,4.823852159043757e-09,6985.465018077289,8382.558021692746,2.530930151006348e-07,2.530930151006348e-07,1.0103142238977657e-06,5.754630205434168e-13,True,True,instantaneous_BD_slow_variation,RUN01_KERNEL_PASS_NOT_FINAL_A2_CLOSURE
folded_delta0.001_K3.8250,folded_flattened,3.825,2.8701850925462735,2.8701850925462735,5.734629814907454,-3.872893329347394e-09,3.872893329347394e-09,-5463.1841143804995,6555.820937256599,2.5643399038727675e-07,2.5643399038727675e-07,1.023651410605942e-06,5.907564234004347e-13,True,True,instantaneous_BD_slow_variation,RUN01_KERNEL_PASS_NOT_FINAL_A2_CLOSURE
folded_delta0.001_K3.8500,folded_flattened,3.85,2.888944472236118,2.888944472236118,5.772111055527765,1.167416394973533e-09,1.167416394973533e-09,1604.4244177658488,1925.3093013190185,2.5979687370858533e-07,2.5979687370858533e-07,1.0370760542761395e-06,6.06352648986707e-13,True,True,instantaneous_BD_slow_variation,RUN01_KERNEL_PASS_NOT_FINAL_A2_CLOSURE
folded_delta0.001_K4.0000,folded_flattened,4.0,3.001500750375188,3.001500750375188,5.996998499249624,2.965046680008716e-09,2.965046680008716e-09,3497.275400294986,4196.730480353983,2.804342423644334e-07,2.804342423644334e-07,1.1194605124997576e-06,7.065134856500536e-13,True,True,instantaneous_BD_slow_variation,RUN01_KERNEL_PASS_NOT_FINAL_A2_CLOSURE
folded_delta0.001_K4.2500,folded_flattened,4.25,3.189094547273637,3.189094547273637,6.371810905452728,3.285216068731007e-09,3.285216068731007e-09,3040.5291425295204,3648.6349710354243,3.165824995641669e-07,3.165824995641669e-07,1.2637644998341233e-06,9.003959274661874e-13,True,True,instantaneous_BD_slow_variation,RUN01_KERNEL_PASS_NOT_FINAL_A2_CLOSURE
folded_delta0.001_K4.5000,folded_flattened,4.5,3.3766883441720865,3.3766883441720865,6.746623311655828,2.005127542910886e-09,2.005127542910886e-09,1476.505785057193,1771.8069420686315,3.54921560230551e-07,3.54921560230551e-07,1.4168141833705719e-06,1.1316851149538034e-12,True,True,instantaneous_BD_slow_variation,RUN01_KERNEL_PASS_NOT_FINAL_A2_CLOSURE
folded_delta0.001_K4.7500,folded_flattened,4.75,3.564282141070535,3.564282141070535,7.1214357178589305,2.2430294427582416e-10,2.2430294427582416e-10,133.0471721092868,159.65660653114415,3.9545142436358565e-07,3.9545142436358565e-07,1.5786095631091022e-06,1.404908629522133e-12,True,True,instantaneous_BD_slow_variation,RUN01_KERNEL_PASS_NOT_FINAL_A2_CLOSURE
folded_delta0.001_K5.0000,folded_flattened,5.0,3.7518759379689843,3.7518759379689843,7.4962481240620304,-1.1157090641342895e-09,1.1157090641342895e-09,-539.0358926848821,646.8430712218585,4.3817209196327067e-07,4.3817209196327067e-07,1.7491506390497154e-06,1.72485277151808e-12,True,True,instantaneous_BD_slow_variation,RUN01_KERNEL_PASS_NOT_FINAL_A2_CLOSURE
folded_delta0.001_K5.2500,folded_flattened,5.25,3.939469734867434,3.939469734867434,7.871060530265132,-1.5592097548935597e-09,1.5592097548935597e-09,-619.7484811858418,743.6981774230101,4.830835630296064e-07,4.830835630296064e-07,1.9284374111924115e-06,2.0965625602262202e-12,True,True,instantaneous_BD_slow_variation,RUN01_KERNEL_PASS_NOT_FINAL_A2_CLOSURE
folded_delta0.001_K5.5000,folded_flattened,5.5,4.127063531765883,4.127063531765883,8.245872936468233,-1.1705905447122287e-09,1.1705905447122287e-09,-386.281233747751,463.5374804973012,5.301858375625926e-07,5.301858375625926e-07,2.1164698795371905e-06,2.525341733868798e-12,True,True,instantaneous_BD_slow_variation,RUN01_KERNEL_PASS_NOT_FINAL_A2_CLOSURE
folded_delta0.001_K5.7500,folded_flattened,5.75,4.314657328664332,4.314657328664332,8.620685342671335,-3.5316700048099447e-10,3.5316700048099447e-10,-97.55716101448039,117.06859321737646,5.794789155622292e-07,5.794789155622292e-07,2.3132480440840506e-06,3.016752749605724e-12,True,True,instantaneous_BD_slow_variation,RUN01_KERNEL_PASS_NOT_FINAL_A2_CLOSURE
folded_delta0.001_K6.0000,folded_flattened,6.0,4.502251125562782,4.502251125562782,8.995497748874438,4.152254915904333e-10,4.152254915904333e-10,96.74540604545052,116.09448725454062,6.309627970285168e-07,6.309627970285168e-07,2.5187719048329985e-06,3.5766167835345966e-12,True,True,instantaneous_BD_slow_variation,RUN01_KERNEL_PASS_NOT_FINAL_A2_CLOSURE
isosceles_q0.001_K0.1000,isosceles,0.1,0.00014992503748125941,0.1499250374812594,0.1499250374812594,531620384.2165665,531620384.2165665,8.489999821426169e+26,1.0187999785711402e+27,1.139933282299835e-11,7.110550293394464e-10,7.110550293394464e-10,5.218103606187353e-19,True,True,instantaneous_BD_slow_variation,RUN01_KERNEL_PASS_NOT_FINAL_A2_CLOSURE
isosceles_q0.001_K0.2000,isosceles,0.2,0.00029985007496251883,0.2998500749625188,0.2998500749625188,-493226.87947030744,493226.87947030744,-5.163395143502847e+22,6.196074172203416e+22,1.1401431792186869e-11,2.8100242178579777e-09,2.8100242178579777e-09,7.960312703856942e-18,True,True,instantaneous_BD_slow_variation,RUN01_KERNEL_PASS_NOT_FINAL_A2_CLOSURE
isosceles_q0.001_K0.3000,isosceles,0.30000000000000004,0.0004497751124437782,0.4497751124437782,0.4497751124437782,-152748.74625776353,152748.74625776353,-3.1871563437017777e+21,3.824587612442133e+21,1.1404930074167734e-11,6.3083061987222e-09,6.3083061987222e-09,3.993861867900265e-17,True,True,instantaneous_BD_slow_variation,RUN01_KERNEL_PASS_NOT_FINAL_A2_CLOSURE
isosceles_q0.001_K0.4000,isosceles,0.4,0.0005997001499250377,0.5997001499250376,0.5997001499250376,53602.244687022,53602.244687022,3.5499699268277096e+20,4.259963912193251e+20,1.1409827668940946e-11,1.1205900971932104e-08,1.1205900971932104e-08,1.258279313906788e-16,True,True,instantaneous_BD_slow_variation,RUN01_KERNEL_PASS_NOT_FINAL_A2_CLOSURE
isosceles_q0.001_K0.5000,isosceles,0.5,0.0007496251874062969,0.7496251874062969,0.7496251874062969,-21019.785166357437,21019.785166357437,-5.710384856558706e+19,6.852461827870446e+19,1.1416124576506503e-11,1.7502808537487708e-08,1.7502808537487708e-08,3.0674793518535804e-16,True,True,instantaneous_BD_slow_variation,RUN01_KERNEL_PASS_NOT_FINAL_A2_CLOSURE
isosceles_q0.001_K0.6000,isosceles,0.6,0.0008995502248875562,0.8995502248875562,0.8995502248875562,9438.534159203915,9438.534159203915,1.2375481517421044e+19,1.4850577820905253e+19,1.1423820796864402e-11,2.5199028895388978e-08,2.5199028895388978e-08,6.355667956513605e-16,True,True,instantaneous_BD_slow_variation,RUN01_KERNEL_PASS_NOT_FINAL_A2_CLOSURE
isosceles_q0.001_K0.7000,isosceles,0.7000000000000001,0.0010494752623688157,1.0494752623688157,1.0494752623688157,-4661.553051501358,4661.553051501358,-3.300725393265685e+18,3.960870471918822e+18,1.1432916330014655e-11,3.4294562045635954e-08,3.4294562045635954e-08,1.1769011596188587e-15,True,True,instantaneous_BD_slow_variation,RUN01_KERNEL_PASS_NOT_FINAL_A2_CLOSURE
isosceles_q0.001_K0.8000,isosceles,0.8,0.0011994002998500753,1.1994002998500752,1.1994002998500752,2447.5582105237854,2447.5582105237854,1.0162002018964835e+18,1.21944024227578e+18,1.1443411175957236e-11,4.4789407988228614e-08,4.4789407988228614e-08,2.007116155159871e-15,True,True,instantaneous_BD_slow_variation,RUN01_KERNEL_PASS_NOT_FINAL_A2_CLOSURE
isosceles_q0.001_K0.9000,isosceles,0.9,0.0013493253373313345,1.3493253373313345,1.3493253373313345,-1330.8068405909914,1330.8068405909914,-3.45019736768003e+17,4.140236841216036e+17,1.1455305334692179e-11,5.668356672316698e-08,5.668356672316698e-08,3.2143253915882696e-15,True,True,instantaneous_BD_slow_variation,RUN01_KERNEL_PASS_NOT_FINAL_A2_CLOSURE
isosceles_q0.001_K1.0000,isosceles,1.0,0.0014992503748125939,1.4992503748125938,1.4992503748125938,732.9800852931958,732.9800852931958,1.2469742468487968e+17,1.496369096218556e+17,1.1468598806219467e-11,6.9977038250451e-08,6.9977038250451e-08,4.898390959459767e-15,True,True,instantaneous_BD_slow_variation,RUN01_KERNEL_PASS_NOT_FINAL_A2_CLOSURE
isosceles_q0.001_K1.2500,isosceles,1.25,0.0018740629685157421,1.8740629685157422,1.8740629685157422,135.61345113330054,135.61345113330054,9452134157357202.0,1.1342560988828642e+16,1.1507954478504193e-11,1.0933271053517352e-07,1.0933271053517352e-07,1.1956157984679745e-14,True,True,instantaneous_BD_slow_variation,RUN01_KERNEL_PASS_NOT_FINAL_A2_CLOSURE
isosceles_q0.001_K1.5000,isosceles,1.5,0.0022488755622188904,2.2488755622188905,2.2488755622188905,-6.8627755273759865,6.8627755273759865,-230705130092531.47,276846156111037.75,1.1556055855741074e-11,1.5743408777205648e-07,1.5743408777205648e-07,2.4789130626843368e-14,True,True,instantaneous_BD_slow_variation,RUN01_KERNEL_PASS_NOT_FINAL_A2_CLOSURE
isosceles_q0.001_K1.7500,isosceles,1.75,0.0026236881559220395,2.6236881559220393,2.6236881559220393,-23.444824632183213,23.444824632183213,-425452082999328.5,510542499599194.2,1.1612902937930115e-11,2.1428116996110008e-07,2.1428116996110008e-07,4.592139665275423e-14,True,True,instantaneous_BD_slow_variation,RUN01_KERNEL_PASS_NOT_FINAL_A2_CLOSURE
isosceles_q0.001_K2.0000,isosceles,2.0,0.0029985007496251877,2.9985007496251876,2.9985007496251876,-13.947047545950012,13.947047545950012,-148367854360320.75,178041425232384.88,1.167849572507132e-11,2.7987395710230425e-07,2.7987395710230425e-07,7.833596887772561e-14,True,True,instantaneous_BD_slow_variation,RUN01_KERNEL_PASS_NOT_FINAL_A2_CLOSURE
isosceles_q0.001_K2.2500,isosceles,2.25,0.003373313343328336,3.373313343328336,3.373313343328336,-4.467974558487183,4.467974558487183,-29673787663069.188,35608545195683.02,1.1752834217164684e-11,3.5421244919566867e-07,3.5421244919566867e-07,1.2547478516558027e-13,True,True,instantaneous_BD_slow_variation,RUN01_KERNEL_PASS_NOT_FINAL_A2_CLOSURE
isosceles_q0.001_K2.5000,isosceles,2.5,0.0037481259370314842,3.7481259370314843,3.7481259370314843,0.45107980856295304,0.45107980856295304,1965605413034.7278,2358726495641.6733,1.1835918414210209e-11,4.3729664624119415e-07,4.3729664624119415e-07,1.9123870842865155e-13,True,True,instantaneous_BD_slow_variation,RUN01_KERNEL_PASS_NOT_FINAL_A2_CLOSURE
isosceles_q0.001_K2.7500,isosceles,2.75,0.004122938530734633,4.122938530734633,4.122938530734633,1.8355471023113756,1.8355471023113756,5463181176970.712,6555817412364.854,1.1927748316207895e-11,5.291265482388797e-07,5.291265482388797e-07,2.799875266277811e-13,True,True,instantaneous_BD_slow_variation,RUN01_KERNEL_PASS_NOT_FINAL_A2_CLOSURE
isosceles_q0.001_K3.0000,isosceles,3.0,0.004497751124437781,4.497751124437781,4.497751124437781,1.4734042323685188,1.4734042323685188,3096376170226.853,3715651404272.2236,1.2028323923157742e-11,6.29702155188726e-07,6.29702155188726e-07,3.9653995277232184e-13,True,True,instantaneous_BD_slow_variation,RUN01_KERNEL_PASS_NOT_FINAL_A2_CLOSURE
isosceles_q0.001_K3.2500,isosceles,3.25,0.004872563718140929,4.872563718140929,4.872563718140929,0.6489333650547633,0.6489333650547633,990120686057.2555,1188144823268.7065,1.2137645235059749e-11,7.39023467090733e-07,7.39023467090733e-07,5.461736249201355e-13,True,True,instantaneous_BD_slow_variation,RUN01_KERNEL_PASS_NOT_FINAL_A2_CLOSURE
isosceles_q0.001_K3.3500,isosceles,3.35,0.00502248875562219,5.02248875562219,5.02248875562219,-0.7076727158202788,0.7076727158202788,-956480836771.3046,1147777004125.5654,1.2183822557207157e-11,7.852007892381409e-07,7.852007892381409e-07,6.16559412914375e-13,True,True,instantaneous_BD_slow_variation,RUN01_KERNEL_PASS_NOT_FINAL_A2_CLOSURE
isosceles_q0.001_K3.3750,isosceles,3.375,0.005059970014992504,5.059970014992504,5.059970014992504,0.28423972287263494,0.28423972287263494,372917774913.3279,447501329895.9934,1.2195585530367812e-11,7.969637623987968e-07,7.969637623987968e-07,6.351706774563036e-13,True,True,instantaneous_BD_slow_variation,RUN01_KERNEL_PASS_NOT_FINAL_A2_CLOSURE
isosceles_q0.001_K3.4000,isosceles,3.4,0.005097451274362818,5.097451274362818,5.097451274362818,0.23574993794535565,0.23574993794535565,300303023538.5573,360363628246.26874,1.2207435960577988e-11,8.08814192608974e-07,8.08814192608974e-07,6.542001452606271e-13,True,True,instantaneous_BD_slow_variation,RUN01_KERNEL_PASS_NOT_FINAL_A2_CLOSURE
isosceles_q0.001_K3.4250,isosceles,3.4250000000000003,0.005134932533733134,5.134932533733134,5.134932533733134,-0.6073480960828389,0.6073480960828389,-751310594586.3768,901572713503.6521,1.221937384783769e-11,8.207520798686741e-07,8.207520798686741e-07,6.736540347617549e-13,True,True,instantaneous_BD_slow_variation,RUN01_KERNEL_PASS_NOT_FINAL_A2_CLOSURE
isosceles_q0.001_K3.4500,isosceles,3.45,0.005172413793103449,5.172413793103449,5.172413793103449,0.6724716692887934,0.6724716692887934,808019985374.8397,969623982449.8076,1.2231399192146903e-11,8.327774241778942e-07,8.327774241778942e-07,6.93538610286595e-13,True,True,instantaneous_BD_slow_variation,RUN01_KERNEL_PASS_NOT_FINAL_A2_CLOSURE
isosceles_q0.001_K3.4750,isosceles,3.475,0.005209895052473764,5.2098950524737635,5.2098950524737635,-0.42511935348453933,0.42511935348453933,-496268228442.3913,595521874130.8695,1.2243511993505646e-11,8.44890225536636e-07,8.44890225536636e-07,7.138601820545668e-13,True,True,instantaneous_BD_slow_variation,RUN01_KERNEL_PASS_NOT_FINAL_A2_CLOSURE
isosceles_q0.001_K3.5000,isosceles,3.5,0.005247376311844079,5.247376311844079,5.247376311844079,0.002298201585131125,0.002298201585131125,2607000457.1097293,3128400548.531675,1.225571225191392e-11,8.570904839449006e-07,8.570904839449006e-07,7.346251061775941e-13,True,True,instantaneous_BD_slow_variation,RUN01_KERNEL_PASS_NOT_FINAL_A2_CLOSURE
isosceles_q0.001_K3.5250,isosceles,3.525,0.005284857571214393,5.284857571214393,5.284857571214393,0.3894378105753828,0.3894378105753828,429365475857.77155,515238571029.3258,1.2267999967371705e-11,8.693781994026853e-07,8.693781994026853e-07,7.558397846600991e-13,True,True,instantaneous_BD_slow_variation,RUN01_KERNEL_PASS_NOT_FINAL_A2_CLOSURE
isosceles_q0.001_K3.5500,isosceles,3.5500000000000003,0.005322338830584708,5.322338830584708,5.322338830584708,-0.573462264419604,0.573462264419604,-614634938936.0709,737561926723.285,1.228037513987901e-11,8.817533719099936e-07,8.817533719099936e-07,7.775106653990192e-13,True,True,instantaneous_BD_slow_variation,RUN01_KERNEL_PASS_NOT_FINAL_A2_CLOSURE
isosceles_q0.001_K3.5750,isosceles,3.575,0.005359820089955024,5.359820089955024,5.359820089955024,0.4813268692905368,0.4813268692905368,501605217982.16473,601926261578.5977,1.2292837769435837e-11,8.942160014668222e-07,8.942160014668222e-07,7.996442421837856e-13,True,True,instantaneous_BD_slow_variation,RUN01_KERNEL_PASS_NOT_FINAL_A2_CLOSURE
isosceles_q0.001_K3.6000,isosceles,3.6,0.005397301349325338,5.397301349325338,5.397301349325338,-0.17580622215088143,0.17580622215088143,-178176600680.9709,213811920817.16507,1.230538785604219e-11,9.067660880731728e-07,9.067660880731728e-07,8.222470546963418e-13,True,True,instantaneous_BD_slow_variation,RUN01_KERNEL_PASS_NOT_FINAL_A2_CLOSURE
isosceles_q0.001_K3.6250,isosceles,3.625,0.005434782608695652,5.434782608695652,5.434782608695652,-0.18757446333596178,0.18757446333596178,-184913406636.53516,221896087963.8422,1.2318025399698058e-11,9.194036317290444e-07,9.194036317290444e-07,8.453256885111328e-13,True,True,instantaneous_BD_slow_variation,RUN01_KERNEL_PASS_NOT_FINAL_A2_CLOSURE
isosceles_q0.001_K3.6500,isosceles,3.6500000000000004,0.005472263868065968,5.472263868065967,5.472263868065967,0.43839781697723607,0.43839781697723607,420459287238.7847,504551144686.5416,1.2330750400403457e-11,9.321286324344383e-07,9.321286324344383e-07,8.688867750951113e-13,True,True,instantaneous_BD_slow_variation,RUN01_KERNEL_PASS_NOT_FINAL_A2_CLOSURE
isosceles_q0.001_K3.6750,isosceles,3.6750000000000003,0.005509745127436283,5.5097451274362825,5.5097451274362825,-0.47021565688713096,0.47021565688713096,-438828701615.3192,526594441938.38306,1.2343562858158369e-11,9.449410901893534e-07,9.449410901893534e-07,8.929369918077317e-13,True,True,instantaneous_BD_slow_variation,RUN01_KERNEL_PASS_NOT_FINAL_A2_CLOSURE
isosceles_q0.001_K3.7000,isosceles,3.7,0.005547226386806598,5.547226386806598,5.547226386806598,0.2844288105698139,0.2844288105698139,258341563621.98395,310009876346.38074,1.2356462772962804e-11,9.578410049937901e-07,9.578410049937901e-07,9.174830619009552e-13,True,True,instantaneous_BD_slow_variation,RUN01_KERNEL_PASS_NOT_FINAL_A2_CLOSURE
isosceles_q0.001_K3.7250,isosceles,3.725,0.005584707646176912,5.584707646176912,5.584707646176912,0.018225570269951048,0.018225570269951048,16114019662.611855,19336823595.134224,1.2369450144816758e-11,9.708283768477488e-07,9.708283768477488e-07,9.425317545192478e-13,True,True,instantaneous_BD_slow_variation,RUN01_KERNEL_PASS_NOT_FINAL_A2_CLOSURE
isosceles_q0.001_K3.7500,isosceles,3.75,0.005622188905547227,5.622188905547227,5.622188905547227,-0.2908706994620393,0.2908706994620393,-250381966987.4141,300458360384.8969,1.2382524973720245e-11,9.839032057512288e-07,9.839032057512288e-07,9.680898846995787e-13,True,True,instantaneous_BD_slow_variation,RUN01_KERNEL_PASS_NOT_FINAL_A2_CLOSURE
isosceles_q0.001_K3.7750,isosceles,3.7750000000000004,0.005659670164917542,5.659670164917542,5.659670164917542,0.41088557084295196,0.41088557084295196,344414537681.3606,413297445217.6327,1.239568725967324e-11,9.970654917042308e-07,9.970654917042308e-07,9.94164313371425e-13,True,True,instantaneous_BD_slow_variation,RUN01_KERNEL_PASS_NOT_FINAL_A2_CLOSURE
isosceles_q0.001_K3.8000,isosceles,3.8000000000000003,0.005697151424287857,5.697151424287856,5.697151424287856,-0.33417420828619027,0.33417420828619027,-272814349737.73434,327377219685.2812,1.240893700267577e-11,1.0103152347067532e-06,1.0103152347067532e-06,1.0207619473567624e-12,True,True,instantaneous_BD_slow_variation,RUN01_KERNEL_PASS_NOT_FINAL_A2_CLOSURE
isosceles_q0.001_K3.8250,isosceles,3.825,0.0057346326836581725,5.734632683658172,5.734632683658172,0.10972511999624648,0.10972511999624648,87258798861.6416,104710558633.96992,1.2422274202727812e-11,1.0236524347587989e-06,1.0236524347587989e-06,1.0478897393700824e-12,True,True,instantaneous_BD_slow_variation,RUN01_KERNEL_PASS_NOT_FINAL_A2_CLOSURE
isosceles_q0.001_K3.8500,isosceles,3.85,0.005772113943028487,5.7721139430284865,5.7721139430284865,0.14934959508602125,0.14934959508602125,115715172172.5304,138858206607.03647,1.243569885982938e-11,1.0370770918603644e-06,1.0370770918603644e-06,1.0755546880183683e-12,True,True,instantaneous_BD_slow_variation,RUN01_KERNEL_PASS_NOT_FINAL_A2_CLOSURE
isosceles_q0.001_K4.0000,isosceles,4.0,0.0059970014992503755,5.997001499250375,5.997001499250375,-0.299609530696826,0.299609530696826,-199226102370.78748,239071322844.94495,1.2518083400478732e-11,1.1194616325097173e-06,1.1194616325097173e-06,1.2532223736894803e-12,True,True,instantaneous_BD_slow_variation,RUN01_KERNEL_PASS_NOT_FINAL_A2_CLOSURE
isosceles_q0.001_K4.2500,isosceles,4.25,0.006371814092953524,6.371814092953524,6.371814092953524,-0.1696184850969475,0.1696184850969475,-88501383365.02531,106201660038.03038,1.2662387532189383e-11,1.263765764220366e-06,1.263765764220366e-06,1.5971359113991986e-12,True,True,instantaneous_BD_slow_variation,RUN01_KERNEL_PASS_NOT_FINAL_A2_CLOSURE
isosceles_q0.001_K4.5000,isosceles,4.5,0.006746626686656672,6.746626686656672,6.746626686656672,-0.02613500812506449,0.02613500812506449,-10849428853.681131,13019314624.417356,1.2815437368852186e-11,1.4168156008831758e-06,1.4168156008831758e-06,2.0074027611291473e-12,True,True,instantaneous_BD_slow_variation,RUN01_KERNEL_PASS_NOT_FINAL_A2_CLOSURE
isosceles_q0.001_K4.7500,isosceles,4.75,0.007121439280359821,7.12143928035982,7.12143928035982,0.06294479273796068,0.06294479273796068,21048497186.30222,25258196623.562664,1.2977232910467163e-11,1.5786111424981458e-06,1.5786111424981458e-06,2.4920541112282438e-12,True,True,instantaneous_BD_slow_variation,RUN01_KERNEL_PASS_NOT_FINAL_A2_CLOSURE
isosceles_q0.001_K5.0000,isosceles,5.0,0.0074962518740629685,7.496251874062969,7.496251874062969,0.0845037470047251,0.0845037470047251,23016161513.093426,27619393815.71211,1.3147774157034291e-11,1.7491523890652775e-06,1.7491523890652775e-06,3.0595800750939236e-12,True,True,instantaneous_BD_slow_variation,RUN01_KERNEL_PASS_NOT_FINAL_A2_CLOSURE
isosceles_q0.001_K5.2500,isosceles,5.25,0.007871064467766118,7.871064467766117,7.871064467766117,0.05917121801703416,0.05917121801703416,13259016018.66191,15910819222.39429,1.3327061108553585e-11,1.928439340584568e-06,1.928439340584568e-06,3.718929691172116e-12,True,True,instantaneous_BD_slow_variation,RUN01_KERNEL_PASS_NOT_FINAL_A2_CLOSURE
isosceles_q0.001_K5.5000,isosceles,5.5,0.008245877061469266,8.245877061469265,8.245877061469265,0.017837133196187998,0.017837133196187998,3318281374.7168875,3981937649.660265,1.3515093765025035e-11,2.11647199705602e-06,2.11647199705602e-06,4.479510922957281e-12,True,True,instantaneous_BD_slow_variation,RUN01_KERNEL_PASS_NOT_FINAL_A2_CLOSURE
isosceles_q0.001_K5.7500,isosceles,5.75,0.008620689655172415,8.620689655172415,8.620689655172415,-0.015065373664928805,0.015065373664928805,-2346109278.1305146,2815331133.7566175,1.3711872126448648e-11,2.3132503584796316e-06,2.3132503584796316e-06,5.351190658992368e-12,True,True,instantaneous_BD_slow_variation,RUN01_KERNEL_PASS_NOT_FINAL_A2_CLOSURE
isosceles_q0.001_K6.0000,isosceles,6.0,0.008995502248875561,8.995502248875562,8.995502248875562,-0.028607538192632145,0.028607538192632145,-3757646237.9924083,4509175485.59089,1.3917396192824418e-11,2.518774424855405e-06,2.518774424855405e-06,6.344294712868858e-12,True,True,instantaneous_BD_slow_variation,RUN01_KERNEL_PASS_NOT_FINAL_A2_CLOSURE
isosceles_q0.003_K0.1000,isosceles,0.1,0.0004493260109835248,0.14977533699450826,0.14977533699450826,2028905.2632723579,2028905.2632723579,3.252686799384142e+24,3.9032241592609704e+24,1.1404917505493096e-11,7.096585099346911e-10,7.096585099346911e-10,5.198023942484787e-19,True,True,instantaneous_BD_slow_variation,RUN01_KERNEL_PASS_NOT_FINAL_A2_CLOSURE
isosceles_q0.003_K0.2000,isosceles,0.2,0.0008986520219670496,0.2995506739890165,0.2995506739890165,647.8964059090005,647.8964059090005,6.809398741797079e+19,8.171278490156494e+19,1.1423770522165831e-11,2.8044381402389595e-09,2.8044381402389595e-09,7.928947797942353e-18,True,True,instantaneous_BD_slow_variation,RUN01_KERNEL_PASS_NOT_FINAL_A2_CLOSURE
isosceles_q0.003_K0.3000,isosceles,0.30000000000000004,0.0013479780329505742,0.44932601098352476,0.44932601098352476,-887.3109519370546,887.3109519370546,-1.8587621757833634e+19,2.230514610940036e+19,1.14551922166204e-11,6.295737524079405e-09,6.295737524079405e-09,3.9780548739068923e-17,True,True,instantaneous_BD_slow_variation,RUN01_KERNEL_PASS_NOT_FINAL_A2_CLOSURE
isosceles_q0.003_K0.4000,isosceles,0.4,0.0017973040439340992,0.599101347978033,0.599101347978033,271.34681610438747,271.34681610438747,1.8042279802152525e+18,2.165073576258303e+18,1.1499182588856787e-11,1.1183556661456028e-08,1.1183556661456028e-08,1.2532914312008331e-16,True,True,instantaneous_BD_slow_variation,RUN01_KERNEL_PASS_NOT_FINAL_A2_CLOSURE
isosceles_q0.003_K0.5000,isosceles,0.5,0.0022466300549176233,0.7488766849725411,0.7488766849725411,-100.83248789820158,100.83248789820158,-2.750197202432112e+17,3.3002366429185344e+17,1.1555741638875002e-11,1.7467895552368817e-08,1.7467895552368817e-08,3.055310840044224e-16,True,True,instantaneous_BD_slow_variation,RUN01_KERNEL_PASS_NOT_FINAL_A2_CLOSURE
isosceles_q0.003_K0.6000,isosceles,0.6,0.002695956065901148,0.8986520219670493,0.8986520219670493,43.763299130949584,43.763299130949584,5.7609557716982936e+16,6.913146926037952e+16,1.1624869366675041e-11,2.5148754196817793e-08,2.5148754196817793e-08,6.330445396165059e-16,True,True,instantaneous_BD_slow_variation,RUN01_KERNEL_PASS_NOT_FINAL_A2_CLOSURE
isosceles_q0.003_K0.7000,isosceles,0.7000000000000001,0.003145282076884673,1.0484273589615576,1.0484273589615576,-21.029554960850366,21.029554960850366,-1.4949827856731022e+16,1.7939793428077226e+16,1.170656577225691e-11,3.422613259480296e-08,3.422613259480296e-08,1.1722294933417357e-15,True,True,instantaneous_BD_slow_variation,RUN01_KERNEL_PASS_NOT_FINAL_A2_CLOSURE
isosceles_q0.003_K0.8000,isosceles,0.8,0.0035946080878681984,1.198202695956066,1.198202695956066,10.756018284126235,10.756018284126235,4483584866717825.0,5380301840061390.0,1.1800830855620597e-11,4.47000307463243e-08,4.47000307463243e-08,1.9991477437264947e-15,True,True,instantaneous_BD_slow_variation,RUN01_KERNEL_PASS_NOT_FINAL_A2_CLOSURE
isosceles_q0.003_K0.9000,isosceles,0.9,0.004043934098851723,1.3479780329505742,1.3479780329505742,-5.683759098023022,5.683759098023022,-1479423036915536.0,1775307644298643.2,1.1907664616766119e-11,5.657044865138181e-08,5.657044865138181e-08,3.2015629044781474e-15,True,True,instantaneous_BD_slow_variation,RUN01_KERNEL_PASS_NOT_FINAL_A2_CLOSURE
isosceles_q0.003_K1.0000,isosceles,1.0,0.004493260109835247,1.4977533699450822,1.4977533699450822,3.023838474152692,3.023838474152692,516478002646056.06,619773603175267.2,1.2027067055693458e-11,6.983738630997547e-08,6.983738630997547e-08,4.8789404044650374e-15,True,True,instantaneous_BD_slow_variation,RUN01_KERNEL_PASS_NOT_FINAL_A2_CLOSURE
isosceles_q0.003_K1.2500,isosceles,1.25,0.005616575137294059,1.872191712431353,1.872191712431353,0.6827369022554222,0.6827369022554222,47775871751182.875,57331046101419.445,1.238056111830731e-11,1.0911450437818054e-07,1.0911450437818054e-07,1.1908676863276676e-14,True,True,instantaneous_BD_slow_variation,RUN01_KERNEL_PASS_NOT_FINAL_A2_CLOSURE
isosceles_q0.003_K1.5000,isosceles,1.5,0.00673989016475287,2.2466300549176235,2.2466300549176235,0.036829092563120946,0.036829092563120946,1243016003973.2512,1491619204767.9014,1.2812609417057564e-11,1.571198709059865e-07,1.571198709059865e-07,2.4690680064589016e-14,True,True,instantaneous_BD_slow_variation,RUN01_KERNEL_PASS_NOT_FINAL_A2_CLOSURE
isosceles_q0.003_K1.7500,isosceles,1.75,0.007863205192211682,2.621068397403894,2.621068397403894,-0.07999534556210605,0.07999534556210605,-1457460169304.6785,1748952203165.614,1.3323211951944232e-11,2.1385348589339383e-07,2.1385348589339383e-07,4.573901185939444e-14,True,True,instantaneous_BD_slow_variation,RUN01_KERNEL_PASS_NOT_FINAL_A2_CLOSURE
isosceles_q0.003_K2.0000,isosceles,2.0,0.008986520219670493,2.9955067398901645,2.9955067398901645,-0.062181713875003715,0.062181713875003715,-664123084187.4559,796947701024.947,1.39123687229673e-11,2.79315349340402e-07,2.79315349340402e-07,7.802483625341084e-14,True,True,instantaneous_BD_slow_variation,RUN01_KERNEL_PASS_NOT_FINAL_A2_CLOSURE
isosceles_q0.003_K2.2500,isosceles,2.25,0.010109835247129306,3.369945082376435,3.369945082376435,-0.02727402958807763,0.02727402958807763,-181861171074.4586,218233405289.35028,1.4580079730126788e-11,3.5350546124701153e-07,3.5350546124701153e-07,1.2497641940708238e-13,True,True,instantaneous_BD_slow_variation,RUN01_KERNEL_PASS_NOT_FINAL_A2_CLOSURE
isosceles_q0.003_K2.5000,isosceles,2.5,0.011233150274588119,3.744383424862706,3.744383424862706,-0.00404994872062364,0.00404994872062364,-17718252249.699337,21261902699.639202,1.5326344973422684e-11,4.3642382161322213e-07,4.3642382161322213e-07,1.9047912963557888e-13,True,True,instantaneous_BD_slow_variation,RUN01_KERNEL_PASS_NOT_FINAL_A2_CLOSURE
isosceles_q0.003_K2.7500,isosceles,2.75,0.012356465302046928,4.118821767348976,4.118821767348976,0.005709859367964819,0.005709859367964819,17062155721.501368,20474586865.80164,1.6151164452854987e-11,5.280704304390338e-07,5.280704304390338e-07,2.7887543740879583e-13,True,True,instantaneous_BD_slow_variation,RUN01_KERNEL_PASS_NOT_FINAL_A2_CLOSURE
isosceles_q0.003_K3.0000,isosceles,3.0,0.01347978032950574,4.493260109835247,4.493260109835247,0.006854517629898573,0.006854517629898573,14462292226.219845,17354750671.463814,1.7054538168423696e-11,6.284452877244464e-07,6.284452877244464e-07,3.9496491535135475e-13,True,True,instantaneous_BD_slow_variation,RUN01_KERNEL_PASS_NOT_FINAL_A2_CLOSURE
isosceles_q0.003_K3.2500,isosceles,3.25,0.014603095356964553,4.867698452321518,4.867698452321518,0.004299616951154931,0.004299616951154931,6586371711.987585,7903646054.385102,1.8036466120128822e-11,7.375483934694607e-07,7.375483934694607e-07,5.44004238242604e-13,True,True,instantaneous_BD_slow_variation,RUN01_KERNEL_PASS_NOT_FINAL_A2_CLOSURE
isosceles_q0.003_K3.3500,isosceles,3.35,0.015052421367948078,5.017473789316026,5.017473789316026,-0.0040173894169207944,0.0040173894169207944,-5451502260.785868,6541802712.943041,1.8451232486929062e-11,7.836335453361543e-07,7.836335453361543e-07,6.141104513855696e-13,True,True,instantaneous_BD_slow_variation,RUN01_KERNEL_PASS_NOT_FINAL_A2_CLOSURE
isosceles_q0.003_K3.3750,isosceles,3.375,0.01516475287069396,5.054917623564653,5.054917623564653,0.0027167067581956674,0.0027167067581956674,3578487635.1268306,4294185162.1521964,1.8556887934532543e-11,7.953730395143175e-07,7.953730395143175e-07,6.326477912829649e-13,True,True,instantaneous_BD_slow_variation,RUN01_KERNEL_PASS_NOT_FINAL_A2_CLOSURE
isosceles_q0.003_K3.4000,isosceles,3.4,0.015277084373439838,5.092361457813279,5.092361457813279,-0.0002742981335546689,0.0002742981335546689,-350799863.3611497,420959836.0333797,1.866332892449737e-11,8.07199816177077e-07,8.07199816177077e-07,6.516016733076613e-13,True,True,instantaneous_BD_slow_variation,RUN01_KERNEL_PASS_NOT_FINAL_A2_CLOSURE
isosceles_q0.003_K3.4250,isosceles,3.4250000000000003,0.015389415876185723,5.129805292061907,5.129805292061907,-0.002113039182796217,0.002113039182796217,-2624326313.94147,3149191576.729764,1.8770555456823583e-11,8.191138753244325e-07,8.191138753244325e-07,6.709782911938544e-13,True,True,instantaneous_BD_slow_variation,RUN01_KERNEL_PASS_NOT_FINAL_A2_CLOSURE
isosceles_q0.003_K3.4500,isosceles,3.45,0.015501747378931603,5.1672491263105345,5.1672491263105345,0.003361977343295936,0.003361977343295936,4055751515.6427712,4866901818.771325,1.887856753151114e-11,8.311152169563843e-07,8.311152169563843e-07,6.907838843859572e-13,True,True,instantaneous_BD_slow_variation,RUN01_KERNEL_PASS_NOT_FINAL_A2_CLOSURE
isosceles_q0.003_K3.4750,isosceles,3.475,0.015614078881677484,5.204692960559162,5.204692960559162,-0.0029866053849477835,0.0029866053849477835,-3500353345.8701124,4200424015.0441346,1.898736514856007e-11,8.432038410729316e-07,8.432038410729316e-07,7.11024738038596e-13,True,True,instantaneous_BD_slow_variation,RUN01_KERNEL_PASS_NOT_FINAL_A2_CLOSURE
isosceles_q0.003_K3.5000,isosceles,3.5,0.015726410384423364,5.242136794807788,5.242136794807788,0.0012756488940150984,0.0012756488940150984,1452822617.689738,1743387141.2276857,1.9096948307970354e-11,8.553797476740751e-07,8.553797476740751e-07,7.317071830166143e-13,True,True,instantaneous_BD_slow_variation,RUN01_KERNEL_PASS_NOT_FINAL_A2_CLOSURE
isosceles_q0.003_K3.5250,isosceles,3.525,0.015838741887169244,5.279580629056415,5.279580629056415,0.000894992274277678,0.000894992274277678,990687632.0976799,1188825158.5172157,1.9207317009742016e-11,8.67642936759815e-07,8.67642936759815e-07,7.528375958950716e-13,True,True,instantaneous_BD_slow_variation,RUN01_KERNEL_PASS_NOT_FINAL_A2_CLOSURE
isosceles_q0.003_K3.5500,isosceles,3.5500000000000003,0.015951073389915128,5.317024463305042,5.317024463305042,-0.0025028821403533913,0.0025028821403533913,-2693278396.6014104,3231934075.9216924,1.9318471253875036e-11,8.799934083301506e-07,8.799934083301506e-07,7.7442239895924e-13,True,True,instantaneous_BD_slow_variation,RUN01_KERNEL_PASS_NOT_FINAL_A2_CLOSURE
isosceles_q0.003_K3.5750,isosceles,3.575,0.016063404892661007,5.3544682975536695,5.3544682975536695,0.0028546608668909507,0.0028546608668909507,2986791529.5075793,3584149835.409095,1.9430411040369425e-11,8.924311623850818e-07,8.924311623850818e-07,7.964680602046091e-13,True,True,instantaneous_BD_slow_variation,RUN01_KERNEL_PASS_NOT_FINAL_A2_CLOSURE
isosceles_q0.003_K3.6000,isosceles,3.6,0.01617573639540689,5.391912131802297,5.391912131802297,-0.001878222489337813,0.001878222489337813,-1911137412.713964,2293364895.256757,1.9543136369225168e-11,9.049561989246104e-07,9.049561989246104e-07,8.189810933368866e-13,True,True,instantaneous_BD_slow_variation,RUN01_KERNEL_PASS_NOT_FINAL_A2_CLOSURE
isosceles_q0.003_K3.6250,isosceles,3.625,0.01628806789815277,5.429355966050923,5.429355966050923,0.00011179473293069259,0.00011179473293069259,110648232.53363019,132777879.04035623,1.9656647240442288e-11,9.175685179487332e-07,9.175685179487332e-07,8.419680577719872e-13,True,True,instantaneous_BD_slow_variation,RUN01_KERNEL_PASS_NOT_FINAL_A2_CLOSURE
isosceles_q0.003_K3.6500,isosceles,3.6500000000000004,0.016400399400898654,5.466799800299551,5.466799800299551,0.0015837737076371116,0.0015837737076371116,1525025647.3295164,1830030776.7954197,1.977094365402076e-11,9.302681194574528e-07,9.302681194574528e-07,8.654355586360516e-13,True,True,instantaneous_BD_slow_variation,RUN01_KERNEL_PASS_NOT_FINAL_A2_CLOSURE
isosceles_q0.003_K3.6750,isosceles,3.6750000000000003,0.016512730903644534,5.504243634548177,5.504243634548177,-0.0024394416416384924,0.0024394416416384924,-2285687348.2613077,2742824817.913569,1.9886025609960607e-11,9.430550034507683e-07,9.430550034507683e-07,8.893902467654291e-13,True,True,instantaneous_BD_slow_variation,RUN01_KERNEL_PASS_NOT_FINAL_A2_CLOSURE
isosceles_q0.003_K3.7000,isosceles,3.7,0.016625062406390417,5.541687468796805,5.541687468796805,0.002121969555629062,0.002121969555629062,1935032663.11976,2322039195.743712,2.0001893108261802e-11,9.559291699286804e-07,9.559291699286804e-07,9.138388187066881e-13,True,True,instantaneous_BD_slow_variation,RUN01_KERNEL_PASS_NOT_FINAL_A2_CLOSURE
isosceles_q0.003_K3.7250,isosceles,3.725,0.016737393909136294,5.579131303045432,5.579131303045432,-0.0008559451547128949,0.0008559451547128949,-759796265.2123765,911755518.2548517,2.0118546148924365e-11,9.688906188911877e-07,9.688906188911877e-07,9.387880167166076e-13,True,True,instantaneous_BD_slow_variation,RUN01_KERNEL_PASS_NOT_FINAL_A2_CLOSURE
isosceles_q0.003_K3.7500,isosceles,3.75,0.016849725411882177,5.616575137294059,5.616575137294059,-0.0007164645679224695,0.0007164645679224695,-619193292.6486742,743031951.1784091,2.023598473194831e-11,9.819393503382915e-07,9.819393503382915e-07,9.642446287621883e-13,True,True,instantaneous_BD_slow_variation,RUN01_KERNEL_PASS_NOT_FINAL_A2_CLOSURE
isosceles_q0.003_K3.7750,isosceles,3.7750000000000004,0.016962056914628057,5.654018971542686,5.654018971542686,0.0018564220719240793,0.0018564220719240793,1562304782.347198,1874765738.8166375,2.0354208857333616e-11,9.950753642699913e-07,9.950753642699913e-07,9.902154885206421e-13,True,True,instantaneous_BD_slow_variation,RUN01_KERNEL_PASS_NOT_FINAL_A2_CLOSURE
isosceles_q0.003_K3.8000,isosceles,3.8000000000000003,0.01707438841737394,5.691462805791313,5.691462805791313,-0.002071788023319344,0.002071788023319344,-1698118742.3536198,2037742490.8243437,2.0473218525080263e-11,1.008298660686287e-06,1.008298660686287e-06,1.0167074753793978e-12,True,True,instantaneous_BD_slow_variation,RUN01_KERNEL_PASS_NOT_FINAL_A2_CLOSURE
isosceles_q0.003_K3.8250,isosceles,3.825,0.01718671992011982,5.72890664003994,5.72890664003994,0.0013251697881400894,0.0013251697881400894,1058042584.4000483,1269651101.280058,2.0593013735188284e-11,1.0216092395871781e-06,1.0216092395871781e-06,1.043727514436098e-12,True,True,instantaneous_BD_slow_variation,RUN01_KERNEL_PASS_NOT_FINAL_A2_CLOSURE
isosceles_q0.003_K3.8500,isosceles,3.85,0.017299051422865704,5.766350474288568,5.766350474288568,-2.0937989581778263e-05,2.0937989581778263e-05,-16287322.350103198,19544786.820123836,2.071359448765767e-11,1.0350071009726665e-06,1.0350071009726665e-06,1.0712825764986062e-12,True,True,instantaneous_BD_slow_variation,RUN01_KERNEL_PASS_NOT_FINAL_A2_CLOSURE
isosceles_q0.003_K4.0000,isosceles,4.0,0.017973040439340986,5.991013479780329,5.991013479780329,-0.0014020084731232393,0.0014020084731232393,-935986772.765696,1123184127.3188353,2.145357539206265e-11,1.117227201462109e-06,1.117227201462109e-06,1.2482445567228488e-12,True,True,instantaneous_BD_slow_variation,RUN01_KERNEL_PASS_NOT_FINAL_A2_CLOSURE
isosceles_q0.003_K4.2500,isosceles,4.25,0.0190963554667998,6.3654518222666,6.3654518222666,-0.0011507536567394534,0.0011507536567394534,-602820073.4579145,723384088.1494974,2.2749720288313423e-11,1.261243301045527e-06,1.261243301045527e-06,1.590792050296846e-12,True,True,instantaneous_BD_slow_variation,RUN01_KERNEL_PASS_NOT_FINAL_A2_CLOSURE
isosceles_q0.003_K4.5000,isosceles,4.5,0.020219670494258612,6.73989016475287,6.73989016475287,-0.0005113147977440366,0.0005113147977440366,-213108643.47357613,255730372.16829136,2.41244194207006e-11,1.4139876490885458e-06,1.4139876490885458e-06,1.999429295037157e-12,True,True,instantaneous_BD_slow_variation,RUN01_KERNEL_PASS_NOT_FINAL_A2_CLOSURE
isosceles_q0.003_K4.7500,isosceles,4.75,0.021342985521717425,7.114328507239141,7.114328507239141,7.436017724086435e-05,7.436017724086435e-05,24964919.564410422,29957903.477292504,2.557767278922419e-11,1.5754602455911662e-06,1.5754602455911662e-06,2.482155578651486e-12,True,True,instantaneous_BD_slow_variation,RUN01_KERNEL_PASS_NOT_FINAL_A2_CLOSURE
isosceles_q0.003_K5.0000,isosceles,5.0,0.022466300549176237,7.488766849725412,7.488766849725412,0.0003838865965296638,0.0003838865965296638,104975596.31778443,125970715.58134131,2.7109480393884193e-11,1.745661090553389e-06,1.745661090553389e-06,3.047427291002265e-12,True,True,instantaneous_BD_slow_variation,RUN01_KERNEL_PASS_NOT_FINAL_A2_CLOSURE
isosceles_q0.003_K5.2500,isosceles,5.25,0.023589615576635047,7.863205192211682,7.863205192211682,0.000400763449472869,0.000400763449472869,90160718.86512151,108192862.63814582,2.8719842234680586e-11,1.9245901839752117e-06,1.9245901839752117e-06,3.7041579241066395e-12,True,True,instantaneous_BD_slow_variation,RUN01_KERNEL_PASS_NOT_FINAL_A2_CLOSURE
isosceles_q0.003_K5.5000,isosceles,5.5,0.024712930604093856,8.237643534697952,8.237643534697952,0.00023391745165381506,0.00023391745165381506,43689719.19782681,52427663.03739217,3.04087583116134e-11,2.112247525856635e-06,2.112247525856635e-06,4.461718072136493e-12,True,True,instantaneous_BD_slow_variation,RUN01_KERNEL_PASS_NOT_FINAL_A2_CLOSURE
isosceles_q0.003_K5.7500,isosceles,5.75,0.025836245631552672,8.612081877184224,8.612081877184224,2.4861665740953008e-05,2.4861665740953008e-05,3887111.7766268896,4664534.131952267,3.2176228624682623e-11,2.30863311619766e-06,2.30863311619766e-06,5.329935431418432e-12,True,True,instantaneous_BD_slow_variation,RUN01_KERNEL_PASS_NOT_FINAL_A2_CLOSURE
isosceles_q0.003_K6.0000,isosceles,6.0,0.02695956065901148,8.986520219670494,8.986520219670494,-0.00012074493814727638,0.00012074493814727638,-15923290.434333997,19107948.521200795,3.402225317388825e-11,2.513746954998285e-06,2.513746954998285e-06,6.319094800433786e-12,True,True,instantaneous_BD_slow_variation,RUN01_KERNEL_PASS_NOT_FINAL_A2_CLOSURE
isosceles_q0.01_K0.1000,isosceles,0.1,0.0014925373134328363,0.14925373134328362,0.14925373134328362,3351.103694122637,3351.103694122637,5.444558638828622e+21,6.533470366594345e+21,1.146797365099446e-11,7.048034770893921e-10,7.048034770893921e-10,5.129132767260782e-19,True,True,instantaneous_BD_slow_variation,RUN01_KERNEL_PASS_NOT_FINAL_A2_CLOSURE
isosceles_q0.01_K0.2000,isosceles,0.2,0.0029850746268656725,0.29850746268656725,0.29850746268656725,22.54622424151431,22.54622424151431,2.402205977472134e+18,2.882647172966561e+18,1.1675995104171301e-11,2.7850180088577624e-09,2.7850180088577624e-09,7.82136102293496e-18,True,True,instantaneous_BD_slow_variation,RUN01_KERNEL_PASS_NOT_FINAL_A2_CLOSURE
isosceles_q0.01_K0.3000,isosceles,0.30000000000000004,0.004477611940298509,0.4477611940298509,0.4477611940298509,-4.050557357692424,4.050557357692424,-8.602459550716035e+16,1.0322951460859242e+17,1.2022697526132694e-11,6.252042228471714e-09,6.252042228471714e-09,3.923836485186061e-17,True,True,instantaneous_BD_slow_variation,RUN01_KERNEL_PASS_NOT_FINAL_A2_CLOSURE
isosceles_q0.01_K0.4000,isosceles,0.4,0.005970149253731345,0.5970149253731345,0.5970149253731345,1.0149966994361574,1.0149966994361574,6842275833198998.0,8210730999838797.0,1.2508080916878649e-11,1.110587613593124e-08,1.110587613593124e-08,1.2361831114136915e-16,True,True,instantaneous_BD_slow_variation,RUN01_KERNEL_PASS_NOT_FINAL_A2_CLOSURE
isosceles_q0.01_K0.5000,isosceles,0.5,0.00746268656716418,0.746268656716418,0.746268656716418,-0.34112278101043647,0.34112278101043647,-943295369548374.2,1131954443458049.0,1.3132145276409158e-11,1.734651973123635e-08,1.734651973123635e-08,3.0135734082047334e-16,True,True,instantaneous_BD_slow_variation,RUN01_KERNEL_PASS_NOT_FINAL_A2_CLOSURE
isosceles_q0.01_K0.6000,isosceles,0.6,0.008955223880597015,0.8955223880597015,0.8955223880597015,0.1376277977040862,0.1376277977040862,183682019572940.88,220418423487529.03,1.3894890604724226e-11,2.4973973014387037e-08,2.4973973014387037e-08,6.243933493693325e-16,True,True,instantaneous_BD_slow_variation,RUN01_KERNEL_PASS_NOT_FINAL_A2_CLOSURE
isosceles_q0.01_K0.7000,isosceles,0.7000000000000001,0.010447761194029853,1.0447761194029852,1.0447761194029852,-0.06195634332926992,0.06195634332926992,-44654920227286.64,53585904272743.97,1.479631690182385e-11,3.3988235985383304e-08,3.3988235985383304e-08,1.1562059868192521e-15,True,True,instantaneous_BD_slow_variation,RUN01_KERNEL_PASS_NOT_FINAL_A2_CLOSURE
isosceles_q0.01_K0.8000,isosceles,0.8,0.01194029850746269,1.194029850746269,1.194029850746269,0.029604303940740588,0.029604303940740588,12511433650260.16,15013720380312.191,1.5836424167708036e-11,4.438930864422518e-08,4.438930864422518e-08,1.971816657752687e-15,True,True,instantaneous_BD_slow_variation,RUN01_KERNEL_PASS_NOT_FINAL_A2_CLOSURE
isosceles_q0.01_K0.9000,isosceles,0.9,0.013432835820895526,1.3432835820895526,1.3432835820895526,-0.014427168257741343,0.014427168257741343,-3807297459496.328,4568756951395.594,1.7015212402376783e-11,5.6177190990912586e-08,5.6177190990912586e-08,3.1577885213032292e-15,True,True,instantaneous_BD_slow_variation,RUN01_KERNEL_PASS_NOT_FINAL_A2_CLOSURE
isosceles_q0.01_K1.0000,isosceles,1.0,0.01492537313432836,1.492537313432836,1.492537313432836,0.006877492037328645,0.006877492037328645,1190975398804.2678,1429170478565.1213,1.8332681605830092e-11,6.93518830254456e-08,6.93518830254456e-08,4.8122264911556295e-15,True,True,instantaneous_BD_slow_variation,RUN01_KERNEL_PASS_NOT_FINAL_A2_CLOSURE
isosceles_q0.01_K1.2500,isosceles,1.25,0.01865671641791045,1.865671641791045,1.865671641791045,0.0024910912790020866,0.0024910912790020866,176736006815.2147,212083208178.25763,2.2233083852895764e-11,1.0835590549610252e-07,1.0835590549610252e-07,1.1745820427746002e-14,True,True,instantaneous_BD_slow_variation,RUN01_KERNEL_PASS_NOT_FINAL_A2_CLOSURE
isosceles_q0.01_K1.5000,isosceles,1.5,0.02238805970149254,2.238805970149254,2.238805970149254,0.0005705610722612839,0.0005705610722612839,19523980900.448338,23428777080.538002,2.7000242154864956e-11,1.5602748851579438e-07,1.5602748851579438e-07,2.435300273249183e-14,True,True,instantaneous_BD_slow_variation,RUN01_KERNEL_PASS_NOT_FINAL_A2_CLOSURE
isosceles_q0.01_K1.7500,isosceles,1.75,0.02611940298507463,2.611940298507463,2.611940298507463,-6.293040865828e-05,6.293040865828e-05,-1162447350.6171975,1394936820.740637,3.263415651173763e-11,2.12366632084521e-07,2.12366632084521e-07,4.511344723474093e-14,True,True,instantaneous_BD_slow_variation,RUN01_KERNEL_PASS_NOT_FINAL_A2_CLOSURE
isosceles_q0.01_K2.0000,isosceles,2.0,0.02985074626865672,2.985074626865672,2.985074626865672,-0.00018003668246400028,0.00018003668246400028,-1949520483.1328695,2339424579.7594433,3.9134826923513794e-11,2.773733362022826e-07,2.773733362022826e-07,7.695767755099545e-14,True,True,instantaneous_BD_slow_variation,RUN01_KERNEL_PASS_NOT_FINAL_A2_CLOSURE
isosceles_q0.01_K2.2500,isosceles,2.25,0.033582089552238806,3.3582089552238807,3.3582089552238807,-0.0001281087347252019,0.0001281087347252019,-866064890.3419544,1039277868.4103452,4.6502253390193434e-11,3.510476008690791e-07,3.510476008690791e-07,1.2326706708491154e-13,True,True,instantaneous_BD_slow_variation,RUN01_KERNEL_PASS_NOT_FINAL_A2_CLOSURE
isosceles_q0.01_K2.5000,isosceles,2.5,0.0373134328358209,3.73134328358209,3.73134328358209,-5.094074597137396e-05,5.094074597137396e-05,-225952808.87746826,271143370.6529619,5.473643591177656e-11,4.333894260849104e-07,4.333894260849104e-07,1.878738390272995e-13,True,True,instantaneous_BD_slow_variation,RUN01_KERNEL_PASS_NOT_FINAL_A2_CLOSURE
isosceles_q0.01_K2.7500,isosceles,2.75,0.041044776119402986,4.104477611940299,4.104477611940299,1.8207555308586318e-06,1.8207555308586318e-06,5516216.074546405,6619459.289455686,6.383737448826318e-11,5.243988118497766e-07,5.243988118497766e-07,2.75061066356124e-13,True,True,instantaneous_BD_slow_variation,RUN01_KERNEL_PASS_NOT_FINAL_A2_CLOSURE
isosceles_q0.01_K3.0000,isosceles,3.0,0.04477611940298508,4.477611940298508,4.477611940298508,2.303636570902045e-05,2.303636570902045e-05,49278262.041083254,59133914.4492999,7.380506911965328e-11,6.240757581636772e-07,6.240757581636772e-07,3.895626718365028e-13,True,True,instantaneous_BD_slow_variation,RUN01_KERNEL_PASS_NOT_FINAL_A2_CLOSURE
isosceles_q0.01_K3.2500,isosceles,3.25,0.04850746268656717,4.850746268656717,4.850746268656717,2.209300029119174e-05,2.209300029119174e-05,34312501.77431491,41175002.12917789,8.46395198059469e-11,7.324202650266134e-07,7.324202650266134e-07,5.365634280207105e-13,True,True,instantaneous_BD_slow_variation,RUN01_KERNEL_PASS_NOT_FINAL_A2_CLOSURE
isosceles_q0.01_K3.3500,isosceles,3.35,0.05000000000000001,5.000000000000001,5.000000000000001,-1.8020019931790068e-05,1.8020019931790068e-05,-24791839.88796322,29750207.865555864,8.92159917758373e-11,7.781849847255182e-07,7.781849847255182e-07,6.057107235426496e-13,True,True,instantaneous_BD_slow_variation,RUN01_KERNEL_PASS_NOT_FINAL_A2_CLOSURE
isosceles_q0.01_K3.3750,isosceles,3.375,0.050373134328358216,5.037313432835822,5.037313432835822,1.7312775731392384e-05,1.7312775731392384e-05,23120897.568596244,27745077.082315493,9.038177866968251e-11,7.898428536639693e-07,7.898428536639693e-07,6.239945082880097e-13,True,True,instantaneous_BD_slow_variation,RUN01_KERNEL_PASS_NOT_FINAL_A2_CLOSURE
isosceles_q0.01_K3.4000,isosceles,3.4,0.05074626865671642,5.074626865671642,5.074626865671642,-8.687691429667187e-06,8.687691429667187e-06,-11264766.174461994,13517719.409354392,9.155623312407669e-11,8.015873982079117e-07,8.015873982079117e-07,6.426891376111284e-13,True,True,instantaneous_BD_slow_variation,RUN01_KERNEL_PASS_NOT_FINAL_A2_CLOSURE
isosceles_q0.01_K3.4250,isosceles,3.4250000000000003,0.05111940298507464,5.111940298507464,5.111940298507464,-3.3575304693852627e-06,3.3575304693852627e-06,-4227771.2475057775,5073325.497006932,9.273935513901998e-11,8.134186183573446e-07,8.134186183573446e-07,6.618007205266205e-13,True,True,instantaneous_BD_slow_variation,RUN01_KERNEL_PASS_NOT_FINAL_A2_CLOSURE
isosceles_q0.01_K3.4500,isosceles,3.45,0.05149253731343285,5.1492537313432845,5.1492537313432845,1.3056038562526616e-05,1.3056038562526616e-05,15968687.312654264,19162424.775185116,9.393114471451233e-11,8.253365141122672e-07,8.253365141122672e-07,6.813354111340791e-13,True,True,instantaneous_BD_slow_variation,RUN01_KERNEL_PASS_NOT_FINAL_A2_CLOSURE
isosceles_q0.01_K3.4750,isosceles,3.475,0.05186567164179105,5.186567164179105,5.186567164179105,-1.6102991177848835e-05,1.6102991177848835e-05,-19134707.87222917,22961649.446675003,9.513160185055363e-11,8.373410854726807e-07,8.373410854726807e-07,7.012994086180797e-13,True,True,instantaneous_BD_slow_variation,RUN01_KERNEL_PASS_NOT_FINAL_A2_CLOSURE
isosceles_q0.01_K3.5000,isosceles,3.5,0.05223880597014926,5.223880597014926,5.223880597014926,1.15345548833334e-05,1.15345548833334e-05,13318751.500065068,15982501.800078081,9.634072654714393e-11,8.494323324385843e-07,8.494323324385843e-07,7.216989572481731e-13,True,True,instantaneous_BD_slow_variation,RUN01_KERNEL_PASS_NOT_FINAL_A2_CLOSURE
isosceles_q0.01_K3.5250,isosceles,3.525,0.052611940298507465,5.2611940298507465,5.2611940298507465,-1.950427503595501e-06,1.950427503595501e-06,-2188913.0481899674,2626695.657827961,9.755851880428334e-11,8.616102550099781e-07,8.616102550099781e-07,7.425403463788902e-13,True,True,instantaneous_BD_slow_variation,RUN01_KERNEL_PASS_NOT_FINAL_A2_CLOSURE
isosceles_q0.01_K3.5500,isosceles,3.5500000000000003,0.052985074626865684,5.298507462686568,5.298507462686568,-7.913054870002048e-06,7.913054870002048e-06,-8633090.0393593,10359708.047231158,9.878497862197182e-11,8.738748531868629e-07,8.738748531868629e-07,7.63829910449742e-13,True,True,instantaneous_BD_slow_variation,RUN01_KERNEL_PASS_NOT_FINAL_A2_CLOSURE
isosceles_q0.01_K3.5750,isosceles,3.575,0.0533582089552239,5.33582089552239,5.33582089552239,1.3497359183619677e-05,1.3497359183619677e-05,14317936.82667017,17181524.192004204,1.000201060002093e-10,8.862261269692377e-07,8.862261269692377e-07,7.855740289852146e-13,True,True,instantaneous_BD_slow_variation,RUN01_KERNEL_PASS_NOT_FINAL_A2_CLOSURE
isosceles_q0.01_K3.6000,isosceles,3.6,0.0537313432835821,5.37313432835821,5.37313432835821,-1.2504922106261083e-05,1.2504922106261083e-05,-12900517.082947416,15480620.4995369,1.012639009389958e-10,8.986640763571021e-07,8.986640763571021e-07,8.077791265947748e-13,True,True,instantaneous_BD_slow_variation,RUN01_KERNEL_PASS_NOT_FINAL_A2_CLOSURE
isosceles_q0.01_K3.6250,isosceles,3.625,0.0541044776119403,5.41044776119403,5.41044776119403,5.810472227035575e-06,5.810472227035575e-06,5830634.517072607,6996761.420487128,1.0251636343833126e-10,9.111887013504577e-07,9.111887013504577e-07,8.304516729728707e-13,True,True,instantaneous_BD_slow_variation,RUN01_KERNEL_PASS_NOT_FINAL_A2_CLOSURE
isosceles_q0.01_K3.6500,isosceles,3.6500000000000004,0.054477611940298515,5.447761194029852,5.447761194029852,3.1426486107331127e-06,3.1426486107331127e-06,3068040.5543783763,3681648.6652540513,1.0377749349821582e-10,9.238000019493038e-07,9.238000019493038e-07,8.535981828989255e-13,True,True,instantaneous_BD_slow_variation,RUN01_KERNEL_PASS_NOT_FINAL_A2_CLOSURE
isosceles_q0.01_K3.6750,isosceles,3.6750000000000003,0.05485074626865672,5.485074626865672,5.485074626865672,-1.0087912594235315e-05,1.0087912594235315e-05,-9583164.816656336,11499797.779987603,1.0504729111864949e-10,9.364979781536393e-07,9.364979781536393e-07,8.772252162373406e-13,True,True,instantaneous_BD_slow_variation,RUN01_KERNEL_PASS_NOT_FINAL_A2_CLOSURE
isosceles_q0.01_K3.7000,isosceles,3.7,0.05522388059701494,5.522388059701494,5.522388059701494,1.1949557636344297e-05,1.1949557636344297e-05,11047963.664629849,13257556.397555819,1.0632575629963216e-10,9.492826299634661e-07,9.492826299634661e-07,9.013393779375008e-13,True,True,instantaneous_BD_slow_variation,RUN01_KERNEL_PASS_NOT_FINAL_A2_CLOSURE
isosceles_q0.01_K3.7250,isosceles,3.725,0.055597014925373146,5.5597014925373145,5.5597014925373145,-8.183517942904084e-06,8.183517942904084e-06,-7364995.991602109,8837995.18992253,1.0761288904116381e-10,9.621539573787832e-07,9.621539573787832e-07,9.259473180337652e-13,True,True,instantaneous_BD_slow_variation,RUN01_KERNEL_PASS_NOT_FINAL_A2_CLOSURE
isosceles_q0.01_K3.7500,isosceles,3.75,0.05597014925373135,5.597014925373135,5.597014925373135,8.713309629250437e-07,8.713309629250437e-07,763476.9568283759,916172.3481940511,1.0890868934324454e-10,9.751119603995905e-07,9.751119603995905e-07,9.510557316454725e-13,True,True,instantaneous_BD_slow_variation,RUN01_KERNEL_PASS_NOT_FINAL_A2_CLOSURE
isosceles_q0.01_K3.7750,isosceles,3.7750000000000004,0.056343283582089565,5.634328358208957,5.634328358208957,6.3990844777044915e-06,6.3990844777044915e-06,5459943.459049441,6551932.150859329,1.1021315720587429e-10,9.881566390258877e-07,9.881566390258877e-07,9.766713589769407e-13,True,True,instantaneous_BD_slow_variation,RUN01_KERNEL_PASS_NOT_FINAL_A2_CLOSURE
isosceles_q0.01_K3.8000,isosceles,3.8000000000000003,0.056716417910447764,5.6716417910447765,5.6716417910447765,-1.0277044162976588e-05,1.0277044162976588e-05,-8540282.263918897,10248338.716702675,1.1152629262905304e-10,1.0012879932576757e-06,1.0012879932576757e-06,1.002800985317467e-12,True,True,instantaneous_BD_slow_variation,RUN01_KERNEL_PASS_NOT_FINAL_A2_CLOSURE
isosceles_q0.01_K3.8250,isosceles,3.825,0.057089552238805984,5.708955223880598,5.708955223880598,9.177636028408223e-06,9.177636028408223e-06,7429228.537421119,8915074.244905343,1.1284809561278086e-10,1.0145060230949538e-06,1.0145060230949538e-06,1.0294514410413267e-12,True,True,instantaneous_BD_slow_variation,RUN01_KERNEL_PASS_NOT_FINAL_A2_CLOSURE
isosceles_q0.01_K3.8500,isosceles,3.85,0.05746268656716419,5.746268656716419,5.746268656716419,-3.905465784108898e-06,3.905465784108898e-06,-3080128.3771896963,3696154.052627635,1.1417856615705773e-10,1.0278107285377222e-06,1.0278107285377222e-06,1.056629601607774e-12,True,True,instantaneous_BD_slow_variation,RUN01_KERNEL_PASS_NOT_FINAL_A2_CLOSURE
isosceles_q0.01_K4.0000,isosceles,4.0,0.05970149253731344,5.970149253731344,5.970149253731344,-5.222010926598255e-06,5.222010926598255e-06,-3534582.53459034,4241499.041508408,1.2234340819424865e-10,1.1094591489096306e-06,1.1094591489096306e-06,1.2311710731263413e-12,True,True,instantaneous_BD_slow_variation,RUN01_KERNEL_PASS_NOT_FINAL_A2_CLOSURE
isosceles_q0.01_K4.2500,isosceles,4.25,0.06343283582089553,6.343283582089553,6.343283582089553,-6.203898189266459e-06,6.203898189266459e-06,-3294968.7178671747,3953962.4614406093,1.366448831001561e-10,1.252473897968706e-06,1.252473897968706e-06,1.5690331533916726e-12,True,True,instantaneous_BD_slow_variation,RUN01_KERNEL_PASS_NOT_FINAL_A2_CLOSURE
isosceles_q0.01_K4.5000,isosceles,4.5,0.06716417910447761,6.7164179104477615,6.7164179104477615,-3.9015632806238345e-06,3.9015632806238345e-06,-1648665.9238953209,1978399.108674385,1.5181311406096716e-10,1.4041562075768166e-06,1.4041562075768166e-06,1.9720809939295085e-12,True,True,instantaneous_BD_slow_variation,RUN01_KERNEL_PASS_NOT_FINAL_A2_CLOSURE
isosceles_q0.01_K4.7500,isosceles,4.75,0.07089552238805971,7.089552238805971,7.089552238805971,-7.235107556245887e-07,7.235107556245887e-07,-246272.57978519364,295527.09574223234,1.6784810107668174e-10,1.564506077733961e-06,1.564506077733961e-06,2.448204466015044e-12,True,True,instantaneous_BD_slow_variation,RUN01_KERNEL_PASS_NOT_FINAL_A2_CLOSURE
isosceles_q0.01_K5.0000,isosceles,5.0,0.0746268656716418,7.46268656716418,7.46268656716418,1.5548601884957215e-06,1.5548601884957215e-06,431080.1912693955,517296.2295232746,1.8474984414729961e-10,1.7335235084401411e-06,1.7335235084401411e-06,3.0057442907106362e-12,True,True,instantaneous_BD_slow_variation,RUN01_KERNEL_PASS_NOT_FINAL_A2_CLOSURE
isosceles_q0.01_K5.2500,isosceles,5.25,0.07835820895522388,7.835820895522389,7.835820895522389,2.2553442415598334e-06,2.2553442415598334e-06,514426.61285137536,617311.9354216504,2.0251834327282122e-10,1.911208499695357e-06,1.911208499695357e-06,3.6534920388657915e-12,True,True,instantaneous_BD_slow_variation,RUN01_KERNEL_PASS_NOT_FINAL_A2_CLOSURE
isosceles_q0.01_K5.5000,isosceles,5.5,0.08208955223880597,8.208955223880597,8.208955223880597,1.6468161773853201e-06,1.6468161773853201e-06,311848.0905492391,374217.70865908684,2.2115359845324617e-10,2.0975610514996058e-06,2.0975610514996058e-06,4.4006901311171605e-12,True,True,instantaneous_BD_slow_variation,RUN01_KERNEL_PASS_NOT_FINAL_A2_CLOSURE
isosceles_q0.01_K5.7500,isosceles,5.75,0.08582089552238807,8.582089552238807,8.582089552238807,4.748911726720706e-07,4.748911726720706e-07,75278.72306977266,90334.4676837272,2.4065560968857463e-10,2.292581163852892e-06,2.292581163852892e-06,5.257031837888576e-12,True,True,instantaneous_BD_slow_variation,RUN01_KERNEL_PASS_NOT_FINAL_A2_CLOSURE
isosceles_q0.01_K6.0000,isosceles,6.0,0.08955223880597016,8.955223880597016,8.955223880597016,-5.288673416217163e-07,5.288673416217163e-07,-70711.81393124387,84854.17671749265,2.610243769788066e-10,2.4962688367552105e-06,2.4962688367552105e-06,6.232661279390983e-12,True,True,instantaneous_BD_slow_variation,RUN01_KERNEL_PASS_NOT_FINAL_A2_CLOSURE
isosceles_q0.03_K0.1000,isosceles,0.1,0.004433497536945813,0.1477832512315271,0.1477832512315271,-0.0974909081427131,0.0974909081427131,-1.6433478401657347e+17,1.9720174081988816e+17,1.2010461267002391e-11,6.91207633611278e-10,6.91207633611278e-10,4.943714377843919e-19,True,True,instantaneous_BD_slow_variation,RUN01_KERNEL_PASS_NOT_FINAL_A2_CLOSURE
isosceles_q0.03_K0.2000,isosceles,0.2,0.008866995073891626,0.2955665024630542,0.2955665024630542,0.03782328963167242,0.03782328963167242,4184742906957199.5,5021691488348639.0,1.3845945568203014e-11,2.7306346349453053e-09,2.7306346349453053e-09,7.531981946607086e-18,True,True,instantaneous_BD_slow_variation,RUN01_KERNEL_PASS_NOT_FINAL_A2_CLOSURE
isosceles_q0.03_K0.3000,isosceles,0.30000000000000004,0.013300492610837438,0.4433497536945813,0.4433497536945813,-0.00462011897104099,0.00462011897104099,-101907806481535.75,122289367777842.89,1.6905086070204053e-11,6.129679637168682e-09,6.129679637168682e-09,3.7780217978018615e-17,True,True,instantaneous_BD_slow_variation,RUN01_KERNEL_PASS_NOT_FINAL_A2_CLOSURE
isosceles_q0.03_K0.4000,isosceles,0.4,0.017733990147783252,0.5911330049261084,0.5911330049261084,0.0009586927618745276,0.0009586927618745276,6712552835520.529,8055063402624.635,2.118788277300551e-11,1.0888342640281417e-08,1.0888342640281417e-08,1.190174073070797e-16,True,True,instantaneous_BD_slow_variation,RUN01_KERNEL_PASS_NOT_FINAL_A2_CLOSURE
isosceles_q0.03_K0.5000,isosceles,0.5,0.022167487684729058,0.7389162561576353,0.7389162561576353,-0.0002517205591738734,0.0002517205591738734,-723002835486.6772,867603402584.0127,2.6694335676607383e-11,1.7006623644283485e-08,1.7006623644283485e-08,2.901332088188745e-16,True,True,instantaneous_BD_slow_variation,RUN01_KERNEL_PASS_NOT_FINAL_A2_CLOSURE
isosceles_q0.03_K0.6000,isosceles,0.6,0.02660098522167487,0.8866995073891624,0.8866995073891624,6.902053668830983e-05,6.902053668830983e-05,95681876906.3507,114818252287.62082,3.3424444781009645e-11,2.4484522649174905e-08,2.4484522649174905e-08,6.011286125085123e-16,True,True,instantaneous_BD_slow_variation,RUN01_KERNEL_PASS_NOT_FINAL_A2_CLOSURE
isosceles_q0.03_K0.7000,isosceles,0.7000000000000001,0.031034482758620682,1.0344827586206895,1.0344827586206895,-1.5526734145752843e-05,1.5526734145752843e-05,-11624076758.34031,13948892110.008371,4.137821008621235e-11,3.332203965495568e-08,3.332203965495568e-08,1.1131159394811267e-15,True,True,instantaneous_BD_slow_variation,RUN01_KERNEL_PASS_NOT_FINAL_A2_CLOSURE
isosceles_q0.03_K0.8000,isosceles,0.8,0.035467980295566505,1.1822660098522169,1.1822660098522169,2.579546154271334e-07,2.579546154271334e-07,113238184.63582437,135885821.56298923,5.055563159221548e-11,4.3519174661625856e-08,4.3519174661625856e-08,1.898318841951879e-15,True,True,instantaneous_BD_slow_variation,RUN01_KERNEL_PASS_NOT_FINAL_A2_CLOSURE
isosceles_q0.03_K0.9000,isosceles,0.9,0.039901477832512314,1.3300492610837438,1.3300492610837438,2.8097174754653713e-06,2.8097174754653713e-06,770189323.1468502,924227187.7762202,6.0956709299019e-11,5.50759276691853e-08,5.50759276691853e-08,3.0400723032459395e-15,True,True,instantaneous_BD_slow_variation,RUN01_KERNEL_PASS_NOT_FINAL_A2_CLOSURE
isosceles_q0.03_K1.0000,isosceles,1.0,0.044334975369458116,1.4778325123152707,1.4778325123152707,-2.1611926579462863e-06,2.1611926579462863e-06,-388746563.90422976,466495876.6850757,7.258144320662293e-11,6.799229867763411e-08,6.799229867763411e-08,4.632822637798522e-15,True,True,instantaneous_BD_slow_variation,RUN01_KERNEL_PASS_NOT_FINAL_A2_CLOSURE
isosceles_q0.03_K1.2500,isosceles,1.25,0.055418719211822655,1.8472906403940885,1.8472906403940885,-1.8926412743962707e-06,1.8926412743962707e-06,-139478098.55450448,167373718.2654054,1.0699677385413466e-10,1.062315549526471e-07,1.062315549526471e-07,1.1307876134980161e-14,True,True,instantaneous_BD_slow_variation,RUN01_KERNEL_PASS_NOT_FINAL_A2_CLOSURE
isosceles_q0.03_K1.5000,isosceles,1.5,0.06650246305418718,2.216748768472906,2.216748768472906,-1.5503787749444679e-06,1.5503787749444679e-06,-55107081.72862398,66128498.07434877,1.4905995575664887e-10,1.529684237332185e-07,1.529684237332185e-07,2.344494159237316e-14,True,True,instantaneous_BD_slow_variation,RUN01_KERNEL_PASS_NOT_FINAL_A2_CLOSURE
isosceles_q0.03_K1.7500,isosceles,1.75,0.07758620689655171,2.5862068965517238,2.5862068965517238,-8.100776155195212e-07,8.100776155195212e-07,-15543304.892582553,18651965.871099062,1.9877098891416574e-10,2.0820290501934835e-07,2.0820290501934835e-07,4.343121905314678e-14,True,True,instantaneous_BD_slow_variation,RUN01_KERNEL_PASS_NOT_FINAL_A2_CLOSURE
isosceles_q0.03_K2.0000,isosceles,2.0,0.08866995073891623,2.9556650246305414,2.9556650246305414,-1.1700159434521163e-07,1.1700159434521163e-07,-1316021.5026959858,1579225.803235183,2.5612987332668526e-10,2.7193499881103664e-07,2.7193499881103664e-07,7.408794493195562e-14,True,True,instantaneous_BD_slow_variation,RUN01_KERNEL_PASS_NOT_FINAL_A2_CLOSURE
isosceles_q0.03_K2.2500,isosceles,2.25,0.09975369458128076,3.325123152709359,3.325123152709359,2.905636249090974e-07,2.905636249090974e-07,2040410.8386229286,2448493.006347514,3.2113660899420735e-10,3.441647051082833e-07,3.441647051082833e-07,1.1867039201493955e-13,True,True,instantaneous_BD_slow_variation,RUN01_KERNEL_PASS_NOT_FINAL_A2_CLOSURE
isosceles_q0.03_K2.5000,isosceles,2.5,0.11083743842364531,3.694581280788177,3.694581280788177,3.919148784550106e-07,3.919148784550106e-07,1805714.4866107309,2166857.383932877,3.9379119591673226e-10,4.2489202391108867e-07,4.2489202391108867e-07,1.8086786945972402e-13,True,True,instantaneous_BD_slow_variation,RUN01_KERNEL_PASS_NOT_FINAL_A2_CLOSURE
isosceles_q0.03_K2.7500,isosceles,2.75,0.12192118226600984,4.064039408866995,4.064039408866995,2.8659996868684703e-07,2.8659996868684703e-07,901925.7913664451,1082310.949639734,4.740936340942594e-10,5.141169552194522e-07,5.141169552194522e-07,2.6480372279541915e-13,True,True,instantaneous_BD_slow_variation,RUN01_KERNEL_PASS_NOT_FINAL_A2_CLOSURE
isosceles_q0.03_K3.0000,isosceles,3.0,0.13300492610837436,4.433497536945812,4.433497536945812,1.0555258048457845e-07,1.0555258048457845e-07,234539.19079341224,281447.02895209467,5.620439235267889e-10,6.118394990333743e-07,6.118394990333743e-07,3.7503533392262113e-13,True,True,instantaneous_BD_slow_variation,RUN01_KERNEL_PASS_NOT_FINAL_A2_CLOSURE
isosceles_q0.03_K3.2500,isosceles,3.25,0.14408866995073888,4.80295566502463,4.80295566502463,-4.747120321397096e-08,4.747120321397096e-08,-76583.13890976984,91899.76669172381,6.576420642143213e-10,7.18059655352855e-07,7.18059655352855e-07,5.165541211134115e-13,True,True,instantaneous_BD_slow_variation,RUN01_KERNEL_PASS_NOT_FINAL_A2_CLOSURE
isosceles_q0.03_K3.3500,isosceles,3.35,0.1485221674876847,4.9507389162561575,4.9507389162561575,-1.3255640430880274e-08,1.3255640430880274e-08,-18943.46734009346,22732.16080811215,6.980227188407351e-10,7.62927049382204e-07,7.62927049382204e-07,5.831227635056099e-13,True,True,instantaneous_BD_slow_variation,RUN01_KERNEL_PASS_NOT_FINAL_A2_CLOSURE
isosceles_q0.03_K3.3750,isosceles,3.375,0.14963054187192118,4.987684729064039,4.987684729064039,-9.534025211508268e-08,9.534025211508268e-08,-132257.2708159043,158708.72497908518,7.08309078778714e-10,7.743563382021797e-07,7.743563382021797e-07,6.007247057630054e-13,True,True,instantaneous_BD_slow_variation,RUN01_KERNEL_PASS_NOT_FINAL_A2_CLOSURE
isosceles_q0.03_K3.4000,isosceles,3.4,0.1507389162561576,5.02463054187192,5.02463054187192,1.5500108234886156e-07,1.5500108234886156e-07,208765.05586100786,250518.06703320943,7.186719172292422e-10,7.858706031472112e-07,7.858706031472112e-07,6.187221711570773e-13,True,True,instantaneous_BD_slow_variation,RUN01_KERNEL_PASS_NOT_FINAL_A2_CLOSURE
isosceles_q0.03_K3.4250,isosceles,3.4250000000000003,0.15184729064039407,5.0615763546798025,5.0615763546798025,-1.405089304145943e-07,1.405089304145943e-07,-183781.05231565848,220537.26277879017,7.291112341923211e-10,7.974698442172986e-07,7.974698442172986e-07,6.371210408806594e-13,True,True,instantaneous_BD_slow_variation,RUN01_KERNEL_PASS_NOT_FINAL_A2_CLOSURE
isosceles_q0.03_K3.4500,isosceles,3.45,0.15295566502463054,5.098522167487685,5.098522167487685,6.193238675046216e-08,6.193238675046216e-08,78682.99893905202,94419.59872686242,7.396270296679496e-10,8.09154061412442e-07,8.09154061412442e-07,6.559272395302224e-13,True,True,instantaneous_BD_slow_variation,RUN01_KERNEL_PASS_NOT_FINAL_A2_CLOSURE
isosceles_q0.03_K3.4750,isosceles,3.475,0.15406403940886695,5.135467980295566,5.135467980295566,4.161691432566511e-08,4.161691432566511e-08,51367.73998116999,61641.28797740398,7.502193036561277e-10,8.209232547326396e-07,8.209232547326396e-07,6.751467351058716e-13,True,True,instantaneous_BD_slow_variation,RUN01_KERNEL_PASS_NOT_FINAL_A2_CLOSURE
isosceles_q0.03_K3.5000,isosceles,3.5,0.15517241379310343,5.1724137931034475,5.1724137931034475,-1.2130179772328582e-07,1.2130179772328582e-07,-145490.695704332,174588.8348451984,7.608880561568565e-10,8.32777424177894e-07,8.32777424177894e-07,6.947855390113562e-13,True,True,instantaneous_BD_slow_variation,RUN01_KERNEL_PASS_NOT_FINAL_A2_CLOSURE
isosceles_q0.03_K3.5250,isosceles,3.525,0.15628078817733987,5.209359605911329,5.209359605911329,1.414777766527815e-07,1.414777766527815e-07,164927.1814930789,197912.61779169468,7.716332871701355e-10,8.447165697482035e-07,8.447165697482035e-07,7.148497060540552e-13,True,True,instantaneous_BD_slow_variation,RUN01_KERNEL_PASS_NOT_FINAL_A2_CLOSURE
isosceles_q0.03_K3.5500,isosceles,3.5500000000000003,0.15738916256157634,5.246305418719212,5.246305418719212,-9.551058539667162e-08,9.551058539667162e-08,-108237.79082966426,129885.3489955971,7.824549966959643e-10,8.56740691443569e-07,8.56740691443569e-07,7.353453344449902e-13,True,True,instantaneous_BD_slow_variation,RUN01_KERNEL_PASS_NOT_FINAL_A2_CLOSURE
isosceles_q0.03_K3.5750,isosceles,3.575,0.15849753694581278,5.283251231527093,5.283251231527093,7.535406088726712e-09,7.535406088726712e-09,8303.16414865762,9963.796978389144,7.933531847343429e-10,8.688497892639894e-07,8.688497892639894e-07,7.562785657988154e-13,True,True,instantaneous_BD_slow_variation,RUN01_KERNEL_PASS_NOT_FINAL_A2_CLOSURE
isosceles_q0.03_K3.6000,isosceles,3.6,0.15960591133004925,5.320197044334975,5.320197044334975,8.00255938917018e-08,8.00255938917018e-08,85755.18029395393,102906.21635274471,8.043278512852714e-10,8.810438632094656e-07,8.810438632094656e-07,7.776555851338261e-13,True,True,instantaneous_BD_slow_variation,RUN01_KERNEL_PASS_NOT_FINAL_A2_CLOSURE
isosceles_q0.03_K3.6250,isosceles,3.625,0.1607142857142857,5.357142857142857,5.357142857142857,-1.268128517593434e-07,1.268128517593434e-07,-132182.2059757381,158618.6471708857,8.153789963487501e-10,8.93322913279998e-07,8.93322913279998e-07,7.994826208719538e-13,True,True,instantaneous_BD_slow_variation,RUN01_KERNEL_PASS_NOT_FINAL_A2_CLOSURE
isosceles_q0.03_K3.6500,isosceles,3.6500000000000004,0.16182266009852214,5.394088669950738,5.394088669950738,1.1303377962856987e-07,1.1303377962856987e-07,114624.87214120697,137549.84656944836,8.265066199247792e-10,9.056869394755855e-07,9.056869394755855e-07,8.217659448387648e-13,True,True,instantaneous_BD_slow_variation,RUN01_KERNEL_PASS_NOT_FINAL_A2_CLOSURE
isosceles_q0.03_K3.6750,isosceles,3.6750000000000003,0.16293103448275859,5.43103448275862,5.43103448275862,-4.768454319664241e-08,4.768454319664241e-08,-47053.35784567687,56464.029414812234,8.377107220133577e-10,9.181359417962284e-07,9.181359417962284e-07,8.445118722634645e-13,True,True,instantaneous_BD_slow_variation,RUN01_KERNEL_PASS_NOT_FINAL_A2_CLOSURE
isosceles_q0.03_K3.7000,isosceles,3.7,0.16403940886699508,5.467980295566503,5.467980295566503,-3.68480913691422e-08,3.68480913691422e-08,-35387.57148006785,42465.08577608141,8.489913026144871e-10,9.306699202419275e-07,9.306699202419275e-07,8.677267617788964e-13,True,True,instantaneous_BD_slow_variation,RUN01_KERNEL_PASS_NOT_FINAL_A2_CLOSURE
isosceles_q0.03_K3.7250,isosceles,3.725,0.16514778325123153,5.504926108374384,5.504926108374384,1.0072838872077311e-07,1.0072838872077311e-07,94165.0456316267,112998.05475795204,8.603483617281661e-10,9.432888748126816e-07,9.432888748126816e-07,8.914170154215378e-13,True,True,instantaneous_BD_slow_variation,RUN01_KERNEL_PASS_NOT_FINAL_A2_CLOSURE
isosceles_q0.03_K3.7500,isosceles,3.75,0.16625615763546794,5.541871921182265,5.541871921182265,-1.153592487250311e-07,1.153592487250311e-07,-104995.47178363554,125994.56614036264,8.717818993543943e-10,9.559928055084915e-07,9.559928055084915e-07,9.15589078631507e-13,True,True,instantaneous_BD_slow_variation,RUN01_KERNEL_PASS_NOT_FINAL_A2_CLOSURE
isosceles_q0.03_K3.7750,isosceles,3.7750000000000004,0.16736453201970442,5.578817733990148,5.578817733990148,7.608878610622784e-08,7.608878610622784e-08,67436.70247563058,80924.0429707567,8.832919154931729e-10,9.687817123293568e-07,9.687817123293568e-07,9.402494402525568e-13,True,True,instantaneous_BD_slow_variation,RUN01_KERNEL_PASS_NOT_FINAL_A2_CLOSURE
isosceles_q0.03_K3.8000,isosceles,3.8000000000000003,0.1684729064039409,5.615763546798029,5.615763546798029,-3.3363135221375203e-09,3.3363135221375203e-09,-2879.8921972808644,3455.870636737037,8.948784101445024e-10,9.816555952752777e-07,9.816555952752777e-07,9.654046325320788e-13,True,True,instantaneous_BD_slow_variation,RUN01_KERNEL_PASS_NOT_FINAL_A2_CLOSURE
isosceles_q0.03_K3.8250,isosceles,3.825,0.16958128078817733,5.652709359605911,5.652709359605911,-6.788941837528863e-08,6.788941837528863e-08,-57084.78299442984,68501.73959331581,9.065413833083812e-10,9.946144543462547e-07,9.946144543462547e-07,9.91061231121101e-13,True,True,instantaneous_BD_slow_variation,RUN01_KERNEL_PASS_NOT_FINAL_A2_CLOSURE
isosceles_q0.03_K3.8500,isosceles,3.85,0.17068965517241377,5.689655172413793,5.689655172413793,1.0475783044019726e-07,1.0475783044019726e-07,85819.87136683859,102983.8456402063,9.182808349848097e-10,1.0076582895422867e-06,1.0076582895422867e-06,1.0172258550742873e-12,True,True,instantaneous_BD_slow_variation,RUN01_KERNEL_PASS_NOT_FINAL_A2_CLOSURE
isosceles_q0.03_K4.0000,isosceles,4.0,0.17733990147783246,5.911330049261083,5.911330049261083,-6.0984859747251e-08,6.0984859747251e-08,-42877.33556098407,51452.802673180886,9.903235938069346e-10,1.0877057993446473e-06,1.0877057993446473e-06,1.1852582673604013e-12,True,True,instantaneous_BD_slow_variation,RUN01_KERNEL_PASS_NOT_FINAL_A2_CLOSURE
isosceles_q0.03_K4.2500,isosceles,4.25,0.188423645320197,6.2807881773399,6.2807881773399,1.9532118088246563e-09,1.9532118088246563e-09,1077.5599042142128,1293.0718850570552,1.116513139514477e-09,1.2279164056863608e-06,1.2279164056863608e-06,1.5105206689560598e-12,True,True,instantaneous_BD_slow_variation,RUN01_KERNEL_PASS_NOT_FINAL_A2_CLOSURE
isosceles_q0.03_K4.5000,isosceles,4.5,0.19950738916256153,6.650246305418718,6.650246305418718,4.358311483324516e-08,4.358311483324516e-08,19130.122541017758,22956.14704922131,1.2503505364770234e-09,1.3766246245336338e-06,1.3766246245336338e-06,1.8985378835479945e-12,True,True,instantaneous_BD_slow_variation,RUN01_KERNEL_PASS_NOT_FINAL_A2_CLOSURE
isosceles_q0.03_K4.7500,isosceles,4.75,0.21059113300492607,7.0197044334975365,7.0197044334975365,5.2665095629831084e-08,5.2665095629831084e-08,18620.847889099008,22345.01746691881,1.3918357846945714e-09,1.5338304558864666e-06,1.5338304558864666e-06,2.3569055476372003e-12,True,True,instantaneous_BD_slow_variation,RUN01_KERNEL_PASS_NOT_FINAL_A2_CLOSURE
isosceles_q0.03_K5.0000,isosceles,5.0,0.22167487684729062,7.389162561576354,7.389162561576354,3.5255021189194725e-08,3.5255021189194725e-08,10152.973052491023,12183.567662989226,1.5409688841671224e-09,1.699533899744855e-06,1.699533899744855e-06,2.8936533340961427e-12,True,True,instantaneous_BD_slow_variation,RUN01_KERNEL_PASS_NOT_FINAL_A2_CLOSURE
isosceles_q0.03_K5.2500,isosceles,5.25,0.23275862068965514,7.758620689655172,7.758620689655172,6.918615430251981e-09,6.918615430251981e-09,1639.2127750409302,1967.0553300491163,1.697749834894675e-09,1.8737349561088026e-06,1.8737349561088026e-06,3.5172449521687966e-12,True,True,instantaneous_BD_slow_variation,RUN01_KERNEL_PASS_NOT_FINAL_A2_CLOSURE
isosceles_q0.03_K5.5000,isosceles,5.5,0.24384236453201968,8.12807881773399,8.12807881773399,-1.6594610506445435e-08,1.6594610506445435e-08,-3264.153665372806,3916.984398447367,1.8621786368772305e-09,2.0564336249783094e-06,2.0564336249783094e-06,4.236578147470612e-12,True,True,instantaneous_BD_slow_variation,RUN01_KERNEL_PASS_NOT_FINAL_A2_CLOSURE
isosceles_q0.03_K5.7500,isosceles,5.75,0.2549261083743842,8.497536945812806,8.497536945812806,-2.6086198448253657e-08,2.6086198448253657e-08,-4295.3101000950965,5154.372120114115,2.0342552901147877e-09,2.2476299063533743e-06,2.2476299063533743e-06,5.0609847019885176e-12,True,True,instantaneous_BD_slow_variation,RUN01_KERNEL_PASS_NOT_FINAL_A2_CLOSURE
isosceles_q0.03_K6.0000,isosceles,6.0,0.2660098522167487,8.866995073891625,8.866995073891625,-2.104861937315401e-08,2.104861937315401e-08,-2923.307085785568,3507.9685029426814,2.213979794607349e-09,2.4473238002339973e-06,2.4473238002339973e-06,6.000230434080933e-12,True,True,instantaneous_BD_slow_variation,RUN01_KERNEL_PASS_NOT_FINAL_A2_CLOSURE
isosceles_q0.1_K0.1000,isosceles,0.1,0.014285714285714289,0.14285714285714288,0.14285714285714288,1.6115753703974773,1.6115753703974773,3.044590022948942e+18,3.65350802753873e+18,1.7751070604090768e-11,6.466423769154599e-10,6.466423769154599e-10,4.411035525993225e-19,True,True,instantaneous_BD_slow_variation,RUN01_KERNEL_PASS_NOT_FINAL_A2_CLOSURE
isosceles_q0.1_K0.2000,isosceles,0.2,0.028571428571428577,0.28571428571428575,0.28571428571428575,-0.038354645371976075,0.038354645371976075,-4768692848844200.0,5722431418613040.0,3.68083829165565e-11,2.552373608162034e-09,2.552373608162034e-09,6.7025085258727634e-18,True,True,instantaneous_BD_slow_variation,RUN01_KERNEL_PASS_NOT_FINAL_A2_CLOSURE
isosceles_q0.1_K0.3000,isosceles,0.30000000000000004,0.042857142857142864,0.4285714285714286,0.4285714285714286,0.003950069646864035,0.003950069646864035,97961012424038.44,117553214908846.12,6.85705701039994e-11,5.7285923269063245e-09,5.7285923269063245e-09,3.3602395731388746e-17,True,True,instantaneous_BD_slow_variation,RUN01_KERNEL_PASS_NOT_FINAL_A2_CLOSURE
isosceles_q0.1_K0.4000,isosceles,0.4,0.057142857142857155,0.5714285714285715,0.5714285714285715,-0.0008098026744909432,0.0008098026744909432,-6376173071640.999,7651407685969.198,1.1303763216641952e-10,1.0175298533148326e-08,1.0175298533148326e-08,1.0583708354423753e-16,True,True,instantaneous_BD_slow_variation,RUN01_KERNEL_PASS_NOT_FINAL_A2_CLOSURE
isosceles_q0.1_K0.5000,isosceles,0.5,0.07142857142857144,0.7142857142857143,0.7142857142857143,0.00024105301326226338,0.00024105301326226338,778651086000.3939,934381303200.4727,1.702095691038168e-10,1.589249222688805e-08,1.589249222688805e-08,2.579814176895459e-16,True,True,instantaneous_BD_slow_variation,RUN01_KERNEL_PASS_NOT_FINAL_A2_CLOSURE
isosceles_q0.1_K0.6000,isosceles,0.6,0.0857142857142857,0.857142857142857,0.857142857142857,-8.892834300995986e-05,8.892834300995986e-05,-138650157862.12012,166380189434.54413,2.4008638091619093e-10,2.2880173408125484e-08,2.2880173408125484e-08,5.344887712424759e-16,True,True,instantaneous_BD_slow_variation,RUN01_KERNEL_PASS_NOT_FINAL_A2_CLOSURE
isosceles_q0.1_K0.7000,isosceles,0.7000000000000001,0.1,1.0,1.0,3.68864659569969e-05,3.68864659569969e-05,31058906511.958626,37270687814.35035,3.2266806760354255e-10,3.1138342076860624e-08,3.1138342076860624e-08,9.896910446282263e-16,True,True,instantaneous_BD_slow_variation,RUN01_KERNEL_PASS_NOT_FINAL_A2_CLOSURE
isosceles_q0.1_K0.8000,isosceles,0.8,0.11428571428571431,1.142857142857143,1.142857142857143,-1.595972675874276e-05,1.595972675874276e-05,-7879951898.202676,9455942277.84321,4.1795462916587137e-10,4.066699823309352e-08,4.066699823309352e-08,1.6877986656220353e-15,True,True,instantaneous_BD_slow_variation,RUN01_KERNEL_PASS_NOT_FINAL_A2_CLOSURE
isosceles_q0.1_K0.9000,isosceles,0.9,0.1285714285714286,1.2857142857142858,1.2857142857142858,6.624866779121227e-06,6.624866779121227e-06,2042517707.7132885,2451021249.255946,5.259460656031771e-10,5.146614187682408e-08,5.146614187682408e-08,2.7029005893491666e-15,True,True,instantaneous_BD_slow_variation,RUN01_KERNEL_PASS_NOT_FINAL_A2_CLOSURE
isosceles_q0.1_K1.0000,isosceles,1.0,0.14285714285714288,1.4285714285714286,1.4285714285714286,-2.215995974578635e-06,2.215995974578635e-06,-448331953.96177167,537998344.754126,6.466423769154599e-10,6.353577300805239e-08,6.353577300805239e-08,4.118964298284935e-15,True,True,instantaneous_BD_slow_variation,RUN01_KERNEL_PASS_NOT_FINAL_A2_CLOSURE
isosceles_q0.1_K1.2500,isosceles,1.25,0.17857142857142858,1.7857142857142856,1.7857142857142856,-2.5182303096022477e-06,2.5182303096022477e-06,-208735659.379213,250482791.2550556,1.0039669827741927e-09,9.926823359392566e-08,9.926823359392566e-08,1.0053506258791426e-14,True,True,instantaneous_BD_slow_variation,RUN01_KERNEL_PASS_NOT_FINAL_A2_CLOSURE
isosceles_q0.1_K1.5000,isosceles,1.5,0.2142857142857143,2.142857142857143,2.142857142857143,-1.1033552606149074e-06,1.1033552606149074e-06,-44111480.47270956,52933776.567251466,1.4406970566015323e-09,1.4294124097665962e-07,1.4294124097665962e-07,2.0844068422231563e-14,True,True,instantaneous_BD_slow_variation,RUN01_KERNEL_PASS_NOT_FINAL_A2_CLOSURE
isosceles_q0.1_K1.7500,isosceles,1.75,0.25,2.5,2.5,-2.0160774985412582e-07,2.0160774985412582e-07,-4351034.597116245,5221241.516539494,1.9568325983974788e-09,1.945547951562544e-07,1.945547951562544e-07,3.8612990648964713e-14,True,True,instantaneous_BD_slow_variation,RUN01_KERNEL_PASS_NOT_FINAL_A2_CLOSURE
isosceles_q0.1_K2.0000,isosceles,2.0,0.28571428571428575,2.857142857142857,2.857142857142857,1.5463015553123496e-07,1.5463015553123496e-07,1956298.945307522,2347558.7343690265,2.552373608162034e-09,2.541088961327097e-07,2.541088961327097e-07,6.586849277396087e-14,True,True,instantaneous_BD_slow_variation,RUN01_KERNEL_PASS_NOT_FINAL_A2_CLOSURE
isosceles_q0.1_K2.2500,isosceles,2.25,0.3214285714285714,3.214285714285714,3.214285714285714,2.0016673731202316e-07,2.0016673731202316e-07,1581025.8175606297,1897230.9810727555,3.227320085895195e-09,3.2160354390602594e-07,3.2160354390602594e-07,1.0550467460680114e-13,True,True,instantaneous_BD_slow_variation,RUN01_KERNEL_PASS_NOT_FINAL_A2_CLOSURE
isosceles_q0.1_K2.5000,isosceles,2.5,0.35714285714285715,3.571428571428571,3.571428571428571,1.237516509871557e-07,1.237516509871557e-07,641327.1369061422,769592.5642873707,3.981672031596964e-09,3.9703873847620265e-07,3.9703873847620265e-07,1.608015159316769e-13,True,True,instantaneous_BD_slow_variation,RUN01_KERNEL_PASS_NOT_FINAL_A2_CLOSURE
isosceles_q0.1_K2.7500,isosceles,2.75,0.39285714285714285,3.9285714285714284,3.9285714285714284,3.395622125502299e-08,3.395622125502299e-08,120194.8216588069,144233.78599056829,4.815429445267341e-09,4.804144798432402e-07,4.804144798432402e-07,2.354248765073909e-13,True,True,instantaneous_BD_slow_variation,RUN01_KERNEL_PASS_NOT_FINAL_A2_CLOSURE
isosceles_q0.1_K3.0000,isosceles,3.0,0.4285714285714286,4.285714285714286,4.285714285714286,-2.34158435397931e-08,2.34158435397931e-08,-58523.25229092073,70227.90274910488,5.7285923269063245e-09,5.717307680071386e-07,5.717307680071386e-07,3.3342649606735635e-13,True,True,instantaneous_BD_slow_variation,RUN01_KERNEL_PASS_NOT_FINAL_A2_CLOSURE
isosceles_q0.1_K3.2500,isosceles,3.25,0.46428571428571425,4.642857142857142,4.642857142857142,-4.155078145627648e-08,4.155078145627648e-08,-75397.06918729364,90476.48302475236,6.721160676513917e-09,6.709876029678973e-07,6.709876029678973e-07,4.592439943195969e-13,True,True,instantaneous_BD_slow_variation,RUN01_KERNEL_PASS_NOT_FINAL_A2_CLOSURE
isosceles_q0.1_K3.3500,isosceles,3.35,0.4785714285714286,4.785714285714286,4.785714285714286,2.911153296899405e-08,2.911153296899405e-08,46794.65712243123,56153.588546917475,7.1404215473881624e-09,7.129136900553224e-07,7.129136900553224e-07,5.184269380160944e-13,True,True,instantaneous_BD_slow_variation,RUN01_KERNEL_PASS_NOT_FINAL_A2_CLOSURE
isosceles_q0.1_K3.3750,isosceles,3.375,0.48214285714285715,4.821428571428571,4.821428571428571,-3.935776237371373e-08,3.935776237371373e-08,-61410.99256690502,73693.19108028602,7.247221901805941e-09,7.235937254970997e-07,7.235937254970997e-07,5.340759681696358e-13,True,True,instantaneous_BD_slow_variation,RUN01_KERNEL_PASS_NOT_FINAL_A2_CLOSURE
isosceles_q0.1_K3.4000,isosceles,3.4,0.4857142857142857,4.857142857142857,4.857142857142857,3.086070100276757e-08,3.086070100276757e-08,46752.12333124853,56102.54799749823,7.3548163109033966e-09,7.343531664068461e-07,7.343531664068461e-07,5.500766383042662e-13,True,True,instantaneous_BD_slow_variation,RUN01_KERNEL_PASS_NOT_FINAL_A2_CLOSURE
isosceles_q0.1_K3.4250,isosceles,3.4250000000000003,0.4892857142857143,4.892857142857143,4.892857142857143,-8.628819006591178e-09,8.628819006591178e-09,-12694.648021395618,15233.577625674741,7.463204774680545e-09,7.451920127845615e-07,7.451920127845615e-07,5.664341770936413e-13,True,True,instantaneous_BD_slow_variation,RUN01_KERNEL_PASS_NOT_FINAL_A2_CLOSURE
isosceles_q0.1_K3.4500,isosceles,3.45,0.4928571428571429,4.928571428571429,4.928571428571429,-1.6300534341358955e-08,1.6300534341358955e-08,-23293.644680360547,27952.373616432655,7.572387293137386e-09,7.561102646302444e-07,7.561102646302444e-07,5.831538517994118e-13,True,True,instantaneous_BD_slow_variation,RUN01_KERNEL_PASS_NOT_FINAL_A2_CLOSURE
isosceles_q0.1_K3.4750,isosceles,3.475,0.49642857142857144,4.964285714285714,4.964285714285714,3.2286434633107664e-08,3.2286434633107664e-08,44824.26827969963,53789.12193563955,7.682363866273902e-09,7.671079219438968e-07,7.671079219438968e-07,6.002409682712323e-13,True,True,instantaneous_BD_slow_variation,RUN01_KERNEL_PASS_NOT_FINAL_A2_CLOSURE
isosceles_q0.1_K3.5000,isosceles,3.5,0.5,5.0,5.0,-3.247276399819061e-08,3.247276399819061e-08,-43808.64256137934,52570.37107365521,7.79313449409011e-09,7.781849847255178e-07,7.781849847255178e-07,6.177008709467491e-13,True,True,instantaneous_BD_slow_variation,RUN01_KERNEL_PASS_NOT_FINAL_A2_CLOSURE
isosceles_q0.1_K3.5250,isosceles,3.525,0.5035714285714286,5.035714285714286,5.035714285714286,1.766822867074735e-08,1.766822867074735e-08,23166.989305527495,27800.387166632994,7.904699176586005e-09,7.893414529751071e-07,7.893414529751071e-07,6.355389428516083e-13,True,True,instantaneous_BD_slow_variation,RUN01_KERNEL_PASS_NOT_FINAL_A2_CLOSURE
isosceles_q0.1_K3.5500,isosceles,3.5500000000000003,0.5071428571428571,5.071428571428571,5.071428571428571,4.460686114067658e-09,4.460686114067658e-09,5685.932123397473,6823.118548076968,8.017057913761582e-09,8.005773266926648e-07,8.005773266926648e-07,6.537606055994528e-13,True,True,instantaneous_BD_slow_variation,RUN01_KERNEL_PASS_NOT_FINAL_A2_CLOSURE
isosceles_q0.1_K3.5750,isosceles,3.575,0.5107142857142858,5.107142857142858,5.107142857142858,-2.3303633668483746e-08,2.3303633668483746e-08,-28882.396026795348,34658.875232154416,8.130210705616846e-09,8.118926058781913e-07,8.118926058781913e-07,6.723713193919241e-13,True,True,instantaneous_BD_slow_variation,RUN01_KERNEL_PASS_NOT_FINAL_A2_CLOSURE
isosceles_q0.1_K3.6000,isosceles,3.6,0.5142857142857143,5.142857142857143,5.142857142857143,3.035413003157856e-08,3.035413003157856e-08,36586.58534427987,43903.90241313584,8.244157552151802e-09,8.232872905316864e-07,8.232872905316864e-07,6.913765830186602e-13,True,True,instantaneous_BD_slow_variation,RUN01_KERNEL_PASS_NOT_FINAL_A2_CLOSURE
isosceles_q0.1_K3.6250,isosceles,3.625,0.5178571428571428,5.178571428571428,5.178571428571428,-2.300849787615573e-08,2.300849787615573e-08,-26975.57058896672,32370.68470676006,8.358898453366432e-09,8.3476138065315e-07,8.3476138065315e-07,7.107819338572965e-13,True,True,instantaneous_BD_slow_variation,RUN01_KERNEL_PASS_NOT_FINAL_A2_CLOSURE
isosceles_q0.1_K3.6500,isosceles,3.6500000000000004,0.5214285714285715,5.214285714285714,5.214285714285714,5.439645603415119e-09,5.439645603415119e-09,6204.60136665735,7445.5216399888195,8.474433409260765e-09,8.463148762425824e-07,8.463148762425824e-07,7.305929478734666e-13,True,True,instantaneous_BD_slow_variation,RUN01_KERNEL_PASS_NOT_FINAL_A2_CLOSURE
isosceles_q0.1_K3.6750,isosceles,3.6750000000000003,0.525,5.25,5.25,1.3694686508193413e-08,1.3694686508193413e-08,15199.796374127382,18239.755648952858,8.59076241983477e-09,8.57947777299984e-07,8.57947777299984e-07,7.508152396208018e-13,True,True,instantaneous_BD_slow_variation,RUN01_KERNEL_PASS_NOT_FINAL_A2_CLOSURE
isosceles_q0.1_K3.7000,isosceles,3.7,0.5285714285714287,5.2857142857142865,5.2857142857142865,-2.548247055389594e-08,2.548247055389594e-08,-27526.436319470984,33031.72358336518,8.707885485088472e-09,8.69660083825353e-07,8.69660083825353e-07,7.714544622409273e-13,True,True,instantaneous_BD_slow_variation,RUN01_KERNEL_PASS_NOT_FINAL_A2_CLOSURE
isosceles_q0.1_K3.7250,isosceles,3.725,0.5321428571428571,5.321428571428571,5.321428571428571,2.4876214992311938e-08,2.4876214992311938e-08,26157.416528890095,31388.899834668115,8.825802605021844e-09,8.814517958186912e-07,8.814517958186912e-07,7.925163074634713e-13,True,True,instantaneous_BD_slow_variation,RUN01_KERNEL_PASS_NOT_FINAL_A2_CLOSURE
isosceles_q0.1_K3.7500,isosceles,3.75,0.5357142857142857,5.357142857142857,5.357142857142857,-1.281186607309839e-08,1.281186607309839e-08,-13116.056183072229,15739.267419686674,8.944513779634918e-09,8.93322913279998e-07,8.93322913279998e-07,8.140065056060557e-13,True,True,instantaneous_BD_slow_variation,RUN01_KERNEL_PASS_NOT_FINAL_A2_CLOSURE
isosceles_q0.1_K3.7750,isosceles,3.7750000000000004,0.5392857142857144,5.392857142857143,5.392857142857143,-4.539864245576627e-09,4.539864245576627e-09,-4525.757501582787,5430.909001899344,9.064019008927673e-09,9.052734362092737e-07,9.052734362092737e-07,8.359308255743021e-13,True,True,instantaneous_BD_slow_variation,RUN01_KERNEL_PASS_NOT_FINAL_A2_CLOSURE
isosceles_q0.1_K3.8000,isosceles,3.8000000000000003,0.5428571428571429,5.428571428571429,5.428571428571429,1.889299618622351e-08,1.889299618622351e-08,18343.532369743803,22012.23884369256,9.184318292900117e-09,9.173033646065175e-07,9.173033646065175e-07,8.582950748618265e-13,True,True,instantaneous_BD_slow_variation,RUN01_KERNEL_PASS_NOT_FINAL_A2_CLOSURE
isosceles_q0.1_K3.8250,isosceles,3.825,0.5464285714285715,5.464285714285714,5.464285714285714,-2.3776149400013306e-08,2.3776149400013306e-08,-22487.053863901216,26984.46463668146,9.305411631552237e-09,9.294126984717303e-07,9.294126984717303e-07,8.811050995502459e-13,True,True,instantaneous_BD_slow_variation,RUN01_KERNEL_PASS_NOT_FINAL_A2_CLOSURE
isosceles_q0.1_K3.8500,isosceles,3.85,0.55,5.5,5.5,1.7421686645609192e-08,1.7421686645609192e-08,16053.301001942937,19263.961202331524,9.427299024884048e-09,9.41601437804911e-07,9.41601437804911e-07,9.04366784309171e-13,True,True,instantaneous_BD_slow_variation,RUN01_KERNEL_PASS_NOT_FINAL_A2_CLOSURE
isosceles_q0.1_K4.0000,isosceles,4.0,0.5714285714285715,5.714285714285714,5.714285714285714,4.403709635143738e-09,4.403709635143738e-09,3482.5495459001613,4179.059455080193,1.0175298533148326e-08,1.0164013886313397e-06,1.0164013886313397e-06,1.0537561579293763e-12,True,True,instantaneous_BD_slow_variation,RUN01_KERNEL_PASS_NOT_FINAL_A2_CLOSURE
isosceles_q0.1_K4.2500,isosceles,4.25,0.6071428571428572,6.071428571428571,6.071428571428571,1.2839617005547947e-08,1.2839617005547947e-08,7967.409417693675,9560.89130123241,1.1485488754630346e-08,1.1474204107795413e-06,1.1474204107795413e-06,1.3429309675231748e-12,True,True,instantaneous_BD_slow_variation,RUN01_KERNEL_PASS_NOT_FINAL_A2_CLOSURE
isosceles_q0.1_K4.5000,isosceles,4.5,0.6428571428571428,6.428571428571428,6.428571428571428,1.2327968697492585e-08,1.2327968697492585e-08,6086.450441957247,7303.740530348696,1.2875084444080971e-08,1.2863799797246032e-06,1.2863799797246032e-06,1.6878979539685294e-12,True,True,instantaneous_BD_slow_variation,RUN01_KERNEL_PASS_NOT_FINAL_A2_CLOSURE
isosceles_q0.1_K4.7500,isosceles,4.75,0.6785714285714286,6.785714285714286,6.785714285714286,6.428370177416186e-09,6.428370177416186e-09,2556.5283666886758,3067.8340400264105,1.4344085601500213e-08,1.4332800954665271e-06,1.4332800954665271e-06,2.0954100168211332e-12,True,True,instantaneous_BD_slow_variation,RUN01_KERNEL_PASS_NOT_FINAL_A2_CLOSURE
isosceles_q0.1_K5.0000,isosceles,5.0,0.7142857142857143,7.142857142857142,7.142857142857142,-3.8231146399249154e-10,3.8231146399249154e-10,-123.84053159883116,148.6086379185974,1.589249222688805e-08,1.5881207580053113e-06,1.5881207580053113e-06,2.5726059356112825e-12,True,True,instantaneous_BD_slow_variation,RUN01_KERNEL_PASS_NOT_FINAL_A2_CLOSURE
isosceles_q0.1_K5.2500,isosceles,5.25,0.75,7.5,7.5,-4.813621515471621e-09,4.813621515471621e-09,-1282.807150746124,1539.368580895349,1.7520304320244504e-08,1.7509019673409554e-06,1.7509019673409554e-06,3.1270103698438846e-12,True,True,instantaneous_BD_slow_variation,RUN01_KERNEL_PASS_NOT_FINAL_A2_CLOSURE
isosceles_q0.1_K5.5000,isosceles,5.5,0.7857142857142857,7.857142857142857,7.857142857142857,-5.6777548755940915e-09,5.6777548755940915e-09,-1256.1847506095492,1507.421700731459,1.9227521881569552e-08,1.9216237234734606e-06,1.9216237234734606e-06,3.766533858998465e-12,True,True,instantaneous_BD_slow_variation,RUN01_KERNEL_PASS_NOT_FINAL_A2_CLOSURE
isosceles_q0.1_K5.7500,isosceles,5.75,0.8214285714285714,8.214285714285714,8.214285714285714,-3.687919299896174e-09,3.687919299896174e-09,-683.0280356086975,819.6336427304369,2.1014144910863218e-08,2.1002860264028272e-06,2.1002860264028272e-06,4.4994728225291574e-12,True,True,instantaneous_BD_slow_variation,RUN01_KERNEL_PASS_NOT_FINAL_A2_CLOSURE
isosceles_q0.1_K6.0000,isosceles,6.0,0.8571428571428572,8.571428571428571,8.571428571428571,-5.713038149118222e-10,5.713038149118222e-10,-89.24653842753507,107.09584611304209,2.2880173408125487e-08,2.2868888761290547e-06,2.2868888761290547e-06,5.334509559864704e-12,True,True,instantaneous_BD_slow_variation,RUN01_KERNEL_PASS_NOT_FINAL_A2_CLOSURE
isosceles_q0.2_K0.1000,isosceles,0.1,0.02727272727272728,0.13636363636363638,0.13636363636363638,0.6936728811780586,0.6936728811780586,1.4855333996043236e+18,1.782640079525188e+18,3.455090514951513e-11,5.902054327394251e-10,5.902054327394251e-10,3.891267166857488e-19,True,True,instantaneous_BD_slow_variation,RUN01_KERNEL_PASS_NOT_FINAL_A2_CLOSURE
isosceles_q0.2_K0.2000,isosceles,0.2,0.05454545454545456,0.27272727272727276,0.27272727272727276,-0.013817499431496011,0.013817499431496011,-1952563475693526.2,2343076170832231.5,1.0400772109825389e-10,2.326625831457894e-09,2.326625831457894e-09,5.897161860763667e-18,True,True,instantaneous_BD_slow_variation,RUN01_KERNEL_PASS_NOT_FINAL_A2_CLOSURE
isosceles_q0.2_K0.3000,isosceles,0.30000000000000004,0.08181818181818183,0.4090909090909091,0.4090909090909091,0.0013728098712132337,0.0013728098712132337,38714363927323.78,46457236712788.53,2.1976908101281847e-10,5.22065982932201e-09,5.22065982932201e-09,2.954996827943779e-17,True,True,instantaneous_BD_slow_variation,RUN01_KERNEL_PASS_NOT_FINAL_A2_CLOSURE
isosceles_q0.2_K0.4000,isosceles,0.4,0.10909090909090911,0.5454545454545455,0.5454545454545455,-0.0002755435952367033,0.0002755435952367033,-2467525092747.948,2961030111297.5376,3.8183498489320916e-10,9.272307426331773e-09,9.272307426331773e-09,9.305666774052453e-17,True,True,instantaneous_BD_slow_variation,RUN01_KERNEL_PASS_NOT_FINAL_A2_CLOSURE
isosceles_q0.2_K0.5000,isosceles,0.5,0.13636363636363635,0.6818181818181818,0.6818181818181818,8.081642592854236e-05,8.081642592854236e-05,296931407282.2747,356317688738.7296,5.902054327394248e-10,1.448156862248717e-08,1.448156862248717e-08,2.268100307189664e-16,True,True,instantaneous_BD_slow_variation,RUN01_KERNEL_PASS_NOT_FINAL_A2_CLOSURE
isosceles_q0.2_K0.6000,isosceles,0.6,0.1636363636363636,0.818181818181818,0.818181818181818,-2.955823159130371e-05,2.955823159130371e-05,-52420873757.212364,62905048508.65483,8.44880424551467e-10,2.084844341778823e-08,2.084844341778823e-08,4.698864763968336e-16,True,True,instantaneous_BD_slow_variation,RUN01_KERNEL_PASS_NOT_FINAL_A2_CLOSURE
isosceles_q0.2_K0.7000,isosceles,0.7000000000000001,0.19090909090909092,0.9545454545454545,0.9545454545454545,1.2245865049468484e-05,1.2245865049468484e-05,11729134653.737694,14074961584.485231,1.145859960329335e-09,2.837293181223491e-08,2.837293181223491e-08,8.700460726633207e-16,True,True,instantaneous_BD_slow_variation,RUN01_KERNEL_PASS_NOT_FINAL_A2_CLOSURE
isosceles_q0.2_K0.8000,isosceles,0.8,0.21818181818181823,1.090909090909091,1.090909090909091,-5.346071127986911e-06,5.346071127986911e-06,-3002602669.2036285,3603123203.044354,1.4931440400730298e-09,3.7055033805827267e-08,3.7055033805827267e-08,1.4837325361147528e-15,True,True,instantaneous_BD_slow_variation,RUN01_KERNEL_PASS_NOT_FINAL_A2_CLOSURE
isosceles_q0.2_K0.9000,isosceles,0.9,0.24545454545454548,1.2272727272727273,1.2272727272727273,2.278885858058761e-06,2.278885858058761e-06,799247903.1213129,959097483.7455754,1.8867326637825485e-09,4.689474939856525e-08,4.689474939856525e-08,2.376073232054576e-15,True,True,instantaneous_BD_slow_variation,RUN01_KERNEL_PASS_NOT_FINAL_A2_CLOSURE
isosceles_q0.2_K1.0000,isosceles,1.0,0.2727272727272727,1.3636363636363635,1.3636363636363635,-8.238150339616317e-07,8.238150339616317e-07,-189598297.8767628,227517957.45211536,2.3266258314578943e-09,5.7892078590448845e-08,5.7892078590448845e-08,3.6208791744933635e-15,True,True,instantaneous_BD_slow_variation,RUN01_KERNEL_PASS_NOT_FINAL_A2_CLOSURE
isosceles_q0.2_K1.2500,isosceles,1.25,0.3409090909090909,1.7045454545454544,1.7045454545454544,-8.880699252058064e-07,8.880699252058064e-07,-83739064.55894089,100486877.47072907,3.628941130496744e-09,9.044996106642013e-08,9.044996106642013e-08,8.837670624848437e-15,True,True,instantaneous_BD_slow_variation,RUN01_KERNEL_PASS_NOT_FINAL_A2_CLOSURE
isosceles_q0.2_K1.5000,isosceles,1.5,0.4090909090909091,2.0454545454545454,2.0454545454545454,-3.5925124556229923e-07,3.5925124556229923e-07,-16338696.649392297,19606435.979270756,5.22065982932201e-09,1.302429285370517e-07,1.302429285370517e-07,1.8323128484040845e-14,True,True,instantaneous_BD_slow_variation,RUN01_KERNEL_PASS_NOT_FINAL_A2_CLOSURE
isosceles_q0.2_K1.7500,isosceles,1.75,0.4772727272727273,2.3863636363636362,2.3863636363636362,-3.9047847863589934e-08,3.9047847863589934e-08,-958665.6415827036,1150398.7698992442,7.101781927933683e-09,1.7727098100234364e-07,1.7727098100234364e-07,3.394288040399233e-14,True,True,instantaneous_BD_slow_variation,RUN01_KERNEL_PASS_NOT_FINAL_A2_CLOSURE
isosceles_q0.2_K2.0000,isosceles,2.0,0.5454545454545454,2.727272727272727,2.727272727272727,7.438905522644286e-08,7.438905522644286e-08,1070621.693661935,1284746.0323943219,9.272307426331767e-09,2.3153411846229575e-07,2.3153411846229575e-07,5.790175906424665e-14,True,True,instantaneous_BD_slow_variation,RUN01_KERNEL_PASS_NOT_FINAL_A2_CLOSURE
isosceles_q0.2_K2.2500,isosceles,2.25,0.6136363636363636,3.068181818181818,3.068181818181818,7.628378930920482e-08,7.628378930920482e-08,685434.7453478702,822521.6944174442,1.1732236324516276e-08,2.93032340916908e-07,2.93032340916908e-07,9.274380217196979e-14,True,True,instantaneous_BD_slow_variation,RUN01_KERNEL_PASS_NOT_FINAL_A2_CLOSURE
isosceles_q0.2_K2.5000,isosceles,2.5,0.6818181818181818,3.4090909090909087,3.4090909090909087,3.9707820291352695e-08,3.9707820291352695e-08,234094.9625242174,280913.9550290609,1.448156862248717e-08,3.6176564836618085e-07,3.6176564836618085e-07,1.4135225246195005e-13,True,True,instantaneous_BD_slow_variation,RUN01_KERNEL_PASS_NOT_FINAL_A2_CLOSURE
isosceles_q0.2_K2.7500,isosceles,2.75,0.75,3.7499999999999996,3.7499999999999996,4.48194963050934e-09,4.48194963050934e-09,18047.673389571384,21657.20806748566,1.7520304320244504e-08,4.3773404081011383e-07,4.3773404081011383e-07,2.0694955769659746e-13,True,True,instantaneous_BD_slow_variation,RUN01_KERNEL_PASS_NOT_FINAL_A2_CLOSURE
isosceles_q0.2_K3.0000,isosceles,3.0,0.8181818181818182,4.090909090909091,4.090909090909091,-1.4637673013711326e-08,1.4637673013711326e-08,-41617.77643055725,49941.3317166687,2.084844341778823e-08,5.20937518248707e-07,5.20937518248707e-07,2.930973706659443e-13,True,True,instantaneous_BD_slow_variation,RUN01_KERNEL_PASS_NOT_FINAL_A2_CLOSURE
isosceles_q0.2_K3.2500,isosceles,3.25,0.8863636363636364,4.431818181818182,4.431818181818182,-1.7708602904984538e-08,1.7708602904984538e-08,-36555.10337450941,43866.12404941129,2.446598591511837e-08,6.113760806819609e-07,6.113760806819609e-07,4.036965491876458e-13,True,True,instantaneous_BD_slow_variation,RUN01_KERNEL_PASS_NOT_FINAL_A2_CLOSURE
isosceles_q0.2_K3.3500,isosceles,3.35,0.9136363636363637,4.568181818181818,4.568181818181818,1.410817689540185e-08,1.410817689540185e-08,25798.27263213686,30957.92715856423,2.5994035865990635e-08,6.495773294537672e-07,6.495773294537672e-07,4.557209797393993e-13,True,True,instantaneous_BD_slow_variation,RUN01_KERNEL_PASS_NOT_FINAL_A2_CLOSURE
isosceles_q0.2_K3.3750,isosceles,3.375,0.9204545454545454,4.602272727272727,4.602272727272727,-1.5169642191107677e-08,1.5169642191107677e-08,-26926.481842144392,32311.77821057327,2.6383283438703337e-08,6.593085187715853e-07,6.593085187715853e-07,4.694771699733866e-13,True,True,instantaneous_BD_slow_variation,RUN01_KERNEL_PASS_NOT_FINAL_A2_CLOSURE
isosceles_q0.2_K3.4000,isosceles,3.4,0.9272727272727272,4.636363636363636,4.636363636363636,9.147015362427808e-09,9.147015362427808e-09,15763.895257485208,18916.67430898225,2.6775425045413933e-08,6.6911205893935e-07,6.6911205893935e-07,4.835424669802825e-13,True,True,instantaneous_BD_slow_variation,RUN01_KERNEL_PASS_NOT_FINAL_A2_CLOSURE
isosceles_q0.2_K3.4250,isosceles,3.4250000000000003,0.9340909090909091,4.670454545454545,4.670454545454545,7.823447438734565e-10,7.823447438734565e-10,1309.3509648647387,1571.2211578376864,2.717046068612239e-08,6.789879499570614e-07,6.789879499570614e-07,4.979214669882111e-13,True,True,instantaneous_BD_slow_variation,RUN01_KERNEL_PASS_NOT_FINAL_A2_CLOSURE
isosceles_q0.2_K3.4500,isosceles,3.45,0.940909090909091,4.704545454545455,4.704545454545455,-9.80989454565673e-09,9.80989454565673e-09,-15947.351363343463,19136.821636012155,2.7568390360828708e-08,6.889361918247193e-07,6.889361918247193e-07,5.126188001457997e-13,True,True,instantaneous_BD_slow_variation,RUN01_KERNEL_PASS_NOT_FINAL_A2_CLOSURE
isosceles_q0.2_K3.4750,isosceles,3.475,0.9477272727272728,4.738636363636363,4.738636363636363,1.3806570803399422e-08,1.3806570803399422e-08,21805.576963393785,26166.69235607254,2.7969214069532888e-08,6.989567845423236e-07,6.989567845423236e-07,5.276391305221775e-13,True,True,instantaneous_BD_slow_variation,RUN01_KERNEL_PASS_NOT_FINAL_A2_CLOSURE
isosceles_q0.2_K3.5000,isosceles,3.5,0.9545454545454546,4.7727272727272725,4.7727272727272725,-1.1193216304471958e-08,1.1193216304471958e-08,-17178.454681327526,20614.14561759303,2.8372931812234944e-08,7.090497281098748e-07,7.090497281098748e-07,5.429871561069778e-13,True,True,instantaneous_BD_slow_variation,RUN01_KERNEL_PASS_NOT_FINAL_A2_CLOSURE
isosceles_q0.2_K3.5250,isosceles,3.525,0.9613636363636362,4.806818181818181,4.806818181818181,3.532363322420546e-09,3.532363322420546e-09,5269.029482997064,6322.835379596477,2.8779543588934822e-08,7.192150225273717e-07,7.192150225273717e-07,5.586676088103342e-13,True,True,instantaneous_BD_slow_variation,RUN01_KERNEL_PASS_NOT_FINAL_A2_CLOSURE
isosceles_q0.2_K3.5500,isosceles,3.5500000000000003,0.9681818181818183,4.840909090909091,4.840909090909091,5.362199510218276e-09,5.362199510218276e-09,7775.559851496279,9330.671821795535,2.9189049399632606e-08,7.29452667794817e-07,7.29452667794817e-07,5.74685254462889e-13,True,True,instantaneous_BD_slow_variation,RUN01_KERNEL_PASS_NOT_FINAL_A2_CLOSURE
isosceles_q0.2_K3.5750,isosceles,3.575,0.9750000000000001,4.875,4.875,-1.130762354265763e-08,1.130762354265763e-08,-15942.984591220224,19131.581509464268,2.9601449244328244e-08,7.397626639122074e-07,7.397626639122074e-07,5.910448928157781e-13,True,True,instantaneous_BD_slow_variation,RUN01_KERNEL_PASS_NOT_FINAL_A2_CLOSURE
isosceles_q0.2_K3.6000,isosceles,3.6,0.9818181818181819,4.909090909090909,4.909090909090909,1.1704732384382356e-08,1.1704732384382356e-08,16049.233839843117,19259.08060781174,3.001674312302174e-08,7.501450108795451e-07,7.501450108795451e-07,6.077513575406481e-13,True,True,instantaneous_BD_slow_variation,RUN01_KERNEL_PASS_NOT_FINAL_A2_CLOSURE
isosceles_q0.2_K3.6250,isosceles,3.625,0.9886363636363635,4.9431818181818175,4.9431818181818175,-6.656578803771114e-09,6.656578803771114e-09,-8878.144232847739,10653.773079417286,3.043493103571309e-08,7.605997086968287e-07,7.605997086968287e-07,6.248095162296435e-13,True,True,instantaneous_BD_slow_variation,RUN01_KERNEL_PASS_NOT_FINAL_A2_CLOSURE
isosceles_q0.2_K3.6500,isosceles,3.6500000000000004,0.9954545454545456,4.9772727272727275,4.9772727272727275,-1.219533721861851e-09,1.219533721861851e-09,-1582.4349038161097,1898.9218845793316,3.085601298240235e-08,7.711267573640601e-07,7.711267573640601e-07,6.422242703954167e-13,True,True,instantaneous_BD_slow_variation,RUN01_KERNEL_PASS_NOT_FINAL_A2_CLOSURE
isosceles_q0.2_K3.6750,isosceles,3.6750000000000003,1.0022727272727272,5.011363636363636,5.011363636363636,8.13172854059155e-09,8.13172854059155e-09,10267.32537468224,12320.790449618687,3.127998896308941e-08,7.817261568812373e-07,7.817261568812373e-07,6.600005554711156e-13,True,True,instantaneous_BD_slow_variation,RUN01_KERNEL_PASS_NOT_FINAL_A2_CLOSURE
isosceles_q0.2_K3.7000,isosceles,3.7,1.0090909090909093,5.045454545454546,5.045454545454546,-1.0927003188270374e-08,1.0927003188270374e-08,-13427.59773965136,16113.117287581632,3.1706858977774403e-08,7.923979072483612e-07,7.923979072483612e-07,6.781433408103972e-13,True,True,instantaneous_BD_slow_variation,RUN01_KERNEL_PASS_NOT_FINAL_A2_CLOSURE
isosceles_q0.2_K3.7250,isosceles,3.725,1.0159090909090909,5.079545454545454,5.079545454545454,8.51694898893004e-09,8.51694898893004e-09,10187.87017944464,12225.444215333568,3.2136623026457194e-08,8.031420084654317e-07,8.031420084654317e-07,6.966576296874181e-13,True,True,instantaneous_BD_slow_variation,RUN01_KERNEL_PASS_NOT_FINAL_A2_CLOSURE
isosceles_q0.2_K3.7500,isosceles,3.75,1.0227272727272727,5.113636363636363,5.113636363636363,-2.277192657918975e-09,2.277192657918975e-09,-2652.036383574386,3182.4436602892633,3.256928110913789e-08,8.139584605324488e-07,8.139584605324488e-07,7.155484592968388e-13,True,True,instantaneous_BD_slow_variation,RUN01_KERNEL_PASS_NOT_FINAL_A2_CLOSURE
isosceles_q0.2_K3.7750,isosceles,3.7750000000000004,1.0295454545454545,5.1477272727272725,5.1477272727272725,-4.712054308555923e-09,4.712054308555923e-09,-5343.767331288953,6412.520797546743,3.300483322581643e-08,8.24847263449413e-07,8.24847263449413e-07,7.348209007538233e-13,True,True,instantaneous_BD_slow_variation,RUN01_KERNEL_PASS_NOT_FINAL_A2_CLOSURE
isosceles_q0.2_K3.8000,isosceles,3.8000000000000003,1.0363636363636364,5.181818181818182,5.181818181818182,9.175490776484372e-09,9.175490776484372e-09,10134.452490259917,12161.342988311899,3.344327937649287e-08,8.358084172163224e-07,8.358084172163224e-07,7.544800590940336e-13,True,True,instantaneous_BD_slow_variation,RUN01_KERNEL_PASS_NOT_FINAL_A2_CLOSURE
isosceles_q0.2_K3.8250,isosceles,3.825,1.0431818181818182,5.215909090909091,5.215909090909091,-9.167698038787235e-09,9.167698038787235e-09,-9863.708028350315,11836.449634020377,3.3884619561167146e-08,8.468419218331803e-07,8.468419218331803e-07,7.745310732736441e-13,True,True,instantaneous_BD_slow_variation,RUN01_KERNEL_PASS_NOT_FINAL_A2_CLOSURE
isosceles_q0.2_K3.8500,isosceles,3.85,1.05,5.25,5.25,4.908332597659596e-09,4.908332597659596e-09,5145.137880383198,6174.165456459837,3.432885377983928e-08,8.57947777299984e-07,8.57947777299984e-07,7.949791161693214e-13,True,True,instantaneous_BD_slow_variation,RUN01_KERNEL_PASS_NOT_FINAL_A2_CLOSURE
isosceles_q0.2_K4.0000,isosceles,4.0,1.0909090909090908,5.454545454545454,5.454545454545454,4.1336007002594966e-09,4.1336007002594966e-09,3718.7425489647303,4462.491058757676,3.7055033805827267e-08,9.261022779496829e-07,9.261022779496829e-07,9.2629893165775e-13,True,True,instantaneous_BD_slow_variation,RUN01_KERNEL_PASS_NOT_FINAL_A2_CLOSURE
isosceles_q0.2_K4.2500,isosceles,4.25,1.159090909090909,5.795454545454545,5.795454545454545,6.239416750161606e-09,6.239416750161606e-09,4404.515434542377,5285.4185214508525,4.183018990230304e-08,1.0454811803615773e-06,1.0454811803615773e-06,1.1804962511178546e-12,True,True,instantaneous_BD_slow_variation,RUN01_KERNEL_PASS_NOT_FINAL_A2_CLOSURE
isosceles_q0.2_K4.5000,isosceles,4.5,1.2272727272727273,6.136363636363636,6.136363636363636,4.73830911682999e-09,4.73830911682999e-09,2661.2466566738626,3193.495988008635,4.689474939856525e-08,1.1720951677681328e-06,1.1720951677681328e-06,1.4837373006329193e-12,True,True,instantaneous_BD_slow_variation,RUN01_KERNEL_PASS_NOT_FINAL_A2_CLOSURE
isosceles_q0.2_K4.7500,isosceles,4.75,1.2954545454545454,6.477272727272727,6.477272727272727,1.5741885707563553e-09,1.5741885707563553e-09,712.1897943292099,854.6277531950518,5.2248712294613856e-08,1.305944240169348e-06,1.305944240169348e-06,1.8419581681863284e-12,True,True,instantaneous_BD_slow_variation,RUN01_KERNEL_PASS_NOT_FINAL_A2_CLOSURE
isosceles_q0.2_K5.0000,isosceles,5.0,1.3636363636363635,6.8181818181818175,6.8181818181818175,-1.2949005645766788e-09,1.2949005645766788e-09,-477.16790928714033,572.6014911445684,5.7892078590448845e-08,1.4470283975652232e-06,1.4470283975652232e-06,2.261434146789092e-12,True,True,instantaneous_BD_slow_variation,RUN01_KERNEL_PASS_NOT_FINAL_A2_CLOSURE
isosceles_q0.2_K5.2500,isosceles,5.25,1.4318181818181817,7.159090909090908,7.159090909090908,-2.6915853452629467e-09,2.6915853452629467e-09,-815.9940062071094,979.1928074485312,6.38248482860703e-08,1.5953476399557593e-06,1.5953476399557593e-06,2.7487797344798442e-12,True,True,instantaneous_BD_slow_variation,RUN01_KERNEL_PASS_NOT_FINAL_A2_CLOSURE
isosceles_q0.2_K5.5000,isosceles,5.5,1.5,7.499999999999999,7.499999999999999,-2.443671387114506e-09,2.443671387114506e-09,-615.0481470730151,738.0577764876181,7.004702138147818e-08,1.750901967340956e-06,1.750901967340956e-06,3.3109486343248387e-12,True,True,instantaneous_BD_slow_variation,RUN01_KERNEL_PASS_NOT_FINAL_A2_CLOSURE
isosceles_q0.2_K5.7500,isosceles,5.75,1.5681818181818181,7.84090909090909,7.84090909090909,-1.1413115888547239e-09,1.1413115888547239e-09,-240.4644199979107,288.55730399749285,7.655859787667243e-08,1.913691379720812e-06,1.913691379720812e-06,3.955233754417945e-12,True,True,instantaneous_BD_slow_variation,RUN01_KERNEL_PASS_NOT_FINAL_A2_CLOSURE
isosceles_q0.2_K6.0000,isosceles,6.0,1.6363636363636365,8.181818181818182,8.181818181818182,3.369855333994981e-10,3.369855333994981e-10,59.8859620029701,71.86315440356412,8.335957777165312e-08,2.0837158770953276e-06,2.0837158770953276e-06,4.6892672078806635e-12,True,True,instantaneous_BD_slow_variation,RUN01_KERNEL_PASS_NOT_FINAL_A2_CLOSURE
isosceles_q0.5_K0.1000,isosceles,0.1,0.06000000000000001,0.12000000000000002,0.12000000000000002,0.26643533671132835,0.26643533671132835,6.83706888860197e+17,8.204482666322364e+17,1.2345562956390074e-10,4.596266187557965e-10,4.596266187557965e-10,3.2474361583453404e-19,True,True,instantaneous_BD_slow_variation,RUN01_KERNEL_PASS_NOT_FINAL_A2_CLOSURE
isosceles_q0.5_K0.2000,isosceles,0.2,0.12000000000000002,0.24000000000000005,0.24000000000000005,-0.004840505925831583,0.004840505925831583,-820844060800635.0,985012872960762.0,4.596266187557965e-10,1.8043105755233798e-09,1.8043105755233798e-09,4.914154990971783e-18,True,True,instantaneous_BD_slow_variation,RUN01_KERNEL_PASS_NOT_FINAL_A2_CLOSURE
isosceles_q0.5_K0.3000,isosceles,0.30000000000000004,0.18000000000000002,0.36000000000000004,0.36000000000000004,0.00046805156591326187,0.00046805156591326187,15844022402464.932,19012826882957.918,1.0199116007422893e-09,4.0454505034693515e-09,4.0454505034693515e-09,2.461767357345468e-17,True,True,instantaneous_BD_slow_variation,RUN01_KERNEL_PASS_NOT_FINAL_A2_CLOSURE
isosceles_q0.5_K0.4000,isosceles,0.4,0.24000000000000005,0.4800000000000001,0.4800000000000001,-9.240052454440108e-05,9.240052454440108e-05,-993335508938.5732,1192002610726.2878,1.8043105755233798e-09,7.1830464025937104e-09,7.1830464025937104e-09,7.751704879916444e-17,True,True,instantaneous_BD_slow_variation,RUN01_KERNEL_PASS_NOT_FINAL_A2_CLOSURE
isosceles_q0.5_K0.5000,isosceles,0.5,0.3,0.6,0.6,2.6913728874340178e-05,2.6913728874340178e-05,118713256772.75412,142455908127.30493,2.8128235430990655e-09,1.121709827289645e-08,1.121709827289645e-08,1.8892672987833452e-16,True,True,instantaneous_BD_slow_variation,RUN01_KERNEL_PASS_NOT_FINAL_A2_CLOSURE
isosceles_q0.5_K0.6000,isosceles,0.6,0.36,0.72,0.72,-9.900665959378147e-06,9.900665959378147e-06,-21079929163.88273,25295914996.65927,4.04545050346935e-09,1.6147606114377595e-08,1.6147606114377595e-08,3.9139386579555186e-16,True,True,instantaneous_BD_slow_variation,RUN01_KERNEL_PASS_NOT_FINAL_A2_CLOSURE
isosceles_q0.5_K0.7000,isosceles,0.7000000000000001,0.42000000000000004,0.8400000000000001,0.8400000000000001,4.195134640896535e-06,4.195134640896535e-06,4824001254.682375,5788801505.61885,5.502191456634231e-09,2.197456992703712e-08,2.197456992703712e-08,7.2469830530975445e-16,True,True,instantaneous_BD_slow_variation,RUN01_KERNEL_PASS_NOT_FINAL_A2_CLOSURE
isosceles_q0.5_K0.8000,isosceles,0.8,0.4800000000000001,0.9600000000000002,0.9600000000000002,-1.9174022201349303e-06,1.9174022201349303e-06,-1292901101.1375062,1551481321.3650074,7.1830464025937104e-09,2.869798971087503e-08,2.869798971087503e-08,1.2358525969542336e-15,True,True,instantaneous_BD_slow_variation,RUN01_KERNEL_PASS_NOT_FINAL_A2_CLOSURE
isosceles_q0.5_K0.9000,isosceles,0.9,0.54,1.08,1.08,8.90512573924967e-07,8.90512573924967e-07,374964916.2675884,449957899.521106,9.088015341347786e-09,3.631786546589135e-08,3.631786546589135e-08,1.9791019890366346e-15,True,True,instantaneous_BD_slow_variation,RUN01_KERNEL_PASS_NOT_FINAL_A2_CLOSURE
isosceles_q0.5_K1.0000,isosceles,1.0,0.6,1.2,1.2,-3.877703846195576e-07,3.877703846195576e-07,-107145253.37813248,128574304.05375896,1.121709827289645e-08,4.483419719208602e-08,4.483419719208602e-08,3.0159244296389473e-15,True,True,instantaneous_BD_slow_variation,RUN01_KERNEL_PASS_NOT_FINAL_A2_CLOSURE
isosceles_q0.5_K1.2500,isosceles,1.25,0.75,1.5,1.5,-3.251366259197034e-07,3.251366259197034e-07,-36808098.14791742,44169717.777500905,1.7520304320244504e-08,7.004702138147818e-08,7.004702138147818e-08,7.361075467077603e-15,True,True,instantaneous_BD_slow_variation,RUN01_KERNEL_PASS_NOT_FINAL_A2_CLOSURE
isosceles_q0.5_K1.5000,isosceles,1.5,0.9,1.8,1.8,-1.0879616993004732e-07,1.0879616993004732e-07,-5940607.84702191,7128729.416426292,2.522422282255877e-08,1.0086269539073524e-07,1.0086269539073524e-07,1.5261649527523798e-14,True,True,instantaneous_BD_slow_variation,RUN01_KERNEL_PASS_NOT_FINAL_A2_CLOSURE
isosceles_q0.5_K1.7500,isosceles,1.75,1.05,2.1,2.1,6.721729772590149e-09,6.721729772590149e-09,198129.99573196605,237755.99487835926,3.432885377983928e-08,1.372812192198573e-07,1.372812192198573e-07,2.8271546953123605e-14,True,True,instantaneous_BD_slow_variation,RUN01_KERNEL_PASS_NOT_FINAL_A2_CLOSURE
isosceles_q0.5_K2.0000,isosceles,2.0,1.2,2.4,2.4,3.9058384430711206e-08,3.9058384430711206e-08,674902.4779100943,809882.9734921132,4.483419719208602e-08,1.7930259286884418e-07,1.7930259286884418e-07,4.822719542095864e-14,True,True,instantaneous_BD_slow_variation,RUN01_KERNEL_PASS_NOT_FINAL_A2_CLOSURE
isosceles_q0.5_K2.2500,isosceles,2.25,1.35,2.7,2.7,3.0936448907072407e-08,3.0936448907072407e-08,333737.11021559336,400484.53225871205,5.6740253059298965e-08,2.2692681633769607e-07,2.2692681633769607e-07,7.724754994304632e-14,True,True,instantaneous_BD_slow_variation,RUN01_KERNEL_PASS_NOT_FINAL_A2_CLOSURE
isosceles_q0.5_K2.5000,isosceles,2.5,1.5,3.0,3.0,1.2091661381170391e-08,1.2091661381170391e-08,85585.95253923697,102703.14304708436,7.004702138147818e-08,2.8015388962641295e-07,2.8015388962641295e-07,1.177340928663396e-13,True,True,instantaneous_BD_slow_variation,RUN01_KERNEL_PASS_NOT_FINAL_A2_CLOSURE
isosceles_q0.5_K2.7500,isosceles,2.75,1.65,3.3,3.3,-2.6334192658671807e-09,2.6334192658671807e-09,-12731.36531038468,15277.638372461615,8.47545021586236e-08,3.389838127349946e-07,3.389838127349946e-07,1.7237083387272701e-13,True,True,instantaneous_BD_slow_variation,RUN01_KERNEL_PASS_NOT_FINAL_A2_CLOSURE
isosceles_q0.5_K3.0000,isosceles,3.0,1.8,3.6,3.6,-8.897484793445604e-09,8.897484793445604e-09,-30372.111084887372,36446.533301864845,1.0086269539073524e-07,4.034165856634414e-07,4.034165856634414e-07,2.4412430997903303e-13,True,True,instantaneous_BD_slow_variation,RUN01_KERNEL_PASS_NOT_FINAL_A2_CLOSURE
isosceles_q0.5_K3.2500,isosceles,3.25,1.95,3.9,3.9,-8.150006147945142e-09,8.150006147945142e-09,-20198.665735458577,24238.39888255029,1.1837160107781323e-07,4.734522084117529e-07,4.734522084117529e-07,3.362435855370173e-13,True,True,instantaneous_BD_slow_variation,RUN01_KERNEL_PASS_NOT_FINAL_A2_CLOSURE
isosceles_q0.5_K3.3500,isosceles,3.35,2.0100000000000002,4.0200000000000005,4.0200000000000005,7.269261397838749e-09,7.269261397838749e-09,15959.19908394241,19151.03890073089,1.2576736284003485e-07,5.030352554606398e-07,5.030352554606398e-07,3.7957530322604695e-13,True,True,instantaneous_BD_slow_variation,RUN01_KERNEL_PASS_NOT_FINAL_A2_CLOSURE
isosceles_q0.5_K3.3750,isosceles,3.375,2.025,4.05,4.05,-6.2509537840508454e-09,6.2509537840508454e-09,-13321.45461553442,15985.745538641304,1.2765132109196452e-07,5.105710884683578e-07,5.105710884683578e-07,3.9103298428846007e-13,True,True,instantaneous_BD_slow_variation,RUN01_KERNEL_PASS_NOT_FINAL_A2_CLOSURE
isosceles_q0.5_K3.4000,isosceles,3.4,2.04,4.08,4.08,2.386611052620012e-09,2.386611052620012e-09,4938.179540124601,5925.815448149521,1.2954928646844376e-07,5.181629499742752e-07,5.181629499742752e-07,4.027481236131458e-13,True,True,instantaneous_BD_slow_variation,RUN01_KERNEL_PASS_NOT_FINAL_A2_CLOSURE
isosceles_q0.5_K3.4250,isosceles,3.4250000000000003,2.055,4.11,4.11,2.388549367417458e-09,2.388549367417458e-09,4799.469452296869,5759.363342756243,1.314612589694726e-07,5.258108399783904e-07,5.258108399783904e-07,4.147245494454907e-13,True,True,instantaneous_BD_slow_variation,RUN01_KERNEL_PASS_NOT_FINAL_A2_CLOSURE
isosceles_q0.5_K3.4500,isosceles,3.45,2.0700000000000003,4.140000000000001,4.140000000000001,-5.816399961627051e-09,5.816399961627051e-09,-11352.188757991438,13622.626509589725,1.3338723859505123e-07,5.335147584807051e-07,5.335147584807051e-07,4.26966118283619e-13,True,True,instantaneous_BD_slow_variation,RUN01_KERNEL_PASS_NOT_FINAL_A2_CLOSURE
isosceles_q0.5_K3.4750,isosceles,3.475,2.085,4.17,4.17,6.3766037372299535e-09,6.3766037372299535e-09,12091.28098894187,14509.537186730242,1.353272253451794e-07,5.412747054812178e-07,5.412747054812178e-07,4.394767148783838e-13,True,True,instantaneous_BD_slow_variation,RUN01_KERNEL_PASS_NOT_FINAL_A2_CLOSURE
isosceles_q0.5_K3.5000,isosceles,3.5,2.1,4.2,4.2,-3.9524730765148426e-09,3.9524730765148426e-09,-7282.814590707699,8739.377508849238,1.372812192198573e-07,5.490906809799293e-07,5.490906809799293e-07,4.522602522333752e-13,True,True,instantaneous_BD_slow_variation,RUN01_KERNEL_PASS_NOT_FINAL_A2_CLOSURE
isosceles_q0.5_K3.5250,isosceles,3.525,2.1149999999999998,4.2299999999999995,4.2299999999999995,-1.8539421980095106e-10,1.8539421980095106e-10,-332.01874018318847,398.42248821982616,1.392492202190848e-07,5.569626849768395e-07,5.569626849768395e-07,4.653206716049155e-13,True,True,instantaneous_BD_slow_variation,RUN01_KERNEL_PASS_NOT_FINAL_A2_CLOSURE
isosceles_q0.5_K3.5500,isosceles,3.5500000000000003,2.13,4.26,4.26,4.035790943499247e-09,4.035790943499247e-09,7026.167783473256,8431.401340167908,1.4123122834286208e-07,5.648907174719484e-07,5.648907174719484e-07,4.786619425020605e-13,True,True,instantaneous_BD_slow_variation,RUN01_KERNEL_PASS_NOT_FINAL_A2_CLOSURE
isosceles_q0.5_K3.5750,isosceles,3.575,2.1450000000000005,4.290000000000001,4.290000000000001,-5.82865447800555e-09,5.82865447800555e-09,-9866.605414921103,11839.926497905322,1.4322724359118897e-07,5.728747784652563e-07,5.728747784652563e-07,4.922880626865998e-13,True,True,instantaneous_BD_slow_variation,RUN01_KERNEL_PASS_NOT_FINAL_A2_CLOSURE
isosceles_q0.5_K3.6000,isosceles,3.6,2.16,4.32,4.32,4.8326066775303125e-09,4.8326066775303125e-09,7955.645795206742,9546.77495424809,1.4523726596406548e-07,5.809148679567624e-07,5.809148679567624e-07,5.062030581730552e-13,True,True,instantaneous_BD_slow_variation,RUN01_KERNEL_PASS_NOT_FINAL_A2_CLOSURE
isosceles_q0.5_K3.6250,isosceles,3.625,2.175,4.35,4.35,-1.6428771116327592e-09,1.6428771116327592e-09,-2630.7366750796673,3156.8840100956004,1.4726129546149163e-07,5.890109859464667e-07,5.890109859464667e-07,5.20410983228683e-13,True,True,instantaneous_BD_slow_variation,RUN01_KERNEL_PASS_NOT_FINAL_A2_CLOSURE
isosceles_q0.5_K3.6500,isosceles,3.6500000000000004,2.1900000000000004,4.380000000000001,4.380000000000001,-2.15803407465185e-09,2.15803407465185e-09,-3361.952150575244,4034.342580690293,1.492993320834677e-07,5.971631324343706e-07,5.971631324343706e-07,5.349159203734754e-13,True,True,instantaneous_BD_slow_variation,RUN01_KERNEL_PASS_NOT_FINAL_A2_CLOSURE
isosceles_q0.5_K3.6750,isosceles,3.6750000000000003,2.205,4.41,4.41,4.779818419743084e-09,4.779818419743084e-09,7245.811807812472,8694.974169374966,1.5135137582999313e-07,6.053713074204728e-07,6.053713074204728e-07,5.497219803801532e-13,True,True,instantaneous_BD_slow_variation,RUN01_KERNEL_PASS_NOT_FINAL_A2_CLOSURE
isosceles_q0.5_K3.7000,isosceles,3.7,2.22,4.44,4.44,-5.062676930125892e-09,5.062676930125892e-09,-7469.278855876843,8963.134627052212,1.5341742670106825e-07,6.136355109047733e-07,6.136355109047733e-07,5.648333022741734e-13,True,True,instantaneous_BD_slow_variation,RUN01_KERNEL_PASS_NOT_FINAL_A2_CLOSURE
isosceles_q0.5_K3.7250,isosceles,3.725,2.2350000000000003,4.470000000000001,4.470000000000001,2.984337278101447e-09,2.984337278101447e-09,4285.963566239599,5143.156279487518,1.554974846966932e-07,6.219557428872728e-07,6.219557428872728e-07,5.802540533337278e-13,True,True,instantaneous_BD_slow_variation,RUN01_KERNEL_PASS_NOT_FINAL_A2_CLOSURE
isosceles_q0.5_K3.7500,isosceles,3.75,2.25,4.5,4.5,3.828413462989431e-10,3.828413462989431e-10,535.3031026732936,642.3637232079523,1.5759154981686767e-07,6.303320033679707e-07,6.303320033679707e-07,5.959884290897385e-13,True,True,instantaneous_BD_slow_variation,RUN01_KERNEL_PASS_NOT_FINAL_A2_CLOSURE
isosceles_q0.5_K3.7750,isosceles,3.7750000000000004,2.265,4.53,4.53,-3.4190192290558293e-09,3.4190192290558293e-09,-4655.218040496548,5586.261648595858,1.596996220615919e-07,6.387642923468676e-07,6.387642923468676e-07,6.120406533258644e-13,True,True,instantaneous_BD_slow_variation,RUN01_KERNEL_PASS_NOT_FINAL_A2_CLOSURE
isosceles_q0.5_K3.8000,isosceles,3.8000000000000003,2.2800000000000002,4.5600000000000005,4.5600000000000005,4.731886030046102e-09,4.731886030046102e-09,6274.8955641207,7529.87467694484,1.618217014308657e-07,6.472526098239626e-07,6.472526098239626e-07,6.284149780784945e-13,True,True,instantaneous_BD_slow_variation,RUN01_KERNEL_PASS_NOT_FINAL_A2_CLOSURE
isosceles_q0.5_K3.8250,isosceles,3.825,2.2950000000000004,4.590000000000001,4.590000000000001,-3.790753774497763e-09,3.790753774497763e-09,-4896.736444136498,5876.083732963797,1.639577879246892e-07,6.557969557992575e-07,6.557969557992575e-07,6.451156836367563e-13,True,True,instantaneous_BD_slow_variation,RUN01_KERNEL_PASS_NOT_FINAL_A2_CLOSURE
isosceles_q0.5_K3.8500,isosceles,3.85,2.31,4.62,4.62,1.1330880905498733e-09,1.1330880905498733e-09,1426.0276999736363,1711.2332399683635,1.6610788154306235e-07,6.643973302727496e-07,6.643973302727496e-07,6.621470785425026e-13,True,True,instantaneous_BD_slow_variation,RUN01_KERNEL_PASS_NOT_FINAL_A2_CLOSURE
isosceles_q0.5_K4.0000,isosceles,4.0,2.4,4.8,4.8,2.9137255807323578e-09,2.9137255807323578e-09,3147.150640842547,3776.5807690110564,1.7930259286884418e-07,7.171761755758772e-07,7.171761755758772e-07,7.715247624626739e-13,True,True,instantaneous_BD_slow_variation,RUN01_KERNEL_PASS_NOT_FINAL_A2_CLOSURE
isosceles_q0.5_K4.2500,isosceles,4.25,2.55,5.1,5.1,3.2203964302795624e-09,3.2203964302795624e-09,2729.385189761194,3275.262227713433,2.024143483757871e-07,8.096231976036485e-07,8.096231976036485e-07,9.832484260436838e-13,True,True,instantaneous_BD_slow_variation,RUN01_KERNEL_PASS_NOT_FINAL_A2_CLOSURE
isosceles_q0.5_K4.5000,isosceles,4.5,2.7,5.4,5.4,1.9620151666377383e-09,1.9620151666377383e-09,1323.0172322415385,1587.6206786898463,2.2692681633769607e-07,9.076730694512846e-07,9.076730694512846e-07,1.2358211208592055e-12,True,True,instantaneous_BD_slow_variation,RUN01_KERNEL_PASS_NOT_FINAL_A2_CLOSURE
isosceles_q0.5_K4.7500,isosceles,4.75,2.85,5.7,5.7,2.165010190509216e-10,2.165010190509216e-10,117.59812006234269,141.1177440748112,2.528399967545714e-07,1.0113257911187856e-06,1.0113257911187856e-06,1.5341870752706137e-12,True,True,instantaneous_BD_slow_variation,RUN01_KERNEL_PASS_NOT_FINAL_A2_CLOSURE
isosceles_q0.5_K5.0000,isosceles,5.0,3.0,6.0,6.0,-1.0949461443948863e-09,1.0949461443948863e-09,-484.42778620330114,581.3133434439613,2.8015388962641295e-07,1.120581362606152e-06,1.120581362606152e-06,1.883573044974219e-12,True,True,instantaneous_BD_slow_variation,RUN01_KERNEL_PASS_NOT_FINAL_A2_CLOSURE
isosceles_q0.5_K5.2500,isosceles,5.25,3.15,6.3,6.3,-1.527599005139976e-09,1.527599005139976e-09,-556.019073659834,667.2228883918008,3.088684949532206e-07,1.2354397839133836e-06,1.2354397839133836e-06,2.289488313001266e-12,True,True,instantaneous_BD_slow_variation,RUN01_KERNEL_PASS_NOT_FINAL_A2_CLOSURE
isosceles_q0.5_K5.5000,isosceles,5.5,3.3,6.6,6.6,-1.1457483334070834e-09,1.1457483334070834e-09,-346.22392924106424,415.46871508927705,3.389838127349946e-07,1.3559010550404786e-06,1.3559010550404786e-06,2.7577246897179297e-12,True,True,instantaneous_BD_slow_variation,RUN01_KERNEL_PASS_NOT_FINAL_A2_CLOSURE
isosceles_q0.5_K5.7500,isosceles,5.75,3.45,6.9,6.9,-3.448664185207804e-10,3.448664185207804e-10,-87.23666700365028,104.68400040438034,3.7049984297173494e-07,1.4819651759874398e-06,1.4819651759874398e-06,3.2943565128253353e-12,True,True,instantaneous_BD_slow_variation,RUN01_KERNEL_PASS_NOT_FINAL_A2_CLOSURE
isosceles_q0.5_K6.0000,isosceles,6.0,3.6,7.2,7.2,4.0725531138716885e-10,4.0725531138716885e-10,86.89246337577761,104.27095605093312,4.034165856634414e-07,1.6136321467542661e-06,1.6136321467542661e-06,3.905740647359532e-12,True,True,instantaneous_BD_slow_variation,RUN01_KERNEL_PASS_NOT_FINAL_A2_CLOSURE
isosceles_q0.8_K0.1000,isosceles,0.1,0.08571428571428574,0.10714285714285715,0.10714285714285715,0.20870560362278368,0.20870560362278368,5.5564558245871776e+17,6.667746989504613e+17,2.400863809161912e-10,3.687232390253347e-10,3.687232390253347e-10,3.130076830319107e-19,True,True,instantaneous_BD_slow_variation,RUN01_KERNEL_PASS_NOT_FINAL_A2_CLOSURE
isosceles_q0.8_K0.2000,isosceles,0.2,0.17142857142857149,0.2142857142857143,0.2142857142857143,-0.003728159045507034,0.003728159045507034,-654861220232002.6,785833464278403.1,9.261496241649582e-10,1.4406970566015323e-09,1.4406970566015323e-09,4.7442100839144605e-18,True,True,instantaneous_BD_slow_variation,RUN01_KERNEL_PASS_NOT_FINAL_A2_CLOSURE
isosceles_q0.8_K0.3000,isosceles,0.30000000000000004,0.25714285714285723,0.3214285714285715,0.3214285714285715,0.0003581131385837111,0.0003581131385837111,12552665692602.791,15063198831123.35,2.069588362912903e-09,3.227320085895197e-09,3.227320085895197e-09,2.3774043123150126e-17,True,True,instantaneous_BD_slow_variation,RUN01_KERNEL_PASS_NOT_FINAL_A2_CLOSURE
isosceles_q0.8_K0.4000,isosceles,0.4,0.34285714285714297,0.4285714285714286,0.4285714285714286,-7.042433475596911e-05,7.042433475596911e-05,-783859132418.6368,940630958902.3641,3.6704025971600256e-09,5.7285923269063245e-09,5.7285923269063245e-09,7.486925035738595e-17,True,True,instantaneous_BD_slow_variation,RUN01_KERNEL_PASS_NOT_FINAL_A2_CLOSURE
isosceles_q0.8_K0.5000,isosceles,0.5,0.4285714285714286,0.5357142857142857,0.5357142857142857,2.050853469983739e-05,2.050853469983739e-05,93654861205.3874,112385833446.46487,5.7285923269063245e-09,8.944513779634918e-09,8.944513779634918e-09,1.8248327276592788e-16,True,True,instantaneous_BD_slow_variation,RUN01_KERNEL_PASS_NOT_FINAL_A2_CLOSURE
isosceles_q0.8_K0.6000,isosceles,0.6,0.5142857142857142,0.6428571428571428,0.6428571428571428,-7.580292384912541e-06,7.580292384912541e-06,-16708916574.277573,20050699889.133087,8.2441575521518e-09,1.2875084444080971e-08,1.2875084444080971e-08,3.780562487507404e-16,True,True,instantaneous_BD_slow_variation,RUN01_KERNEL_PASS_NOT_FINAL_A2_CLOSURE
isosceles_q0.8_K0.7000,isosceles,0.7000000000000001,0.6000000000000001,0.7500000000000001,0.7500000000000001,3.247028756931041e-06,3.247028756931041e-06,3865427516.266249,4638513019.519499,1.1217098272896461e-08,1.7520304320244504e-08,1.7520304320244504e-08,7.000150141364483e-16,True,True,instantaneous_BD_slow_variation,RUN01_KERNEL_PASS_NOT_FINAL_A2_CLOSURE
isosceles_q0.8_K0.8000,isosceles,0.8,0.6857142857142859,0.8571428571428572,0.8571428571428572,-1.511905483895025e-06,1.511905483895025e-06,-1055410977.4199091,1266493172.9038908,1.4647414489140298e-08,2.2880173408125487e-08,2.2880173408125487e-08,1.1937731021703324e-15,True,True,instantaneous_BD_slow_variation,RUN01_KERNEL_PASS_NOT_FINAL_A2_CLOSURE
isosceles_q0.8_K0.9000,isosceles,0.9,0.7714285714285716,0.9642857142857144,0.9642857142857144,7.235713069925716e-07,7.235713069925716e-07,315408480.615582,378490176.73869836,1.8535106200883304e-08,2.895469170772394e-08,2.895469170772394e-08,1.9117307435223344e-15,True,True,instantaneous_BD_slow_variation,RUN01_KERNEL_PASS_NOT_FINAL_A2_CLOSURE
isosceles_q0.8_K1.0000,isosceles,1.0,0.8571428571428572,1.0714285714285714,1.0714285714285714,-3.322766079709447e-07,3.322766079709447e-07,-95046703.80183314,114056044.56219976,2.2880173408125487e-08,3.574385921903986e-08,3.574385921903986e-08,2.9132748662850544e-15,True,True,instantaneous_BD_slow_variation,RUN01_KERNEL_PASS_NOT_FINAL_A2_CLOSURE
isosceles_q0.8_K1.2500,isosceles,1.25,1.0714285714285716,1.3392857142857144,1.3392857142857144,-2.5655342472668125e-07,2.5655342472668125e-07,-30067029.174333848,36080435.00920062,3.5743859219039885e-08,5.584336829859357e-08,5.584336829859357e-08,7.110596772496212e-15,True,True,instantaneous_BD_slow_variation,RUN01_KERNEL_PASS_NOT_FINAL_A2_CLOSURE
isosceles_q0.8_K1.5000,isosceles,1.5,1.2857142857142858,1.6071428571428572,1.6071428571428572,-7.982969431480159e-08,7.982969431480159e-08,-4512476.068617724,5414971.282341268,5.146614187682408e-08,8.040943495138143e-08,8.040943495138143e-08,1.474240400408655e-14,True,True,instantaneous_BD_slow_variation,RUN01_KERNEL_PASS_NOT_FINAL_A2_CLOSURE
isosceles_q0.8_K1.7500,isosceles,1.75,1.5000000000000002,1.8750000000000002,1.8750000000000002,1.0651553952331206e-08,1.0651553952331206e-08,325022.99138116336,390027.589657396,7.004702138147822e-08,1.0944205917740344e-07,1.0944205917740344e-07,2.7309744835455443e-14,True,True,instantaneous_BD_slow_variation,RUN01_KERNEL_PASS_NOT_FINAL_A2_CLOSURE
isosceles_q0.8_K2.0000,isosceles,2.0,1.7142857142857144,2.142857142857143,2.142857142857143,3.373794237675339e-08,3.373794237675339e-08,603498.8770641079,724198.6524769295,9.148649773300215e-08,1.4294124097665962e-07,1.4294124097665962e-07,4.6586585409074844e-14,True,True,instantaneous_BD_slow_variation,RUN01_KERNEL_PASS_NOT_FINAL_A2_CLOSURE
isosceles_q0.8_K2.2500,isosceles,2.25,1.9285714285714288,2.410714285714286,2.410714285714286,2.512104318364244e-08,2.512104318364244e-08,280544.8409375804,336653.8091250964,1.15784570931396e-07,1.8090698034914995e-07,1.8090698034914995e-07,7.461980973548935e-14,True,True,instantaneous_BD_slow_variation,RUN01_KERNEL_PASS_NOT_FINAL_A2_CLOSURE
isosceles_q0.8_K2.5000,isosceles,2.5,2.1428571428571432,2.678571428571429,2.678571428571429,8.928994004289393e-09,8.928994004289393e-09,65425.82774218331,78510.99329061997,1.4294124097665965e-07,2.2333927729487455e-07,2.2333927729487455e-07,1.137292196933162e-13,True,True,instantaneous_BD_slow_variation,RUN01_KERNEL_PASS_NOT_FINAL_A2_CLOSURE
isosceles_q0.8_K2.7500,isosceles,2.75,2.357142857142857,2.9464285714285716,2.9464285714285716,-3.1153618411789257e-09,3.1153618411789257e-09,-15591.695998581243,18710.03519829749,1.7295650786879313e-07,2.702381318138331e-07,2.702381318138331e-07,1.6650753502924496e-13,True,True,instantaneous_BD_slow_variation,RUN01_KERNEL_PASS_NOT_FINAL_A2_CLOSURE
isosceles_q0.8_K3.0000,isosceles,3.0,2.5714285714285716,3.2142857142857144,3.2142857142857144,-7.868822451433866e-09,7.868822451433866e-09,-27806.552052119358,33367.86246254323,2.058303716077966e-07,3.2160354390602584e-07,3.2160354390602584e-07,2.3582039335803834e-13,True,True,instantaneous_BD_slow_variation,RUN01_KERNEL_PASS_NOT_FINAL_A2_CLOSURE
isosceles_q0.8_K3.2500,isosceles,3.25,2.785714285714286,3.482142857142857,3.482142857142857,-6.825804790020274e-09,6.825804790020274e-09,-17512.49831015895,21014.99797219074,2.415628321936699e-07,3.7743551357145295e-07,3.7743551357145295e-07,3.2480635016253147e-13,True,True,instantaneous_BD_slow_variation,RUN01_KERNEL_PASS_NOT_FINAL_A2_CLOSURE
isosceles_q0.8_K3.3500,isosceles,3.35,2.871428571428572,3.589285714285715,3.589285714285715,6.236346337194075e-09,6.236346337194075e-09,14173.609735143698,17008.331682172437,2.566562235451427e-07,4.010189375581295e-07,4.010189375581295e-07,3.6666420044776086e-13,True,True,instantaneous_BD_slow_variation,RUN01_KERNEL_PASS_NOT_FINAL_A2_CLOSURE
isosceles_q0.8_K3.3750,isosceles,3.375,2.8928571428571432,3.616071428571429,3.616071428571429,-5.0953737927888375e-09,5.0953737927888375e-09,-11241.152382766166,13489.382859319398,2.6050103630418264e-07,4.0702645749412924e-07,4.0702645749412924e-07,3.777321650611022e-13,True,True,instantaneous_BD_slow_variation,RUN01_KERNEL_PASS_NOT_FINAL_A2_CLOSURE
isosceles_q0.8_K3.4000,isosceles,3.4,2.9142857142857146,3.642857142857143,3.642857142857143,1.6503414080825951e-09,1.6503414080825951e-09,3534.992003559443,4241.9904042713315,2.6437443503169134e-07,4.1307864300586125e-07,4.1307864300586125e-07,3.8904883104422835e-13,True,True,instantaneous_BD_slow_variation,RUN01_KERNEL_PASS_NOT_FINAL_A2_CLOSURE
isosceles_q0.8_K3.4250,isosceles,3.4250000000000003,2.9357142857142864,3.6696428571428577,3.6696428571428577,2.387785201825822e-09,2.387785201825822e-09,4966.879960261786,5960.2559523141435,2.682764197276687e-07,4.1917549409332597e-07,4.1917549409332597e-07,4.0061789643425204e-13,True,True,instantaneous_BD_slow_variation,RUN01_KERNEL_PASS_NOT_FINAL_A2_CLOSURE
isosceles_q0.8_K3.4500,isosceles,3.45,2.9571428571428577,3.696428571428572,3.696428571428572,-5.119497860285503e-09,5.119497860285503e-09,-10343.847080785552,12412.61649694266,2.7220699039211486e-07,4.2531701075652314e-07,4.2531701075652314e-07,4.124430865600723e-13,True,True,instantaneous_BD_slow_variation,RUN01_KERNEL_PASS_NOT_FINAL_A2_CLOSURE
isosceles_q0.8_K3.4750,isosceles,3.475,2.978571428571429,3.723214285714286,3.723214285714286,5.344351344451719e-09,5.344351344451719e-09,10490.767403690012,12588.920884428013,2.761661470250296e-07,4.3150319299545245e-07,4.3150319299545245e-07,4.2452815404237435e-13,True,True,instantaneous_BD_slow_variation,RUN01_KERNEL_PASS_NOT_FINAL_A2_CLOSURE
isosceles_q0.8_K3.5000,isosceles,3.5,3.0000000000000004,3.7500000000000004,3.7500000000000004,-3.0812018572600077e-09,3.0812018572600077e-09,-5877.326860312591,7052.792232375109,2.801538896264131e-07,4.377340408101141e-07,4.377340408101141e-07,4.368768787936317e-13,True,True,instantaneous_BD_slow_variation,RUN01_KERNEL_PASS_NOT_FINAL_A2_CLOSURE
isosceles_q0.8_K3.5250,isosceles,3.525,3.021428571428572,3.7767857142857144,3.7767857142857144,-5.006860228819967e-10,5.006860228819967e-10,-928.2420177052861,1113.8904212463433,2.8417021819626524e-07,4.440095542005081e-07,4.440095542005081e-07,4.4949306801810363e-13,True,True,instantaneous_BD_slow_variation,RUN01_KERNEL_PASS_NOT_FINAL_A2_CLOSURE
isosceles_q0.8_K3.5500,isosceles,3.5500000000000003,3.042857142857143,3.803571428571429,3.803571428571429,3.6786415614227043e-09,3.6786415614227043e-09,6629.895209335887,7955.874251203064,2.8821513273458603e-07,4.503297331666346e-07,4.503297331666346e-07,4.623805562118369e-13,True,True,instantaneous_BD_slow_variation,RUN01_KERNEL_PASS_NOT_FINAL_A2_CLOSURE
isosceles_q0.8_K3.5750,isosceles,3.575,3.064285714285715,3.8303571428571437,3.8303571428571437,-5.000096077963918e-09,5.000096077963918e-09,-8762.078159041974,10514.493790850369,2.922886332413756e-07,4.5669457770849327e-07,4.5669457770849327e-07,4.755432051626644e-13,True,True,instantaneous_BD_slow_variation,RUN01_KERNEL_PASS_NOT_FINAL_A2_CLOSURE
isosceles_q0.8_K3.6000,isosceles,3.6,3.0857142857142863,3.8571428571428577,3.8571428571428577,3.941316882787811e-09,3.941316882787811e-09,6716.834628479591,8060.201554175509,2.963907197166338e-07,4.631040878260841e-07,4.631040878260841e-07,4.889849039502059e-13,True,True,instantaneous_BD_slow_variation,RUN01_KERNEL_PASS_NOT_FINAL_A2_CLOSURE
isosceles_q0.8_K3.6250,isosceles,3.625,3.1071428571428577,3.8839285714285716,3.8839285714285716,-1.105179435654655e-09,1.105179435654655e-09,-1832.0376613812084,2198.44519365745,3.00521392160361e-07,4.6955826351940746e-07,4.6955826351940746e-07,5.027095689458693e-13,True,True,instantaneous_BD_slow_variation,RUN01_KERNEL_PASS_NOT_FINAL_A2_CLOSURE
isosceles_q0.8_K3.6500,isosceles,3.6500000000000004,3.1285714285714294,3.9107142857142865,3.9107142857142865,-2.1111883928789187e-09,2.1111883928789187e-09,-3404.7835700132428,4085.740284015891,3.046806505725565e-07,4.7605710478846323e-07,4.7605710478846323e-07,5.167211438128472e-13,True,True,instantaneous_BD_slow_variation,RUN01_KERNEL_PASS_NOT_FINAL_A2_CLOSURE
isosceles_q0.8_K3.6750,isosceles,3.6750000000000003,3.1500000000000004,3.9375000000000004,3.9375000000000004,4.200099895086191e-09,4.200099895086191e-09,6591.200935627756,7909.441122753306,3.0886849495322073e-07,4.826006116332512e-07,4.826006116332512e-07,5.310235995061203e-13,True,True,instantaneous_BD_slow_variation,RUN01_KERNEL_PASS_NOT_FINAL_A2_CLOSURE
isosceles_q0.8_K3.7000,isosceles,3.7,3.171428571428572,3.964285714285715,3.964285714285715,-4.245919216506099e-09,4.245919216506099e-09,-6484.842848768421,7781.811418522106,3.13084925302354e-07,4.891887840537714e-07,4.891887840537714e-07,5.456209342724562e-13,True,True,instantaneous_BD_slow_variation,RUN01_KERNEL_PASS_NOT_FINAL_A2_CLOSURE
isosceles_q0.8_K3.7250,isosceles,3.725,3.1928571428571435,3.9910714285714293,3.9910714285714293,2.321148961979453e-09,2.321148961979453e-09,3450.9037235243577,4141.084468229229,3.1732994161995537e-07,4.958216220500242e-07,4.958216220500242e-07,5.605171736504087e-13,True,True,instantaneous_BD_slow_variation,RUN01_KERNEL_PASS_NOT_FINAL_A2_CLOSURE
isosceles_q0.8_K3.7500,isosceles,3.75,3.214285714285715,4.017857142857143,4.017857142857143,5.926797141730073e-10,5.926797141730073e-10,857.8872985796098,1029.4647582955317,3.2160354390602594e-07,5.024991256220091e-07,5.024991256220091e-07,5.757163704703186e-13,True,True,instantaneous_BD_slow_variation,RUN01_KERNEL_PASS_NOT_FINAL_A2_CLOSURE
isosceles_q0.8_K3.7750,isosceles,3.7750000000000004,3.235714285714286,4.044642857142858,4.044642857142858,-3.1007570903059075e-09,3.1007570903059075e-09,-4370.543718568261,5244.652462281913,3.2590573216056517e-07,5.092212947697268e-07,5.092212947697268e-07,5.912226048543145e-13,True,True,instantaneous_BD_slow_variation,RUN01_KERNEL_PASS_NOT_FINAL_A2_CLOSURE
isosceles_q0.8_K3.8000,isosceles,3.8000000000000003,3.257142857142858,4.071428571428572,4.071428571428572,4.059171660336461e-09,4.059171660336461e-09,5572.356250383381,6686.827500460056,3.3023650638357305e-07,5.159881294931767e-07,5.159881294931767e-07,6.070399842163101e-13,True,True,instantaneous_BD_slow_variation,RUN01_KERNEL_PASS_NOT_FINAL_A2_CLOSURE
isosceles_q0.8_K3.8250,isosceles,3.825,3.2785714285714294,4.0982142857142865,4.0982142857142865,-3.0929214417689376e-09,3.0929214417689376e-09,-4135.987936369976,4963.185523643971,3.345958665750496e-07,5.227996297923588e-07,5.227996297923588e-07,6.231726432620062e-13,True,True,instantaneous_BD_slow_variation,RUN01_KERNEL_PASS_NOT_FINAL_A2_CLOSURE
isosceles_q0.8_K3.8500,isosceles,3.85,3.3000000000000007,4.125000000000001,4.125000000000001,7.349987854635987e-10,7.349987854635987e-10,957.5911401841738,1149.1093682210085,3.3898381273499473e-07,5.296557956672729e-07,5.296557956672729e-07,6.396247439888909e-13,True,True,instantaneous_BD_slow_variation,RUN01_KERNEL_PASS_NOT_FINAL_A2_CLOSURE
isosceles_q0.8_K4.0000,isosceles,4.0,3.428571428571429,4.285714285714286,4.285714285714286,2.6316266088889533e-09,2.6316266088889533e-09,2942.5395742161422,3531.0474890593705,3.659117950325087e-07,5.717307680071386e-07,5.717307680071386e-07,7.452821342796462e-13,True,True,instantaneous_BD_slow_variation,RUN01_KERNEL_PASS_NOT_FINAL_A2_CLOSURE
isosceles_q0.8_K4.2500,isosceles,4.25,3.6428571428571432,4.553571428571429,4.553571428571429,2.76263850515065e-09,2.76263850515065e-09,2423.866178273561,2908.6394139282734,4.1307864300586157e-07,6.454289679655022e-07,6.454289679655022e-07,9.4980439717674e-13,True,True,instantaneous_BD_slow_variation,RUN01_KERNEL_PASS_NOT_FINAL_A2_CLOSURE
isosceles_q0.8_K4.5000,isosceles,4.5,3.8571428571428577,4.821428571428572,4.821428571428572,1.6016933450728634e-09,1.6016933450728634e-09,1118.0765349477354,1341.6918419372823,4.631040878260841e-07,7.235937254971001e-07,7.235937254971001e-07,1.1937863039847976e-12,True,True,instantaneous_BD_slow_variation,RUN01_KERNEL_PASS_NOT_FINAL_A2_CLOSURE
isosceles_q0.8_K4.7500,isosceles,4.75,4.071428571428571,5.0892857142857135,5.0892857142857135,8.564282532629842e-11,8.564282532629842e-11,48.15710691959147,57.788528303509764,5.159881294931763e-07,8.062250406019319e-07,8.062250406019319e-07,1.4820039173950886e-12,True,True,instantaneous_BD_slow_variation,RUN01_KERNEL_PASS_NOT_FINAL_A2_CLOSURE
isosceles_q0.8_K5.0000,isosceles,5.0,4.2857142857142865,5.357142857142858,5.357142857142858,-1.0107360646437816e-09,1.0107360646437816e-09,-462.9168318044806,555.5001981653767,5.717307680071391e-07,8.933229132799986e-07,8.933229132799986e-07,1.8195062179669607e-12,True,True,instantaneous_BD_slow_variation,RUN01_KERNEL_PASS_NOT_FINAL_A2_CLOSURE
isosceles_q0.8_K5.2500,isosceles,5.25,4.5,5.625,5.625,-1.3335177849668178e-09,1.3335177849668178e-09,-502.4675490466609,602.9610588559931,6.303320033679707e-07,9.848873435312978e-07,9.848873435312978e-07,2.21161510412782e-12,True,True,instantaneous_BD_slow_variation,RUN01_KERNEL_PASS_NOT_FINAL_A2_CLOSURE
isosceles_q0.8_K5.5000,isosceles,5.5,4.714285714285714,5.892857142857143,5.892857142857143,-9.63522025639253e-10,9.63522025639253e-10,-301.41047633133167,361.692571597598,6.917918355756728e-07,1.080918331355833e-06,1.080918331355833e-06,2.6639253921731687e-12,True,True,instantaneous_BD_slow_variation,RUN01_KERNEL_PASS_NOT_FINAL_A2_CLOSURE
isosceles_q0.8_K5.7500,isosceles,5.75,4.92857142857143,6.1607142857142865,6.1607142857142865,-2.550823949073412e-10,2.550823949073412e-10,-66.79707780858259,80.1564933702991,7.561102646302452e-07,1.1814158767536012e-06,1.1814158767536012e-06,3.1823048162665575e-12,True,True,instantaneous_BD_slow_variation,RUN01_KERNEL_PASS_NOT_FINAL_A2_CLOSURE
isosceles_q0.8_K6.0000,isosceles,6.0,5.142857142857143,6.428571428571429,6.428571428571429,3.8824142507062963e-10,3.8824142507062963e-10,85.7523477875146,102.90281734501751,8.232872905316864e-07,1.2863799797246036e-06,1.2863799797246036e-06,3.772894028439621e-12,True,True,instantaneous_BD_slow_variation,RUN01_KERNEL_PASS_NOT_FINAL_A2_CLOSURE
isosceles_q1_K0.1000,isosceles,0.1,0.10000000000000002,0.10000000000000002,0.10000000000000002,0.2024196053708739,0.2024196053708739,5.40055131120143e+17,6.480661573441715e+17,3.226680676035425e-10,3.226680676035425e-10,3.226680676035425e-10,3.123440455530128e-19,True,True,instantaneous_BD_slow_variation,RUN01_KERNEL_PASS_NOT_FINAL_A2_CLOSURE
isosceles_q1_K0.2000,isosceles,0.2,0.20000000000000004,0.20000000000000004,0.20000000000000004,-0.003608525897651132,0.003608525897651132,-634919512684975.5,761903415221970.5,1.2564763709143642e-09,1.2564763709143642e-09,1.2564763709143642e-09,4.7361986119983924e-18,True,True,instantaneous_BD_slow_variation,RUN01_KERNEL_PASS_NOT_FINAL_A2_CLOSURE
isosceles_q1_K0.3000,isosceles,0.30000000000000004,0.30000000000000004,0.30000000000000004,0.30000000000000004,0.00034632516480424683,0.00034632516480424683,12158963981596.334,14590756777915.6,2.812823543099066e-09,2.812823543099066e-09,2.812823543099066e-09,2.373592885383715e-17,True,True,instantaneous_BD_slow_variation,RUN01_KERNEL_PASS_NOT_FINAL_A2_CLOSURE
isosceles_q1_K0.4000,isosceles,0.4,0.4000000000000001,0.4000000000000001,0.4000000000000001,-6.807469562653821e-05,6.807469562653821e-05,-758900059393.3562,910680071272.0273,4.991709584157647e-09,4.991709584157647e-09,4.991709584157647e-09,7.475149371771392e-17,True,True,instantaneous_BD_slow_variation,RUN01_KERNEL_PASS_NOT_FINAL_A2_CLOSURE
isosceles_q1_K0.5000,isosceles,0.5,0.5,0.5,0.5,1.982600309084157e-05,1.982600309084157e-05,90679334894.04018,108815201872.8482,7.79313449409011e-09,7.79313449409011e-09,7.79313449409011e-09,1.8219883572893133e-16,True,True,instantaneous_BD_slow_variation,RUN01_KERNEL_PASS_NOT_FINAL_A2_CLOSURE
isosceles_q1_K0.6000,isosceles,0.6,0.6,0.6,0.6,-7.333910830227053e-06,7.333910830227053e-06,-16190940433.366613,19429128520.039936,1.121709827289645e-08,1.121709827289645e-08,1.121709827289645e-08,3.774698809914496e-16,True,True,instantaneous_BD_slow_variation,RUN01_KERNEL_PASS_NOT_FINAL_A2_CLOSURE
isosceles_q1_K0.7000,isosceles,0.7000000000000001,0.7000000000000001,0.7000000000000001,0.7000000000000001,3.146676462440019e-06,3.146676462440019e-06,3751764638.7068114,4502117566.4481735,1.5263600920576687e-08,1.5263600920576687e-08,1.5263600920576687e-08,6.989325391878884e-16,True,True,instantaneous_BD_slow_variation,RUN01_KERNEL_PASS_NOT_FINAL_A2_CLOSURE
isosceles_q1_K0.8000,isosceles,0.8,0.8000000000000002,0.8000000000000002,0.8000000000000002,-1.4690785341362847e-06,1.4690785341362847e-06,-1027100072.2640251,1232520086.71683,1.9932642437130793e-08,1.9932642437130793e-08,1.9932642437130793e-08,1.1919307035795221e-15,True,True,instantaneous_BD_slow_variation,RUN01_KERNEL_PASS_NOT_FINAL_A2_CLOSURE
isosceles_q1_K0.9000,isosceles,0.9,0.9,0.9,0.9,7.059425359781313e-07,7.059425359781313e-07,308199025.81358105,369838830.97629726,2.522422282255877e-08,2.522422282255877e-08,2.522422282255877e-08,1.9087842510062842e-15,True,True,instantaneous_BD_slow_variation,RUN01_KERNEL_PASS_NOT_FINAL_A2_CLOSURE
isosceles_q1_K1.0000,isosceles,1.0,1.0,1.0,1.0,-3.263849750080511e-07,3.263849750080511e-07,-93505398.72666499,112206478.47199798,3.1138342076860624e-08,3.1138342076860624e-08,3.1138342076860624e-08,2.9087890418867666e-15,True,True,instantaneous_BD_slow_variation,RUN01_KERNEL_PASS_NOT_FINAL_A2_CLOSURE
isosceles_q1_K1.2500,isosceles,1.25,1.25,1.25,1.25,-2.492720466518248e-07,2.492720466518248e-07,-29258666.508746352,35110399.81049562,4.864724776393852e-08,4.864724776393852e-08,4.864724776393852e-08,7.099664145018064e-15,True,True,instantaneous_BD_slow_variation,RUN01_KERNEL_PASS_NOT_FINAL_A2_CLOSURE
isosceles_q1_K1.5000,isosceles,1.5,1.5,1.5,1.5,-7.679166481988609e-08,7.679166481988609e-08,-4347426.390622993,5216911.668747592,7.004702138147818e-08,7.004702138147818e-08,7.004702138147818e-08,1.4719755613251783e-14,True,True,instantaneous_BD_slow_variation,RUN01_KERNEL_PASS_NOT_FINAL_A2_CLOSURE
isosceles_q1_K1.7500,isosceles,1.75,1.75,1.75,1.75,1.1026543639699634e-08,1.1026543639699634e-08,336982.92579633265,404379.5109555992,9.53376629294796e-08,9.53376629294796e-08,9.53376629294796e-08,2.7267809918565204e-14,True,True,instantaneous_BD_slow_variation,RUN01_KERNEL_PASS_NOT_FINAL_A2_CLOSURE
isosceles_q1_K2.0000,isosceles,2.0,2.0,2.0,2.0,3.314648776103449e-08,3.314648776103449e-08,593830.5890359402,712596.7068431282,1.245191724079427e-07,1.245191724079427e-07,1.245191724079427e-07,4.651507289147688e-14,True,True,instantaneous_BD_slow_variation,RUN01_KERNEL_PASS_NOT_FINAL_A2_CLOSURE
isosceles_q1_K2.2500,isosceles,2.25,2.25,2.25,2.25,2.4496343335267224e-08,2.4496343335267224e-08,273988.86069010774,328786.6328281293,1.5759154981686767e-07,1.5759154981686767e-07,1.5759154981686767e-07,7.450528972104685e-14,True,True,instantaneous_BD_slow_variation,RUN01_KERNEL_PASS_NOT_FINAL_A2_CLOSURE
isosceles_q1_K2.5000,isosceles,2.5,2.5,2.5,2.5,8.599334913263329e-09,8.599334913263329e-09,63107.13792587517,75728.5655110502,1.945547951562544e-07,1.945547951562544e-07,1.945547951562544e-07,1.1355470495487633e-13,True,True,instantaneous_BD_slow_variation,RUN01_KERNEL_PASS_NOT_FINAL_A2_CLOSURE
isosceles_q1_K2.7500,isosceles,2.75,2.75,2.75,2.75,-3.155444960963277e-09,3.155444960963277e-09,-15816.570501093842,18979.88460131261,2.3540890842610278e-07,2.3540890842610278e-07,2.3540890842610278e-07,1.6625206249910774e-13,True,True,instantaneous_BD_slow_variation,RUN01_KERNEL_PASS_NOT_FINAL_A2_CLOSURE
isosceles_q1_K3.0000,isosceles,3.0,3.0,3.0,3.0,-7.750216524769511e-09,7.750216524769511e-09,-27429.508272497256,32915.409926996705,2.8015388962641295e-07,2.8015388962641295e-07,2.8015388962641295e-07,2.354586056184251e-13,True,True,instantaneous_BD_slow_variation,RUN01_KERNEL_PASS_NOT_FINAL_A2_CLOSURE
isosceles_q1_K3.2500,isosceles,3.25,3.25,3.25,3.25,-6.6807248153357875e-09,6.6807248153357875e-09,-17166.61124213763,20599.933490565156,3.2878973875718475e-07,3.2878973875718475e-07,3.2878973875718475e-07,3.243080769360534e-13,True,True,instantaneous_BD_slow_variation,RUN01_KERNEL_PASS_NOT_FINAL_A2_CLOSURE
isosceles_q1_K3.3500,isosceles,3.35,3.35,3.35,3.35,6.12096635467638e-09,6.12096635467638e-09,13932.753962194536,16719.304754633442,3.493335214300231e-07,3.493335214300231e-07,3.493335214300231e-07,3.661017275841012e-13,True,True,instantaneous_BD_slow_variation,RUN01_KERNEL_PASS_NOT_FINAL_A2_CLOSURE
isosceles_q1_K3.3750,isosceles,3.375,3.375,3.375,3.375,-4.970808787103281e-09,4.970808787103281e-09,-10983.191878503594,13179.830254204313,3.5456673879649394e-07,3.5456673879649394e-07,3.5456673879649394e-07,3.771527167823435e-13,True,True,instantaneous_BD_slow_variation,RUN01_KERNEL_PASS_NOT_FINAL_A2_CLOSURE
isosceles_q1_K3.4000,isosceles,3.4,3.4,3.4,3.4,1.574822164555425e-09,1.574822164555425e-09,3378.4141055174837,4054.0969266209804,3.598388648422697e-07,3.598388648422697e-07,3.598388648422697e-07,3.8845202595291967e-13,True,True,instantaneous_BD_slow_variation,RUN01_KERNEL_PASS_NOT_FINAL_A2_CLOSURE
isosceles_q1_K3.4250,isosceles,3.4250000000000003,3.4250000000000003,3.4250000000000003,3.4250000000000003,2.3819444834013496e-09,2.3819444834013496e-09,4962.342812282782,5954.811374739338,3.6514989956735015e-07,3.6514989956735015e-07,3.6514989956735015e-07,4.000033474621377e-13,True,True,instantaneous_BD_slow_variation,RUN01_KERNEL_PASS_NOT_FINAL_A2_CLOSURE
isosceles_q1_K3.4500,isosceles,3.45,3.4500000000000006,3.4500000000000006,3.4500000000000006,-5.039420941577061e-09,5.039420941577061e-09,-10197.696420169797,12237.235704203757,3.704998429717351e-07,3.704998429717351e-07,3.704998429717351e-07,4.118104009262411e-13,True,True,instantaneous_BD_slow_variation,RUN01_KERNEL_PASS_NOT_FINAL_A2_CLOSURE
isosceles_q1_K3.4750,isosceles,3.475,3.475,3.475,3.475,5.231152098579917e-09,5.231152098579917e-09,10284.337443078219,12341.204931693861,3.7588869505542443e-07,3.7588869505542443e-07,3.7588869505542443e-07,4.2387693321140957e-13,True,True,instantaneous_BD_slow_variation,RUN01_KERNEL_PASS_NOT_FINAL_A2_CLOSURE
isosceles_q1_K3.5000,isosceles,3.5,3.5,3.5,3.5,-2.989122490904055e-09,2.989122490904055e-09,-5710.447143112887,6852.536571735463,3.8131645581841867e-07,3.8131645581841867e-07,3.8131645581841867e-07,4.3620671843376007e-13,True,True,instantaneous_BD_slow_variation,RUN01_KERNEL_PASS_NOT_FINAL_A2_CLOSURE
isosceles_q1_K3.5250,isosceles,3.525,3.525,3.525,3.525,-5.300783970457478e-10,5.300783970457478e-10,-984.2435286088783,1181.0922343306538,3.8678312526071736e-07,3.8678312526071736e-07,3.8678312526071736e-07,4.488035579593433e-13,True,True,instantaneous_BD_slow_variation,RUN01_KERNEL_PASS_NOT_FINAL_A2_CLOSURE
isosceles_q1_K3.5500,isosceles,3.5500000000000003,3.5500000000000003,3.5500000000000003,3.5500000000000003,3.6350154711521216e-09,3.6350154711521216e-09,6561.334195711048,7873.601034853257,3.922887033823207e-07,3.922887033823207e-07,3.922887033823207e-07,4.616712804041472e-13,True,True,instantaneous_BD_slow_variation,RUN01_KERNEL_PASS_NOT_FINAL_A2_CLOSURE
isosceles_q1_K3.5750,isosceles,3.575,3.5750000000000006,3.5750000000000006,3.5750000000000006,-4.907486867906804e-09,4.907486867906804e-09,-8613.003439723267,10335.604127667919,3.978331901832288e-07,3.978331901832288e-07,3.978331901832288e-07,4.748137416340952e-13,True,True,instantaneous_BD_slow_variation,RUN01_KERNEL_PASS_NOT_FINAL_A2_CLOSURE
isosceles_q1_K3.6000,isosceles,3.6,3.6,3.6,3.6,3.845200515080264e-09,3.845200515080264e-09,6563.099557900056,7875.719469480067,4.034165856634414e-07,4.034165856634414e-07,4.034165856634414e-07,4.882348247650463e-13,True,True,instantaneous_BD_slow_variation,RUN01_KERNEL_PASS_NOT_FINAL_A2_CLOSURE
isosceles_q1_K3.6250,isosceles,3.625,3.625,3.625,3.625,-1.0503067076510574e-09,1.0503067076510574e-09,-1743.7508659933274,2092.5010391919927,4.0903888982295864e-07,4.0903888982295864e-07,4.0903888982295864e-07,5.019384401627955e-13,True,True,instantaneous_BD_slow_variation,RUN01_KERNEL_PASS_NOT_FINAL_A2_CLOSURE
isosceles_q1_K3.6500,isosceles,3.6500000000000004,3.6500000000000004,3.6500000000000004,3.6500000000000004,-2.1014715864963425e-09,2.1014715864963425e-09,-3394.3196309534383,4073.1835571441256,4.1470010266178046e-07,4.1470010266178046e-07,4.1470010266178046e-07,5.159285254430737e-13,True,True,instantaneous_BD_slow_variation,RUN01_KERNEL_PASS_NOT_FINAL_A2_CLOSURE
isosceles_q1_K3.6750,isosceles,3.6750000000000003,3.6750000000000003,3.6750000000000003,3.6750000000000003,4.133565610629729e-09,4.133565610629729e-09,6496.754512731064,7796.105415277277,4.2040022417990683e-07,4.2040022417990683e-07,4.2040022417990683e-07,5.302090454715477e-13,True,True,instantaneous_BD_slow_variation,RUN01_KERNEL_PASS_NOT_FINAL_A2_CLOSURE
isosceles_q1_K3.7000,isosceles,3.7,3.7000000000000006,3.7000000000000006,3.7000000000000006,-4.156277867111827e-09,4.156277867111827e-09,-6357.684766454735,7629.221719745681,4.26139254377338e-07,4.26139254377338e-07,4.26139254377338e-07,5.447839923638208e-13,True,True,instantaneous_BD_slow_variation,RUN01_KERNEL_PASS_NOT_FINAL_A2_CLOSURE
isosceles_q1_K3.7250,isosceles,3.725,3.725,3.725,3.725,2.2511311197535828e-09,2.2511311197535828e-09,3351.9482605728817,4022.337912687458,4.319171932540733e-07,4.319171932540733e-07,4.319171932540733e-07,5.596573854854296e-13,True,True,instantaneous_BD_slow_variation,RUN01_KERNEL_PASS_NOT_FINAL_A2_CLOSURE
isosceles_q1_K3.7500,isosceles,3.75,3.75,3.75,3.75,6.115640350867671e-10,6.115640350867671e-10,886.581764166946,1063.898117000335,4.377340408101139e-07,4.377340408101139e-07,4.377340408101139e-07,5.748332714518513e-13,True,True,instantaneous_BD_slow_variation,RUN01_KERNEL_PASS_NOT_FINAL_A2_CLOSURE
isosceles_q1_K3.7750,isosceles,3.7750000000000004,3.7750000000000004,3.7750000000000004,3.7750000000000004,-3.0622555927864044e-09,3.0622555927864044e-09,-4322.906465726917,5187.4877588723,4.435897970454591e-07,4.435897970454591e-07,4.435897970454591e-07,5.903157241284948e-13,True,True,instantaneous_BD_slow_variation,RUN01_KERNEL_PASS_NOT_FINAL_A2_CLOSURE
isosceles_q1_K3.8000,isosceles,3.8000000000000003,3.8000000000000003,3.8000000000000003,3.8000000000000003,3.9839411230085694e-09,3.9839411230085694e-09,5477.483071317468,6572.979685580961,4.494844619601085e-07,4.494844619601085e-07,4.494844619601085e-07,6.061088446307048e-13,True,True,instantaneous_BD_slow_variation,RUN01_KERNEL_PASS_NOT_FINAL_A2_CLOSURE
isosceles_q1_K3.8250,isosceles,3.825,3.8250000000000006,3.8250000000000006,3.8250000000000006,-3.017642244613976e-09,3.017642244613976e-09,-4041.5206192157584,4849.82474305891,4.554180355540629e-07,4.554180355540629e-07,4.554180355540629e-07,6.22216761323765e-13,True,True,instantaneous_BD_slow_variation,RUN01_KERNEL_PASS_NOT_FINAL_A2_CLOSURE
isosceles_q1_K3.8500,isosceles,3.85,3.85,3.85,3.85,6.946032681556742e-10,6.946032681556742e-10,906.3521966967985,1087.6226360361582,4.6139051782732164e-07,4.6139051782732164e-07,4.6139051782732164e-07,6.386436298228921e-13,True,True,instantaneous_BD_slow_variation,RUN01_KERNEL_PASS_NOT_FINAL_A2_CLOSURE
isosceles_q1_K4.0000,isosceles,4.0,4.0,4.0,4.0,2.5977487001261323e-09,2.5977487001261323e-09,2909.1213486357447,3490.9456183628936,4.98042493732271e-07,4.98042493732271e-07,4.98042493732271e-07,7.441389766891776e-13,True,True,instantaneous_BD_slow_variation,RUN01_KERNEL_PASS_NOT_FINAL_A2_CLOSURE
isosceles_q1_K4.2500,isosceles,4.25,4.25,4.25,4.25,2.711403128445749e-09,2.711403128445749e-09,2382.5680251638996,2859.0816301966793,5.6224181458489e-07,5.6224181458489e-07,5.6224181458489e-07,9.483475742031293e-13,True,True,instantaneous_BD_slow_variation,RUN01_KERNEL_PASS_NOT_FINAL_A2_CLOSURE
isosceles_q1_K4.5000,isosceles,4.5,4.5,4.5,4.5,1.562804500575545e-09,1.562804500575545e-09,1092.605637214386,1311.126764657263,6.303320033679707e-07,6.303320033679707e-07,6.303320033679707e-07,1.191955303409638e-12,True,True,instantaneous_BD_slow_variation,RUN01_KERNEL_PASS_NOT_FINAL_A2_CLOSURE
isosceles_q1_K4.7500,isosceles,4.75,4.75,4.75,4.75,7.278730899539426e-11,7.278730899539426e-11,40.99129828478395,49.18955794174074,7.02313060081513e-07,7.02313060081513e-07,7.02313060081513e-07,1.4797309030831767e-12,True,True,instantaneous_BD_slow_variation,RUN01_KERNEL_PASS_NOT_FINAL_A2_CLOSURE
isosceles_q1_K5.0000,isosceles,5.0,5.0,5.0,5.0,-1.000010266266846e-09,1.000010266266846e-09,-458.70794710315005,550.44953652378,7.781849847255178e-07,7.781849847255178e-07,7.781849847255178e-07,1.8167156113567631e-12,True,True,instantaneous_BD_slow_variation,RUN01_KERNEL_PASS_NOT_FINAL_A2_CLOSURE
isosceles_q1_K5.2500,isosceles,5.25,5.25,5.25,5.25,-1.311352616712739e-09,1.311352616712739e-09,-494.8747319672927,593.8496783607512,8.57947777299984e-07,8.57947777299984e-07,8.57947777299984e-07,2.2082231657219487e-12,True,True,instantaneous_BD_slow_variation,RUN01_KERNEL_PASS_NOT_FINAL_A2_CLOSURE
isosceles_q1_K5.5000,isosceles,5.5,5.5,5.5,5.5,-9.434544537331497e-10,9.434544537331497e-10,-295.5862393977055,354.7034872772466,9.41601437804911e-07,9.41601437804911e-07,9.41601437804911e-07,2.6598398030288272e-12,True,True,instantaneous_BD_slow_variation,RUN01_KERNEL_PASS_NOT_FINAL_A2_CLOSURE
isosceles_q1_K5.7500,isosceles,5.75,5.75,5.75,5.75,-2.457661160272376e-10,2.457661160272376e-10,-64.45632687480402,77.34759224976482,1.0291459662403006e-06,1.0291459662403006e-06,1.0291459662403006e-06,3.177424259486046e-12,True,True,instantaneous_BD_slow_variation,RUN01_KERNEL_PASS_NOT_FINAL_A2_CLOSURE
isosceles_q1_K6.0000,isosceles,6.0,6.0,6.0,6.0,3.8539583661716916e-10,3.8539583661716916e-10,85.25458169322289,102.30549803186746,1.120581362606152e-06,1.120581362606152e-06,1.120581362606152e-06,3.767107770660781e-12,True,True,instantaneous_BD_slow_variation,RUN01_KERNEL_PASS_NOT_FINAL_A2_CLOSURE
isosceles_q1.2_K0.1000,isosceles,0.1,0.11250000000000002,0.09375000000000001,0.09375000000000001,0.20679471944268174,0.20679471944268174,5.5191210746931264e+17,6.622945289631752e+17,4.053490111258551e-10,2.849752845271945e-10,2.849752845271945e-10,3.122398123481704e-19,True,True,instantaneous_BD_slow_variation,RUN01_KERNEL_PASS_NOT_FINAL_A2_CLOSURE
isosceles_q1.2_K0.2000,isosceles,0.2,0.22500000000000003,0.18750000000000003,0.18750000000000003,-0.0036918564427838776,0.0036918564427838776,-650084355959501.1,780101227151401.2,1.5872001450036119e-09,1.105705238608971e-09,1.105705238608971e-09,4.7325351047901455e-18,True,True,instantaneous_BD_slow_variation,RUN01_KERNEL_PASS_NOT_FINAL_A2_CLOSURE
isosceles_q1.2_K0.3000,isosceles,0.30000000000000004,0.33749999999999997,0.28125,0.28125,0.00035454021233203333,0.00035454021233203333,12458098545632.87,14949718254759.441,3.5569520347998763e-09,2.4735884954119313e-09,2.4735884954119313e-09,2.3715511308660333e-17,True,True,instantaneous_BD_slow_variation,RUN01_KERNEL_PASS_NOT_FINAL_A2_CLOSURE
isosceles_q1.2_K0.4000,isosceles,0.4,0.45000000000000007,0.37500000000000006,0.37500000000000006,-6.97105867132756e-05,6.97105867132756e-05,-777830054984.4026,933396065981.2831,6.314604680514649e-09,4.388625054936078e-09,4.388625054936078e-09,7.468489449865913e-17,True,True,instantaneous_BD_slow_variation,RUN01_KERNEL_PASS_NOT_FINAL_A2_CLOSURE
isosceles_q1.2_K0.5000,isosceles,0.5,0.5625,0.46875,0.46875,2.0299876770262932e-05,2.0299876770262932e-05,92930843461.6825,111517012154.019,9.860158082147921e-09,6.8508149171814026e-09,6.8508149171814026e-09,1.8203390117936673e-16,True,True,instantaneous_BD_slow_variation,RUN01_KERNEL_PASS_NOT_FINAL_A2_CLOSURE
isosceles_q1.2_K0.6000,isosceles,0.6,0.6749999999999998,0.5624999999999999,0.5624999999999999,-7.50419652411273e-06,7.50419652411273e-06,-16582016976.273975,19898420371.52877,1.4193612239699687e-08,9.86015808214791e-09,9.86015808214791e-09,3.7712523828524343e-16,True,True,instantaneous_BD_slow_variation,RUN01_KERNEL_PASS_NOT_FINAL_A2_CLOSURE
isosceles_q1.2_K0.7000,isosceles,0.7000000000000001,0.7875,0.65625,0.65625,3.2156108774648035e-06,3.2156108774648035e-06,3837476546.69388,4604971856.032656,1.931496715316998e-08,1.3416654549835613e-08,1.3416654549835613e-08,6.982911031806316e-16,True,True,instantaneous_BD_slow_variation,RUN01_KERNEL_PASS_NOT_FINAL_A2_CLOSURE
isosceles_q1.2_K0.8000,isosceles,0.8,0.9000000000000001,0.7500000000000001,0.7500000000000001,-1.4982629654310937e-06,1.4982629654310937e-06,-1048469666.7214465,1258163600.0657358,2.522422282255876e-08,1.7520304320244504e-08,1.7520304320244504e-08,1.1908331836597508e-15,True,True,instantaneous_BD_slow_variation,RUN01_KERNEL_PASS_NOT_FINAL_A2_CLOSURE
isosceles_q1.2_K0.9000,isosceles,0.9,1.0125,0.84375,0.84375,7.17815656308993e-07,7.17815656308993e-07,313672053.71062034,376406464.45274436,3.1921379247866064e-08,2.217110739337456e-08,2.217110739337456e-08,1.907022657946701e-15,True,True,instantaneous_BD_slow_variation,RUN01_KERNEL_PASS_NOT_FINAL_A2_CLOSURE
isosceles_q1.2_K1.0000,isosceles,1.0,1.125,0.9375,0.9375,-3.302522337420609e-07,3.302522337420609e-07,-94700862.44355744,113641034.93226893,3.940643642909185e-08,2.7369063769225813e-08,2.7369063769225813e-08,2.906100194695465e-15,True,True,instantaneous_BD_slow_variation,RUN01_KERNEL_PASS_NOT_FINAL_A2_CLOSURE
isosceles_q1.2_K1.2500,isosceles,1.25,1.40625,1.171875,1.171875,-2.5424315502938806e-07,2.5424315502938806e-07,-29869837.606217515,35843805.127461016,6.15661451892998e-08,4.275775040825911e-08,4.275775040825911e-08,7.093084959180429e-15,True,True,instantaneous_BD_slow_variation,RUN01_KERNEL_PASS_NOT_FINAL_A2_CLOSURE
isosceles_q1.2_K1.5000,isosceles,1.5,1.6875,1.40625,1.40625,-7.887816752146491e-08,7.887816752146491e-08,-4469697.723783403,5363637.2685400825,8.865023367399842e-08,6.15661451892998e-08,6.15661451892998e-08,1.4706096548347423e-14,True,True,instantaneous_BD_slow_variation,RUN01_KERNEL_PASS_NOT_FINAL_A2_CLOSURE
isosceles_q1.2_K1.7500,isosceles,1.75,1.96875,1.640625,1.640625,1.0764779263040688e-08,1.0764779263040688e-08,329288.9366628503,395146.7239954204,1.2065870188318778e-07,8.37942481123479e-08,8.37942481123479e-08,2.7242486421741025e-14,True,True,instantaneous_BD_slow_variation,RUN01_KERNEL_PASS_NOT_FINAL_A2_CLOSURE
isosceles_q1.2_K2.0000,isosceles,2.0,2.25,1.875,1.875,3.354902747861958e-08,3.354902747861958e-08,601601.2239826819,721921.4687792182,1.5759154981686767e-07,1.0944205917740342e-07,1.0944205917740342e-07,4.647185175882298e-14,True,True,instantaneous_BD_slow_variation,RUN01_KERNEL_PASS_NOT_FINAL_A2_CLOSURE
isosceles_q1.2_K2.2500,isosceles,2.25,2.53125,2.109375,2.109375,2.4922731544408693e-08,2.4922731544408693e-08,279017.31769582705,334820.78123499244,1.9944877747503832e-07,1.385095783844664e-07,1.385095783844664e-07,7.443603545897227e-14,True,True,instantaneous_BD_slow_variation,RUN01_KERNEL_PASS_NOT_FINAL_A2_CLOSURE
isosceles_q1.2_K2.5000,isosceles,2.5,2.8125,2.34375,2.34375,8.823964297606257e-09,8.823964297606257e-09,64815.867970354295,77779.04156442515,2.4623038485769944e-07,1.7099680573353658e-07,1.7099680573353658e-07,1.134491261414848e-13,True,True,instantaneous_BD_slow_variation,RUN01_KERNEL_PASS_NOT_FINAL_A2_CLOSURE
isosceles_q1.2_K2.7500,isosceles,2.75,3.09375,2.578125,2.578125,-3.1289219535621865e-09,3.1289219535621865e-09,-15698.223142081824,18837.86777049819,2.979363719648515e-07,2.0690374122461434e-07,2.0690374122461434e-07,1.6609745814557433e-13,True,True,instantaneous_BD_slow_variation,RUN01_KERNEL_PASS_NOT_FINAL_A2_CLOSURE
isosceles_q1.2_K3.0000,isosceles,3.0,3.375,2.8125,2.8125,-7.831998105190163e-09,7.831998105190163e-09,-27744.753722379934,33293.70446685592,3.5456673879649394e-07,2.4623038485769944e-07,2.4623038485769944e-07,2.3523961153037094e-13,True,True,instantaneous_BD_slow_variation,RUN01_KERNEL_PASS_NOT_FINAL_A2_CLOSURE
isosceles_q1.2_K3.2500,isosceles,3.25,3.65625,3.046875,3.046875,-6.780168508781568e-09,6.780168508781568e-09,-17438.359900970445,20926.031881164534,4.161214853526272e-07,2.8897673663279206e-07,2.8897673663279206e-07,3.240064120749228e-13,True,True,instantaneous_BD_slow_variation,RUN01_KERNEL_PASS_NOT_FINAL_A2_CLOSURE
isosceles_q1.2_K3.3500,isosceles,3.35,3.76875,3.140625,3.140625,6.2003061392158975e-09,6.2003061392158975e-09,14126.490587746048,16951.788705295257,4.421222102979377e-07,3.070327956225912e-07,3.070327956225912e-07,3.657611740570538e-13,True,True,instantaneous_BD_slow_variation,RUN01_KERNEL_PASS_NOT_FINAL_A2_CLOSURE
isosceles_q1.2_K3.3750,isosceles,3.375,3.796875,3.1640625,3.1640625,-5.0559886025177786e-09,5.0559886025177786e-09,-11181.801514188353,13418.161817026023,4.4874550102737767e-07,3.11632303073591e-07,3.11632303073591e-07,3.768018802770989e-13,True,True,instantaneous_BD_slow_variation,RUN01_KERNEL_PASS_NOT_FINAL_A2_CLOSURE
isosceles_q1.2_K3.4000,isosceles,3.4,3.8249999999999993,3.1874999999999996,3.1874999999999996,1.6260350066690475e-09,1.6260350066690475e-09,3491.527259621496,4189.832711545795,4.554180355540626e-07,3.16266007606011e-07,3.16266007606011e-07,3.8809067535995695e-13,True,True,instantaneous_BD_slow_variation,RUN01_KERNEL_PASS_NOT_FINAL_A2_CLOSURE
isosceles_q1.2_K3.4250,isosceles,3.4250000000000003,3.853125,3.2109375,3.2109375,2.3865875857417866e-09,2.3865875857417866e-09,4976.645337173395,5971.974404608074,4.6213981387799215e-07,3.209339092198511e-07,3.209339092198511e-07,3.9963124823513246e-13,True,True,instantaneous_BD_slow_variation,RUN01_KERNEL_PASS_NOT_FINAL_A2_CLOSURE
isosceles_q1.2_K3.4500,isosceles,3.45,3.8812500000000005,3.2343750000000004,3.2343750000000004,-5.094745407688344e-09,5.094745407688344e-09,-10319.249640701384,12383.09956884166,4.689108359991674e-07,3.256360079151114e-07,3.256360079151114e-07,4.1142731505670325e-13,True,True,instantaneous_BD_slow_variation,RUN01_KERNEL_PASS_NOT_FINAL_A2_CLOSURE
isosceles_q1.2_K3.4750,isosceles,3.475,3.909375,3.2578125,3.2578125,5.308786666348057e-09,5.308786666348057e-09,10446.683495407862,12536.020194489434,4.757311019175865e-07,3.303723036917917e-07,3.303723036917917e-07,4.234826192033167e-13,True,True,instantaneous_BD_slow_variation,RUN01_KERNEL_PASS_NOT_FINAL_A2_CLOSURE
isosceles_q1.2_K3.5000,isosceles,3.5,3.9375,3.28125,3.28125,-3.0518812705991733e-09,3.0518812705991733e-09,-5835.770898209712,7002.925077851654,4.826006116332512e-07,3.3514279654989194e-07,3.3514279654989194e-07,4.3580093127819447e-13,True,True,instantaneous_BD_slow_variation,RUN01_KERNEL_PASS_NOT_FINAL_A2_CLOSURE
isosceles_q1.2_K3.5250,isosceles,3.525,3.9656249999999993,3.3046874999999996,3.3046874999999996,-5.105125288268338e-10,5.105125288268338e-10,-948.7964850845605,1138.5557821014725,4.895193651461603e-07,3.399474864894123e-07,3.399474864894123e-07,4.4838604910912917e-13,True,True,instantaneous_BD_slow_variation,RUN01_KERNEL_PASS_NOT_FINAL_A2_CLOSURE
isosceles_q1.2_K3.5500,isosceles,3.5500000000000003,3.99375,3.328125,3.328125,3.665453677341498e-09,3.665453677341498e-09,6622.436964794654,7946.924357753584,4.964873624563146e-07,3.447863735103529e-07,3.447863735103529e-07,4.612417977484863e-13,True,True,instantaneous_BD_slow_variation,RUN01_KERNEL_PASS_NOT_FINAL_A2_CLOSURE
isosceles_q1.2_K3.5750,isosceles,3.575,4.0218750000000005,3.3515625000000004,3.3515625000000004,-4.971213664491893e-09,4.971213664491893e-09,-8732.972849060598,10479.567418872717,5.035046035637138e-07,3.4965945761271336e-07,3.4965945761271336e-07,4.743720294732017e-13,True,True,instantaneous_BD_slow_variation,RUN01_KERNEL_PASS_NOT_FINAL_A2_CLOSURE
isosceles_q1.2_K3.6000,isosceles,3.6,4.05,3.375,3.375,3.910941914767898e-09,3.910941914767898e-09,6681.524651427211,8017.829581712653,5.105710884683578e-07,3.5456673879649394e-07,3.5456673879649394e-07,4.877806237847848e-13,True,True,instantaneous_BD_slow_variation,RUN01_KERNEL_PASS_NOT_FINAL_A2_CLOSURE
isosceles_q1.2_K3.6250,isosceles,3.625,4.078125,3.3984375,3.3984375,-1.0874656361244547e-09,1.0874656361244547e-09,-1807.1244052552872,2168.5492863063446,5.17686817170247e-07,3.5950821706169466e-07,3.5950821706169466e-07,5.014714874093166e-13,True,True,instantaneous_BD_slow_variation,RUN01_KERNEL_PASS_NOT_FINAL_A2_CLOSURE
isosceles_q1.2_K3.6500,isosceles,3.6500000000000004,4.10625,3.421875,3.421875,-2.1086813535358148e-09,2.1086813535358148e-09,-3409.1364630461253,4090.9637556553503,5.248517896693809e-07,3.6448389240831554e-07,3.6448389240831554e-07,5.154485542974495e-13,True,True,instantaneous_BD_slow_variation,RUN01_KERNEL_PASS_NOT_FINAL_A2_CLOSURE
isosceles_q1.2_K3.6750,isosceles,3.6750000000000003,4.1343749999999995,3.4453125,3.4453125,4.179564261897301e-09,4.179564261897301e-09,6575.167878265445,7890.201453918534,5.320660059657593e-07,3.694937648363563e-07,3.694937648363563e-07,5.297157856244078e-13,True,True,instantaneous_BD_slow_variation,RUN01_KERNEL_PASS_NOT_FINAL_A2_CLOSURE
isosceles_q1.2_K3.7000,isosceles,3.7,4.1625000000000005,3.4687500000000004,3.4687500000000004,-4.217785640532209e-09,4.217785640532209e-09,-6457.77843018176,7749.334116218112,5.393294660593836e-07,3.7453783434581745e-07,3.7453783434581745e-07,5.442771697899902e-13,True,True,instantaneous_BD_slow_variation,RUN01_KERNEL_PASS_NOT_FINAL_A2_CLOSURE
isosceles_q1.2_K3.7250,isosceles,3.725,4.190625,3.4921875,3.4921875,2.29884077850394e-09,2.29884077850394e-09,3426.175695394969,4111.4108344739625,5.466421699502523e-07,3.796161009366982e-07,3.796161009366982e-07,5.591367224185629e-13,True,True,instantaneous_BD_slow_variation,RUN01_KERNEL_PASS_NOT_FINAL_A2_CLOSURE
isosceles_q1.2_K3.7500,isosceles,3.75,4.21875,3.515625,3.515625,5.991103257844345e-10,5.991103257844345e-10,869.3364455573561,1043.2037346688273,5.540041176383656e-07,3.8472856460899934e-07,3.8472856460899934e-07,5.742984863590681e-13,True,True,instantaneous_BD_slow_variation,RUN01_KERNEL_PASS_NOT_FINAL_A2_CLOSURE
isosceles_q1.2_K3.7750,isosceles,3.7750000000000004,4.246875,3.5390625,3.5390625,-3.0891136077988327e-09,3.0891136077988327e-09,-4364.882036417793,5237.8584437013515,5.61415309123724e-07,3.898752253627202e-07,3.898752253627202e-07,5.897665316850181e-13,True,True,instantaneous_BD_slow_variation,RUN01_KERNEL_PASS_NOT_FINAL_A2_CLOSURE
isosceles_q1.2_K3.8000,isosceles,3.8000000000000003,4.2749999999999995,3.5625,3.5625,4.035740047350357e-09,4.035740047350357e-09,5553.867924253692,6664.64150910443,5.688757444063272e-07,3.950560831978615e-07,3.950560831978615e-07,6.055449556944984e-13,True,True,instantaneous_BD_slow_variation,RUN01_KERNEL_PASS_NOT_FINAL_A2_CLOSURE
isosceles_q1.2_K3.8250,isosceles,3.825,4.3031250000000005,3.5859375000000004,3.5859375000000004,-3.0691417518450898e-09,3.0691417518450898e-09,-4114.321531635458,4937.185837962549,5.763854234861756e-07,4.0027113811442274e-07,4.0027113811442274e-07,6.216378829101654e-13,True,True,instantaneous_BD_slow_variation,RUN01_KERNEL_PASS_NOT_FINAL_A2_CLOSURE
isosceles_q1.2_K3.8500,isosceles,3.85,4.33125,3.609375,3.609375,7.219158445360683e-10,7.219158445360683e-10,942.8681787840227,1131.4418145408272,5.839443463632688e-07,4.055203901124043e-07,4.055203901124043e-07,6.380494650792479e-13,True,True,instantaneous_BD_slow_variation,RUN01_KERNEL_PASS_NOT_FINAL_A2_CLOSURE
isosceles_q1.2_K4.0000,isosceles,4.0,4.5,3.75,3.75,2.621377130837744e-09,2.621377130837744e-09,2938.315709667571,3525.978851601085,6.303320033679707e-07,4.377340408101139e-07,4.377340408101139e-07,7.434466402563426e-13,True,True,instantaneous_BD_slow_variation,RUN01_KERNEL_PASS_NOT_FINAL_A2_CLOSURE
isosceles_q1.2_K4.2500,isosceles,4.25,4.78125,3.984375,3.984375,2.7467135882131993e-09,2.7467135882131993e-09,2415.843860273594,2899.012632328313,7.11584268822067e-07,4.941592251532363e-07,4.941592251532363e-07,9.474652016287365e-13,True,True,instantaneous_BD_slow_variation,RUN01_KERNEL_PASS_NOT_FINAL_A2_CLOSURE
isosceles_q1.2_K4.5000,isosceles,4.5,5.0625,4.21875,4.21875,1.589419944427226e-09,1.589419944427226e-09,1112.24824222576,1334.6978906709119,7.97760914000653e-07,5.540041176383656e-07,5.540041176383656e-07,1.1908462248548794e-12,True,True,instantaneous_BD_slow_variation,RUN01_KERNEL_PASS_NOT_FINAL_A2_CLOSURE
isosceles_q1.2_K4.7500,isosceles,4.75,5.34375,4.453125,4.453125,8.140372740323042e-11,8.140372740323042e-11,45.88646497543765,55.063757970525174,8.888619389037304e-07,6.172687182655024e-07,6.172687182655024e-07,1.4783540100333264e-12,True,True,instantaneous_BD_slow_variation,RUN01_KERNEL_PASS_NOT_FINAL_A2_CLOSURE
isosceles_q1.2_K5.0000,isosceles,5.0,5.625,4.6875,4.6875,-1.0075933083632597e-09,1.0075933083632597e-09,-462.61679186857634,555.1401502422916,9.848873435312978e-07,6.839530270346468e-07,6.839530270346468e-07,1.8150251029825429e-12,True,True,instantaneous_BD_slow_variation,RUN01_KERNEL_PASS_NOT_FINAL_A2_CLOSURE
isosceles_q1.2_K5.2500,isosceles,5.25,5.90625,4.921875,4.921875,-1.3267088354040913e-09,1.3267088354040913e-09,-501.13615473263064,601.3633856791567,1.0858371278833564e-06,7.540570439457989e-07,7.540570439457989e-07,2.206168295240917e-12,True,True,instantaneous_BD_slow_variation,RUN01_KERNEL_PASS_NOT_FINAL_A2_CLOSURE
isosceles_q1.2_K5.5000,isosceles,5.5,6.1875,5.15625,5.15625,-9.572539957475553e-10,9.572539957475553e-10,-300.1890127904879,360.22681534858543,1.1917112919599055e-06,8.275807689989579e-07,8.275807689989579e-07,2.657364624066747e-12,True,True,instantaneous_BD_slow_variation,RUN01_KERNEL_PASS_NOT_FINAL_A2_CLOSURE
isosceles_q1.2_K5.7500,isosceles,5.75,6.46875,5.390625,5.390625,-2.520870983464643e-10,2.520870983464643e-10,-66.17569415874442,79.4108329904933,1.302509835760945e-06,9.045242021941243e-07,9.045242021941243e-07,3.174467372438254e-12,True,True,instantaneous_BD_slow_variation,RUN01_KERNEL_PASS_NOT_FINAL_A2_CLOSURE
isosceles_q1.2_K6.0000,isosceles,6.0,6.75,5.625,5.625,3.8746765747696397e-10,3.8746765747696397e-10,85.79273489594314,102.95128187513177,1.4182327592864762e-06,9.848873435312978e-07,9.848873435312978e-07,3.763602069053577e-12,True,True,instantaneous_BD_slow_variation,RUN01_KERNEL_PASS_NOT_FINAL_A2_CLOSURE
isosceles_q1.5_K0.1000,isosceles,0.1,0.1285714285714286,0.08571428571428573,0.08571428571428573,0.22544396106342482,0.22544396106342482,6.056678828552457e+17,7.268014594262948e+17,5.259460656031771e-10,2.400863809161912e-10,2.400863809161912e-10,3.1018644519698737e-19,True,True,instantaneous_BD_slow_variation,RUN01_KERNEL_PASS_NOT_FINAL_A2_CLOSURE
isosceles_q1.5_K0.2000,isosceles,0.2,0.2571428571428572,0.17142857142857146,0.17142857142857146,-0.004049215846159299,0.004049215846159299,-719285152124939.2,863142182549927.1,2.0695883629129027e-09,9.261496241649578e-10,9.261496241649578e-10,4.691250095316803e-18,True,True,instantaneous_BD_slow_variation,RUN01_KERNEL_PASS_NOT_FINAL_A2_CLOSURE
isosceles_q1.5_K0.3000,isosceles,0.30000000000000004,0.3857142857142858,0.2571428571428572,0.2571428571428572,0.00038983797980977783,0.00038983797980977783,13824864411312.227,16589837293574.672,4.6423255250957795e-09,2.0695883629129027e-09,2.0695883629129027e-09,2.349860175908802e-17,True,True,instantaneous_BD_slow_variation,RUN01_KERNEL_PASS_NOT_FINAL_A2_CLOSURE
isosceles_q1.5_K0.4000,isosceles,0.4,0.5142857142857143,0.3428571428571429,0.3428571428571429,-7.673911884450416e-05,7.673911884450416e-05,-864288939781.3506,1037146727737.6207,8.244157552151802e-09,3.6704025971600264e-09,3.6704025971600264e-09,7.39906098068679e-17,True,True,instantaneous_BD_slow_variation,RUN01_KERNEL_PASS_NOT_FINAL_A2_CLOSURE
isosceles_q1.5_K0.5000,isosceles,0.5,0.6428571428571428,0.42857142857142855,0.42857142857142855,2.2331250379072727e-05,2.2331250379072727e-05,103196803355.44077,123836164026.52892,1.2875084444080971e-08,5.728592326906327e-09,5.728592326906327e-09,1.8032898995715657e-16,True,True,instantaneous_BD_slow_variation,RUN01_KERNEL_PASS_NOT_FINAL_A2_CLOSURE
isosceles_q1.5_K0.6000,isosceles,0.6,0.7714285714285714,0.5142857142857142,0.5142857142857142,-8.230878431845609e-06,8.230878431845609e-06,-18360424261.20214,22032509113.442566,1.8535106200883298e-08,8.2441575521518e-09,8.2441575521518e-09,3.73578805276597e-16,True,True,instantaneous_BD_slow_variation,RUN01_KERNEL_PASS_NOT_FINAL_A2_CLOSURE
isosceles_q1.5_K0.7000,isosceles,0.7000000000000001,0.8999999999999999,0.6,0.6,3.5077672781439746e-06,3.5077672781439746e-06,4225970248.1258125,5071164297.750975,2.5224222822558753e-08,1.121709827289645e-08,1.121709827289645e-08,6.917084661799746e-16,True,True,instantaneous_BD_slow_variation,RUN01_KERNEL_PASS_NOT_FINAL_A2_CLOSURE
isosceles_q1.5_K0.8000,isosceles,0.8,1.0285714285714287,0.6857142857142858,0.6857142857142858,-1.620717895390176e-06,1.620717895390176e-06,-1144972876.0065486,1373967451.2078583,3.2942434309107407e-08,1.4647414489140295e-08,1.4647414489140295e-08,1.1795897304302214e-15,True,True,instantaneous_BD_slow_variation,RUN01_KERNEL_PASS_NOT_FINAL_A2_CLOSURE
isosceles_q1.5_K0.9000,isosceles,0.9,1.1571428571428573,0.7714285714285715,0.7714285714285715,7.668202271136987e-07,7.668202271136987e-07,338283553.68903404,405940264.42684084,4.168974066052919e-08,1.853510620088329e-08,1.853510620088329e-08,1.888997703138404e-15,True,True,instantaneous_BD_slow_variation,RUN01_KERNEL_PASS_NOT_FINAL_A2_CLOSURE
isosceles_q1.5_K1.0000,isosceles,1.0,1.2857142857142856,0.8571428571428571,0.8571428571428571,-3.4557495762370247e-07,3.4557495762370247e-07,-100041008.55704561,120049210.26845473,5.146614187682406e-08,2.288017340812548e-08,2.288017340812548e-08,2.8786108367637387e-15,True,True,instantaneous_BD_slow_variation,RUN01_KERNEL_PASS_NOT_FINAL_A2_CLOSURE
isosceles_q1.5_K1.2500,isosceles,1.25,1.6071428571428572,1.0714285714285714,1.0714285714285714,-2.751104406510389e-07,2.751104406510389e-07,-32630461.20121481,39156553.44145777,8.040943495138143e-08,3.574385921903986e-08,3.574385921903986e-08,7.025910517439982e-15,True,True,instantaneous_BD_slow_variation,RUN01_KERNEL_PASS_NOT_FINAL_A2_CLOSURE
isosceles_q1.5_K1.5000,isosceles,1.5,1.9285714285714288,1.2857142857142858,1.2857142857142858,-8.775898390076681e-08,8.775898390076681e-08,-5020513.605665062,6024616.326798074,1.15784570931396e-07,5.146614187682408e-08,5.146614187682408e-08,1.4566734069090242e-14,True,True,instantaneous_BD_slow_variation,RUN01_KERNEL_PASS_NOT_FINAL_A2_CLOSURE
isosceles_q1.5_K1.7500,isosceles,1.75,2.25,1.5,1.5,9.576309610923041e-09,9.576309610923041e-09,295737.9261952145,354885.5114342574,1.5759154981686767e-07,7.004702138147818e-08,7.004702138147818e-08,2.698422252354209e-14,True,True,instantaneous_BD_slow_variation,RUN01_KERNEL_PASS_NOT_FINAL_A2_CLOSURE
isosceles_q1.5_K2.0000,isosceles,2.0,2.571428571428571,1.7142857142857142,1.7142857142857142,3.519633649019831e-08,3.519633649019831e-08,637182.9072743577,764619.4887292293,2.0583037160779654e-07,9.148649773300219e-08,9.148649773300219e-08,4.603117891840997e-14,True,True,instantaneous_BD_slow_variation,RUN01_KERNEL_PASS_NOT_FINAL_A2_CLOSURE
isosceles_q1.5_K2.2500,isosceles,2.25,2.892857142857143,1.9285714285714286,1.9285714285714286,2.670247226552843e-08,2.670247226552843e-08,301804.41623367416,362165.29948040895,2.6050103630418254e-07,1.1578457093139598e-07,1.1578457093139598e-07,7.373006829709503e-14,True,True,instantaneous_BD_slow_variation,RUN01_KERNEL_PASS_NOT_FINAL_A2_CLOSURE
isosceles_q1.5_K2.5000,isosceles,2.5,3.2142857142857144,2.142857142857143,2.142857142857143,9.77254213201876e-09,9.77254213201876e-09,72471.00127826277,86965.20153391533,3.2160354390602584e-07,1.4294124097665962e-07,1.4294124097665962e-07,1.1237301770878543e-13,True,True,instantaneous_BD_slow_variation,RUN01_KERNEL_PASS_NOT_FINAL_A2_CLOSURE
isosceles_q1.5_K2.7500,isosceles,2.75,3.5357142857142856,2.357142857142857,2.357142857142857,-3.007810869273957e-09,3.007810869273957e-09,-15235.116627648003,18282.139953177604,3.8913789441332634e-07,1.7295650786879313e-07,1.7295650786879313e-07,1.6452181620845604e-13,True,True,instantaneous_BD_slow_variation,RUN01_KERNEL_PASS_NOT_FINAL_A2_CLOSURE
isosceles_q1.5_K3.0000,isosceles,3.0,3.8571428571428577,2.5714285714285716,2.5714285714285716,-8.167588593102044e-09,8.167588593102044e-09,-29210.697978933465,35052.83757472016,4.631040878260841e-07,2.058303716077966e-07,2.058303716077966e-07,2.3300791485686874e-13,True,True,instantaneous_BD_slow_variation,RUN01_KERNEL_PASS_NOT_FINAL_A2_CLOSURE
isosceles_q1.5_K3.2500,isosceles,3.25,4.178571428571429,2.7857142857142856,2.7857142857142856,-7.193991135610072e-09,7.193991135610072e-09,-18679.92173389226,22415.906080670713,5.435021241442988e-07,2.415628321936698e-07,2.415628321936698e-07,3.2093242672057174e-13,True,True,instantaneous_BD_slow_variation,RUN01_KERNEL_PASS_NOT_FINAL_A2_CLOSURE
isosceles_q1.5_K3.3500,isosceles,3.35,4.307142857142857,2.8714285714285714,2.8714285714285714,6.52911743363319e-09,6.52911743363319e-09,15018.124913307678,18021.749895969213,5.774622546851128e-07,2.5665622354514276e-07,2.5665622354514276e-07,3.6229098013914326e-13,True,True,instantaneous_BD_slow_variation,RUN01_KERNEL_PASS_NOT_FINAL_A2_CLOSURE
isosceles_q1.5_K3.3750,isosceles,3.375,4.339285714285714,2.892857142857143,2.892857142857143,-5.4118846076428796e-09,5.4118846076428796e-09,-12083.543775065084,14500.2525300781,5.861130833929527e-07,2.6050103630418254e-07,2.6050103630418254e-07,3.7322692114616094e-13,True,True,instantaneous_BD_slow_variation,RUN01_KERNEL_PASS_NOT_FINAL_A2_CLOSURE
isosceles_q1.5_K3.4000,isosceles,3.4,4.371428571428571,2.914285714285714,2.914285714285714,1.8425176977786442e-09,1.8425176977786442e-09,3994.269191962237,4793.1230303546845,5.948282305298469e-07,2.643744350316912e-07,2.643744350316912e-07,3.844085966727836e-13,True,True,instantaneous_BD_slow_variation,RUN01_KERNEL_PASS_NOT_FINAL_A2_CLOSURE
isosceles_q1.5_K3.4250,isosceles,3.4250000000000003,4.4035714285714285,2.935714285714286,2.935714285714286,2.4022785381290686e-09,2.4022785381290686e-09,5057.347660771578,6068.817192925893,6.036076960957962e-07,2.6827641972766874e-07,2.6827641972766874e-07,3.9583966063919023e-13,True,True,instantaneous_BD_slow_variation,RUN01_KERNEL_PASS_NOT_FINAL_A2_CLOSURE
isosceles_q1.5_K3.4500,isosceles,3.45,4.435714285714287,2.9571428571428577,2.9571428571428577,-5.322755128446531e-09,5.322755128446531e-09,-10884.344275731302,13061.213130877562,6.124514800908002e-07,2.7220699039211486e-07,2.7220699039211486e-07,4.0752379393175884e-13,True,True,instantaneous_BD_slow_variation,RUN01_KERNEL_PASS_NOT_FINAL_A2_CLOSURE
isosceles_q1.5_K3.4750,isosceles,3.475,4.467857142857143,2.9785714285714286,2.9785714285714286,5.631970105110362e-09,5.631970105110362e-09,11188.80413932383,13426.564967188597,6.213595825148581e-07,2.7616614702502947e-07,2.7616614702502947e-07,4.1946470440306867e-13,True,True,instantaneous_BD_slow_variation,RUN01_KERNEL_PASS_NOT_FINAL_A2_CLOSURE
isosceles_q1.5_K3.5000,isosceles,3.5,4.5,3.0,3.0,-3.3152843980552528e-09,3.3152843980552528e-09,-6400.170933957101,7680.20512074852,6.303320033679707e-07,2.8015388962641295e-07,2.8015388962641295e-07,4.316661268719008e-13,True,True,instantaneous_BD_slow_variation,RUN01_KERNEL_PASS_NOT_FINAL_A2_CLOSURE
isosceles_q1.5_K3.5250,isosceles,3.525,4.532142857142857,3.0214285714285714,3.0214285714285714,-4.258941936398434e-10,4.258941936398434e-10,-799.1137080369124,958.9364496442948,6.393687426501381e-07,2.84170218196265e-07,2.84170218196265e-07,4.4413182312323553e-13,True,True,instantaneous_BD_slow_variation,RUN01_KERNEL_PASS_NOT_FINAL_A2_CLOSURE
isosceles_q1.5_K3.5500,isosceles,3.5500000000000003,4.564285714285715,3.042857142857143,3.042857142857143,3.789490661312905e-09,3.789490661312905e-09,6912.118157899612,8294.541789479534,6.484698003613603e-07,2.8821513273458603e-07,2.8821513273458603e-07,4.568655819082549e-13,True,True,instantaneous_BD_slow_variation,RUN01_KERNEL_PASS_NOT_FINAL_A2_CLOSURE
isosceles_q1.5_K3.5750,isosceles,3.575,4.5964285714285715,3.0642857142857145,3.0642857142857145,-5.235512464167799e-09,5.235512464167799e-09,-9285.36772964166,11142.441275569992,6.576351765016368e-07,2.922886332413757e-07,2.922886332413757e-07,4.6987121894434e-13,True,True,instantaneous_BD_slow_variation,RUN01_KERNEL_PASS_NOT_FINAL_A2_CLOSURE
isosceles_q1.5_K3.6000,isosceles,3.6,4.628571428571429,3.085714285714286,3.085714285714286,4.185655695828621e-09,4.185655695828621e-09,7219.347634367763,8663.217161241315,6.668648710709679e-07,2.9639071971663364e-07,2.9639071971663364e-07,4.831525769150726e-13,True,True,instantaneous_BD_slow_variation,RUN01_KERNEL_PASS_NOT_FINAL_A2_CLOSURE
isosceles_q1.5_K3.6250,isosceles,3.625,4.660714285714286,3.107142857142857,3.107142857142857,-1.2446158042087453e-09,1.2446158042087453e-09,-2088.084547040925,2505.7014564491096,6.761588840693531e-07,3.0052139216036077e-07,3.0052139216036077e-07,4.967135254702373e-13,True,True,instantaneous_BD_slow_variation,RUN01_KERNEL_PASS_NOT_FINAL_A2_CLOSURE
isosceles_q1.5_K3.6500,isosceles,3.6500000000000004,4.692857142857143,3.128571428571429,3.128571428571429,-2.136028944232506e-09,2.136028944232506e-09,-3486.4290744189575,4183.714889302749,6.855172154967935e-07,3.046806505725564e-07,3.046806505725564e-07,5.10557961225817e-13,True,True,instantaneous_BD_slow_variation,RUN01_KERNEL_PASS_NOT_FINAL_A2_CLOSURE
isosceles_q1.5_K3.6750,isosceles,3.6750000000000003,4.725,3.15,3.15,4.369415194214332e-09,4.369415194214332e-09,6939.679930184081,8327.615916220897,6.949398653532882e-07,3.088684949532206e-07,3.088684949532206e-07,5.246898077639955e-13,True,True,instantaneous_BD_slow_variation,RUN01_KERNEL_PASS_NOT_FINAL_A2_CLOSURE
isosceles_q1.5_K3.7000,isosceles,3.7,4.757142857142858,3.1714285714285717,3.1714285714285717,-4.473913543744975e-09,4.473913543744975e-09,-6915.546793236867,8298.65615188424,7.044268336388376e-07,3.130849253023537e-07,3.130849253023537e-07,5.391130156331584e-13,True,True,instantaneous_BD_slow_variation,RUN01_KERNEL_PASS_NOT_FINAL_A2_CLOSURE
isosceles_q1.5_K3.7250,isosceles,3.725,4.789285714285715,3.192857142857143,3.192857142857143,2.499100123089427e-09,2.499100123089427e-09,3760.3191610803774,4512.382993296453,7.139781203534414e-07,3.1732994161995564e-07,3.1732994161995564e-07,5.538315623478909e-13,True,True,instantaneous_BD_slow_variation,RUN01_KERNEL_PASS_NOT_FINAL_A2_CLOSURE
isosceles_q1.5_K3.7500,isosceles,3.75,4.821428571428571,3.2142857142857144,3.2142857142857144,5.448992978767503e-10,5.448992978767503e-10,798.2476669769645,957.8972003723574,7.235937254970997e-07,3.2160354390602584e-07,3.2160354390602584e-07,5.688494523889777e-13,True,True,instantaneous_BD_slow_variation,RUN01_KERNEL_PASS_NOT_FINAL_A2_CLOSURE
isosceles_q1.5_K3.7750,isosceles,3.7750000000000004,4.8535714285714295,3.235714285714286,3.235714285714286,-3.198963902255515e-09,3.198963902255515e-09,-4563.397605141115,5476.077126169337,7.332736490698127e-07,3.2590573216056517e-07,3.2590573216056517e-07,5.841707172034073e-13,True,True,instantaneous_BD_slow_variation,RUN01_KERNEL_PASS_NOT_FINAL_A2_CLOSURE
isosceles_q1.5_K3.8000,isosceles,3.8000000000000003,4.885714285714286,3.257142857142857,3.257142857142857,4.250699293873919e-09,4.250699293873919e-09,5905.723349787982,7086.868019745579,7.430178910715808e-07,3.3023650638357294e-07,3.3023650638357294e-07,5.997994152043656e-13,True,True,instantaneous_BD_slow_variation,RUN01_KERNEL_PASS_NOT_FINAL_A2_CLOSURE
isosceles_q1.5_K3.8250,isosceles,3.825,4.917857142857144,3.278571428571429,3.278571428571429,-3.284368373101977e-09,3.284368373101977e-09,-4445.01783388289,5334.021400659468,7.528264515024029e-07,3.345958665750496e-07,3.345958665750496e-07,6.157396317712405e-13,True,True,instantaneous_BD_slow_variation,RUN01_KERNEL_PASS_NOT_FINAL_A2_CLOSURE
isosceles_q1.5_K3.8500,isosceles,3.85,4.95,3.3000000000000003,3.3000000000000003,8.374924059589741e-10,8.374924059589741e-10,1104.2964090942353,1325.1556909130823,7.626993303622797e-07,3.389838127349946e-07,3.389838127349946e-07,6.319954792496195e-13,True,True,instantaneous_BD_slow_variation,RUN01_KERNEL_PASS_NOT_FINAL_A2_CLOSURE
isosceles_q1.5_K4.0000,isosceles,4.0,5.142857142857142,3.4285714285714284,3.4285714285714284,2.718282028463837e-09,2.718282028463837e-09,3076.1245076143514,3691.3494091372218,8.232872905316858e-07,3.659117950325086e-07,3.659117950325086e-07,7.363925023557118e-13,True,True,instantaneous_BD_slow_variation,RUN01_KERNEL_PASS_NOT_FINAL_A2_CLOSURE
isosceles_q1.5_K4.2500,isosceles,4.25,5.464285714285714,3.642857142857143,3.642857142857143,2.8933856170177583e-09,2.8933856170177583e-09,2569.226227201154,3083.0714726413844,9.294126984717303e-07,4.1307864300586125e-07,4.1307864300586125e-07,9.384750378617999e-13,True,True,instantaneous_BD_slow_variation,RUN01_KERNEL_PASS_NOT_FINAL_A2_CLOSURE
isosceles_q1.5_K4.5000,isosceles,4.5,5.785714285714286,3.857142857142857,3.857142857142857,1.7006884077675245e-09,1.7006884077675245e-09,1201.5129216442356,1441.8155059730825,1.0419699493172307e-06,4.6310408782608367e-07,4.6310408782608367e-07,1.1795464820027224e-12,True,True,instantaneous_BD_slow_variation,RUN01_KERNEL_PASS_NOT_FINAL_A2_CLOSURE
isosceles_q1.5_K4.7500,isosceles,4.75,6.107142857142857,4.071428571428571,4.071428571428571,1.180102144925546e-10,1.180102144925546e-10,67.15844066909494,80.59012880291392,1.1609590430681882e-06,5.159881294931763e-07,5.159881294931763e-07,1.4643259198797516e-12,True,True,instantaneous_BD_slow_variation,RUN01_KERNEL_PASS_NOT_FINAL_A2_CLOSURE
isosceles_q1.5_K5.0000,isosceles,5.0,6.428571428571429,4.285714285714286,4.285714285714286,-1.0385828627608564e-09,1.0385828627608564e-09,-481.41323210234685,577.6958785228162,1.2863799797246036e-06,5.717307680071386e-07,5.717307680071386e-07,1.7978020985999424e-12,True,True,instantaneous_BD_slow_variation,RUN01_KERNEL_PASS_NOT_FINAL_A2_CLOSURE
isosceles_q1.5_K5.2500,isosceles,5.25,6.75,4.5,4.5,-1.390411490002868e-09,1.390411490002868e-09,-530.2299640882437,636.2759569058925,1.4182327592864762e-06,6.303320033679707e-07,6.303320033679707e-07,2.1852334272761384e-12,True,True,instantaneous_BD_slow_variation,RUN01_KERNEL_PASS_NOT_FINAL_A2_CLOSURE
isosceles_q1.5_K5.5000,isosceles,5.5,7.071428571428571,4.714285714285714,4.714285714285714,-1.0148038080711915e-09,1.0148038080711915e-09,-321.28506734432017,385.5420808131842,1.5565173817538058e-06,6.917918355756728e-07,6.917918355756728e-07,2.63214797702697e-12,True,True,instantaneous_BD_slow_variation,RUN01_KERNEL_PASS_NOT_FINAL_A2_CLOSURE
isosceles_q1.5_K5.7500,isosceles,5.75,7.392857142857143,4.928571428571429,4.928571428571429,-2.7867495970200425e-10,2.7867495970200425e-10,-73.85615931910117,88.6273911829214,1.7012338471265929e-06,7.561102646302444e-07,7.561102646302444e-07,3.144343480976852e-12,True,True,instantaneous_BD_slow_variation,RUN01_KERNEL_PASS_NOT_FINAL_A2_CLOSURE
isosceles_q1.5_K6.0000,isosceles,6.0,7.714285714285715,5.142857142857143,5.142857142857143,3.9582489960202314e-10,3.9582489960202314e-10,88.48284656315079,106.17941587578093,1.8523821554048358e-06,8.232872905316864e-07,8.232872905316864e-07,3.72788733425599e-12,True,True,instantaneous_BD_slow_variation,RUN01_KERNEL_PASS_NOT_FINAL_A2_CLOSURE
isosceles_q1.8_K0.1000,isosceles,0.1,0.14210526315789476,0.07894736842105264,0.07894736842105264,0.254479800903168,0.254479800903168,6.95082501566913e+17,8.340990018802956e+17,6.399731974450774e-10,2.0540312831427976e-10,2.0540312831427976e-10,3.0509543870631472e-19,True,True,instantaneous_BD_slow_variation,RUN01_KERNEL_PASS_NOT_FINAL_A2_CLOSURE
isosceles_q1.8_K0.2000,isosceles,0.2,0.2842105263157895,0.15789473684210528,0.15789473684210528,-0.004611961771741282,0.004611961771741282,-835940769242516.0,1003128923091019.1,2.5256968902805036e-09,7.874166137573119e-10,7.874166137573119e-10,4.597576309065126e-18,True,True,instantaneous_BD_slow_variation,RUN01_KERNEL_PASS_NOT_FINAL_A2_CLOSURE
isosceles_q1.8_K0.3000,isosceles,0.30000000000000004,0.4263157894736843,0.23684210526315794,0.23684210526315794,0.0004456106285701244,0.0004456106285701244,16136245365133.309,19363494438159.97,5.668569711672879e-09,1.7574390894957008e-09,1.7574390894957008e-09,2.3012924138938058e-17,True,True,instantaneous_BD_slow_variation,RUN01_KERNEL_PASS_NOT_FINAL_A2_CLOSURE
isosceles_q1.8_K0.4000,isosceles,0.4,0.568421052631579,0.31578947368421056,0.31578947368421056,-8.784941674185301e-05,8.784941674185301e-05,-1010558497382.0366,1212670196858.4438,1.0068591661622209e-08,3.1154705555294426e-09,3.1154705555294426e-09,7.244295849723745e-17,True,True,instantaneous_BD_slow_variation,RUN01_KERNEL_PASS_NOT_FINAL_A2_CLOSURE
isosceles_q1.8_K0.5000,isosceles,0.5,0.7105263157894737,0.39473684210526316,0.39473684210526316,2.553376129915524e-05,2.553376129915524e-05,120531263208.80583,144637515850.567,1.5725762740128477e-08,4.861511011858539e-09,4.861511011858539e-09,1.7653622678044042e-16,True,True,instantaneous_BD_slow_variation,RUN01_KERNEL_PASS_NOT_FINAL_A2_CLOSURE
isosceles_q1.8_K0.6000,isosceles,0.6,0.8526315789473684,0.47368421052631576,0.47368421052631576,-9.36974021900517e-06,9.36974021900517e-06,-21351270062.25585,25621524074.70702,2.2640082947191704e-08,6.995560458482993e-09,6.995560458482993e-09,3.656980042125895e-16,True,True,instantaneous_BD_slow_variation,RUN01_KERNEL_PASS_NOT_FINAL_A2_CLOSURE
isosceles_q1.8_K0.7000,isosceles,0.7000000000000001,0.9947368421052633,0.5526315789473685,0.5526315789473685,3.961295263222888e-06,3.961295263222888e-06,4875390204.269179,5850468245.123014,3.081155228281188e-08,9.517618895402797e-09,9.517618895402797e-09,6.770902938452914e-16,True,True,instantaneous_BD_slow_variation,RUN01_KERNEL_PASS_NOT_FINAL_A2_CLOSURE
isosceles_q1.8_K0.8000,isosceles,0.8,1.136842105263158,0.6315789473684211,0.6315789473684211,-1.8080559715417696e-06,1.8080559715417696e-06,-1304929653.7321992,1565915584.478639,4.024017074698903e-08,1.2427686322617962e-08,1.2427686322617962e-08,1.1546318265577195e-15,True,True,instantaneous_BD_slow_variation,RUN01_KERNEL_PASS_NOT_FINAL_A2_CLOSURE
isosceles_q1.8_K0.9000,isosceles,0.9,1.2789473684210528,0.7105263157894738,0.7105263157894738,8.399107878100956e-07,8.399107878100956e-07,378543207.39981765,454251848.8797812,5.092593833972311e-08,1.5725762740128484e-08,1.5725762740128484e-08,1.84899806105661e-15,True,True,instantaneous_BD_slow_variation,RUN01_KERNEL_PASS_NOT_FINAL_A2_CLOSURE
isosceles_q1.8_K1.0000,isosceles,1.0,1.4210526315789473,0.7894736842105263,0.7894736842105263,-3.6690378847763205e-07,3.6690378847763205e-07,-108514643.06641182,130217571.67969418,6.28688550610141e-08,1.941184814793436e-08,1.941184814793436e-08,2.817621183876263e-15,True,True,instantaneous_BD_slow_variation,RUN01_KERNEL_PASS_NOT_FINAL_A2_CLOSURE
isosceles_q1.8_K1.2500,isosceles,1.25,1.7763157894736843,0.986842105263158,0.986842105263158,-3.070243709971396e-07,3.070243709971396e-07,-37204682.24469044,44645618.69362853,9.822617430167837e-08,3.0324600999991216e-08,3.0324600999991216e-08,6.8769205127166425e-15,True,True,instantaneous_BD_slow_variation,RUN01_KERNEL_PASS_NOT_FINAL_A2_CLOSURE
isosceles_q1.8_K1.5000,isosceles,1.5,2.1315789473684212,1.1842105263157896,1.1842105263157896,-1.0165184637011975e-07,1.0165184637011975e-07,-5941347.177404057,7129616.612884869,1.4144067559582356e-07,4.366241004139405e-08,4.366241004139405e-08,1.425768759941612e-14,True,True,instantaneous_BD_slow_variation,RUN01_KERNEL_PASS_NOT_FINAL_A2_CLOSURE
isosceles_q1.8_K1.7500,isosceles,1.75,2.486842105263158,1.381578947368421,1.381578947368421,7.519562321346797e-09,7.519562321346797e-09,237256.00373629094,284707.2044835491,1.9251235894344962e-07,5.9425275272142854e-08,5.9425275272142854e-08,2.6411563188178087e-14,True,True,instantaneous_BD_slow_variation,RUN01_KERNEL_PASS_NOT_FINAL_A2_CLOSURE
isosceles_q1.8_K2.0000,isosceles,2.0,2.8421052631578947,1.5789473684210527,1.5789473684210527,3.7597466706663956e-08,3.7597466706663956e-08,695412.9916459869,834495.5899751843,2.5144122434455657e-07,7.761319669223763e-08,7.761319669223763e-08,4.50541227039702e-14,True,True,instantaneous_BD_slow_variation,RUN01_KERNEL_PASS_NOT_FINAL_A2_CLOSURE
isosceles_q1.8_K2.2500,isosceles,2.25,3.197368421052632,1.7763157894736843,1.7763157894736843,2.939540190963152e-08,2.939540190963152e-08,339447.24262129335,407336.691145552,3.1822727179914463e-07,9.822617430167837e-08,9.822617430167837e-08,7.216487625252442e-14,True,True,instantaneous_BD_slow_variation,RUN01_KERNEL_PASS_NOT_FINAL_A2_CLOSURE
isosceles_q1.8_K2.5000,isosceles,2.5,3.5526315789473686,1.973684210526316,1.973684210526316,1.1240871452056522e-08,1.1240871452056522e-08,85167.97438664391,102201.56926397269,3.9287050130721357e-07,1.2126420810046502e-07,1.2126420810046502e-07,1.0998726862033681e-13,True,True,instantaneous_BD_slow_variation,RUN01_KERNEL_PASS_NOT_FINAL_A2_CLOSURE
isosceles_q1.8_K2.7500,isosceles,2.75,3.9078947368421053,2.1710526315789473,2.1710526315789473,-2.7916732264160517e-09,2.7916732264160517e-09,-14447.080891588015,17336.497069905618,4.7537091286876323e-07,1.4672729808859772e-07,1.4672729808859772e-07,1.610286792746679e-13,True,True,instantaneous_BD_slow_variation,RUN01_KERNEL_PASS_NOT_FINAL_A2_CLOSURE
isosceles_q1.8_K3.0000,isosceles,3.0,4.2631578947368425,2.368421052631579,2.368421052631579,-8.655946897076366e-09,8.655946897076366e-09,-31628.8508376019,37954.62100512228,5.657285064837941e-07,1.746154442660764e-07,1.746154442660764e-07,2.280604223635424e-13,True,True,instantaneous_BD_slow_variation,RUN01_KERNEL_PASS_NOT_FINAL_A2_CLOSURE
isosceles_q1.8_K3.2500,isosceles,3.25,4.618421052631579,2.56578947368421,2.56578947368421,-7.81512807577392e-09,7.81512807577392e-09,-20733.01110142299,24879.613321707588,6.639432821523062e-07,2.0492864663290086e-07,2.0492864663290086e-07,3.1411774671574904e-13,True,True,instantaneous_BD_slow_variation,RUN01_KERNEL_PASS_NOT_FINAL_A2_CLOSURE
isosceles_q1.8_K3.3500,isosceles,3.35,4.760526315789474,2.6447368421052633,2.6447368421052633,7.01789299316794e-09,7.01789299316794e-09,16492.603898076246,19791.124677691492,7.054292033946854e-07,2.1773294331264766e-07,2.1773294331264766e-07,3.545979881112311e-13,True,True,instantaneous_BD_slow_variation,RUN01_KERNEL_PASS_NOT_FINAL_A2_CLOSURE
isosceles_q1.8_K3.3750,isosceles,3.375,4.796052631578948,2.6644736842105265,2.6644736842105265,-5.950898704834876e-09,5.950898704834876e-09,-13575.30620228041,16290.367442736491,7.159971132566172e-07,2.2099464388731808e-07,2.2099464388731808e-07,3.653016867638703e-13,True,True,instantaneous_BD_slow_variation,RUN01_KERNEL_PASS_NOT_FINAL_A2_CLOSURE
isosceles_q1.8_K3.4000,isosceles,3.4,4.8315789473684205,2.684210526315789,2.684210526315789,2.1790504659399577e-09,2.1790504659399577e-09,4826.299458683148,5791.559350419778,7.266435949390833e-07,2.242805950238818e-07,2.242805950238818e-07,3.762459009907268e-13,True,True,instantaneous_BD_slow_variation,RUN01_KERNEL_PASS_NOT_FINAL_A2_CLOSURE
isosceles_q1.8_K3.4250,isosceles,3.4250000000000003,4.867105263157895,2.7039473684210527,2.7039473684210527,2.4131746935842615e-09,2.4131746935842615e-09,5190.504282876232,6228.605139451478,7.373686484420855e-07,2.2759079672233894e-07,2.2759079672233894e-07,3.8743420710672597e-13,True,True,instantaneous_BD_slow_variation,RUN01_KERNEL_PASS_NOT_FINAL_A2_CLOSURE
isosceles_q1.8_K3.4500,isosceles,3.45,4.90263157894737,2.7236842105263164,2.7236842105263164,-5.657116041032742e-09,5.657116041032742e-09,-11819.041069248357,14182.849283098027,7.481722737656222e-07,2.3092524898268994e-07,2.3092524898268994e-07,3.988702078202605e-13,True,True,instantaneous_BD_slow_variation,RUN01_KERNEL_PASS_NOT_FINAL_A2_CLOSURE
isosceles_q1.8_K3.4750,isosceles,3.475,4.938157894736842,2.743421052631579,2.743421052631579,6.117258286874811e-09,6.117258286874811e-09,12416.567323302546,14899.880787963055,7.590544709096928e-07,2.3428395180493386e-07,2.3428395180493386e-07,4.105575322331887e-13,True,True,instantaneous_BD_slow_variation,RUN01_KERNEL_PASS_NOT_FINAL_A2_CLOSURE
isosceles_q1.8_K3.5000,isosceles,3.5,4.973684210526316,2.763157894736842,2.763157894736842,-3.718328217290605e-09,3.718328217290605e-09,-7333.983554278679,8800.780265134414,7.700152398742987e-07,2.376669051890715e-07,2.376669051890715e-07,4.2249983584084126e-13,True,True,instantaneous_BD_slow_variation,RUN01_KERNEL_PASS_NOT_FINAL_A2_CLOSURE
isosceles_q1.8_K3.5250,isosceles,3.525,5.00921052631579,2.7828947368421053,2.7828947368421053,-2.876817824284458e-10,2.876817824284458e-10,-551.493851396107,661.7926216753283,7.810545806594391e-07,2.4107410913510276e-07,2.4107410913510276e-07,4.3470080053201447e-13,True,True,instantaneous_BD_slow_variation,RUN01_KERNEL_PASS_NOT_FINAL_A2_CLOSURE
isosceles_q1.8_K3.5500,isosceles,3.5500000000000003,5.044736842105263,2.8026315789473686,2.8026315789473686,3.966271011518006e-09,3.966271011518006e-09,7391.527153602762,8869.832584323314,7.921724932651147e-07,2.445055636430273e-07,2.445055636430273e-07,4.471641345889727e-13,True,True,instantaneous_BD_slow_variation,RUN01_KERNEL_PASS_NOT_FINAL_A2_CLOSURE
isosceles_q1.8_K3.5750,isosceles,3.575,5.080263157894738,2.822368421052632,2.822368421052632,-5.628808171816441e-09,5.628808171816441e-09,-10199.47604203974,12239.371250447688,8.033689776913255e-07,2.479612687128454e-07,2.479612687128454e-07,4.598935726874493e-13,True,True,instantaneous_BD_slow_variation,RUN01_KERNEL_PASS_NOT_FINAL_A2_CLOSURE
isosceles_q1.8_K3.6000,isosceles,3.6,5.115789473684211,2.842105263157895,2.842105263157895,4.601767942822413e-09,4.601767942822413e-09,8109.250137777121,9731.100165332546,8.146440339380705e-07,2.5144122434455667e-07,2.5144122434455667e-07,4.728928758966438e-13,True,True,instantaneous_BD_slow_variation,RUN01_KERNEL_PASS_NOT_FINAL_A2_CLOSURE
isosceles_q1.8_K3.6250,isosceles,3.625,5.151315789473684,2.861842105263158,2.861842105263158,-1.4893016074828184e-09,1.4893016074828184e-09,-2552.801106189668,3063.3613274276017,8.259976620053501e-07,2.5494543053816157e-07,2.5494543053816157e-07,4.861658316792262e-13,True,True,instantaneous_BD_slow_variation,RUN01_KERNEL_PASS_NOT_FINAL_A2_CLOSURE
isosceles_q1.8_K3.6500,isosceles,3.6500000000000004,5.1868421052631595,2.8815789473684217,2.8815789473684217,-2.167555213627385e-09,2.167555213627385e-09,-3614.6433046561297,4337.571965587355,8.374298618931651e-07,2.584738872936601e-07,2.584738872936601e-07,4.997162538913343e-13,True,True,instantaneous_BD_slow_variation,RUN01_KERNEL_PASS_NOT_FINAL_A2_CLOSURE
isosceles_q1.8_K3.6750,isosceles,3.6750000000000003,5.222368421052632,2.9013157894736845,2.9013157894736845,4.648531385666509e-09,4.648531385666509e-09,7543.163023896427,9051.795628675713,8.489406336015147e-07,2.620265946110517e-07,2.620265946110517e-07,5.135479827825713e-13,True,True,instantaneous_BD_slow_variation,RUN01_KERNEL_PASS_NOT_FINAL_A2_CLOSURE
isosceles_q1.8_K3.7000,isosceles,3.7,5.257894736842106,2.921052631578948,2.921052631578948,-4.8586428287973676e-09,4.8586428287973676e-09,-7673.182618601581,9207.819142321898,8.605299771303999e-07,2.6560355249033707e-07,2.6560355249033707e-07,5.276648849960126e-13,True,True,instantaneous_BD_slow_variation,RUN01_KERNEL_PASS_NOT_FINAL_A2_CLOSURE
isosceles_q1.8_K3.7250,isosceles,3.725,5.29342105263158,2.940789473684211,2.940789473684211,2.8056197376981497e-09,2.8056197376981497e-09,4313.119646060522,5175.743575272627,8.721978924798189e-07,2.692047609315159e-07,2.692047609315159e-07,5.42070853568198e-13,True,True,instantaneous_BD_slow_variation,RUN01_KERNEL_PASS_NOT_FINAL_A2_CLOSURE
isosceles_q1.8_K3.7500,isosceles,3.75,5.328947368421053,2.960526315789474,2.960526315789474,4.549827642048175e-10,4.549827642048175e-10,680.9857469000391,817.1828962800469,8.839443796497724e-07,2.7283021993458824e-07,2.7283021993458824e-07,5.567698079291369e-13,True,True,instantaneous_BD_slow_variation,RUN01_KERNEL_PASS_NOT_FINAL_A2_CLOSURE
isosceles_q1.8_K3.7750,isosceles,3.7750000000000004,5.364473684210527,2.980263157894737,2.980263157894737,-3.3567425606286944e-09,3.3567425606286944e-09,-4892.363247782631,5870.835897339157,8.957694386402607e-07,2.7647992949955383e-07,2.7647992949955383e-07,5.717656939023067e-13,True,True,instantaneous_BD_slow_variation,RUN01_KERNEL_PASS_NOT_FINAL_A2_CLOSURE
isosceles_q1.8_K3.8000,isosceles,3.8000000000000003,5.400000000000001,3.0000000000000004,3.0000000000000004,4.570853060752783e-09,4.570853060752783e-09,6488.311420033239,7785.973704039887,9.076730694512851e-07,2.801538896264131e-07,2.801538896264131e-07,5.870624837046544e-13,True,True,instantaneous_BD_slow_variation,RUN01_KERNEL_PASS_NOT_FINAL_A2_CLOSURE
isosceles_q1.8_K3.8250,isosceles,3.825,5.435526315789475,3.0197368421052637,3.0197368421052637,-3.6104149629031466e-09,3.6104149629031466e-09,-4992.297959351836,5990.757551222203,9.196552720828434e-07,2.8385210031516554e-07,2.8385210031516554e-07,6.02664175946591e-13,True,True,instantaneous_BD_slow_variation,RUN01_KERNEL_PASS_NOT_FINAL_A2_CLOSURE
isosceles_q1.8_K3.8500,isosceles,3.85,5.471052631578948,3.0394736842105265,3.0394736842105265,1.0177823512198622e-09,1.0177823512198622e-09,1371.138891107461,1645.366669328953,9.317160465349367e-07,2.875745615658116e-07,2.875745615658116e-07,6.185747956320003e-13,True,True,instantaneous_BD_slow_variation,RUN01_KERNEL_PASS_NOT_FINAL_A2_CLOSURE
isosceles_q1.8_K4.0000,isosceles,4.0,5.684210526315789,3.1578947368421053,3.1578947368421053,2.8582652637956298e-09,2.8582652637956298e-09,3304.7133337379723,3965.6560004855664,1.0057307014787268e-06,3.104185908694508e-07,3.104185908694508e-07,7.207547158517167e-13,True,True,instantaneous_BD_slow_variation,RUN01_KERNEL_PASS_NOT_FINAL_A2_CLOSURE
isosceles_q1.8_K4.2500,isosceles,4.25,6.039473684210527,3.3552631578947367,3.3552631578947367,3.1121299823588176e-09,3.1121299823588176e-09,2823.4219413321334,3388.10632959856,1.135374205361163e-06,3.5043201799365923e-07,3.5043201799365923e-07,9.185455471604277e-13,True,True,instantaneous_BD_slow_variation,RUN01_KERNEL_PASS_NOT_FINAL_A2_CLOSURE
isosceles_q1.8_K4.5000,isosceles,4.5,6.394736842105264,3.5526315789473686,3.5526315789473686,1.8693207528590316e-09,1.8693207528590316e-09,1349.3036289281008,1619.164354713721,1.2728748912970794e-06,3.9287050130721357e-07,3.9287050130721357e-07,1.1544972240878783e-12,True,True,instantaneous_BD_slow_variation,RUN01_KERNEL_PASS_NOT_FINAL_A2_CLOSURE
isosceles_q1.8_K4.7500,isosceles,4.75,6.75,3.75,3.75,1.7577714698159185e-10,1.7577714698159185e-10,102.20348341878753,122.64418010254502,1.4182327592864762e-06,4.377340408101139e-07,4.377340408101139e-07,1.4332286035474442e-12,True,True,instantaneous_BD_slow_variation,RUN01_KERNEL_PASS_NOT_FINAL_A2_CLOSURE
isosceles_q1.8_K5.0000,isosceles,5.0,7.105263157894737,3.947368421052632,3.947368421052632,-1.082694269016556e-09,1.082694269016556e-09,-512.7493174844979,615.2991809813974,1.5714478093293546e-06,4.850226365023605e-07,4.850226365023605e-07,1.7596224771332654e-12,True,True,instantaneous_BD_slow_variation,RUN01_KERNEL_PASS_NOT_FINAL_A2_CLOSURE
isosceles_q1.8_K5.2500,isosceles,5.25,7.460526315789475,4.144736842105264,4.144736842105264,-1.4849112171801322e-09,1.4849112171801322e-09,-578.553964860564,694.2647578326768,1.7325200414257138e-06,5.34736288383953e-07,5.34736288383953e-07,2.1388255711202434e-12,True,True,instantaneous_BD_slow_variation,RUN01_KERNEL_PASS_NOT_FINAL_A2_CLOSURE
isosceles_q1.8_K5.5000,isosceles,5.5,7.815789473684211,4.342105263157895,4.342105263157895,-1.101402611647474e-09,1.101402611647474e-09,-356.26823000675813,427.52187600810976,1.9014494555755534e-06,5.868749964548912e-07,5.868749964548912e-07,2.5762485464640436e-12,True,True,instantaneous_BD_slow_variation,RUN01_KERNEL_PASS_NOT_FINAL_A2_CLOSURE
isosceles_q1.8_K5.7500,isosceles,5.75,8.171052631578947,4.539473684210526,4.539473684210526,-3.1962020899385037e-10,3.1962020899385037e-10,-86.54572290742152,103.85486748890582,2.078236051778875e-06,6.414387607151751e-07,6.414387607151751e-07,3.0775659988011e-12,True,True,instantaneous_BD_slow_variation,RUN01_KERNEL_PASS_NOT_FINAL_A2_CLOSURE
isosceles_q1.8_K6.0000,isosceles,6.0,8.526315789473685,4.736842105263158,4.736842105263158,4.072035784963636e-10,4.072035784963636e-10,93.00155802128776,111.60186962554532,2.262879830035678e-06,6.984275811648059e-07,6.984275811648059e-07,3.648716458448613e-12,True,True,instantaneous_BD_slow_variation,RUN01_KERNEL_PASS_NOT_FINAL_A2_CLOSURE
isosceles_q1.95_K0.1000,isosceles,0.1,0.14810126582278482,0.0759493670886076,0.0759493670886076,0.27228372326259576,0.27228372326259576,7.524565393147528e+17,9.029478471777033e+17,6.941365418362508e-10,1.909483790363322e-10,1.909483790363322e-10,3.0154977844363735e-19,True,True,instantaneous_BD_slow_variation,RUN01_KERNEL_PASS_NOT_FINAL_A2_CLOSURE
isosceles_q1.95_K0.2000,isosceles,0.2,0.29620253164556964,0.1518987341772152,0.1518987341772152,-0.004960666866514374,0.004960666866514374,-911765854938456.4,1094119025926147.6,2.7423502678451977e-09,7.295976166455227e-10,7.295976166455227e-10,4.533937121068961e-18,True,True,instantaneous_BD_slow_variation,RUN01_KERNEL_PASS_NOT_FINAL_A2_CLOSURE
isosceles_q1.95_K0.3000,isosceles,0.30000000000000004,0.44430379746835447,0.2278481012658228,0.2278481012658228,0.00048027337658654626,0.00048027337658654626,17643404206965.332,21172085048358.4,6.156039811193442e-09,1.6273463459941734e-09,1.6273463459941734e-09,2.2684273914901207e-17,True,True,instantaneous_BD_slow_variation,RUN01_KERNEL_PASS_NOT_FINAL_A2_CLOSURE
isosceles_q1.95_K0.4000,isosceles,0.4,0.5924050632911393,0.3037974683544304,0.3037974683544304,-9.475831852342499e-05,9.475831852342499e-05,-1106001066719.6294,1327201280063.5552,1.0935205171880982e-08,2.884194567082282e-09,2.884194567082282e-09,7.139709699412536e-17,True,True,instantaneous_BD_slow_variation,RUN01_KERNEL_PASS_NOT_FINAL_A2_CLOSURE
isosceles_q1.95_K0.5000,isosceles,0.5,0.740506329113924,0.37974683544303794,0.37974683544303794,2.752144700868321e-05,2.752144700868321e-05,131826820437.81721,158192184525.38065,1.7079846349907817e-08,4.500142279909851e-09,4.500142279909851e-09,1.7397475792660047e-16,True,True,instantaneous_BD_slow_variation,RUN01_KERNEL_PASS_NOT_FINAL_A2_CLOSURE
isosceles_q1.95_K0.6000,isosceles,0.6,0.8886075949367087,0.4556962025316455,0.4556962025316455,-1.00734079483694e-05,1.00734079483694e-05,-23293652952.611095,27952383543.133312,2.4589963345273935e-08,6.475189484476883e-09,6.475189484476883e-09,3.603774230138596e-16,True,True,instantaneous_BD_slow_variation,RUN01_KERNEL_PASS_NOT_FINAL_A2_CLOSURE
isosceles_q1.95_K0.7000,isosceles,0.7000000000000001,1.0367088607594936,0.5316455696202531,0.5316455696202531,4.239421986934465e-06,4.239421986934465e-06,5294858342.28238,6353830010.738856,3.346555615797938e-08,8.80933618078337e-09,8.80933618078337e-09,6.672230732911098e-16,True,True,instantaneous_BD_slow_variation,RUN01_KERNEL_PASS_NOT_FINAL_A2_CLOSURE
isosceles_q1.95_K0.8000,isosceles,0.8,1.1848101265822786,0.6075949367088608,0.6075949367088608,-1.9215842941250224e-06,1.9215842941250224e-06,-1407398339.9646819,1688878007.9576182,4.370662478802411e-08,1.1502582368829323e-08,1.1502582368829323e-08,1.1377875045272329e-15,True,True,instantaneous_BD_slow_variation,RUN01_KERNEL_PASS_NOT_FINAL_A2_CLOSURE
isosceles_q1.95_K0.9000,isosceles,0.9,1.3329113924050633,0.6835443037974683,0.6835443037974683,8.832569879084715e-07,8.832569879084715e-07,403976806.7098116,484772168.0517739,5.531316923540814e-08,1.4554928048614732e-08,1.4554928048614732e-08,1.8220043272247826e-15,True,True,instantaneous_BD_slow_variation,RUN01_KERNEL_PASS_NOT_FINAL_A2_CLOSURE
isosceles_q1.95_K1.0000,isosceles,1.0,1.481012658227848,0.7594936708860759,0.7594936708860759,-3.787603046097293e-07,3.787603046097293e-07,-113681818.77656482,136418182.5318778,6.82851895001314e-08,1.7966373220139598e-08,1.7966373220139598e-08,2.7764649666199863e-15,True,True,instantaneous_BD_slow_variation,RUN01_KERNEL_PASS_NOT_FINAL_A2_CLOSURE
isosceles_q1.95_K1.2500,isosceles,1.25,1.85126582278481,0.9493670886075949,0.9493670886075949,-3.263506561266403e-07,3.263506561266403e-07,-40133292.99725837,48159951.59671005,1.0668919686279915e-07,2.8066046425311925e-08,2.8066046425311925e-08,6.7763908664088925e-15,True,True,instantaneous_BD_slow_variation,RUN01_KERNEL_PASS_NOT_FINAL_A2_CLOSURE
isosceles_q1.95_K1.5000,isosceles,1.5,2.221518987341772,1.1392405063291138,1.1392405063291138,-1.102265929041397e-07,1.102265929041397e-07,-6538142.741635354,7845771.289962425,1.5362742808383752e-07,4.041009145385585e-08,4.041009145385585e-08,1.4049172328686068e-14,True,True,instantaneous_BD_slow_variation,RUN01_KERNEL_PASS_NOT_FINAL_A2_CLOSURE
isosceles_q1.95_K1.7500,isosceles,1.75,2.5917721518987342,1.3291139240506329,1.3291139240506329,6.147748474474146e-09,6.147748474474146e-09,196852.43067492326,236222.9168099079,2.0909988316324645e-07,5.4998508305771427e-08,5.4998508305771427e-08,2.6025199237639296e-14,True,True,instantaneous_BD_slow_variation,RUN01_KERNEL_PASS_NOT_FINAL_A2_CLOSURE
isosceles_q1.95_K2.0000,isosceles,2.0,2.962025316455696,1.5189873417721518,1.5189873417721518,3.898820795736952e-08,3.898820795736952e-08,731844.1895648326,878213.0274777991,2.731065621010259e-07,7.183129698105862e-08,7.183129698105862e-08,4.4394932365490474e-14,True,True,instantaneous_BD_slow_variation,RUN01_KERNEL_PASS_NOT_FINAL_A2_CLOSURE
isosceles_q1.95_K2.2500,isosceles,2.25,3.3322784810126582,1.7088607594936709,1.7088607594936709,3.1010461475448854e-08,3.1010461475448854e-08,363415.1281193316,436098.1537431979,3.456474648971761e-07,9.090845747971747e-08,9.090845747971747e-08,7.110890337249574e-14,True,True,instantaneous_BD_slow_variation,RUN01_KERNEL_PASS_NOT_FINAL_A2_CLOSURE
isosceles_q1.95_K2.5000,isosceles,2.5,3.70253164556962,1.8987341772151898,1.8987341772151898,1.2139675350244046e-08,1.2139675350244046e-08,93343.87741265686,112012.65289518824,4.267225915516968e-07,1.1222998980174785e-07,1.1222998980174785e-07,1.0837771480694511e-13,True,True,instantaneous_BD_slow_variation,RUN01_KERNEL_PASS_NOT_FINAL_A2_CLOSURE
isosceles_q1.95_K2.7500,isosceles,2.75,4.072784810126582,2.088607594936709,2.088607594936709,-2.6437298525446283e-09,2.6437298525446283e-09,-13884.665559185485,16661.59867102258,5.163319420645881e-07,1.3579589394714995e-07,1.3579589394714995e-07,1.5867204010516317e-13,True,True,instantaneous_BD_slow_variation,RUN01_KERNEL_PASS_NOT_FINAL_A2_CLOSURE
isosceles_q1.95_K3.0000,isosceles,3.0,4.443037974683544,2.2784810126582276,2.2784810126582276,-8.937861010432776e-09,8.937861010432776e-09,-33144.048381319415,39772.8580575833,6.144755164358501e-07,1.6160616991592362e-07,1.6160616991592362e-07,2.2472262359150822e-13,True,True,instantaneous_BD_slow_variation,RUN01_KERNEL_PASS_NOT_FINAL_A2_CLOSURE
isosceles_q1.95_K3.2500,isosceles,3.25,4.813291139240506,2.4683544303797467,2.4683544303797467,-8.184717846560765e-09,8.184717846560765e-09,-22036.03006215251,26443.236074583012,7.211533146654827e-07,1.8966081770806898e-07,1.8966081770806898e-07,3.09520280478373e-13,True,True,instantaneous_BD_slow_variation,RUN01_KERNEL_PASS_NOT_FINAL_A2_CLOSURE
isosceles_q1.95_K3.3500,isosceles,3.35,4.961392405063291,2.5443037974683547,2.5443037974683547,7.3059897406145245e-09,7.3059897406145245e-09,17424.687083748795,20909.624500498554,7.662140166376796e-07,2.0151110093547126e-07,2.0151110093547126e-07,3.4940798388992236e-13,True,True,instantaneous_BD_slow_variation,RUN01_KERNEL_PASS_NOT_FINAL_A2_CLOSURE
isosceles_q1.95_K3.3750,isosceles,3.375,4.9984177215189876,2.5632911392405067,2.5632911392405067,-6.274369827846685e-09,6.274369827846685e-09,-14525.819783711911,17430.983740454292,7.776925477271883e-07,2.04529781037906e-07,2.04529781037906e-07,3.599550043343199e-13,True,True,instantaneous_BD_slow_variation,RUN01_KERNEL_PASS_NOT_FINAL_A2_CLOSURE
isosceles_q1.95_K3.4000,isosceles,3.4,5.035443037974683,2.582278481012658,2.582278481012658,2.385926985199859e-09,2.385926985199859e-09,5362.997642616534,6435.597171139841,7.892564210552804e-07,2.0757090485857438e-07,2.0757090485857438e-07,3.707390195115764e-13,True,True,instantaneous_BD_slow_variation,RUN01_KERNEL_PASS_NOT_FINAL_A2_CLOSURE
isosceles_q1.95_K3.4250,isosceles,3.4250000000000003,5.07246835443038,2.6012658227848102,2.6012658227848102,2.4124038546914368e-09,2.4124038546914368e-09,5265.920561996204,6319.104674395445,8.009056366219565e-07,2.1063447239747682e-07,2.1063447239747682e-07,3.817635533822256e-13,True,True,instantaneous_BD_slow_variation,RUN01_KERNEL_PASS_NOT_FINAL_A2_CLOSURE
isosceles_q1.95_K3.4500,isosceles,3.45,5.109493670886076,2.6202531645569622,2.6202531645569622,-5.851536308433763e-09,5.851536308433763e-09,-12406.82265727009,14888.187188724107,8.126401944272159e-07,2.1372048365461283e-07,2.1372048365461283e-07,3.93032155913888e-13,True,True,instantaneous_BD_slow_variation,RUN01_KERNEL_PASS_NOT_FINAL_A2_CLOSURE
isosceles_q1.95_K3.4750,isosceles,3.475,5.146518987341772,2.639240506329114,2.639240506329114,6.4061050384763045e-09,6.4061050384763045e-09,13196.000341952711,15835.200410343252,8.244600944710594e-07,2.1682893862998245e-07,2.1682893862998245e-07,4.0454840308127445e-13,True,True,instantaneous_BD_slow_variation,RUN01_KERNEL_PASS_NOT_FINAL_A2_CLOSURE
isosceles_q1.95_K3.5000,isosceles,3.5,5.1835443037974684,2.6582278481012658,2.6582278481012658,-3.96253739867785e-09,3.96253739867785e-09,-7931.752123219073,9518.102547862887,8.363653367534861e-07,2.199598373235858e-07,2.199598373235858e-07,4.163158968661841e-13,True,True,instantaneous_BD_slow_variation,RUN01_KERNEL_PASS_NOT_FINAL_A2_CLOSURE
isosceles_q1.95_K3.5250,isosceles,3.525,5.220569620253164,2.6772151898734173,2.6772151898734173,-1.99014360401391e-10,1.99014360401391e-10,-387.18301348769506,464.61961618523407,8.483559212744963e-07,2.2311317973542292e-07,2.2311317973542292e-07,4.283382652575051e-13,True,True,instantaneous_BD_slow_variation,RUN01_KERNEL_PASS_NOT_FINAL_A2_CLOSURE
isosceles_q1.95_K3.5500,isosceles,3.5500000000000003,5.257594936708861,2.6962025316455698,2.6962025316455698,4.066046249100517e-09,4.066046249100517e-09,7690.023867637824,9228.028641165389,8.604318480340913e-07,2.26288965865494e-07,2.26288965865494e-07,4.4061916225121555e-13,True,True,instantaneous_BD_slow_variation,RUN01_KERNEL_PASS_NOT_FINAL_A2_CLOSURE
isosceles_q1.95_K3.5750,isosceles,3.575,5.294620253164558,2.715189873417722,2.715189873417722,-5.860838856835031e-09,5.860838856835031e-09,-10777.667796270322,12933.201355524385,8.725931170322696e-07,2.2948719571379862e-07,2.2948719571379862e-07,4.5316226785037934e-13,True,True,instantaneous_BD_slow_variation,RUN01_KERNEL_PASS_NOT_FINAL_A2_CLOSURE
isosceles_q1.95_K3.6000,isosceles,3.6,5.331645569620253,2.7341772151898733,2.7341772151898733,4.851504738053732e-09,4.851504738053732e-09,8676.329891123047,10411.595869347655,8.848397282690312e-07,2.3270786928033672e-07,2.3270786928033672e-07,4.65971288065151e-13,True,True,instantaneous_BD_slow_variation,RUN01_KERNEL_PASS_NOT_FINAL_A2_CLOSURE
isosceles_q1.95_K3.6250,isosceles,3.625,5.368670886075949,2.7531645569620253,2.7531645569620253,-1.639947244182684e-09,1.639947244182684e-09,-2852.777021416072,3423.332425699286,8.971716817443767e-07,2.359509865651088e-07,2.359509865651088e-07,4.790499549127751e-13,True,True,instantaneous_BD_slow_variation,RUN01_KERNEL_PASS_NOT_FINAL_A2_CLOSURE
isosceles_q1.95_K3.6500,isosceles,3.6500000000000004,5.4056962025316455,2.7721518987341773,2.7721518987341773,-2.1808253509796118e-09,2.1808253509796118e-09,-3690.7940293658817,4428.952835239058,9.095889774583057e-07,2.3921654756811454e-07,2.3921654756811454e-07,4.92402026417583e-13,True,True,instantaneous_BD_slow_variation,RUN01_KERNEL_PASS_NOT_FINAL_A2_CLOSURE
isosceles_q1.95_K3.6750,isosceles,3.6750000000000003,5.442721518987342,2.7911392405063293,2.7911392405063293,4.811217215698039e-09,4.811217215698039e-09,7923.122118792027,9507.746542550432,9.220916154108188e-07,2.425045522893539e-07,2.425045522893539e-07,5.060312866109955e-13,True,True,instantaneous_BD_slow_variation,RUN01_KERNEL_PASS_NOT_FINAL_A2_CLOSURE
isosceles_q1.95_K3.7000,isosceles,3.7,5.479746835443039,2.8101265822784813,2.8101265822784813,-5.087695160192319e-09,5.087695160192319e-09,-8154.274270375435,9785.129124450521,9.346795956019157e-07,2.4581500072882705e-07,2.4581500072882705e-07,5.199415455315227e-13,True,True,instantaneous_BD_slow_variation,RUN01_KERNEL_PASS_NOT_FINAL_A2_CLOSURE
isosceles_q1.95_K3.7250,isosceles,3.725,5.516772151898734,2.829113924050633,2.829113924050633,2.9914007186026303e-09,2.9914007186026303e-09,4667.034142774625,5600.44097132955,9.473529180315956e-07,2.491478928865339e-07,2.491478928865339e-07,5.341366392247625e-13,True,True,instantaneous_BD_slow_variation,RUN01_KERNEL_PASS_NOT_FINAL_A2_CLOSURE
isosceles_q1.95_K3.7500,isosceles,3.75,5.55379746835443,2.848101265822785,2.848101265822785,3.965547478196387e-10,3.965547478196387e-10,602.3514108001056,722.8216929601266,9.601115826998603e-07,2.5250322876247447e-07,2.5250322876247447e-07,5.48620429743403e-13,True,True,instantaneous_BD_slow_variation,RUN01_KERNEL_PASS_NOT_FINAL_A2_CLOSURE
isosceles_q1.95_K3.7750,isosceles,3.7750000000000004,5.590822784810127,2.8670886075949373,2.8670886075949373,-3.4465036634488446e-09,3.4465036634488446e-09,-5097.803821334899,6117.364585601878,9.729555896067075e-07,2.558810083566489e-07,2.558810083566489e-07,5.633968051472198e-13,True,True,instantaneous_BD_slow_variation,RUN01_KERNEL_PASS_NOT_FINAL_A2_CLOSURE
isosceles_q1.95_K3.8000,isosceles,3.8000000000000003,5.627848101265823,2.8860759493670884,2.8860759493670884,4.759873971454228e-09,4.759873971454228e-09,6856.991443848735,8228.389732618482,9.858849387521392e-07,2.592812316690568e-07,2.592812316690568e-07,5.784696795030777e-13,True,True,instantaneous_BD_slow_variation,RUN01_KERNEL_PASS_NOT_FINAL_A2_CLOSURE
isosceles_q1.95_K3.8250,isosceles,3.825,5.66487341772152,2.905063291139241,2.905063291139241,-3.80611491973835e-09,3.80611491973835e-09,-5341.079159167387,6409.294991000864,9.98899630136155e-07,2.627038986996985e-07,2.627038986996985e-07,5.93842992884931e-13,True,True,instantaneous_BD_slow_variation,RUN01_KERNEL_PASS_NOT_FINAL_A2_CLOSURE
isosceles_q1.95_K3.8500,isosceles,3.85,5.701898734177215,2.9240506329113924,2.9240506329113924,1.1289783916475428e-09,1.1289783916475428e-09,1543.5329904580497,1852.2395885496596,1.0119996637587532e-06,2.66149009448574e-07,2.66149009448574e-07,6.095207113738214e-13,True,True,instantaneous_BD_slow_variation,RUN01_KERNEL_PASS_NOT_FINAL_A2_CLOSURE
isosceles_q1.95_K4.0000,isosceles,4.0,5.924050632911392,3.0379746835443036,3.0379746835443036,2.9383651827018735e-09,2.9383651827018735e-09,3447.7903886096733,4137.348466331608,1.0923920525046037e-06,2.8729099202473455e-07,2.8729099202473455e-07,7.102049069865231e-13,True,True,instantaneous_BD_slow_variation,RUN01_KERNEL_PASS_NOT_FINAL_A2_CLOSURE
isosceles_q1.95_K4.2500,isosceles,4.25,6.294303797468354,3.2278481012658227,3.2278481012658227,3.241427858882096e-09,3.241427858882096e-09,2984.4090232951944,3581.290827954233,1.2332067461677189e-06,3.2432312711036643e-07,3.2432312711036643e-07,9.051004273600758e-13,True,True,instantaneous_BD_slow_variation,RUN01_KERNEL_PASS_NOT_FINAL_A2_CLOSURE
isosceles_q1.95_K4.5000,isosceles,4.5,6.6645569620253164,3.4177215189873418,3.4177215189873418,1.9705720931499453e-09,1.9705720931499453e-09,1443.5179907574138,1732.2215889088966,1.3825556636892052e-06,3.6359963401937005e-07,3.6359963401937005e-07,1.1375981605166245e-12,True,True,instantaneous_BD_slow_variation,RUN01_KERNEL_PASS_NOT_FINAL_A2_CLOSURE
isosceles_q1.95_K4.7500,isosceles,4.75,7.034810126582277,3.6075949367088604,3.6075949367088604,2.1179099152651073e-10,2.1179099152651073e-10,124.97261430078288,149.96713716093944,1.5404388050690605e-06,4.05120512751745e-07,4.05120512751745e-07,1.412249346996763e-12,True,True,instantaneous_BD_slow_variation,RUN01_KERNEL_PASS_NOT_FINAL_A2_CLOSURE
isosceles_q1.95_K5.0000,isosceles,5.0,7.40506329113924,3.7974683544303796,3.7974683544303796,-1.1075151355790035e-09,1.1075151355790035e-09,-532.2958367018463,638.7550040422155,1.7068561703072874e-06,4.488857633074918e-07,4.488857633074918e-07,1.7338652982291274e-12,True,True,instantaneous_BD_slow_variation,RUN01_KERNEL_PASS_NOT_FINAL_A2_CLOSURE
isosceles_q1.95_K5.2500,isosceles,5.25,7.775316455696203,3.9873417721518987,3.9873417721518987,-1.5404535311951143e-09,1.5404535311951143e-09,-609.110642744544,730.9327712934527,1.881807759403886e-06,4.9489538568661e-07,4.9489538568661e-07,2.1075173965303816e-12,True,True,instantaneous_BD_slow_variation,RUN01_KERNEL_PASS_NOT_FINAL_A2_CLOSURE
isosceles_q1.95_K5.5000,isosceles,5.5,8.145569620253164,4.177215189873418,4.177215189873418,-1.1530316263786032e-09,1.1530316263786032e-09,-378.50921717927747,454.21106061513296,2.0652935723588535e-06,5.431493798891001e-07,5.431493798891001e-07,2.5385370951052255e-12,True,True,instantaneous_BD_slow_variation,RUN01_KERNEL_PASS_NOT_FINAL_A2_CLOSURE
isosceles_q1.95_K5.7500,isosceles,5.75,8.515822784810126,4.367088607594937,4.367088607594937,-3.4458408852624284e-10,3.4458408852624284e-10,-94.69147561480652,113.62977073776781,2.257313609172191e-06,5.936477459149616e-07,5.936477459149616e-07,3.0325159180463903e-12,True,True,instantaneous_BD_slow_variation,RUN01_KERNEL_PASS_NOT_FINAL_A2_CLOSURE
isosceles_q1.95_K6.0000,isosceles,6.0,8.886075949367088,4.556962025316455,4.556962025316455,4.132784419635957e-10,4.132784419635957e-10,95.7912214792101,114.9494657750521,2.457867869843901e-06,6.463904837641946e-07,6.463904837641946e-07,3.595305460334649e-12,True,True,instantaneous_BD_slow_variation,RUN01_KERNEL_PASS_NOT_FINAL_A2_CLOSURE
