z,a,nu,H_LCDM_CMB_calibrated_km_s_Mpc,H_lapse_observed_km_s_Mpc,epsilon_LCDM,epsilon_lapse,m_LCDM_late,m_lapse_late,m_lapse_exact,delta_m_late
0.0,1.0,1.0862529691211402,67.36,73.17,0.47313411206155215,0.4731341120397243,0.9462682241231043,0.9462682240794485,0.9462682240794485,-4.3655745685100555e-11
0.0001,0.9999000099990001,1.0862529691211391,67.36318727474844,73.17346218665884,0.4732313000531491,0.4732313000531491,0.9464626001062982,0.9464626001062982,0.9464626001062982,0.0
0.00010233520470972575,0.9998976752667127,1.0862529691211391,67.36326170995436,73.17354304212226,0.4732335696042215,0.47323356956419965,0.946467139208443,0.9464671391283993,0.9464671391283993,-8.004374940639991e-11
0.00010472494122981487,0.999895286024935,1.086252969121139,67.36333788364949,73.17362578602476,0.4732358921545479,0.473235892114526,0.9464717843090958,0.946471784229052,0.946471784229052,-8.004386042870237e-11
0.00010717048298967114,0.999892841001292,1.086252969121139,67.36341583644412,73.17371046247936,0.47323826894179744,0.47323826890541376,0.9464765378835949,0.9464765378108275,0.9464765378108275,-7.276734770300664e-11
0.00010967313315588178,0.9998903388937214,1.0862529691211387,67.36349560989747,73.17379711662991,0.4732407012325423,0.473240701152498,0.9464814024650846,0.946481402304996,0.946481402304996,-1.6008860903582445e-10
0.00011223422532664173,0.9998877783697812,1.0862529691211384,67.36357724653985,73.17388579467509,0.47324319032293344,0.4732431902829112,0.9464863806458669,0.9464863805658223,0.9464863805658223,-8.004452656251715e-11
0.0001148551242423938,0.9998851580659421,1.0862529691211384,67.3636607898955,73.1739765438932,0.4732457375393907,0.47324573750118754,0.9464914750787814,0.9464914750023751,0.9464914750023751,-7.640632571082051e-11
0.00011753722651306367,0.999882476586863,1.0862529691211382,67.36374628450568,73.17406941266734,0.4732483442393101,0.4732483441683612,0.9464966884786202,0.9464966883367224,0.9464966883367224,-1.4189782682194618e-10
0.00012028196136227776,0.9998797325046479,1.086252969121138,67.3638337759525,73.17416445051121,0.47325101181178764,0.4732510117372001,0.9465020236235753,0.9465020234744002,0.9465020234744002,-1.4917511670375916e-10
0.00012309079138896018,0.9998769243580892,1.0862529691211378,67.36392331088335,73.17426170809567,0.4732537416783583,0.4732537416055898,0.9465074833567166,0.9465074832111796,0.9465074832111796,-1.4553702687436498e-10
0.000125965213346714,0.9998740506518897,1.0862529691211376,67.36401493703569,73.17436123727568,0.4732565352937558,0.47325653522280625,0.9465130705875116,0.9465130704456125,0.9465130704456125,-1.4189904806727327e-10
0.0001289067589414027,0.9998711098558694,1.0862529691211373,67.3641087032626,73.17446309111806,0.4732593941466854,0.47325939408119333,0.9465187882933708,0.9465187881623867,0.9465187881623867,-1.3098411244527597e-10
0.00013191699564735717,0.9998681004041511,1.0862529691211371,67.36420465955888,73.17456732392978,0.4732623197606194,0.47326231966056176,0.9465246395212388,0.9465246393211235,0.9465246393211235,-2.001152576980303e-10
0.00013499752754264296,0.9998650206943299,1.0862529691211367,67.36430285708774,73.17467399128702,0.4732653136946084,0.47326531356180424,0.9465306273892168,0.9465306271236085,0.9465306271236085,-2.6560831312139044e-10
0.00013814999616383223,0.9998618690866212,1.0862529691211362,67.36440334820811,73.17478315006487,0.4732683775441113,0.4732683774495108,0.9465367550882225,0.9465367548990216,0.9465367548990216,-1.8920098820984776e-10
0.00014137608138073613,0.9998586439029904,1.086252969121136,67.36450618650265,73.17489485846764,0.4732715129418466,0.47327151284906505,0.9465430258836932,0.9465430256981301,0.9465430256981301,-1.8556312042505851e-10
0.0001446775022915648,0.9998553434262603,1.0862529691211356,67.36461142680635,73.17500917605997,0.4732747215586634,0.4732747214385927,0.9465494431173268,0.9465494428771855,0.9465494428771855,-2.401413512487238e-10
0.000148056018138991,0.9998519658992004,1.0862529691211351,67.36471912523582,73.17512616379872,0.47327800510442974,0.4732780049879972,0.9465560102088595,0.9465560099759944,0.9465560099759944,-2.32865060567633e-10
0.0001515134292476053,0.999848509523594,1.0862529691211347,67.36482933921926,73.17524588406545,0.4732813653289454,0.4732813651815849,0.9465627306578908,0.9465627303631698,0.9465627303631698,-2.947209143400187e-10
0.00015505157798326253,0.9998449724592815,1.086252969121134,67.3649421275272,73.17536840069978,0.4732848040228745,0.47328480387915206,0.946569608045749,0.9465696077583041,0.9465696077583041,-2.874448457035328e-10
0.00015867234973483178,0.9998413528231854,1.0862529691211336,67.36505755030386,73.1754937790336,0.4732883230186993,0.4732883228822534,0.9465766460373986,0.9465766457645068,0.9465766457645068,-2.7289170922983885e-10
0.0001623776739188721,0.9998376486883096,1.086252969121133,67.36517566909926,73.17562208592577,0.4732919241916969,0.473291924000672,0.9465838483833938,0.946583848001344,0.946583848001344,-3.820498362117064e-10
0.0001661695250077689,0.9998338580827157,1.086252969121132,67.36529654690217,73.17575338979802,0.4732956094609398,0.4732956092717335,0.9465912189218796,0.946591218543467,0.946591218543467,-3.7841263456073193e-10
0.0001700499235818794,0.999829978988478,1.0862529691211313,67.36542024817378,73.17588776067154,0.4732993807903173,0.47329938060838744,0.9465987615806346,0.9465987612167749,0.9465987612167749,-3.638597201316429e-10
0.00017402093740624848,0.9998260093406115,1.0862529691211305,67.36554683888205,73.17602527020422,0.47330324018958225,0.4733032399840007,0.9466064803791645,0.9466064799680014,0.9466064799680014,-4.111631035641494e-10
0.0001780846825324681,0.9998219470259748,1.0862529691211296,67.36567638653715,73.17616599172914,0.47330718971542424,0.473307189493468,0.9466143794308485,0.946614378986936,0.946614378986936,-4.439124623445423e-10
0.00018224332442626665,0.9998177898821513,1.0862529691211285,67.36580896022734,73.17631000029365,0.473311231472563,0.473311231228774,0.946622462945126,0.946622462457548,0.946622462457548,-4.875779779922595e-10
0.0001864990791214298,0.9998135356962995,1.0862529691211273,67.36594463065606,73.17645737269962,0.4733153676148721,0.4733153673547081,0.9466307352297442,0.9466307347094162,0.9466307347094162,-5.203280029064672e-10
0.0001908542144006686,0.9998091822039799,1.086252969121126,67.3660834701797,73.17660818754432,0.47331960034652665,0.47331960006816814,0.9466392006930533,0.9466392001363363,0.9466392001363363,-5.567170058284887e-10
0.0001953110510040631,0.9998047270879536,1.0862529691211247,67.3662255528462,73.17676252526257,0.47332393192317773,0.47332393165209535,0.9466478638463555,0.9466478633041907,0.9466478633041907,-5.421647575332145e-10
0.00019987196386572507,0.9998001679769533,1.0862529691211233,67.36637095443477,73.17692046816978,0.4733283646531543,0.4733283643438643,0.9466567293063086,0.9466567286877287,0.9466567286877287,-6.18579965028232e-10
0.00020453938337933905,0.9997955024444245,1.0862529691211216,67.36651975249633,73.17708210050583,0.4733329008986951,0.4733329005548358,0.9466658017973902,0.9466658011096716,0.9466658011096716,-6.877186597975538e-10
0.00020931579669325738,0.9997907280072406,1.0862529691211198,67.366672026395,73.17724750848025,0.4733375430772057,0.4733375427169704,0.9466750861544114,0.9466750854339409,0.9466750854339409,-7.204705720909033e-10
0.00021420374903583831,0.999785842124384,1.0862529691211178,67.36682785735051,73.17741678031823,0.47334229366254826,0.4733422932686527,0.9466845873250965,0.9466845865373054,0.9466845865373054,-7.877911656350989e-10
0.00021920584507173258,0.9997808421956,1.0862529691211156,67.36698732848183,73.17759000630795,0.4733471551863603,0.4733471547833658,0.9466943103727206,0.9466943095667316,0.9466943095667316,-8.059889422540323e-10
0.00022432475028984203,0.9997757255600179,1.0862529691211134,67.36715052485133,73.17776727884873,0.4733521302394036,0.473352129806387,0.9467042604788072,0.946704259612774,0.946704259612774,-8.660331340948346e-10
0.00022956319242369095,0.9997704894947407,1.0862529691211107,67.36731753351054,73.1779486925005,0.4733572214729448,0.4733572209880728,0.9467144429458896,0.9467144419761456,0.9467144419761456,-9.697439518063788e-10
0.00023492396290496578,0.9997651312134012,1.0862529691211078,67.36748844354663,73.17813434403446,0.47336243160016933,0.47336243109164233,0.9467248632003387,0.9467248621832847,0.9467248621832847,-1.0170539965770331e-09
0.00024040991835099718,0.9997596478646862,1.0862529691211047,67.36766334613007,73.1783243324848,0.4733677633976274,0.47336776284543136,0.9467355267952547,0.9467355256908627,0.9467355256908627,-1.1043920222775228e-09
0.00024602398208697777,0.9997540365308252,1.0862529691211011,67.36784233456342,73.17851875920172,0.47337321970671326,0.47337321911448654,0.9467464394134265,0.9467464382289731,0.9467464382289731,-1.1844534242300142e-09
0.0002517691457037277,0.9997482942260438,1.0862529691210974,67.36802550433131,73.1787177279057,0.47337880343518113,0.47337880282111766,0.9467576068703623,0.9467576056422353,0.9467576056422353,-1.2281269334835088e-09
0.00025764847065183746,0.9997424178949836,1.0862529691210934,67.36821295315148,73.1789213447429,0.4733845175586941,0.47338451689004324,0.9467690351173882,0.9467690337800865,0.9467690337800865,-1.3373017138107457e-09
0.00026366508987303583,0.9997364044110816,1.0862529691210887,67.36840478102718,73.17912971834212,0.47339036512241045,0.47339036440008125,0.9467807302448209,0.9467807288001625,0.9467807288001625,-1.4446583929128565e-09
0.0002698222094696539,0.9997302505749162,1.0862529691210838,67.36860109030059,73.17934295987291,0.4733963492426073,0.4733963484711477,0.9467926984852146,0.9467926969422954,0.9467926969422954,-1.5429192368188183e-09
0.0002761231104130753,0.999723953112512,1.0862529691210783,67.36880198570773,73.17956118310502,0.4734024731083409,0.4734024722731942,0.9468049462166818,0.9468049445463884,0.9468049445463884,-1.670293348077223e-09
0.00028257115029208267,0.999717508673607,1.0862529691210723,67.36900757443448,73.17978450446945,0.4734087399831474,0.47340873910705655,0.9468174799662948,0.9468174782141131,0.9468174782141131,-1.7521817330390377e-09
0.00028916976510202994,0.999710913829878,1.0862529691210658,67.36921796617392,73.18001304312068,0.4734151532067824,0.47341515225790515,0.9468303064135648,0.9468303045158103,0.9468303045158103,-1.8977545090947956e-09
0.0002959224710757957,0.9997041650731266,1.0862529691210585,67.36943327318531,73.18024692100057,0.47342171619700096,0.47342171517897524,0.9468434323940019,0.9468434303579505,0.9468434303579505,-2.0360514385586725e-09
0.00030283286655749455,0.9996972588134239,1.0862529691210507,67.36965361035392,73.18048626290366,0.47342843245137894,0.4734284313696623,0.9468568649027579,0.9468568627393246,0.9468568627393246,-2.1634333213782497e-09
0.0003099046339199427,0.9996901913772079,1.086252969121042,67.3698790952528,73.18073119654399,0.47343530554917884,0.4734353043782964,0.9468706110983577,0.9468706087565928,0.9468706087565928,-2.34176489311011e-09
0.0003171415415268999,0.9996829590053429,1.0862529691210325,67.3701098482057,73.18098185262356,0.47344233915325684,0.4734423378968463,0.9468846783065137,0.9468846757936926,0.9468846757936926,-2.512821062339299e-09
0.00032454744574113325,0.9996755578511295,1.086252969121022,67.37034599235152,73.18123836490238,0.47344953701201536,0.47344953566279696,0.9468990740240307,0.9468990713255939,0.9468990713255939,-2.6984368073357246e-09
0.0003321262929793748,0.9996679839782711,1.0862529691210105,67.37058765371033,73.18150087027016,0.47345690296140175,0.47345690152210324,0.9469138059228035,0.9469138030442065,0.9469138030442065,-2.8785970274114447e-09
0.0003398821218152667,0.9996602333587917,1.0862529691209981,67.37083496125096,73.1817695088196,0.4734644409269528,0.47346443939029415,0.9469288818539056,0.9469288787805883,0.9469288787805883,-3.0733172673436115e-09
0.00034781906513141304,0.9996523018709068,1.0862529691209843,67.37108804696005,73.18204442392161,0.4734721549258878,0.4734721532709415,0.9469443098517756,0.946944306541883,0.946944306541883,-3.3098925822372394e-09
0.00035594135232168623,0.9996441852968448,1.0862529691209692,67.3713470459129,73.18232576230213,0.4734800490692496,0.47348004730238225,0.9469600981384992,0.9469600946047645,0.9469600946047645,-3.5337347492614413e-09
0.0003642533115449638,0.9996358793206184,1.0862529691209528,67.37161209634581,73.18261367412074,0.4734881275640966,0.47348812566801923,0.9469762551281932,0.9469762513360385,0.9469762513360385,-3.792154701365291e-09
0.0003727593720314938,0.9996273795257424,1.0862529691209346,67.37188333973032,73.1829083130513,0.47349639471574567,0.4734963926849968,0.9469927894314913,0.9469927853699937,0.9469927853699937,-4.061497693719218e-09
0.00038146406644311775,0.9996186813929034,1.0862529691209148,67.37216092084903,73.18320983636433,0.47350485493006655,0.47350485275008597,0.9470097098601331,0.9470097055001719,0.9470097055001719,-4.359961169875248e-09
0.0003903720332886092,0.9996097802975702,1.0862529691208929,67.37244498787322,73.18351840501131,0.4735135127158322,0.47351351038115774,0.9470270254316644,0.9470270207623155,0.9470270207623155,-4.6693489075266825e-09
0.00039948801939541706,0.9996006715075532,1.086252969120869,67.3727356924425,73.18383418371123,0.4735223726871211,0.47352237018410165,0.9470447453742422,0.9470447403682033,0.9470447403682033,-5.006038916732791e-09
0.00040881688243912893,0.999591350180506,1.0862529691208427,67.37303318974607,73.18415734103874,0.4735314395657778,0.4735314368807617,0.9470628791315556,0.9470628737615234,0.9470628737615234,-5.3700321966942965e-09
0.0004183635935320019,0.9995818113613697,1.086252969120814,67.373337638606,73.18448804951487,0.4735407181839299,0.473540715317823,0.9470814363678598,0.947081430635646,0.947081430635646,-5.7322138147242185e-09
0.00042813323987193956,0.9995720499797568,1.0862529691207825,67.37364920156259,73.1848264856994,0.4735502134865651,0.4735502104061525,0.9471004269731302,0.947100420812305,0.947100420812305,-6.160825183343377e-09
0.00043813102745333054,0.9995620608472777,1.0862529691207479,67.37396804496152,73.18517283028584,0.473559930534167,0.47355992723034485,0.947119861068334,0.9471198544606897,0.9471198544606897,-6.60764432058869e-09
0.00044836228384119057,0.9995518386548031,1.08625296912071,67.37429433904329,73.18552726819841,0.47356987450541266,0.47356987096134245,0.9471397490108253,0.9471397419226849,0.9471397419226849,-7.088140407951471e-09
0.0004588324610100845,0.9995413779696647,1.0862529691206682,67.37462825803458,73.18588998869133,0.4735800506999351,0.4735800469087867,0.9471601013998702,0.9471600938175734,0.9471600938175734,-7.582296790431542e-09
0.000469547138249343,0.999530673232791,1.0862529691206226,67.37496998024183,73.1862611854505,0.4735904645411466,0.47359046047834596,0.9471809290822932,0.9471809209566919,0.9471809209566919,-8.125601302921837e-09
0.0004805120251361242,0.9995197187557772,1.0862529691205725,67.3753196881471,73.18664105669755,0.47360112157913303,0.47360111722147,0.9472022431582661,0.94720223444294,0.94720223444294,-8.715326016428548e-09
0.0004917329645779015,0.9995085087178873,1.0862529691205176,67.37567756850615,73.18702980529645,0.4736120274936112,0.4736120228315237,0.9472240549872224,0.9472240456630474,0.9472240456630474,-9.324174987668243e-09
0.0005032159359259994,0.9994970371629888,1.0862529691204574,67.37604381244871,73.18742763886245,0.4736231880969572,0.4736231830922191,0.9472463761939144,0.9472463661844382,0.9472463661844382,-1.0009476136829676e-08
0.0005149670581618344,0.9994852979964147,1.0862529691203913,67.37641861558139,73.18783476987369,0.47363460933730694,0.4736346039735297,0.9472692186746139,0.9472692079470594,0.9472692079470594,-1.072755451136942e-08
0.0005269925931575656,0.9994732849817558,1.0862529691203189,67.3768021780927,73.18825141578556,0.47364629730172564,0.4736462915570598,0.9472925946034513,0.9472925831141196,0.9472925831141196,-1.1489331708247619e-08
0.000539298949012887,0.9994609917375765,1.0862529691202394,67.37719470486083,73.18867779914754,0.47365825821945573,0.4736582520643159,0.9473165164389115,0.9473165041286318,0.9473165041286318,-1.2310279684513148e-08
0.000551892683469738,0.9994484117340585,1.0862529691201523,67.37759640556382,73.189114147723,0.4736704984652364,0.4736704918723107,0.9473409969304728,0.9473409837446214,0.9473409837446214,-1.3185851410746352e-08
0.0005647805074067557,0.9994355382895646,1.0862529691200569,67.37800749479239,73.18956069461167,0.47368302456270384,0.4736830174942138,0.9473660491254077,0.9473660349884276,0.9473660349884276,-1.4136980031054236e-08
0.0005779692884153313,0.9994223645671247,1.086252969119952,67.37842819216543,73.19001767837518,0.47369584318786995,0.4736958356060353,0.9473916863757399,0.9473916712120706,0.9473916712120706,-1.5163669320195083e-08
0.0005914660544591746,0.9994088835708428,1.086252969119837,67.37885872244824,73.19048534316543,0.4737089611726812,0.4737089530451797,0.9474179223453624,0.9474179060903594,0.9474179060903594,-1.6255003010279268e-08
0.0006052779976193349,0.9993950881422187,1.086252969119711,67.37929931567348,73.19096393885602,0.47372238550866275,0.4737223768059005,0.9474447710173255,0.947444753611801,0.947444753611801,-1.7405524466163058e-08
0.000619412477926676,0.9993809709563872,1.0862529691195728,67.37975020726518,73.19145372117696,0.4737361233506463,0.47373611402528143,0.9474722467012926,0.9474722280505629,0.9474722280505629,-1.865072973838977e-08
0.0006338770272838487,0.9993665245182715,1.0862529691194212,67.38021163816542,73.19195495185217,0.4737501820205856,0.47375017202026815,0.9475003640411712,0.9475003440405363,0.9475003440405363,-2.0000634926020666e-08
0.0006486793534788508,0.9993517411586473,1.0862529691192548,67.3806838549643,73.1924678987408,0.4737645690114609,0.4737645582902084,0.9475291380229218,0.9475291165804168,0.9475291165804168,-2.1442504993807177e-08
0.0006638273442923082,0.9993366130301182,1.0862529691190723,67.38116711003273,73.19299283598143,0.47377929199127455,0.47377928050856244,0.9475585839825491,0.9475585610171249,0.9475585610171249,-2.2965424228971187e-08
0.0006793290717006702,0.9993211321029977,1.0862529691188725,67.38166166165854,73.19353004413989,0.47379435880714066,0.47379434650378416,0.9475887176142813,0.9475886930075683,0.9475886930075683,-2.4606713000530078e-08
0.0006951927961775605,0.9993052901610978,1.086252969118653,67.38216777418577,73.19407981036052,0.47380977748947,0.4738097642949042,0.94761955497894,0.9476195285898084,0.9476195285898084,-2.6389131657644782e-08
0.0007114269710955731,0.9992890787974223,1.0862529691184124,67.38268571815722,73.19464242852112,0.47382555625625195,0.4738255421181101,0.9476511125125039,0.9476510842362202,0.9476510842362202,-2.827628364787671e-08
0.0007280402472308569,0.999272489409759,1.0862529691181486,67.38321577046047,73.19521819939153,0.4738417035174384,0.47384168837106316,0.9476834070348767,0.9476833767421263,0.9476833767421263,-3.029275041921409e-08
0.0007450414773728916,0.9992555131961753,1.0862529691178593,67.38375821447728,73.19580743079588,0.4738582278794272,0.47385821163967773,0.9477164557588544,0.9477164232793555,0.9477164232793555,-3.247949897922098e-08
0.0007624397210419137,0.9992381411504068,1.0862529691175418,67.38431334023663,73.19641043777881,0.4738751381496548,0.47387512074776783,0.9477502762993096,0.9477502414955357,0.9477502414955357,-3.4803773973912655e-08
0.0007802442493165044,0.9992203640571444,1.0862529691171938,67.38488144457128,73.19702754277564,0.4738924433412911,0.4738924246902942,0.9477848866825822,0.9477848493805884,0.9477848493805884,-3.7301993827121294e-08
0.0007984645497739086,0.999202172487212,1.086252969116812,67.38546283127818,73.19765907578649,0.4739101526780476,0.4739101326891415,0.9478203053560952,0.947820265378283,0.947820265378283,-3.997781217179863e-08
0.0008171103315457204,0.9991835567926342,1.0862529691163934,67.38605781128258,73.19830537455464,0.4739282755990979,0.47392825418029083,0.9478565511981958,0.9478565083605817,0.9478565083605817,-4.2837614122603895e-08
0.0008361915304916318,0.9991645071015939,1.0862529691159342,67.38666670280614,73.19896678474902,0.4739468217641107,0.4739467988061088,0.9478936435282214,0.9478935976122176,0.9478935976122176,-4.5916003776902414e-08
0.0008557183144940002,0.9991450133132725,1.0862529691154306,67.38728983153902,73.19964366015132,0.47396580105840336,0.47396577645053894,0.9479316021168067,0.9479315529010779,0.9479315529010779,-4.9215728825657834e-08
0.0008757010888760508,0.9991250650925751,1.0862529691148781,67.38792753081597,73.2003363628471,0.47398522359821377,0.4739851972300377,0.9479704471964275,0.9479703944600754,0.9479703944600754,-5.273635217406536e-08
0.000896150501946605,0.9991046518647342,1.0862529691142726,67.38858014179678,73.20104526342185,0.47400509973609717,0.4740050714796275,0.9480101994721943,0.948010142959255,0.948010142959255,-5.651293932817936e-08
0.0009170774506742931,0.9990837628097923,1.0862529691136082,67.38924801365083,73.20177074116154,0.47402544006644753,0.47402540977480223,0.9480508801328951,0.9480508195496045,0.9480508195496045,-6.058329060643075e-08
0.000938493086494272,0.9990623868569584,1.0862529691128795,67.38993150374634,73.20251318425804,0.4740462554311494,0.47404622297063403,0.9480925108622988,0.9480924459412681,0.9480924459412681,-6.492103077349043e-08
0.0009604088212505379,0.9990405126788366,1.0862529691120806,67.39063097784377,73.20327299001934,0.47406755692536195,0.4740675221386003,0.9481351138507239,0.9481350442772006,0.9481350442772006,-6.957352327585653e-08
0.000982836333277003,0.9990181286855255,1.0862529691112042,67.39134681029412,73.20405056508487,0.4740893559034364,0.4740893186164235,0.9481787118068729,0.948178637232847,0.948178637232847,-7.457402584343242e-08
0.0010057875736205835,0.9989952230185815,1.086252969110243,67.39207938424185,73.2048463256459,0.4741116639849739,0.4741116240255095,0.9482233279699478,0.948223248051019,0.948223248051019,-7.991892880809814e-08
0.0010292747724096078,0.9989717835448482,1.086252969109189,67.3928290918326,73.20566069767128,0.47413449306102395,0.47413445023936546,0.9482689861220479,0.9482689004787309,0.9482689004787309,-8.564331699378869e-08
0.001053310445370937,0.9989477978501442,1.086252969108033,67.39359633442602,73.2064941171385,0.47415785530042875,0.4741578094067852,0.9483157106008575,0.9483156188135704,0.9483156188135704,-9.178728710423911e-08
0.0010779074004992736,0.9989232532328096,1.086252969106765,67.39438152281357,73.20734703027034,0.4741817631563145,0.47418171396630643,0.948363526312629,0.9483634279326129,0.9483634279326129,-9.838001613360348e-08
0.0011030787448822151,0.9988981366971069,1.0862529691053744,67.39518507744161,73.20821989377717,0.4742062293727359,0.47420617665444953,0.9484124587454718,0.9484123533088991,0.9484123533088991,-1.054365726949058e-07
0.0011288378916846883,0.998872434946473,1.0862529691038494,67.39600742863969,73.20911317510496,0.47423126699147444,0.4742312104958995,0.9484625339829489,0.948462420991799,0.948462420991799,-1.1299114988094772e-07
0.0011551985672964792,0.9988461343766186,1.086252969102177,67.39684901685455,73.2100273526894,0.47425688935899796,0.47425682880704934,0.9485137787179959,0.9485136576140987,0.9485136576140987,-1.2110389724373505e-07
0.0011821748186466722,0.9988192210684725,1.0862529691003424,67.39771029288944,73.21096291621588,0.47428311013358104,0.4742830452370378,0.9485662202671621,0.9485660904740756,0.9485660904740756,-1.2979308650074017e-07
0.0012097810206889014,0.9987916807809694,1.0862529690983307,67.39859171814953,73.21192036688609,0.47430994329259196,0.47430987374316774,0.9486198865851839,0.9486197474863355,0.9486197474863355,-1.39098848439545e-07
0.0012380318840613967,0.998763498943671,1.0862529690961242,67.39949376489281,73.21290021769052,0.47433740313995215,0.47433732860018535,0.9486748062799043,0.9486746572003707,0.9486746572003707,-1.490795336067663e-07
0.0012669424629259062,0.9987346606492276,1.0862529690937044,67.40041691648732,73.21390299368788,0.4743655043137668,0.47436542442771584,0.9487310086275336,0.9487308488554317,0.9487308488554317,-1.597721018820053e-07
0.0012965281629896688,0.998705150645665,1.0862529690910505,67.40136166767444,73.21492923229108,0.4743942617941379,0.47439417617827073,0.9487885235882758,0.9487883523565415,0.9487883523565415,-1.7123173434718808e-07
0.0013268047497147243,0.9986749533285025,1.08625296908814,67.40232852483858,73.21597948356015,0.47442369091115577,0.47442359915411686,0.9488473818223115,0.9488471983082337,0.9488471983082337,-1.835140778227995e-07
0.0013577883567189276,0.9986440527326931,1.0862529690849478,67.40331800628324,73.21705431050209,0.4744538073530813,0.4744537090118157,0.9489076147061626,0.9489074180236314,0.9489074180236314,-1.9668253115057155e-07
0.0013894954943731374,0.9986124325243824,1.0862529690814469,67.40433064251377,73.21815428937813,0.47448462717471823,0.47448452177810846,0.9489692543494365,0.9489690435562169,0.9489690435562169,-2.1079321954609043e-07
0.0014219430585991676,0.9985800759924871,1.0862529690776073,67.40536697652706,73.21928001001821,0.47451616680597863,0.47451605384777995,0.9490323336119573,0.9490321076955599,0.9490321076955599,-2.259163973672429e-07
0.0014551483398731937,0.9985469660400813,1.0862529690733962,67.40642756410797,73.2204320761431,0.47454844306065447,0.47454832199948754,0.9490968861213089,0.9490966439989751,0.9490966439989751,-2.4212233384890425e-07
0.0014891290324394086,0.9985130851755943,1.0862529690687779,67.40751297413324,73.2216111056944,0.4745814731453883,0.47458134340040525,0.9491629462907766,0.9491626868008105,0.9491626868008105,-2.5948996607016994e-07
0.0015239032437388289,0.9984784155038106,1.0862529690637128,67.40862378888235,73.22281773117228,0.4746152746688581,0.474615135617001,0.9492305493377162,0.949230271234002,0.949230271234002,-2.7810371416858715e-07
0.001559489504058283,0.9984429387166702,1.086252969058158,67.40976060435628,73.22405259998166,0.47464986565117545,0.47464971662170147,0.9492997313023509,0.9492994332434029,0.9492994332434029,-2.980589479673057e-07
0.0015959067764047309,0.9984066360838664,1.0862529690520655,67.41092403060364,73.22531637478643,0.4746852645335028,0.47468510480933995,0.9493705290670056,0.9493702096186799,0.9493702096186799,-3.194483256807601e-07
0.0016331744666101668,0.9983694884432318,1.0862529690453837,67.41211469205494,73.2266097338726,0.4747214901878975,0.4747213190069999,0.949442980375795,0.9494426380139998,0.9494426380139998,-3.423617952469371e-07
0.0016713124336724876,0.9983314761909156,1.0862529690380558,67.41333322786483,73.22793337152,0.47475856192738425,0.4747583784656393,0.9495171238547685,0.9495167569312786,0.9495167569312786,-3.6692348992506396e-07
0.0017103410003378413,0.9982925792713392,1.0862529690300189,67.41458029226268,73.22928799838294,0.4747964995162657,0.4747963028900986,0.9495929990325314,0.9495926057801972,0.9495926057801972,-3.9325233414100325e-07
0.0017502809639301012,0.9982527771669344,1.0862529690212046,67.41585655491161,73.23067434188039,0.4748353231806705,0.474835112447485,0.949670646361341,0.94967022489497,0.94967022489497,-4.214663710255806e-07
0.0017911536074332302,0.9982120488876515,1.0862529690115377,67.41716270127638,73.23209314659537,0.4748750536193533,0.47487482776681006,0.9497501072387066,0.9497496555336201,0.9497496555336201,-4.5170508644609697e-07
0.0018329807108324356,0.9981703729602395,1.0862529690009357,67.41849943299992,73.23354517468407,0.47491571201474175,0.47491546995720957,0.9498314240294835,0.9498309399144191,0.9498309399144191,-4.841150643697389e-07
0.0018757845627201612,0.9981277274172876,1.0862529689893081,67.4198674682895,73.23503120629513,0.4749573200442478,0.474957060619025,0.9499146400884956,0.94991412123805,0.94991412123805,-5.188504456077325e-07
0.001919587972173111,0.9980840897860294,1.0862529689765559,67.42126754231168,73.23655203999877,0.47499989989183794,0.47499962185400535,0.9499997997836759,0.9499992437080107,0.9499992437080107,-5.560756651812326e-07
0.0019644142809066268,0.9980394370768982,1.0862529689625702,67.42270040759752,73.2381084932267,0.4750434742598791,0.4750431762700881,0.9500869485197582,0.9500863525401761,0.9500863525401761,-5.959795820187352e-07
0.0020102873757128856,0.9979937457718345,1.0862529689472313,67.42416683445721,73.23970140272259,0.4750880663812589,0.47508774700934997,0.9501761327625178,0.9501754940186999,0.9501754940186999,-6.387438178379057e-07
0.0020572317011895574,0.9979469918123369,1.086252968930409,67.42566761140502,73.24133162500361,0.4751337000317901,0.47513335774503157,0.9502674000635802,0.9502667154900631,0.9502667154900631,-6.845735170957212e-07
0.002105272272765707,0.9978991505872522,1.0862529689119593,67.42720354559452,73.24300003683304,0.4751803995429064,0.4751800326922919,0.9503607990858128,0.9503600653845838,0.9503600653845838,-7.33701228994299e-07
0.002154434690031882,0.9978501969202996,1.0862529688917248,67.42877546326469,73.24470753570475,0.4752281898146536,0.4752277966405635,0.9504563796293072,0.950455593281127,0.950455593281127,-7.863481801262395e-07
0.0022047451503814743,0.9978001050573247,1.0862529688695333,67.43038421019658,73.24645504033934,0.47527709632898624,0.47527667494212406,0.9505541926579725,0.9505533498842481,0.9505533498842481,-8.427737243632549e-07
0.002256230462970635,0.9977488486532745,1.086252968845195,67.43203065218157,73.24824349119241,0.47532714516337554,0.47532669353857293,0.9506542903267511,0.9506533870771459,0.9506533870771459,-9.03249605221923e-07
0.0023089180630041927,0.9976964007588934,1.0862529688185025,67.43371567550065,73.25007385097538,0.4753783630047339,0.47537787897053646,0.9507567260094678,0.9507557579410729,0.9507557579410729,-9.680683948909419e-07
0.002362836026355175,0.997642733807129,1.086252968789228,67.43544018741603,73.25194710518907,0.47543077716366794,0.47543025839305486,0.9508615543273359,0.9508605167861097,0.9508605167861097,-1.0375412261565131e-06
0.0024180130845257207,0.9975878195992456,1.0862529687571216,67.43720511667428,73.25386426267038,0.47548441558906296,0.4754838595893643,0.9509688311781259,0.9509677191787286,0.9509677191787286,-1.111999397340746e-06
0.0024744786399573527,0.9975316292906385,1.0862529687219096,67.43901141402225,73.25582635615241,0.4755393068830103,0.47553871098103184,0.9510786137660207,0.9510774219620637,0.9510774219620637,-1.1918039569680516e-06
0.0025322627816987946,0.9974741333763438,1.0862529686832914,67.44086005273556,73.2578344428384,0.4755954803160831,0.47559484164869487,0.9511909606321662,0.9511896832973897,0.9511896832973897,-1.277334776506045e-06
0.0025913963014396572,0.9974153016762368,1.0862529686409377,67.44275202916005,73.25988960498974,0.4756529658429698,0.4756522813409634,0.9513059316859396,0.9513045626819268,0.9513045626819268,-1.3690040128189196e-06
0.002651910709918538,0.997355103319914,1.086252968594487,67.4446883632668,73.26199295052862,0.4757117941184739,0.47571106049120965,0.9514235882369478,0.9514221209824193,0.9514221209824193,-1.467254528542128e-06
0.00271383825371428,0.9972935067312519,1.0862529685435434,67.44667009922064,73.26414561365547,0.4757719965138883,0.4757712102327933,0.9515439930277766,0.9515424204655866,0.9515424204655866,-1.5725621900219977e-06
0.002777211932429355,0.9972304796126374,1.0862529684876716,67.44869830596294,73.26634875548163,0.4758336051337527,0.4758327624176339,0.9516672102675054,0.9516655248352678,0.9516655248352678,-1.6854322376635977e-06
0.002842065516274511,0.9971659889288635,1.0862529684263953,67.45077407780873,73.26860356467787,0.47589665283300175,0.4758957496322088,0.9517933056660035,0.9517914992644176,0.9517914992644176,-1.8064015858687554e-06
0.002908433564064048,0.9971000008906812,1.0862529683591917,67.45289853505868,73.27091125813887,0.4759611732345187,0.4759602052056336,0.9519223464690374,0.9519204104112672,0.9519204104112672,-1.9360577702132176e-06
0.002976351441631319,0.997032480938007,1.0862529682854873,67.45507282462623,73.27327308166396,0.4760272007470941,0.4760261632354738,0.9520544014941882,0.9520523264709476,0.9520523264709476,-2.0750232405664093e-06
0.003045855340674284,0.9969633937227728,1.0862529682046536,67.45729812068049,73.27569031065538,0.4760947705838112,0.47609365860189906,0.9521895411676224,0.9521873172037981,0.9521873172037981,-2.223963824321551e-06
0.0031169822980411433,0.9968927030914175,1.0862529681160007,67.45957562530496,73.27816425083333,0.47616391878085607,0.47616272698009193,0.9523278375617121,0.9523254539601839,0.9523254539601839,-2.3836015282663325e-06
0.0031897702154663216,0.9968203720670105,1.0862529680187722,67.46190656917275,73.280696238969,0.47623468221677095,0.4762334048642744,0.9524693644335419,0.9524668097285488,0.9524668097285488,-2.554704993107393e-06
0.0032642578797673237,0.9967463628309996,1.0862529679121387,67.46429221223877,73.28328764363614,0.47630709863215864,0.47630572958477124,0.9526141972643173,0.9526114591695425,0.9526114591695425,-2.7380947748012474e-06
0.0033404849835132443,0.9966706367045798,1.0862529677951902,67.4667338444492,73.28593986598113,0.4763812066498467,0.47637973932507593,0.9527624132996934,0.9527594786501519,0.9527594786501519,-2.934649541486145e-06
0.0034184921461759272,0.996593154129675,1.0862529676669295,67.46923278646851,73.28865434051231,0.47645704579552334,0.47645547313390973,0.9529140915910467,0.9529109462678195,0.9529109462678195,-3.1453232272049547e-06
0.003498320935775036,0.9965138746495232,1.0862529675262615,67.47179039042516,73.29143253590924,0.476534656518858,0.4765329709555,0.953069313037716,0.953065941911,0.953065941911,-3.3711267160008163e-06
0.0035800138910285803,0.9964327568888619,1.086252967371987,67.47440804067568,73.29427595585221,0.4766140802151145,0.47661227364221365,0.953228160430229,0.9532245472844273,0.9532245472844273,-3.6131458016619433e-06
0.003663614544020716,0.9963497585337043,1.086252967202789,67.47708715458809,73.29718613987251,0.4766953592472712,0.47669342297231265,0.9533907184945424,0.9533868459446253,0.9533868459446253,-3.872549917072199e-06
0.0037491674433988856,0.9962648363107007,1.0862529670172243,67.47982918334513,73.30016466422411,0.47677853696865824,0.4767764616771237,0.9535570739373165,0.9535529233542474,0.9535529233542474,-4.150583069129077e-06
0.003836718178112645,0.996177945966077,1.0862529668137098,67.48263561276775,73.30321314277748,0.4768636577461247,0.4768614334524186,0.9537273154922494,0.9537228669048372,0.9537228669048372,-4.448587412220206e-06
0.0039263134017068395,0.9960890422441434,1.086252966590509,67.48550796415932,73.30633322793548,0.47695076698374755,0.4769483829845953,0.9539015339674951,0.9538967659691906,0.9538967659691906,-4.767998304511245e-06
0.004018000857182091,0.9959980788653672,1.0862529663457177,67.48844779517142,73.30952661157306,0.47703991114709565,0.47703735596993624,0.9540798222941913,0.9540747119398725,0.9540747119398725,-5.110354318826893e-06
0.004111829402435829,0.9959050085040002,1.0862529660772473,67.4914567006914,73.31279502600013,0.4771311377880619,0.4771283991363706,0.9542622755761238,0.9542567982727412,0.9542567982727412,-5.4773033825172845e-06
0.004207849036297403,0.9958097827652558,1.0862529657828075,67.49453631375266,73.31614024494922,0.4772244955702753,0.4772215602641571,0.9544489911405506,0.9544431205283141,0.9544431205283141,-5.870612236447137e-06
0.004306110925171174,0.9957123521620271,1.0862529654598863,67.49768830646796,73.31956408458792,0.4773200342951091,0.4773168882052724,0.9546400685902182,0.9546337764105448,0.9546337764105448,-6.2921796734061175e-06
0.004406667430301786,0.9956126660911402,1.0862529651057282,67.50091439098675,73.32306840455726,0.47741780492829433,0.47741443291019325,0.9548356098565887,0.9548288658203865,0.9548288658203865,-6.744036202155357e-06
0.004509572135676145,0.9955106728091319,1.086252964717312,67.50421632047664,73.32665510903651,0.47751785962716004,0.47751424544936283,0.9550357192543201,0.9550284908987257,0.9550284908987257,-7.2283555944130384e-06
0.004614879876576938,0.9954063194075484,1.086252964291324,67.50759589013036,73.3303261478349,0.4776202517685075,0.47761637803088697,0.955240503537015,0.9552327560617739,0.9552327560617739,-7.7474752410156e-06
0.004722646768802954,0.9952995517877586,1.0862529638241294,67.51105493819824,73.33408351751146,0.47772503597713634,0.47772088402800944,0.9554500719542727,0.9554417680560189,0.9554417680560189,-8.303898253791964e-06
0.004832930238571752,0.9951903146352655,1.0862529633117424,67.5145953470474,73.33792926252342,0.4778322681550405,0.4778278180027397,0.955664536310081,0.9556556360054794,0.9556556360054794,-8.900304601544562e-06
0.00494578905312064,0.9950785513935229,1.0862529627497917,67.51821904424818,73.341865476404,0.4779420055112829,0.4779372357273516,0.9558840110225658,0.9558744714547032,0.9558744714547032,-9.539567862648646e-06
0.005061283352022219,0.994964204237236,1.0862529621334829,67.5219280036885,73.34589430297041,0.47805430659257153,0.47804919420383,0.9561086131851431,0.95609838840766,0.95609838840766,-1.0224777483025527e-05
0.005179474679231213,0.9948472140451493,1.0862529614575573,67.52572424671705,73.35001793756277,0.47816923131454836,0.4781637516984157,0.9563384626290967,0.9563275033968314,0.9563275033968314,-1.0959232265350671e-05
0.005300426015879673,0.994727520372307,1.086252960716249,67.52960984331624,73.3542386283154,0.478286840993811,0.4782809677566489,0.956573681987622,0.9565619355132978,0.9565619355132978,-1.1746474324225709e-05
0.005424201813838024,0.9946050614217835,1.0862529599032327,67.53358691330536,73.35855867746017,0.4784071983806808,0.4784009032287992,0.9568143967613616,0.9568018064575984,0.9568018064575984,-1.2590303763215793e-05
0.005550868030059805,0.9944797740158742,1.0862529590115724,67.53765762757519,73.36298044266404,0.47853036769273877,0.4785236202980501,0.9570607353854775,0.9570472405961002,0.9570472405961002,-1.349478937728854e-05
0.005680492161728429,0.994351593566742,1.0862529580336604,67.54182420935463,73.36750633840097,0.4786564146491418,0.47864918250144817,0.9573128292982837,0.9572983650028963,0.9572983650028963,-1.4464295387317527e-05
0.005813143282224713,0.994220454046509,1.0862529569611539,67.54608893551061,73.37213883735947,0.4787854065057436,0.4787776547570111,0.9575708130114872,0.9575553095140222,0.9575553095140222,-1.5503497464930405e-05
0.005948892077934331,0.9940862879567908,1.0862529557849026,67.55045413788177,73.37688047188658,0.4789174120910315,0.4789091033833443,0.957834824182063,0.9578182067666886,0.9578182067666886,-1.6617415374398092e-05
0.0060878108859147625,0.9939490262976607,1.0862529544948707,67.55492220464737,73.38173383546935,0.47905250184290793,0.4790435961308284,0.9581050036858159,0.9580871922616568,0.9580871922616568,-1.781142415901993e-05
0.006229973732441847,0.9938085985360456,1.0862529530800524,67.55949558173191,73.38670158425505,0.47919074784632354,0.47918120220346083,0.9583814956926471,0.9583624044069217,0.9583624044069217,-1.909128572541441e-05
0.0063754563724565064,0.9936649325735375,1.086252951528377,67.56417677424707,73.3917864386109,0.4793322238717935,0.47932199228103795,0.958664447743587,0.9586439845620759,0.9586439845620759,-2.046318151105453e-05
0.0065243363299326215,0.9935179547136216,1.0862529498266058,67.56896834797143,73.39699118472453,0.47947700541480887,0.47946603854804015,0.9589540108296177,0.9589320770960803,0.9589320770960803,-2.1933733537427003e-05
0.006676692939187563,0.993367589628311,1.0862529479602203,67.57387293086953,73.40231867624637,0.47962516973616937,0.4796134147142554,0.9592503394723387,0.9592268294285108,0.9592268294285108,-2.3510043827945637e-05
0.006832607387157405,0.9932137603241826,1.086252945913297,67.57889321465116,73.40777183597494,0.4797767959032539,0.4797641960387098,0.9595535918065078,0.9595283920774196,0.9595283920774196,-2.519972908821e-05
0.006992162756659375,0.9930563881078099,1.086252943668372,67.58403195637217,73.41335365758661,0.4799319648322538,0.4799184593568138,0.9598639296645076,0.9598369187136276,0.9598369187136276,-2.7010950879979845e-05
0.007155444070664574,0.9928953925505838,1.0862529412062927,67.58929198007789,73.41906720741049,0.48009075933139006,0.48007628310207345,0.9601815186627801,0.9601525662041469,0.9601525662041469,-2.8952458633213496e-05
0.007322538337604534,0.9927306914529194,1.0862529385060533,67.59467617849053,73.42491562625045,0.4802532641451365,0.4802377473272165,0.960506528290273,0.960475494654433,0.960475494654433,-3.10336358400054e-05
0.007493534597735756,0.9925622008078416,1.0862529355446162,67.6001875147417,73.4309021312547,0.48041956599947083,0.4804029337290471,0.9608391319989417,0.9608058674580942,0.9608058674580942,-3.326454084751074e-05
0.00766852397058701,0.9923898347639459,1.0862529322967158,67.60582902415162,73.43703001783511,0.48058975364818024,0.4805719256691786,0.9611795072963605,0.9611438513383572,0.9611438513383572,-3.5655958003255606e-05
0.007847599703514606,0.9922135055877266,1.0862529287346419,67.61160381605605,73.44330266163718,0.48076391792024287,0.48074480819506865,0.9615278358404857,0.9614896163901373,0.9614896163901373,-3.8219450348431216e-05
0.008030857221391512,0.9920331236252745,1.0862529248280042,67.61751507568268,73.44972352056196,0.4809421517683096,0.48092166806157616,0.9618843035366192,0.9618433361231523,0.9618433361231523,-4.0967413466930225e-05
0.008218394177456807,0.9918485972633324,1.0862529205434726,67.62356606607828,73.456296136842,0.4811245503183128,0.4811025937484782,0.9622491006366256,0.9622051874969564,0.9622051874969564,-4.3913139669227164e-05
0.008410310505352604,0.9916598328897115,1.086252915844493,67.62976013008817,73.4630241391719,0.4813112109202261,0.4812876754813822,0.9626224218404522,0.9625753509627644,0.9625753509627644,-4.707087768784923e-05
0.008606708472376158,0.991466734853061,1.0862529106909753,67.63610069238948,73.46991124489597,0.48150223320000257,0.481477005247574,0.9630044664000051,0.962954010495148,0.962954010495148,-5.045590485719398e-05
0.008807692733975461,0.991269205421991,1.086252905038952,67.64259126158002,73.47696126225372,0.481697719112716,0.4816706768100532,0.963395438225432,0.9633413536201064,0.9633413536201064,-5.408460532563275e-05
0.009013370389517439,0.991067144743545,1.0862528988402016,67.64923543232423,73.48417809268548,0.48189777299693387,0.4818687857253086,0.9637955459938677,0.9637375714506172,0.9637375714506172,-5.797454325051632e-05
0.009223851039358476,0.9908604508010198,1.0862528920418388,67.6560368875581,73.49156573319931,0.48210250163034923,0.48207142935605296,0.9642050032606985,0.9641428587121059,0.9641428587121059,-6.214454859254648e-05
0.009439246843247663,0.9906490193711347,1.0862528845858628,67.66299940075467,73.49912827880127,0.48231201428669934,0.48227870687829705,0.9646240285733987,0.9645574137565941,0.9645574137565941,-6.66148168045888e-05
0.009659672580093832,0.9904327439805439,1.0862528764086614,67.6701268382522,73.5068699249904,0.48252642279400076,0.48249071929540216,0.9650528455880015,0.9649814385908043,0.9649814385908043,-7.140699719720978e-05
0.009885245709128281,0.9902115158616988,1.0862528674404706,67.67742316164657,73.5147949703207,0.48274584159412737,0.48270756944171456,0.9654916831882547,0.9654151388834291,0.9654151388834291,-7.654430482562091e-05
0.010116086432495808,0.9899852239080524,1.0862528576047767,67.68489243025043,73.52290781903145,0.48297038780376683,0.4829293619865274,0.9659407756075337,0.9658587239730548,0.9658587239730548,-8.205163447883024e-05
0.010352317759307377,0.9897537546286169,1.0862528468176658,67.69253880362047,73.53121298374803,0.48320018127677805,0.4831562034381234,0.9664003625535561,0.9663124068762468,0.9663124068762468,-8.795567730934817e-05
0.01059406557118851,0.9895169921018676,1.0862528349871061,67.70036654415553,73.53971508825518,0.48343534466798765,0.48338820214114336,0.9668706893359753,0.9667764042822867,0.9667764042822867,-9.428505368858087e-05
0.01084145868935835,0.9892748179290002,1.0862528220121646,67.70838001976745,73.54841887034445,0.4836760034984544,0.48362546827159547,0.9673520069969088,0.9672509365431909,0.9672509365431909,-0.00010107045371787748
0.011094628943275219,0.989027111186546,1.086252807782144,67.71658370662682,73.55732918473797,0.48392228622223005,0.48386811382844863,0.9678445724444601,0.9677362276568973,0.9677362276568973,-0.00010834478756283072
0.011353711240885177,0.9887737483783445,1.0862527921756402,67.72498219198638,73.56645100609073,0.4841743242946571,0.48411625262226105,0.9683486485893142,0.9682325052445221,0.9682325052445221,-0.00011614334479215227
0.011618843640511002,0.9885146033868861,1.0862527750595048,67.73358017708406,73.57578943207302,0.4844322522422282,0.4843700002586291,0.9688645044844564,0.9687400005172582,0.9687400005172582,-0.00012450396719820844
0.011890167424419899,0.9882495474240213,1.0862527562877107,67.74238248012844,73.58534968653584,0.48469620773404776,0.4846294741172459,0.9693924154680955,0.9692589482344918,0.9692589482344918,-0.00013346723360374568
0.01216782717410923,0.987978448981054,1.0862527357001055,67.75139403936923,73.59513712276065,0.48496633165492553,0.4848947933236911,0.9699326633098511,0.9697895866473822,0.9697895866473822,-0.00014307666246882178
0.012451970847350318,0.98770117377822,1.0862527131210449,67.76061991625528,73.60515722679621,0.48524276818013956,0.48516607872062883,0.9704855363602791,0.9703321574412577,0.9703321574412577,-0.00015337891902145184
0.012742749857031334,0.987417584713561,1.0862526883578953,67.77006529868322,73.61541562088476,0.48552566485190335,0.48544345282886414,0.9710513297038067,0.9708869056577283,0.9708869056577283,-0.0001644240460784152
0.013040319151841315,0.9871275418112092,1.08625266119939,67.7797355043393,73.62591806697935,0.4858151726575721,0.4857270398009523,0.9716303453151443,0.9714540796019046,0.9714540796019046,-0.0001762657132396983
0.013344837298838383,0.9868309021690878,1.0862526314138257,67.78963598413766,73.63667047035489,0.48611144610962603,0.4860169653718735,0.9722228922192521,0.972033930743747,0.972033930743747,-0.00018896147550506726
0.013656466567946095,0.9865275199060443,1.0862525987470877,67.79977232575811,73.64767888331563,0.48641464332746853,0.48631335679968485,0.9728292866549371,0.9726267135993697,0.9726267135993697,-0.0002025730555673677
0.01397537301842291,0.9862172461084329,1.0862525629204811,67.8101502572865,73.65894950900038,0.4867249261210717,0.48661634279619526,0.9734498522421434,0.9732326855923905,0.9732326855923905,-0.000217166649752909
0.014301726587350879,0.9858999287761547,1.0862525236283533,67.82077565096118,73.67048870528897,0.48704246007651547,0.4869260534508636,0.9740849201530309,0.9738521069017272,0.9738521069017272,-0.00023281325130375397
0.014635701180190797,0.9855754127681817,1.086252480535487,67.83165452702906,73.6823029888115,0.4873674146434504,0.4872426201438097,0.9747348292869008,0.9744852402876194,0.9744852402876194,-0.00024958899928140266
0.014977474763452,0.9852435397475766,1.0862524332742398,67.84279305771452,73.69439903906309,0.48769996322453035,0.4875661754471779,0.9753999264490607,0.9751323508943558,0.9751323508943558,-0.000267575554704913
0.015327229459526134,0.9849041481260332,1.0862523814414087,67.85419757130533,73.70678370262627,0.48804028326684773,0.48789685301763336,0.9760805665336955,0.9757937060352667,0.9757937060352667,-0.0002868604984287426
0.015685151643735476,0.9845570730079578,1.0862523245947906,67.86587455635919,73.71946399750361,0.4883885563554166,0.48823478747259946,0.9767771127108332,0.9764695749451989,0.9764695749451989,-0.0003075377656343026
0.016051432043647614,0.9842021461341162,1.0862522622494095,67.8778306660348,73.73244711756264,0.4887449683087418,0.4885801142547053,0.9774899366174836,0.9771602285094106,0.9771602285094106,-0.0003297081080729791
0.016426265840709303,0.983839195824871,1.0862521938733802,67.89007272255209,73.74574043709553,0.4891097092765123,0.4889329694829562,0.9782194185530246,0.9778659389659125,0.9778659389659125,-0.0003534795871121821
0.016809852774253637,0.9834680469230408,1.0862521188833714,67.9026077217851,73.75935151549544,0.48948297383946393,0.48929348978466874,0.9789659476789279,0.9785869795693375,0.9785869795693375,-0.00037896810959037186
0.017202397247935992,0.9830885207364065,1.086252036639629,67.91544283799288,73.77328810205208,0.48986496111144867,0.4896618121112577,0.9797299222228973,0.9793236242225154,0.9793236242225154,-0.00040629800038194386
0.017604108438655525,0.9827004349798999,1.0862519464405203,67.92858542869239,73.78755814086827,0.49025587484375477,0.49003807353806306,0.9805117496875095,0.9800761470761261,0.9800761470761261,-0.00043560261138342327
0.018015200408020238,0.9823036037175086,1.0862518475165486,67.94204303967842,73.80216977589954,0.4906559235317167,0.49042241104001594,0.9813118470634334,0.9808448220800319,0.9808448220800319,-0.00046702498340156495
0.018435892216414878,0.9818978373039338,1.0862517390237902,67.95582341019572,73.8171313561187,0.491065320523659,0.4908149612474147,0.982130641047318,0.9816299224948294,0.9816299224948294,-0.000500718552488566
0.018866408039732583,0.9814829423260397,1.0862516200366967,67.96993447826804,73.83245144080679,0.49148428413221223,0.4912158601788704,0.9829685682644245,0.9824317203577408,0.9824317203577408,-0.000536847906683624
0.019306977288832496,0.9810587215441362,1.0862514895402007,67.98438438619013,73.84813880497259,0.491913037748048,0.4916252429474385,0.983826075496096,0.983250485894877,0.983250485894877,-0.000575589601219062
0.019757834731786994,0.9806249738331417,1.0862513464210588,67.99918148618745,73.86420244490104,0.49235180995606803,0.49204324344037803,0.9847036199121361,0.9840864868807561,0.9840864868807561,-0.0006171330313800016
0.020219220618983534,0.9801814941236686,1.086251189458358,68.01433434625018,73.8806515838327,0.4928008346540946,0.49246999396837104,0.9856016693081892,0.9849399879367421,0.9849399879367421,-0.0006616813714470648
0.0206913808111479,0.9797280733430859,1.0862510173131028,68.02985175614711,73.89749567777437,0.4932603511741007,0.492905624884329,0.9865207023482014,0.985811249768658,0.985811249768658,-0.0007094525795434681
0.02117456691035712,0.9792644983566107,1.086250828516798,68.04574273362553,73.91474442144163,0.4937306044060197,0.49335026416689365,0.9874612088120394,0.9867005283337873,0.9867005283337873,-0.0007606804782520626
0.02166903639411181,0.9787905519084822,1.0862506214589256,68.06201653080413,73.93240775433367,0.4942118449241792,0.493804036966583,0.9884236898483584,0.987608073933166,0.987608073933166,-0.0008156159151924136
0.022175052752539316,0.9783060125632829,1.0862503943732125,68.07868264076512,73.95049586693989,0.4947043291163923,0.4942670651131291,0.9894086582327846,0.9885341302262582,0.9885341302262582,-0.0008745280065263206
0.02269288562880081,0.9778106546474622,1.086250145322571,68.09575080435282,73.96901920707784,0.4952083193157547,0.49473946657860685,0.9904166386315094,0.9894789331572137,0.9894789331572137,-0.0009377054742957247
0.023222810962777247,0.977304248191138,1.0862498721825828,68.1132310171859,73.9879884863609,0.495724083935175,0.4952213548953904,0.99144816787035,0.9904427097907808,0.9904427097907808,-0.0010054580795691992
0.02376511113811073,0.9767865588702361,1.086249572623389,68.13113353689103,74.00741468679492,0.4962518976046871,0.495712838524301,0.9925037952093742,0.991425677048602,0.991425677048602,-0.0010781181607721901
0.024320075132679475,0.9762573479490487,1.086249244089828,68.14946889056542,74.02730906749993,0.49679204131157095,0.4962140201668096,0.9935840826231419,0.9924280403336192,0.9924280403336192,-0.0011560422895227074
0.024887998672586672,0.9757163722232858,1.0862488837796558,68.16824788247665,74.04768317155515,0.4973448025433252,0.49672499602199294,0.9946896050866504,0.9934499920439859,0.9934499920439859,-0.0012396130426645113
0.0254691843897454,0.9751633839637004,1.0862484886196622,68.18748160200835,74.06854883296259,0.4979104754335193,0.49724585498045487,0.9958209508670386,0.9944917099609097,0.9944917099609097,-0.001329240906128848
0.02606394198314347,0.9745981308603752,1.0862480552394795,68.20718143186015,74.08991818372442,0.49848936091056195,0.4977766777501906,0.9969787218211239,0.9955533555003812,0.9955533555003812,-0.0014253663207427492
0.026672588383874055,0.9740203559677575,1.0862475799428621,68.22735905651149,74.11180366102833,0.4990817668494129,0.498317535912038,0.9981635336988258,0.996635071824076,0.996635071824076,-0.0015284618747498646
0.027295447924020073,0.9734297976505402,1.0862470586761934,68.24802647095854,74.13421801453369,0.4996880082262673,0.49886849089549024,0.9993760164525346,0.9977369817909805,0.9977369817909805,-0.0016390346615541285
0.02793285250948253,0.972826189530483,1.08624648699395,68.26919598973404,74.15717431375006,0.5003084072762412,0.4994295928726895,1.0006168145524823,0.998859185745379,0.998859185745379,-0.0017576288071032842
0.028585141796844713,0.9722092604342805,1.086245860020836,68.29088025622082,74.1806859554985,0.5009432936540772,0.5000008795622011,1.0018865873081544,1.0000017591244021,1.0000017591244021,-0.0018848281837522407
0.029252663374366446,0.9715787343425835,1.0862451724102586,68.31309225226889,74.20476667144374,0.5015930045978951,0.5005823749349345,1.0031860091957903,1.001164749869869,1.001164749869869,-0.002021259325921232
0.029935772947204904,0.9709343303402866,1.0862444182988007,68.33584530812804,74.22943053568437,0.5022578850960032,0.5011740878184522,1.0045157701920064,1.0023481756369044,1.0023481756369044,-0.0021675945551020703
0.030634834526960843,0.9702757625682022,1.0862435912563,68.35915311270686,74.25469197238598,0.5029382880567833,0.5017760103878947,1.0058765761135666,1.0035520207757893,1.0035520207757893,-0.002324555337777312
0.03135022062565112,0.969602740176239,1.0862426842311144,68.3830297241706,74.28056576343916,0.5036345744816636,0.5023881165372203,1.0072691489633272,1.0047762330744405,1.0047762330744405,-0.002492915888886671
0.032082312454210775,0.9689149672782189,1.0862416894901101,68.40748958089009,74.30706705612316,0.5043471136411823,0.5030103601230087,1.0086942272823647,1.0060207202460174,1.0060207202460174,-0.002673507036347278
0.03283150012563047,0.9682121429084638,1.086240598552868,68.43254751275498,74.33421137075256,0.5050762832541436,0.5036426730674106,1.010152566508287,1.0072853461348212,1.0072853461348212,-0.002867220373465873
0.03359818286283781,0.9674939609802928,1.0862394021195472,68.45821875286452,74.36201460828073,0.5058224696698653,0.5042849633145589,1.0116449393397307,1.0085699266291177,1.0085699266291177,-0.0030750127106129455
0.03438276921143307,0.9667601102465725,1.0862380899918065,68.48451894961015,74.39049305783222,0.5065860680535091,0.5049371126268702,1.0131721361070183,1.0098742252537405,1.0098742252537405,-0.0032979108532777968
0.03518567725739263,0.9660102742624752,1.0862366509861094,68.51146417916438,74.41966340413032,0.5073674825744755,0.5055989742094531,1.014734965148951,1.0111979484189062,1.0111979484189062,-0.0035370167300448063
0.0360073348498562,0.9652441313506004,1.086235072838691,68.53907095839128,74.44954273478436,0.5081671265978469,0.5062703701517893,1.0163342531956938,1.0125407403035787,1.0125407403035787,-0.0037935128921151584
0.03684817982911676,0.9644613545686219,1.0862333421013817,68.56735625819438,74.48014854739456,0.5089854228788476,0.5069510886717471,1.0179708457576953,1.0139021773434942,1.0139021773434942,-0.00406866841420106
0.037708660259934516,0.9636616116796317,1.0862314440274232,68.59633751731833,74.51149875642919,0.509822803760288,0.507640881149228,1.019645607520576,1.015281762298456,1.015281762298456,-0.004363845222119966
0.03858923467029903,0.9628445651253557,1.0862293624463122,68.62603265662142,74.54361169982168,0.5106797113729452,0.508339458933196,1.0213594227458904,1.016678917866392,1.016678917866392,-0.004680504879498448
0.03949037229576702,0.9620098720024213,1.0862270796266342,68.6564600938371,74.57650614523122,0.5115565978388326,0.5090464899062253,1.0231131956776651,1.0180929798124505,1.0180929798124505,-0.005020215865214617
0.040412553329506,0.96115718404187,1.086224576125738,68.6876387588426,74.61020129590162,0.5124539254772915,0.5097615947904033,1.024907850954583,1.0195231895808066,1.0195231895808066,-0.005384661373776467
0.04135626917817706,0.9602861475921062,1.0862218306250069,68.7195881094541,74.64471679604767,0.5133721670138346,0.5104843431766566,1.0267443340276692,1.0209686863533132,1.0209686863533132,-0.00577564767435601
0.042322022723792756,0.9593964036054836,1.0862188197493547,68.75232814776867,74.68007273568962,0.5143118057916568,0.5112142492554562,1.0286236115833136,1.0224284985109124,1.0224284985109124,-0.0061951130724011705
0.04331032859169001,0.9584875876287429,1.086215517869457,68.7858794370736,74.71628965484693,0.5152733359857176,0.5119507672338683,1.0305466719714351,1.0239015344677367,1.0239015344677367,-0.0066451375036984395
0.04432171342476086,0.9575593297975087,1.0862118968850876,68.82026311934494,74.75338854699451,0.5162572628192843,0.5126932864129238,1.0325145256385686,1.0253865728258476,1.0253865728258476,-0.00712795281272105
0.04535671616408702,0.9566112548350744,1.0862079259877744,68.8555009333579,74.79139086167196,0.5172641027828163,0.5134411259055175,1.0345282055656326,1.026882251811035,1.026882251811035,-0.007645953754597645
0.046415888336127774,0.9556429820556984,1.08620357140084,68.89161523343249,74.83031850612689,0.5182943838550487,0.514193528970961,1.0365887677100973,1.028387057941922,1.028387057941922,-0.008201709768175247
0.047499794346614124,0.9546541253726522,1.0861987960946977,68.92862900883907,74.87019384585906,0.5193486457261227,0.5149496569407135,1.0386972914522454,1.029899313881427,1.029899313881427,-0.00879797757081846
0.048609011781306305,0.9536442933112576,1.0861935594751,68.96656590388902,74.91103970391929,0.5204274400225913,0.5157085827118222,1.0408548800451827,1.0314171654236444,1.0314171654236444,-0.009437714621538307
0.049744131713774516,0.9526130890271669,1.0861878170418169,69.00545023873724,74.95287935880172,0.5215313305341073,0.5164692837789117,1.0430626610682145,1.0329385675578233,1.0329385675578233,-0.01012409351039123
0.050905759020366814,0.9515601103301403,1.0861815200150033,69.04530703092372,74.99573654075132,0.5226608934415853,0.5172306347796577,1.0453217868831706,1.0344612695593154,1.0344612695593154,-0.010860517323855179
0.05209451270253212,0.9504849497135803,1.086174614926274,69.08616201768355,75.03963542629161,0.5238167175466054,0.5179913995249816,1.0476334350932108,1.0359827990499633,1.0359827990499633,-0.011650636043247564
0.053311026216670325,0.9493871943900984,1.086167043171241,69.12804167905404,75.08460063075643,0.5249994045018015,0.518750222485245,1.049998809003603,1.03750044497049,1.03750044497049,-0.012498364033112885
0.05455594781168514,0.9482664263333829,1.0861587405199917,69.17097326181137,75.13065719859107,0.5262095690419565,0.5195056197043628,1.052419138083913,1.0390112394087256,1.0390112394087256,-0.013407898675187324
0.0558299408744192,0.9471222223266544,1.0861496365816885,69.21498480426794,75.17783059116272,0.527447839215498,0.5202559691124248,1.054895678430996,1.0405119382248496,1.0405119382248496,-0.014383740206146411
0.057133684283155795,0.9459541540179961,1.0861396542191417,69.26010516196463,75.22614667179765,0.5287148566160573,0.5209995002101377,1.0574297132321147,1.0419990004202755,1.0419990004202755,-0.015430712811839165
0.05846787276937589,0.9447617879828506,1.0861287089088802,69.30636403429271,75.27563168773521,0.530011276613734,0.5217342830968316,1.060022553227468,1.0434685661936631,1.0434685661936631,-0.01655398703380495
0.05983321728796282,0.9435446857939859,1.0861167080418672,69.35379199208187,75.32631224866039,0.5313377685856621,0.5224582168160897,1.0626755371713241,1.0449164336321795,1.0449164336321795,-0.01775910353914467
0.06123044539605184,0.9423024040992334,1.0861035501596328,69.4024205061921,75.37821530144693,0.5326950161454537,0.5231690169984557,1.0653900322909073,1.0463380339969115,1.0463380339969115,-0.019051998293995842
0.06266030164072656,0.9410344947073112,1.0860891241201944,69.45228197714883,75.43136810071034,0.5340837173710486,0.5238642027791136,1.0681674347420973,1.0477284055582272,1.0477284055582272,-0.020439029183870083
0.06412354795576918,0.9397405046820424,1.0860733081877012,69.50340976586223,75.48579817473538,0.5355045850304712,0.5245410829755487,1.0710091700609423,1.0490821659510974,1.0490821659510974,-0.02192700410984494
0.06562096406767555,0.9384199764452945,1.0860559690393117,69.55583822547318,75.54153328630787,0.5369583468049373,0.5251967415177197,1.0739166936098745,1.0503934830354393,1.0503934830354393,-0.023523210574435183
0.06715334791115142,0.9370724478889584,1.086036960682354,69.60960273437037,75.59860138794167,0.5384457455087335,0.5258280221265751,1.076891491017467,1.0516560442531502,1.0516560442531502,-0.02523544676431677
0.06872151605431122,0.9356974524962975,1.0860161232743546,69.66473973042429,75.65703057095229,0.5399675393052209,0.5264315122489571,1.0799350786104418,1.0528630244979142,1.0528630244979142,-0.027072054112527555
0.07032630413380643,0.9342945194729937,1.085993281838057,69.72128674648597,75.71684900778854,0.5415245019182865,0.5270035262693131,1.083049003836573,1.0540070525386263,1.0540070525386263,-0.029041951297946733
0.07196856730011514,0.9328631738882261,1.0859682448630887,69.77928244720073,75.77808488699232,0.5431174228384954,0.5275400880292506,1.0862348456769908,1.0550801760585011,1.0550801760585011,-0.031154669618489672
0.07364918067322965,0.9314029368261167,1.0859408027854747,69.83876666718785,75.84076634011343,0.5447471075231589,0.5280369127082215,1.0894942150463178,1.056073825416443,1.056073825416443,-0.033420389629874814
0.07536903980898542,0.9299133255478761,1.0859107263357892,69.89978045064048,75.9049213598672,0.546414377589458,0.5284893881371966,1.092828755178916,1.0569787762743932,1.0569787762743932,-0.035849978904522795
0.07712906117627992,0.9283938536649907,1.0858777647463271,69.9623660924015,75.97057770878116,0.5481200709997137,0.5288925556419425,1.0962401419994274,1.057785111283885,1.057785111283885,-0.03845503071554246
0.07893018264543566,0.926844031323782,1.0858416438073681,70.02656718057348,76.03776281754101,0.549865042237824,0.5292410905485453,1.099730084475648,1.0584821810970906,1.0584821810970906,-0.04124790337855733
0.08077336398796711,0.9252633654016789,1.085802063762356,70.09242864072276,76.10650367221244,0.5516501624758134,0.5295292825140028,1.1033003249516269,1.0590585650280055,1.0590585650280055,-0.04424175992362134
0.08265958738801812,0.9236513597155322,1.085758697031676,70.15999678174057,76.17682668948922,0.5534763197293817,0.529751015893337,1.1069526394587634,1.059502031786674,1.059502031786674,-0.04745060767208953
0.084589857965743,0.9220075152423058,1.0857111857547328,70.22931934342638,76.24875757909925,0.5553444190012444,0.5298997504048093,1.1106888380024889,1.0597995008096186,1.0597995008096186,-0.050889337192870254
0.08656520431290936,0.9203313303524671,1.085659139140223,70.30044554586051,76.32232119249305,0.5572553824109938,0.5299685024156513,1.1145107648219876,1.0599370048313026,1.0599370048313026,-0.054573759990685033
0.08858667904100823,0.918622301056404,1.0856021306149346,70.37342614063691,76.39754135694817,0.5592101493101082,0.5299498272423808,1.1184202986202163,1.0598996544847616,1.0598996544847616,-0.05852064413545466
0.09065535934216358,0.916879921264181,1.0855396947621365,70.44831346402836,76.47444069424866,0.5612096763806628,0.5298358029409781,1.1224193527613255,1.0596716058819562,1.0596716058819562,-0.06274774687936935
0.0927723475631406,0.9151036830589455,1.0854713240417175,70.52516149215991,76.55304042315076,0.5632549377161896,0.5296180161612388,1.1265098754323792,1.0592360323224776,1.0592360323224776,-0.06727384310990159
0.0949387717927582,0.9132930769842833,1.0853964652857917,70.60402589826919,76.63336014492786,0.5653469248830432,0.5292875507475023,1.1306938497660863,1.0585751014950047,1.0585751014950047,-0.07211874827108167
0.09715578646301858,0.9114475923458174,1.0853145159655728,70.68496411213457,76.71541761140521,0.5674866469605263,0.5288349798955538,1.1349732939210526,1.0576699597911077,1.0576699597911077,-0.07730333412994495
0.09942457296427418,0.9095667175273288,1.0852248202280927,70.76803538175595,76.79922847506141,0.5696751305579131,0.5282503628214963,1.1393502611158262,1.0565007256429926,1.0565007256429926,-0.08284953547283358
0.10174634027476064,0.9076499403216656,1.0851266647048783,70.85330083737549,76.88480602099263,0.5719134198064146,0.5275232470585273,1.1438268396128293,1.0550464941170545,1.0550464941170545,-0.08878034549577474
0.10412232560483044,0.9056967482766975,1.0850192740991929,70.94082355792911,76.97216088082317,0.5742025763239912,0.5266426776839842,1.1484051526479824,1.0532853553679684,1.0532853553679684,-0.09511979728001396
0.10655379505623053,0.9037066290565513,1.0849018065640488,71.03066864002275,77.06130072901301,0.5765436791508171,0.5255972149814436,1.1530873583016341,1.0511944299628873,1.0511944299628873,-0.10189292833874686
0.10904204429677526,0.9016790708183503,1.0847733488900784,71.12290326953087,77.15222996247411,0.5789378246530619,0.5243749622675741,1.1578756493061237,1.0487499245351481,1.0487499245351481,-0.1091257247709756
0.11158839925077481,0.8996135626046593,1.08463291153075,71.21759679591803,77.24494936497958,0.5813861263925325,0.5229636058583937,1.162772252785065,1.0459272117167875,1.0459272117167875,-0.11684504106827753
0.11419421680558647,0.8975095947518169,1.0844794235025175,71.314820809388,77.33945575855043,0.5838897149595798,0.5213504694113056,1.1677794299191595,1.0427009388226112,1.0427009388226112,-0.12507849109654834
0.11686088553466509,0.8953666593143144,1.0843117272095697,71.41464922096873,77.43574164485415,0.5864497377665401,0.5195225851571024,1.1728994755330802,1.0390451703142047,1.0390451703142047,-0.13385430521887542
0.11958982643749794,0.8931842505053577,1.0841285732571162,71.51715834564492,77.53379484066728,0.5890673587988342,0.5174667848201763,1.1781347175976684,1.0349335696403525,1.0349335696403525,-0.14320114795731587
0.12238249369681924,0.8909618651537188,1.0839286153338636,71.6224269886539,77.63359811266237,0.591743758320705,0.5151698133097073,1.18348751664141,1.0303396266194147,1.0303396266194147,-0.15314789002199536
0.1252403754535072,0.8886990031769599,1.083710405263721,71.73053653506469,77.73512881819909,0.5944801325324249,0.5126184685387666,1.1889602650648499,1.0252369370775332,1.0252369370775332,-0.1637233279873167
0.12816499459957584,0.88639516807108,1.0834723883490358,71.84157104276372,77.83835856045013,0.5972776931756478,0.5097997709712594,1.1945553863512957,1.0195995419425188,1.0195995419425188,-0.17495584440877687
0.131157909589685,0.8840498674166004,1.0832128991529046,71.95561733897507,77.94325286808821,0.6001376670834334,0.5067011666924347,1.2002753341668668,1.0134023333848694,1.0134023333848694,-0.18687300078199742
0.1342207152716012,0.881662613401078,1.082930157896425,72.07276512044743,78.04977091191809,0.6030612956713061,0.5033107679181038,1.2061225913426121,1.0066215358362076,1.0066215358362076,-0.1995010555064045
0.13735504373605123,0.8792329233579875,1.0826222676780288,72.19310705744334,78.15786527325201,0.6060498343655647,0.49961763486421196,1.2120996687311294,0.9992352697284239,0.9992352697284239,-0.21286439900270548
0.1405625651864215,0.876760320321887,1.0822872127560499,72.31673890167215,78.26748178149776,0.6091045519648891,0.4956121027563569,1.2182091039297782,0.9912242055127138,0.9912242055127138,-0.22698489841706437
0.14384498882876628,0.8742443335997341,1.0819228581719165,72.4437595983107,78.37855944132352,0.6122267299311401,0.4912861574133886,1.2244534598622803,0.9825723148267772,0.9825723148267772,-0.24188114503550306
0.14720406378260012,0.8716844993581753,1.0815269510290553,72.57427140226181,78.49103047284338,0.6154176616050969,0.48663386223554794,1.2308353232101938,0.9732677244710959,0.9732677244710959,-0.25756759873909796
0.1506415800129591,0.8690803612265929,1.0810971237805644,72.70837999880392,78.60482049145124,0.6186786513427122,0.48165183849963455,1.2373573026854243,0.9633036769992691,0.9633036769992691,-0.2740536256861552
0.1541593692842272,0.8664314709156398,1.0806308999153553,72.84619462879071,78.71984885711922,0.6220110135673297,0.47633979954322103,1.2440220271346594,0.9526795990864421,0.9526795990864421,-0.2913424280482173
0.15775930613623615,0.8637373888509497,1.080125702465605,72.98782821856327,78.83602922601456,0.6254160717331547,0.4707011376293758,1.2508321434663094,0.9414022752587516,0.9414022752587516,-0.3094298682075578
0.1614433088831602,0.8609976848216522,1.07957886578523,73.13339751474285,78.95327033998646,0.6288951571951396,0.46474355995591354,1.257790314390279,0.9294871199118271,0.9294871199118271,-0.328303194478452
0.16521334063573684,0.8582119386432729,1.0789876510662497,73.28302322407626,79.07147709157948,0.6324496079803217,0.4584797673439097,1.2648992159606434,0.9169595346878194,0.9169595346878194,-0.34793968127282393
0.169071410347358,0.8553797408345457,1.0783492660632057,73.43683015851073,79.19055190343835,0.6360807674555238,0.4519281655665488,1.2721615349110476,0.9038563311330976,0.9038563311330976,-0.36830520377794995
0.17301957388458944,0.8525006933076017,1.0776608894804574,73.5949473856801,79.31039646091948,0.6397899828862389,0.44511359504904474,1.2795799657724778,0.8902271900980895,0.8902271900980895,-0.3893527756743883
0.1770599351226898,0.8495744100709416,1.0769197004378004,73.75750838498857,79.43091383500044,0.6435786038814264,0.43806805981508523,1.2871572077628528,0.8761361196301705,0.8761361196301705,-0.41102108813268234
0.18119464706671223,0.8466005179445427,1.0761229133607548,73.92465120948249,79.55201102872594,0.6474479807188832,0.4308314311726065,1.2948959614377664,0.861662862345213,0.861662862345213,-0.43323309909255336
0.18542591299878522,0.8435786572863831,1.075267818537283,74.0965186537065,79.6736019739781,0.6513994625457996,0.4234520958996978,1.3027989250915992,0.8469041917993956,0.8469041917993956,-0.45589473329220365
0.18975598765218504,0.8405084827296044,1.0743518284373395,74.27325842774316,79.79561099584491,0.6554343954490958,0.41598751288519964,1.3108687908981915,0.8319750257703993,0.8319750257703993,-0.47889376512779225
0.19418717841282548,0.8373896639294717,1.0733725297013086,74.45502333764173,79.91797674889447,0.6595541203901338,0.40850463669149595,1.3191082407802677,0.8170092733829919,0.8170092733829919,-0.5020989673972758
0.19872184654880534,0.8342218863192175,1.0723277404657574,74.64197147244413,80.04065661295553,0.6637599709984411,0.40108016184880185,1.3275199419968822,0.8021603236976037,0.8021603236976037,-0.5253596182992785
0.20336240846866724,0.8310048518737967,1.071215572410498,74.8342663980223,80.16363151547715,0.6680532712191445,0.3938005384881636,1.336106542438289,0.7876010769763272,0.7876010769763272,-0.5485054654619618
0.2081113370090395,0.8277382798805055,1.0700344965840691,75.03207735794436,80.28691112336492,0.6724353328089377,0.3867617088994912,1.3448706656178755,0.7735234177989824,0.7735234177989824,-0.5713472478188931
0.21297116275234781,0.8244219077153525,1.0687834117045312,75.23557948159142,80.41053931990268,0.6769074526755439,0.3800685165280625,1.3538149053510877,0.760137033056125,0.760137033056125,-0.5936778722949627
0.21794447537529835,0.8210554916239997,1.067461713253611,75.44495399975087,80.53459985291394,0.6814709100558521,0.3738337445587483,1.3629418201117043,0.7476674891174966,0.7476674891174966,-0.6152743309942077
0.22303392502884964,0.8176388075060236,1.066069361305557,75.66038846791642,80.65922201012198,0.6861269635281481,0.36817675121933574,1.3722539270562961,0.7363535024386715,0.7363535024386715,-0.6359004246176246
0.22824222375040976,0.8141716517011788,1.064606944684166,75.88207699752775,80.78458614862664,0.6908768478541809,0.36322168367635,1.3817536957083618,0.7264433673527,0.7264433673527,-0.6553103283556618
0.23357214690901212,0.8106538417762764,1.0630757387541272,76.11022049538731,80.91092887987337,0.6957217706471777,0.3590952719534043,1.3914435412943553,0.7181905439068086,0.7181905439068086,-0.6732529973875467
0.23902653468423893,0.8070852173112226,1.0614777539609601,76.34502691149494,81.03854769210271,0.700662908862366,0.3559242282396944,1.401325817724732,0.7118484564793888,0.7118484564793888,-0.6894773612453433
0.2446082935796798,0.8034656406827004,1.0598157721728283,76.58671149554358,81.16780478182713,0.7057014051070737,0.35383230426410817,1.4114028102141474,0.7076646085282163,0.7076646085282163,-0.703738201685931
0.25032039797173256,0.7997949978439112,1.0580933679794242,76.83549706232294,81.29912986704643,0.7108383637680714,0.35293708844244415,1.4216767275361428,0.7058741768848883,0.7058741768848883,-0.7158025506512545
0.2561658916945727,0.7960731990987243,1.0563149123923858,77.09161426628101,81.43302176987423,0.7160748469545133,0.3533466530272169,1.4321496939090266,0.7066933060544338,0.7066933060544338,-0.7254563878545928
0.2621478896621353,0.7923001798685337,1.0544855568805829,77.35530188549491,81.5700485863917,0.7214118702555805,0.35515618679732275,1.442823740511161,0.7103123735946455,0.7103123735946455,-0.7325113669165155
0.2682695795279725,0.7884759014500549,1.052611196358084,77.626807115306,81.71084630710047,0.7268503983128071,0.35844476800118086,1.4537007966256141,0.7168895360023617,0.7168895360023617,-0.7368112606232524
0.2745342233838714,0.7846003517622409,1.0506984105996986,77.90638587187534,81.85611581114624,0.7323913402080242,0.36327244250378865,1.4647826804160484,0.7265448850075773,0.7265448850075773,-0.7382377954084711
0.28094515949814064,0.7806735460804491,1.048754384545699,78.19430310591851,82.00661822882739,0.7380355446689243,0.3696777710812588,1.4760710893378486,0.7393555421625176,0.7393555421625176,-0.7367155471753309
0.2875058040944877,0.7766955277559369,1.046786809012477,78.49083312687945,82.16316874561696,0.7437837950954165,0.3776759961649331,1.487567590190833,0.7553519923298662,0.7553519923298662,-0.7322155978609668
0.2942196531724374,0.7726663689187259,1.0448037643744148,78.79625993780527,82.32662900164384,0.7496368044112273,0.38725795189302026,1.4992736088224545,0.7745159037860405,0.7745159037860405,-0.724757705036414
0.30109028437025925,0.7685861711618346,1.042813590742059,79.11087758118484,82.4978983171908,0.7555952097465931,0.3983898033401689,1.5111904194931862,0.7967796066803378,0.7967796066803378,-0.7144108128128485
0.3081213588714002,0.7644550662048388,1.0408247489523854,79.43499049601516,82.6779040410501,0.7616595669594144,0.41101365394085854,1.5233191339188288,0.8220273078817171,0.8220273078817171,-0.7012918260371117
0.31531662335543614,0.7602732165347016,1.0388456772390184,79.76891388636095,82.86759136889758,0.7678303450038454,0.4250490082683907,1.5356606900076908,0.8500980165367814,0.8500980165367814,-0.6855626734709094
0.32267991199458085,0.7560408160217806,1.0368846487136574,80.11297410167283,83.06791300881936,0.7741079201570601,0.44039502510887685,1.5482158403141202,0.8807900502177537,0.8807900502177537,-0.6674257900963665
0.33021514849681755,0.7517580905089147,1.0349496347403158,80.46750902913135,83.27981907816255,0.7804925701167686,0.45693344800133284,1.5609851402335373,0.9138668960026657,0.9138668960026657,-0.6471182442308716
0.3379263481967431,0.7474252983714685,1.0330481789259263,80.83286849828414,83.5042475995113,0.7869844679840416,0.4745320614960005,1.5739689359680833,0.949064122992001,0.949064122992001,-0.6249048129760822
0.3458176201952377,0.7430427310462245,1.031187285817323,81.20941469824491,83.74211592549659,0.7935836761480591,0.49304849470374207,1.5871673522961183,0.9860969894074841,0.9860969894074841,-0.6010703628886341
0.3538931695490988,0.7386107135270064,1.029373327542574,81.59752260772342,83.99431336594267,0.8002901400915725,0.512334181248217,1.600580280183145,1.024668362496434,1.024668362496434,-0.5759119176867111
0.3621572995118075,0.7341296048249322,1.0276119706380085,81.99758043815685,84.26169522160296,0.8071036821381264,0.5322382868625972,1.6142073642762529,1.0644765737251944,1.0644765737251944,-0.5497307905510584
0.3706144138266228,0.729599798391217,1.0259081242430153,82.40999009021512,84.54507835233805,0.8140239951644211,0.5526114314013042,1.6280479903288423,1.1052228628026084,1.1052228628026084,-0.5228251275262339
0.3792690190732246,0.7250217225004679,1.0242659098034896,82.83516762395327,84.84523833007306,0.8210506363035922,0.5733090584847644,1.6421012726071844,1.1466181169695289,1.1466181169695289,-0.49548315563765555
0.3881257270691536,0.7203958405924581,1.0226886514730462,83.27354374288731,85.16290815379516,0.8281830206676288,0.5941943400150929,1.6563660413352577,1.1883886800301857,1.1883886800301857,-0.46797736130507195
0.39718925732733024,0.7157226515704038,1.0211788855945911,83.72556429227244,85.49877843976105,0.8354204151196204,0.6151405406733772,1.6708408302392408,1.2302810813467544,1.2302810813467544,-0.4405597488924864
0.4064644395709628,0.711002690053825,1.0197383870203016,84.19169077186605,85.85349894821469,0.8427619321290064,0.6360328056298983,1.6855238642580128,1.2720656112597966,1.2720656112597966,-0.41345825299821626
0.41595621630718427,0.706236526584135,1.018368209602339,84.67240086346315,86.22768127005651,0.8502065237454444,0.656769369964358,1.7004130474908887,1.313538739928716,1.313538739928716,-0.3868743075621728
0.4256696454607871,0.7014247677811731,1.01706873795822,85.16818897349614,86.6219024734609,0.8577529757293326,0.6772622183723965,1.7155059514586652,1.354524436744793,1.354524436744793,-0.3609815147138722
0.4356099030694608,0.6965680564489779,1.0158397475671446,85.6795667909988,87.03670950063052,0.8653999018793415,0.6974372471806609,1.730799803758683,1.3948744943613218,1.3948744943613218,-0.3359253093973611
0.4457822860419706,0.691667071629186,1.0146804703594088,86.20706386124222,87.47262410702884,0.8731457385995278,0.7172339969272302,1.7462914771990556,1.4344679938544604,1.4344679938544604,-0.3118234833445952
0.45619221498074586,0.6867225286005407,1.0135896631867505,86.75122817535971,87.93014814729979,0.8809887397506714,0.7366050329612412,1.7619774795013428,1.4732100659224825,1.4732100659224825,-0.28876741357886027
0.46684523707037895,0.6817351788231086,1.012565676871497,87.31262677628969,88.40976903116217,0.8889269718323393,0.7555150544207143,1.7778539436646785,1.5110301088414286,1.5110301088414286,-0.2668238348232499
0.4777470290335773,0.6767058098259104,1.0116065238925316,87.8918463813785,88.91196519636269,0.8969583095438406,0.7739398096689322,1.7939166190876812,1.5478796193378643,1.5478796193378643,-0.24603699974981685
0.48890340015614425,0.6716352450368023,1.0107099431460693,88.48949402200189,89.43721147200196,0.9050804317736013,0.7918648900879857,1.8101608635472026,1.5837297801759713,1.5837297801759713,-0.2264310833712313
0.5003202953825999,0.6665243435535795,1.0098734605941693,89.10619770058034,89.98598423227328,0.9132908180675483,0.8092844653339293,1.8265816361350966,1.6185689306678586,1.6185689306678586,-0.20801270546723805
0.5120037984840887,0.6613739998554133,1.0090944449649666,89.74260706538534,90.55876626635411,0.9215867456277759,0.8262000129259782,1.8431734912555517,1.6524000258519564,1.6524000258519564,-0.1907734654035953
0.5239601353002644,0.656185143453881,1.0083701579828888,90.39939410355696,91.15605131376114,0.9299652868930722,0.8426190843599973,1.8599305737861445,1.6852381687199947,1.6852381687199947,-0.1746924050661498
0.5361956770568816,0.6509587384830092,1.0076977988770965,91.07725385277902,91.77834823521597,0.9384233077527052,0.8585541395724134,1.8768466155054104,1.7171082791448269,1.7171082791448269,-0.15973833636058354
0.5487169437608599,0.6456957832279078,1.0070745431390775,91.7769051320893,92.42618480661729,0.9469574664442204,0.8740214720721531,1.8939149328884408,1.7480429441443062,1.7480429441443062,-0.14587198874413465
0.5615306076746273,0.6403973095917488,1.0064975756761514,92.49909129233363,93.1001111379808,0.9555642131848107,0.8890402387417163,1.9111284263696213,1.7780804774834327,1.7780804774834327,-0.13304794888618865
0.5746434968715973,0.6350643825010152,1.0059641186396853,93.24458098681174,93.80070273032483,0.9642397905840526,0.9036316013463113,1.9284795811681053,1.8072632026926225,1.8072632026926225,-0.12121637847548272
0.5880625988746757,0.6296980992491193,1.0054714542996361,94.01416896270189,94.52856319169958,0.9729802348834683,0.9178179812085376,1.9459604697669366,1.8356359624170753,1.8356359624170753,-0.11032450734986132
0.6017950643797327,0.6242995887786885,1.005016943396176,94.80867687389707,95.28432663923975,0.9817813780653429,0.9316224242387139,1.9635627561306859,1.8632448484774278,1.8632448484774278,-0.1003179076532581
0.615848211066026,0.6188700109029848,1.0045980394303664,95.62895411593402,96.06865981764379,0.9906388508696383,0.945068070425345,1.9812777017392766,1.89013614085069,1.89013614085069,-0.0911415608885866
0.6302295274956023,0.6134105554671335,1.0042122993647844,96.4758786837494,96.88226396624597,0.999548086753509,0.9581777198234969,1.999096173507018,1.9163554396469937,1.9163554396469937,-0.08274073386002434
0.6449466771037621,0.6079224414500098,1.003857391196859,97.35035805305559,97.7258764672205,1.0085043268230054,0.9709734858535441,2.017008653646011,1.9419469717070883,1.9419469717070883,-0.07506168193892249
0.6600075022827089,0.6024069160078375,1.0035310988470534,98.25333008618976,98.60027230677626,1.0175026257609052,0.983476526166898,2.0350052515218104,1.966953052333796,1.966953052333796,-0.06805219918801453
0.6754200285605587,0.5968652534607412,1.0032313247748523,99.1857639633562,99.50626537976365,1.026537858768397,0.9957068412896662,2.053075717536794,1.9914136825793325,1.9914136825793325,-0.0616620349574617
0.6911924688779366,0.5912987542236838,1.0029560907009958,100.14866114025293,100.44470966616682,1.0356047295314537,1.0076831315804833,2.0712094590629073,2.0153662631609666,2.0153662631609666,-0.055843195901940756
0.7073332279644439,0.5857087436834126,1.0027035367771457,101.14305633314892,101.4165003056985,1.0446977792153314,1.0194227036174677,2.0893955584306627,2.0388454072349353,2.0388454072349353,-0.050550151195727366
0.7238509068173248,0.5800965710232209,1.0024719195061256,102.17001853255606,102.4225745943079,1.0538113964826763,1.0309414178658978,2.1076227929653526,2.0618828357317955,2.0618828357317955,-0.04573995723355706
0.7407543072847163,0.574463607997519,1.0022596086785334,103.23065204672521,103.46391292398066,1.062939828522339,1.0422536702989817,2.125879657044678,2.0845073405979635,2.0845073405979635,-0.041372316446714574
0.7580524367559262,0.5688112476583836,1.0020650835559255,104.32609757628133,104.54153968483999,1.0720771930672266,1.0533724014907753,2.144154386134453,2.1067448029815505,2.1067448029815505,-0.03740958315290266
0.7757545129612413,0.5631409030364247,1.0018869284975676,105.4575333214049,105.65652414631222,1.0812174913704937,1.0643091275339474,2.1624349827409874,2.1286182550678947,2.1286182550678947,-0.03381672767309274
0.7938699688838223,0.5574540057784777,1.0017238281973928,106.6261761230606,106.8099813320417,1.0903546221001326,1.0750739879264997,2.180709244200265,2.1501479758529993,2.1501479758529993,-0.030561268347265802
0.8124084577862966,0.5517520047447888,1.001574562670448,107.83328263987154,108.00307290134815,1.0994823961027291,1.085675806303223,2.1989647922054583,2.171351612606446,2.171351612606446,-0.027613179599012216
0.8313798583547334,0.5460363645685038,1.0014380021038123,109.08015056233806,109.23700804833088,1.1085945519779028,1.096122160550095,2.2171891039558056,2.19224432110019,2.19224432110019,-0.02494478285561552
0.8507942799627445,0.5403085641804174,1.0013131016656358,110.36811986620354,110.51304442823294,1.1176847723958554,1.106419459427958,2.235369544791711,2.212838918855916,2.212838918855916,-0.022530625935794912
0.8706620680585118,0.5345700953020668,1.0011988963474185,111.69857410687302,111.8324891193816,1.1267467010816845,1.116573023347192,2.253493402163369,2.233146046694384,2.233146046694384,-0.02034735546898503
0.8909938096776107,0.5288224609103753,1.0010944958987285,113.07294175689836,113.19669962790846,1.1357739603817543,1.1265871673799217,2.2715479207635085,2.2531743347598434,2.2531743347598434,-0.01837358600366512
0.9118003390845681,0.5230671736771594,1.0009990799000057,114.49269758865015,114.60708494150839,1.1447601693196388,1.1364652849751902,2.2895203386392775,2.2729305699503803,2.2729305699503803,-0.016589768688897166
0.9330927435461663,0.5173057543869043,1.0009118930076624,115.95936410440657,116.06510663770635,1.153698962042066,1.146209931162832,2.307397924084132,2.292419862325664,2.292419862325664,-0.014978061758467831
0.9548823692395657,0.5115397303363027,1.000832240396155,117.47451301619708,117.57228005144778,1.1625840065490127,1.1558229042984685,2.3251680130980255,2.311645808596937,2.311645808596937,-0.013522204501088542
0.9771808272983898,0.5057706337191197,1.0007594834137974,119.0397667778473,119.13017550629739,1.1714090235967638,1.1653053256223798,2.3428180471935276,2.3306106512447595,2.3306106512447595,-0.012207395948768074
1.0,0.5,1.000693035462634,120.65680017178103,120.74041961310802,1.1801678056584626,1.174657716085698,2.360335611316925,2.349315432171396,2.349315432171396,-0.01102017914552933
1.0233520470972575,0.49422936628088054,1.0006323581074548,122.32734195324188,122.40469663968942,1.1888542358235135,1.1838800700428413,2.377708471647027,2.3677601400856827,2.3677601400856827,-0.009948331561344226
1.0472494122981475,0.4884602696636978,1.0005769574148617,124.05317655470294,124.12474995475333,1.197462306515248,1.1929719255266071,2.394924613030496,2.3859438510532143,2.3859438510532143,-0.008980761977281926
1.0717048298967093,0.4826942456130963,1.0005263805200093,125.83614585333787,125.90238354922812,1.2059861379055767,1.2019324309152633,2.4119722758111535,2.4038648618305265,2.4038648618305265,-0.008107413980626976
1.0967313315588179,0.4769328263228406,1.0004802124161023,127.67815100452916,127.73946363790651,1.2144199959059963,1.2107604078742464,2.4288399918119925,2.421520815748493,2.421520815748493,-0.007319176063499633
1.1223422532664173,0.4711775390896249,1.0004380729598246,129.5811543444897,129.63792034431088,1.2227583096162553,1.2194544105119844,2.4455166192325106,2.438908821023969,2.438908821023969,-0.0066077982085417375
1.1485512424239368,0.4654299046979337,1.000399614084467,131.54718136517477,131.59974947162024,1.2309956881152846,1.228012780733498,2.461991376230569,2.456025561466996,2.456025561466996,-0.005965814763573274
1.1753722651306366,0.4596914358195825,1.0003645172115545,133.57832276475187,133.62701436249023,1.2391269364835598,1.2364336998092937,2.4782538729671195,2.4728673996185875,2.4728673996185875,-0.005386473348532039
1.2028196136227776,0.45396363543149626,1.0003324908511357,135.6767365769956,135.7218478506194,1.247147070951908,1.2447152362024423,2.494294141903816,2.4894304724048846,2.4894304724048846,-0.0048636694989312446
1.2309079138896017,0.44824799525521153,1.0003032683805486,137.84465038306408,137.88645430695306,1.2550513330787978,1.252855389716261,2.5101026661575956,2.505710779432522,2.505710779432522,-0.004391886725073402
1.259652133467139,0.4425459942215228,1.0002766059913357,140.0843636091999,140.12311178346664,1.2628352028662406,1.2608521320397943,2.5256704057324812,2.5217042640795886,2.5217042640795886,-0.003966141652892663
1.2890675894140244,0.4368590969635758,1.0002522807940297,142.39824991399027,142.434174257547,1.2704944107335558,1.2687034437790365,2.5409888214671117,2.537406887558073,2.537406887558073,-0.0035819339090386038
1.3191699564735717,0.4311887523416163,1.0002300890706908,144.78875966890354,144.82207398006224,1.2780249482782104,1.276407348070781,2.556049896556421,2.552814696141562,2.552814696141562,-0.0032352004148590296
1.3499752754264296,0.4255363920024812,1.000209844665365,147.25842253590335,147.28932393030257,1.285423077763619,1.283961940882414,2.570846155527238,2.567923881764828,2.567923881764828,-0.0029222737624099437
1.3814999616383208,0.4199034289767796,1.0001913775029665,149.80985014602825,149.83852038106897,1.2926853402850915,1.2913654181064687,2.585370680570183,2.5827308362129373,2.5827308362129373,-0.0026398443572457353
1.4137608138073614,0.4142912563165873,1.000174532227498,152.44573888290083,152.47234557728063,1.2998085625767513,1.2986160995633835,2.5996171251535025,2.597232199126767,2.597232199126767,-0.0023849260267354566
1.446775022915648,0.4087012457763163,1.0001591669509535,155.16887277521812,155.19357053158066,1.3067898624342231,1.3057124500295585,2.6135797248684463,2.611424900059117,2.611424900059117,-0.00215482480932927
1.48056018138991,0.4031347465392591,1.0001451521047025,157.98212650235834,158.00505794052552,1.3136266527399145,1.3126530974119242,2.627253305479829,2.6253061948238483,2.6253061948238483,-0.0019471106559807438
1.5151342924760514,0.397593083992163,1.000132369385626,160.8884685173176,160.90976522504957,1.3203166440896437,1.3194368481929986,2.6406332881792873,2.638873696385997,2.638873696385997,-0.001759591793290216
1.5505157798326221,0.39207755854999066,1.0001207107897372,163.89096429128278,163.91074769901317,1.3268578460311213,1.3260627002736345,2.6537156920622427,2.652125400547269,2.652125400547269,-0.0015902915149736963
1.5867234973483177,0.38658944453286653,1.0001100777264775,166.992779684232,167.01116186975779,1.33324856693612,1.3325298533436214,2.66649713387224,2.665059706687243,2.665059706687243,-0.0014374271849972864
1.623776739188721,0.3811299890970154,1.000100380207338,170.19718444604482,170.21426887470787,1.3394874125389904,1.3388377169126915,2.678974825077981,2.677675433825383,2.677675433825383,-0.0012993912525978146
1.6616952500776871,0.375700411221312,1.0000915361028797,173.5075558527052,173.52343805818813,1.345573283184347,1.3449859161367237,2.691146566368694,2.6899718322734474,2.6899718322734474,-0.001174734095246599
1.700499235818794,0.3703019007508806,1.0000834704626491,176.92738248227326,176.94215069274435,1.3515053698361528,1.350974295575953,2.7030107396723055,2.701948591151906,2.701948591151906,-0.0010621485203996528
1.7402093740624849,0.36493561749898495,1.0000761148928845,180.4602681354113,180.47400384939033,1.3572831489089727,1.3568029210233563,2.7145662978179455,2.7136058420467126,2.7136058420467126,-0.0009604557712328265
1.7808468253246812,0.3596026904082514,1.0000694069872798,184.10993590536637,184.12271442134585,1.3629063759897853,1.362472079542326,2.7258127519795705,2.724944159084652,2.724944159084652,-0.000868592894918585
1.8224332442626647,0.35430421677209273,1.0000632898064339,187.8802324024177,187.89212330595922,1.3683750785253244,1.3679822778532673,2.7367501570506487,2.7359645557065346,2.7359645557065346,-0.0007856013441140952
1.8649907912142942,0.3490412615169912,1.0000577114019467,191.77513213793563,191.78619974966983,1.373689547555499,1.373334239208483,2.747379095110998,2.746668478416966,2.746668478416966,-0.0007106166940320513
1.908542144006686,0.34381485654611893,1.0000526243814354,195.79874207332557,195.80904586101303,1.3788503285779388,1.3785288988938262,2.7577006571558775,2.7570577977876525,2.7570577977876525,-0.0006428593682250572
1.953110510040631,0.338626000144587,1.0000479855110376,199.9553063392735,199.96490129683286,1.3838582116321156,1.3835673984943628,2.7677164232642313,2.7671347969887257,2.7671347969887257,-0.0005816262755056201
1.9987196386572486,0.3334756564464209,1.0000437553522457,204.24921113086805,204.258148127047,1.388714220693883,1.3884510790589482,2.777428441387766,2.7769021581178963,2.7769021581178963,-0.0005262832698695874
2.0453938337933906,0.3283647549631977,1.000039897930163,208.68498978432248,208.69331588347094,1.3934196024725654,1.3931814732957895,2.7868392049451307,2.786362946591579,2.786362946591579,-0.0004762583535518061
2.0931579669325737,0.32329419017408967,1.0000363804305152,213.26732804120354,213.2750867984125,1.3979758147030956,1.3977602969278475,2.7959516294061912,2.795520593855695,2.795520593855695,-0.0004310355504961727
2.142037490358383,0.3182648211768916,1.000033172922963,218.00106950625633,218.0083012389409,1.4023845140250628,1.4021894393327443,2.8047690280501256,2.8043788786654886,2.8043788786654886,-0.0003901493846369952
2.1920584507173233,0.3132774713994597,1.0000302481084709,222.89122130509494,222.89796334293416,1.4066475435390586,1.4064709535872044,2.8132950870781173,2.812941907174409,2.812941907174409,-0.00035317990370842267
2.2432475028984156,0.30833292837081444,1.0000275810886654,227.94295994824964,227.94924686323859,1.4107669201284183,1.4106070460308702,2.8215338402568366,2.8212140920617403,2.8212140920617403,-0.00031974819509628105
2.2956319242369094,0.30343194355102204,1.0000251491552938,233.16163740826894,233.1675012264967,1.4147448216314313,1.4146000654589368,2.8294896432628627,2.8292001309178736,2.8292001309178736,-0.0002895123449890846
2.349239629049658,0.2985752322188271,1.000022931598051,238.55278741680303,238.558257813438,1.4185835739454435,1.4184524920468982,2.837167147890887,2.8369049840937963,2.8369049840937963,-0.0002621637970907642
2.4040991835099694,0.2937634734158654,1.0000209095291894,244.1221319888463,244.1272364676909,1.422285638140072,1.4221669261042102,2.844571276280144,2.8443338522084205,2.8443338522084205,-0.00023742407172333557
2.4602398208697775,0.28899730994617495,1.0000190657234578,249.87558818155523,249.88035224041838,1.4258535976520688,1.4257460767473897,2.8517071953041375,2.8514921534947795,2.8514921534947795,-0.00021504180935805195
2.517691457037277,0.28427734842959623,1.000017384472042,255.81927509533634,255.82372237837203,1.4292901456293334,1.4291927505760933,2.858580291258667,2.8583855011521866,2.8583855011521866,-0.0001947901064802693
2.5764847065183747,0.2796041594075421,1.0000158514492912,261.95952112518074,261.9636735632462,1.4325980724862473,1.4325098404287433,2.8651961449724945,2.8650196808574866,2.8650196808574866,-0.0001764641150079349
2.6366508987303554,0.2749782774995325,1.00001445359112,268.30287147050046,268.306749410501,1.435780253726948,1.4357003142874967,2.871560507453896,2.8714006285749933,2.8714006285749933,-0.00015987887890256403
2.698222094696533,0.2704002016087834,1.000013178984067,274.8560959120462,274.8597182361549,1.4388396380875192,1.438767204395208,2.8776792761750385,2.877534408790416,2.877534408790416,-0.0001448673846224935
2.761231104130753,0.26587039517506783,1.000012016764084,281.62619686479496,281.62958110036254,1.4417792360423551,1.4417135966403252,2.8835584720847103,2.8834271932806503,2.8834271932806503,-0.0001312788040599422
2.825711502920827,0.26138928647299386,1.0000109570242062,288.6204177160335,288.6235801369368,1.4446021087142573,1.4445426202587737,2.8892042174285146,2.8890852405175473,2.8890852405175473,-0.00011897691096729446
2.8916976510202965,0.25695726895377585,1.000009990730326,295.84625145821906,295.84920717833535,1.4473113572222258,1.4472574378954184,2.8946227144444516,2.8945148757908368,2.8945148757908368,-0.00010783865361485567
2.9592247107579572,0.2525747016285315,1.0000091096443648,303.3114496265475,303.3142126859854,1.4499101124954188,1.449861236061378,2.8998202249908376,2.899722472122756,2.899722472122756,-9.775286808144656e-05
3.0283286655749455,0.2482419094910853,1.0000083062541958,311.0240315515474,311.0266149962145,1.4524015255764633,1.4523572160172247,2.9048030511529266,2.9047144320344493,2.9047144320344493,-8.861911847724002e-05
3.0990463391994267,0.24395918397821945,1.0000075737097212,318.99229393741615,318.9947098924537,1.4547887584322463,1.4547485851066473,2.9095775168644926,2.9094971702132946,2.9094971702132946,-8.034665119804885e-05
3.1714154152689953,0.2397267834652988,1.0000069057645746,327.22482077719974,327.22708051477497,1.4570749752854801,1.4570385485594348,2.9141499505709603,2.9140770971188696,2.9140770971188696,-7.285345209062655e-05
3.2454744574113255,0.23554493379516153,1.0000062967229457,335.73049361636663,335.7326076182693,1.4592633344758519,1.459230301777679,2.9185266689517038,2.918460603555358,2.918460603555358,-6.606539634557151e-05
3.321262929793748,0.23141382883816547,1.000005741391085,344.51850217674723,344.5204801922042,1.4613569808553155,1.4613270231144042,2.922713961710631,2.9226540462288084,2.9226540462288084,-5.991548182260331e-05
3.3988212181526674,0.22733363108127427,1.0000052350330728,353.5983553532663,353.6002064523511,1.463359038718227,1.4633318671494133,2.926718077436454,2.9266637342988266,2.9266637342988266,-5.434313762719967e-05
3.4781906513141263,0.22330447224406352,1.0000047733304835,362.9798925963841,362.98162521937036,1.4652726052634422,1.4652479584632307,2.9305452105268843,2.9304959169264615,2.9304959169264615,-4.9293600422828376e-05
3.559413523216862,0.21932645391955083,1.0000043523455975,372.67329569361823,372.674917696596,1.4671007445822908,1.4670783859063474,2.9342014891645816,2.934156771812695,2.934156771812695,-4.4717351886713885e-05
3.6425331154496376,0.21539964823775914,1.0000039684878537,382.6891009640468,382.69061966109575,1.4688464821634457,1.4688261973578722,2.9376929643268914,2.9376523947157445,2.9376523947157445,-4.0569611146956674e-05
3.727593720314938,0.21152409854994542,1.0000036184832546,393.03821188022044,393.0396340824085,1.4705127999031558,1.470494394964711,2.9410255998063115,2.940988789929422,2.940988789929422,-3.68098768896985e-05
3.814640664431174,0.20769982013146668,1.0000032993464667,403.7319121324189,403.73324418387676,1.4721026316070884,1.4720859308500145,2.944205263214177,2.944171861700029,2.944171861700029,-3.3401514147879396e-05
3.9037203328860843,0.2039268009012761,1.0000030083553766,414.78187915078456,414.7831269620808,1.4736188589681034,1.473603703277426,2.947237717936207,2.947207406554852,2.947207406554852,-3.031138135467515e-05
3.9948801939541703,0.20020500215608883,1.0000027430278908,426.20019810141986,426.20136718045035,1.4750643080026682,1.4750505532557552,2.9501286160053364,2.9501011065115104,2.9501011065115104,-2.750949382601675e-05
4.088168824391289,0.1965343593172997,1.0000025011007763,437.99937637313803,438.0004718537183,1.4764417459272976,1.476429261567332,2.952883491854595,2.952858523134664,2.952858523134664,-2.4968719931184324e-05
4.183635935320015,0.19291478268877776,1.0000022805103685,450.1923585721906,450.1933852405321,1.4777538784553381,1.477742546201919,2.9555077569106762,2.955485092403838,2.955485092403838,-2.2664506838410148e-05
4.281332398719396,0.1893461582237235,1.0000020793749762,462.7925420429046,462.79350436213565,1.4790033474935915,1.4789930601771502,2.958006694987183,2.9579861203543003,2.9579861203543003,-2.057463288274164e-05
4.3813102745333055,0.18582834829882117,1.00000189597884,475.8137929328509,475.81469506573404,1.4801927292177186,1.4801833897257373,2.960385458435437,2.9603667794514745,2.9603667794514745,-1.8678983962683304e-05
4.483622838411906,0.18236119249397661,1.0000017287575007,489.2704628218491,489.2713086518316,1.4813245325049664,1.48131605282914,2.962649065009933,2.96263210565828,2.96263210565828,-1.6959351652801047e-05
4.58832461010084,0.1789445083760006,1.0000015762844618,503.17740593479357,503.1781990855201,1.4824011977025995,1.482393498077227,2.964802395405199,2.964786996154454,2.964786996154454,-1.539925074478532e-05
4.69547138249342,0.17557809228464774,1.0000014372590236,517.5499969590543,517.5507408124575,1.4834250957104234,1.4834181038331145,2.9668501914208467,2.966836207666229,2.966836207666229,-1.3983754617807875e-05
4.805120251361242,0.17226172011949453,1.000001310495191,532.4041494879424,532.4048472010201,1.4843985273559155,1.48439217768276,2.968797054711831,2.96878435536552,2.96878435536552,-1.2699346310984794e-05
4.917329645779016,0.1689951481262035,1.0000011949115608,547.7563351125087,547.756989632886,1.4853237230407939,1.4853179561487506,2.9706474460815877,2.9706359122975012,2.9706359122975012,-1.1533784086470433e-05
5.032159359259988,0.16577811368078277,1.0000010895220977,563.623603184788,563.6242172651583,1.4862028426382499,1.4861976046482634,2.9724056852764997,2.972395209296527,2.972395209296527,-1.0475979972834892e-05
5.149670581618343,0.1626103360705283,1.0000009934277247,580.0236012763888,580.0241774879153,1.487037975620586,1.4870332176756496,2.974075951241172,2.974066435351299,2.974066435351299,-9.515889872968586e-06
5.269925931575656,0.1594915172703956,1.0000009058086565,596.9745963572383,596.9751371019954,1.487831141397602,1.4878268191904138,2.975662282795204,2.9756536383808276,2.9756536383808276,-8.644414376313136e-06
5.39298949012887,0.15642134271361707,1.0000008259174051,614.4954967201887,614.4960042427149,1.4885842898467387,1.4885803631922252,2.9771685796934775,2.9771607263844504,2.9771607263844504,-7.85330902708381e-06
5.518926834697374,0.15339948205545748,1.0000007530724062,632.6058746780838,632.606351076112,1.4892993020167298,1.4892957344651236,2.9785986040334596,2.9785914689302473,2.9785914689302473,-7.135103212263516e-06
5.647805074067546,0.15042558992905863,1.000000686652204,651.325990060894,651.3264372953206,1.4899779909872826,1.4899747494738755,2.979955981974565,2.979949498947751,2.979949498947751,-6.4830268140525504e-06
5.779692884153313,0.1474993066923983,1.0000006260901522,670.6768145414983,670.6772344456472,1.4906221028681192,1.490619157396161,2.9812442057362385,2.981238314792322,2.981238314792322,-5.89094391667544e-06
5.9146605445917455,0.14462025916545435,1.0000005708695785,690.6800568197176,690.6804511079505,1.4912333179215604,1.4912306412751304,2.982466635843121,2.9824612825502608,2.9824612825502608,-5.35329286011077e-06
6.052779976193343,0.1417880613567274,1.000000520519379,711.3581886953142,711.3585589710367,1.4918132517936695,1.4918108192777213,2.983626503587339,2.9836216385554426,2.9836216385554426,-4.865031896450489e-06
6.19412477926676,0.1390023151783478,1.0000004746099989,732.7344720617107,732.7348198248176,1.492363456839852,1.4923612460447324,2.984726913679704,2.984722492089465,2.984722492089465,-4.421590239278572e-06
6.338770272838487,0.13626261114905022,1.000000432749768,754.8329868533862,754.8333135071862,1.4928854235316482,1.4928834141198275,2.9857708470632964,2.985766828239655,2.985766828239655,-4.01882364142736e-06
6.486793534788508,0.13356852908436037,1.0000003945815599,777.6786599810852,777.6789668387439,1.493380581932327,1.493378755445234,2.986761163864654,2.986757510890468,2.986757510890468,-3.652974185808233e-06
6.638273442923075,0.13091963877340743,1.000000359779745,801.2972952901621,801.2975835806986,1.4938503032297075,1.493848642912738,2.987700606459415,2.987697285825476,2.987697285825476,-3.3206339389302286e-06
6.7932907170066885,0.12831550064182493,1.0000003280474143,825.7156045787134,825.7158754525824,1.49429590131549,1.4942943919594276,2.98859180263098,2.988588783918855,2.988588783918855,-3.0187121247138293e-06
6.951927961775605,0.12575566640026598,1.000000299113844,850.9612397134371,850.9614942477244,1.4947186344011387,1.494717262198481,2.9894372688022774,2.989434524396962,2.989434524396962,-2.7444053154468406e-06
7.114269710955731,0.12323967967811313,1.0000002727321877,877.0628258825199,877.0630650857831,1.495119706661168,1.4951184590759445,2.990239413322336,2.990236918151889,2.990236918151889,-2.495170446703554e-06
7.280402472308562,0.12076707664201275,1.0000002486773707,904.0499960263159,904.0502208430918,1.495500269895421,1.4954991355451728,2.991000539790842,2.9909982710903456,2.9909982710903456,-2.2687004963550805e-06
7.450414773728917,0.11833738659892191,1.0000002267441686,931.9534264879745,931.9536378029793,1.4958614252026488,1.4958603937514852,2.9917228504052975,2.9917207875029703,2.9917207875029703,-2.0629023271823144e-06
7.624397210419138,0.11595013258339952,1.0000002067454576,960.8048739277527,960.8050725697962,1.4962042246583838,1.4962032867200363,2.9924084493167675,2.9924065734400727,2.9924065734400727,-1.875876694867884e-06
7.802442493165045,0.11360483192892017,1.0000001885106182,990.6372135463289,990.6374002919624,1.4965296729907653,1.4965288200406803,2.9930593459815307,2.9930576400813607,2.9930576400813607,-1.7059001700125975e-06
7.984645497739079,0.11130099682304023,1.0000001718840787,1021.4844786640049,1021.4846542409234,1.4968387292485907,1.4968379535442393,2.9936774584971815,2.9936759070884786,2.9936759070884786,-1.5514087028378754e-06
8.171103315457186,0.1090381348462815,1.000000156723989,1053.3819017044523,1053.3820667946657,1.497132308456455,1.4971316029650685,2.99426461691291,2.994263205930137,2.994263205930137,-1.4109827728425728e-06
8.361915304916318,0.10681574949464238,1.000000142901009,1086.3659566333656,1086.3661118761572,1.4974112832523991,1.4974106415854522,2.9948225665047983,2.9948212831709045,2.9948212831709045,-1.2833338938200711e-06
8.557183144940002,0.10463334068568567,1.0000001302972077,1120.4744029042065,1120.4745488988924,1.4976764855040114,1.4976759018577732,2.995352971008023,2.9953518037155464,2.9953518037155464,-1.1672924764560833e-06
8.7570108887605,0.10249040524818323,1.0000001188050538,1155.7463309651664,1155.7464682736716,1.4979287078994055,1.497928177001047,2.995857415798811,2.995856354002094,2.995856354002094,-1.061796716772534e-06
8.961505019466049,0.10038643739534063,1.0000001083265015,1192.2222093833248,1192.2223385325858,1.49816870550996,1.4981682225686632,2.99633741101992,2.9963364451373264,2.9963364451373264,-9.658825934621973e-07
9.17077450674293,0.09832092918164972,1.0000000987721518,1229.9439336440962,1229.944055128305,1.4983971973221384,1.498396757984714,2.9967943946442768,2.996793515969428,2.996793515969428,-8.786748488809337e-07
9.38493086494272,0.0962933709434488,1.0000000900604906,1268.9548766861567,1268.9549909688556,1.4986148677360793,1.498614468046743,2.9972297354721587,2.997228936093486,2.997228936093486,-7.993786725890573e-07
9.604088212505369,0.09430325172330263,1.0000000821171935,1309.2999412341392,1309.3000487501758,1.4988223680290316,1.4988220043928757,2.997644736058063,2.9976440087857514,2.9976440087857514,-7.272723117068836e-07
9.82836333277001,0.09235005967833454,1.000000074874491,1351.0256139937437,1351.025715151099,1.4990203177820378,1.499019986931909,2.9980406355640756,2.998039973863818,2.998039973863818,-6.617002576980724e-07
10.057875736205835,0.09043328247267127,1.0000000682705916,1394.1800217761934,1394.1801169576884,1.4992093062685654,1.4992090052349833,2.998418612537131,2.9984180104699667,2.9984180104699667,-6.020671641238096e-07
10.292747724096078,0.08855240765418272,1.000000062249153,1438.8129896213954,1438.8130791862852,1.4993898938040926,1.499389619887953,2.998779787608185,2.998779239775906,2.998779239775906,-5.47832279096383e-07
10.53310445370936,0.08670692301571697,1.0000000567588023,1484.9761009917497,1484.9761852772147,1.499562613055885,1.4995623638037077,2.99912522611177,2.9991247276074153,2.9991247276074153,-4.985043546845702e-07
10.779074004992736,0.08489631694105454,1.0000000517526983,1532.7227601110492,1532.7228394335878,1.4997279703124533,1.4997277434938732,2.9994559406249066,2.9994554869877463,2.9994554869877463,-4.536371602803513e-07
11.030787448822151,0.08312007873581899,1.0000000471881303,1582.1082565257077,1582.108331182438,1.499886446712382,1.49988624029975,2.999772893424764,2.9997724805995,2.9997724805995,-4.1282526419550436e-07
11.288378916846883,0.08137769894359617,1.0000000430261553,1633.1898319683912,1633.1899022382704,1.5000384994324185,1.5000383115822715,3.000076998864837,3.000076623164543,3.000076623164543,-3.757002939863696e-07
11.551985672964781,0.07966866964753314,1.0000000392312647,1686.0267496069043,1686.0268157518658,1.5001845628348724,1.5001843918710938,3.000369125669745,3.0003687837421875,3.0003687837421875,-3.4192755737905145e-07
11.8217481864667,0.07799248475769441,1.0000000357710819,1740.6803657643538,1740.6804280303736,1.5003250495745424,1.5003248939730947,3.0006500991490848,3.0006497879461893,3.0006497879461893,-3.112028954532775e-07
12.097810206889013,0.07634864028446779,1.0000000326160858,1797.2142041996772,1797.2142628177698,1.5004603516655068,1.5004602100405426,3.0009207033310137,3.0009204200810853,3.0009204200810853,-2.832499284011192e-07
12.380318840613969,0.07473663459832128,1.000000029739359,1855.6940330408481,1855.6940882279994,1.5005908415082458,1.500590712599525,3.0011816830164917,3.00118142519905,3.00118142519905,-2.5781744161790243e-07
12.66942462925905,0.07315596867621815,1.0000000271163585,1916.187944466564,1916.1879964266031,1.5007168728776692,1.5007167555391054,3.0014337457553384,3.001433511078211,3.001433511078211,-2.3467712750857572e-07
12.965281629896689,0.07160614633500934,1.0000000247247056,1978.7664372355403,1978.7664861599578,1.5008387818727005,1.5008386750619547,3.001677563745401,3.0016773501239093,3.0016773501239093,-2.1362149160708555e-07
13.268047497147244,0.0700866744521239,1.0000000225439956,2043.5025021663091,2043.5025482350204,1.5009568878281672,1.5009567905972194,3.0019137756563343,3.001913581194439,3.001913581194439,-1.9446189547522863e-07
13.577883567189277,0.06859706317388344,1.0000000205556232,2110.4717106741978,2110.471754056259,1.501071494189796,1.5010714056763672,3.002142988379592,3.0021428113527344,3.0021428113527344,-1.7702685761733505e-07
13.89495494373136,0.06713682611177395,1.0000000187426246,2179.752306475909,2179.752347330188,1.5011828893531833,1.5011828087729397,3.0023657787063667,3.0023656175458795,3.0023656175458795,-1.611604871776251e-07
14.219430585991645,0.06570548052700642,1.0000000170895318,2251.4253005763712,2251.4253390521753,1.5012913474676457,1.5012912741071145,3.0025826949352914,3.002582548214229,3.002582548214229,-1.4672106241064853e-07
14.551483398731937,0.06430254750370243,1.0000000155822413,2325.574569656631,2325.574605894295,1.5013971292058994,1.50139706241603,3.002794258411799,3.00279412483206,3.00279412483206,-1.3357973882577312e-07
14.891290324394086,0.06292755211104159,1.000000014207893,2402.286957985903,2402.286992117339,1.5015004825005513,1.50150042169088,3.0030009650011027,3.00300084338176,3.00300084338176,-1.2161934259680152e-07
15.239032437388273,0.06158002355470571,1.000000012954762,2481.652382985583,2481.6524151347985,1.5016016432483947,1.5016015878817304,3.0032032864967895,3.0032031757634607,3.0032031757634607,-1.1073332872868491e-07
15.59489504058283,0.06025949531795767,1.0000000118121564,2563.763944577477,2563.7639748610577,1.501700835983532,1.5017007855711286,3.003401671967064,3.0034015711422573,3.0034015711422573,-1.0082480672579663e-07
15.95906776404731,0.05896550529268881,1.0000000107703284,2648.7180384535964,2648.718066981159,1.50179827452035,1.5017982286175109,3.0035965490407,3.0035964572350218,3.0035964572350218,-9.180567817068663e-08
16.331744666101667,0.05769759590076655,1.0000000098203892,2736.614473409903,2736.6145002845224,1.501894162567374,1.501894120769463,3.003788325134748,3.003788241538926,3.003788241538926,-8.35958222644706e-08
16.713124336724857,0.056455314206014275,1.0000000089542342,2827.556592891495,2827.556618210099,1.5019886943130392,1.5019886562518694,3.0039773886260783,3.003977312503739,3.003977312503739,-7.612233954290559e-08
17.10341000337838,0.0552382120171495,1.000000008164474,2921.6514009023676,2921.6514247561145,1.5020820549843987,1.5020820203249197,3.0041641099687975,3.0041640406498393,3.0041640406498393,-6.931895812911648e-08
17.502809639301013,0.05404584598200392,1.0000000074443702,3019.009692438455,3019.0097149130806,1.5021744213797934,1.5021743898170978,3.004348842759587,3.0043487796341957,3.0043487796341957,-6.312539113650928e-08
17.911536074332304,0.05287777767334567,1.0000000067877792,3119.746188608501,3119.7462097846496,1.502265962376486,1.5022659336331012,3.004531924752972,3.0045318672662025,3.0045318672662025,-5.748676956685017e-08
18.32980710832434,0.05173357366661731,1.0000000061890995,3223.9796766135964,3223.9796965671267,1.5023568394142537,1.5023568132376515,3.0047136788285074,3.004713626475303,3.004713626475303,-5.23532044383046e-08
18.75784562720161,0.050612805609901626,1.000000005643223,3331.833154762262,3331.8331735645393,1.502447206955918,1.5024471831162596,3.004894413911836,3.004894366232519,3.004894366232519,-4.767931693905325e-08
19.19587972173111,0.04951505028641971,1.0000000051454927,3443.4339827047825,3443.4340004229466,1.5025372129257677,1.5025371912138628,3.0050744258515354,3.0050743824277255,3.0050743824277255,-4.3423809881204534e-08
19.644142809066267,0.04843988966985982,1.000000004691662,3558.914037077327,3558.914053774549,1.50262699912681,1.5026269793522546,3.00525399825362,3.0052539587045093,3.0052539587045093,-3.9549110653069874e-08
20.102873757128833,0.0473869109728331,1.000000004277859,3678.409872753245,3678.409888488964,1.5027167016377718,1.502716683627261,3.0054334032755436,3.005433367254522,3.005433367254522,-3.602102172095556e-08
20.572317011895528,0.04635570668874254,1.0000000039005534,3802.062889906596,3802.062904736745,1.5028064511907342,1.5028064347865024,3.0056129023814684,3.005612869573005,3.005612869573005,-3.280846350151023e-08
21.05272272765707,0.04534587462734776,1.000000003556526,3930.0195071004314,3930.0195210776474,1.5028963735302723,1.502896358588705,3.0057927470605446,3.00579271717741,3.00579271717741,-2.988313463347936e-08
21.54434690031882,0.044357017944301504,1.0000000032428416,4062.43134062031,4062.431353794131,1.502986589754947,1.502986576145315,3.005973179509894,3.00597315229063,3.00597315229063,-2.7219264175926128e-08
22.04745150381472,0.04338874516492568,1.000000002956824,4199.455390281982,4199.455402699031,1.5030772166419557,1.5030772042452527,3.0061544332839114,3.0061544084905054,3.0061544084905054,-2.4793405994927298e-08
22.56230462970635,0.04244067020249125,1.0000000026960332,4341.25423195037,4341.2542436545355,1.5031683669557412,1.5031683556636148,3.0063367339114824,3.0063367113272297,3.0063367113272297,-2.2584252690194262e-08
23.089180630041927,0.04151241237125713,1.0000000024582438,4487.996217016213,4487.9962280488035,1.5032601497413207,1.5032601394551273,3.0065202994826414,3.0065202789102545,3.0065202789102545,-2.0572386905115536e-08
23.628360263551752,0.04060359639451636,1.0000000022414277,4639.855679085983,4639.855689485885,1.5033526706030689,1.5033526612330013,3.0067053412061377,3.0067053224660025,3.0067053224660025,-1.8740135221406717e-08
24.18013084525718,0.039713852407893886,1.0000000020437345,4797.013148149965,4797.013157953787,1.5034460319696754,1.5034460234339568,3.006892063939351,3.0068920468679137,3.0068920468679137,-1.7071437152793578e-08
24.744786399573478,0.03884281595812997,1.0000000018634778,4959.6555725037715,4959.655581745979,1.5035403333459558,1.5035403255701394,3.0070806666919117,3.007080651140279,3.007080651140279,-1.5551632870369758e-08
25.322627816987946,0.03799012799757879,1.0000000016991197,5127.976548708744,5127.97655742179,1.503635671552174,1.5036356644684636,3.007271343104348,3.0072713289369273,3.0072713289369273,-1.4167420570032618e-08
25.913963014396572,0.03715543487464441,1.0000000015492578,5302.176559887387,5302.176568101825,1.5037321409515156,1.5037321344981844,3.0074642819030313,3.007464268996369,3.007464268996369,-1.2906662405498537e-08
26.51910709918535,0.03633838832036825,1.0000000014126138,5482.463222661536,5482.463230406139,1.5038298336663216,1.5038298277871673,3.0076596673326432,3.0076596555743347,3.0076596555743347,-1.1758308549048024e-08
27.1383825371428,0.03553864543137813,1.000000001288022,5669.051543052094,5669.051550353956,1.5039288397836537,1.5039288344274837,3.0078576795673073,3.0078576688549674,3.0078576688549674,-1.0712339904017654e-08
27.77211932429355,0.03475586864939965,1.0000000011744188,5862.16418167165,5862.164188556286,1.504029247550765,1.5040292426709636,3.00805849510153,3.008058485341927,3.008058485341927,-9.759602903613995e-09
28.42065516274511,0.033989725737524824,1.0000000010708354,6062.031728553933,6062.0317350453715,1.504131143561007,1.5041311391151313,3.008262287122014,3.0082622782302626,3.0082622782302626,-8.891751335227127e-09
29.08433564064045,0.03323988975342756,1.000000000976388,6268.89298797663,6268.892994097502,1.5042346129306756,1.504234608880069,3.0084692258613512,3.008469217760138,3.008469217760138,-8.101213033739896e-09
29.763514416313132,0.03250603901970721,1.000000000890271,6482.99527364828,6482.995279419903,1.5043397394672997,1.5043397357767563,3.0086794789345994,3.0086794715535126,3.0086794715535126,-7.381086852831231e-09
30.45855340674284,0.03178785709153618,1.0000000008117493,6704.594714643734,6704.594720086184,1.504446605829831,1.5044466024672876,3.008893211659662,3.008893204934575,3.008893204934575,-6.725086709735706e-09
31.169822980411436,0.03108503272178125,1.0000000007401533,6933.956572487334,6933.956577619524,1.50455529368118,1.50455529061744,3.00911058736236,3.00911058123488,3.00911058123488,-6.127479856843365e-09
31.897702154663182,0.030397259823761038,1.0000000006748722,7171.355569798649,7171.355574638398,1.5046658838335307,1.5046658810419942,3.0093317676670615,3.0093317620839883,3.0093317620839883,-5.583073114934223e-09
32.64257879767324,0.029724237431797626,1.0000000006153487,7417.076230930873,7417.07623549496,1.5047784563868276,1.5047784538432625,3.0095569127736552,3.009556907686525,3.009556907686525,-5.0871302725852274e-09
33.404849835132445,0.029065669659713262,1.000000000561075,7671.413235048845,7671.413239353084,1.5048930908608333,1.5048930885431873,3.0097861817216667,3.0097861770863745,3.0097861770863745,-4.635292150112491e-09
34.184921461759274,0.028421265657416626,1.0000000005115885,7934.671782111201,7934.671786170487,1.505009866321112,1.5050098642092826,3.010019732642224,3.0100197284185652,3.0100197284185652,-4.2236587560751104e-09
34.983209357750326,0.027790739565719497,1.0000000004664664,8207.16797223807,8207.16797606644,1.5051288614992961,1.5051288595749728,3.0102577229985923,3.0102577191499456,3.0102577191499456,-3.848646734638805e-09
35.80013891028573,0.027173810469516935,1.0000000004253242,8489.229198965293,8489.229202575967,1.5052501549079595,1.5052501531544806,3.010500309815919,3.0105003063089613,3.0105003063089613,-3.5069578352420194e-09
36.63614544020716,0.02657020234945972,1.000000000387811,8781.194556904902,8781.194560310347,1.5053738249504194,1.5053738233525873,3.0107476499008388,3.0107476467051746,3.0107476467051746,-3.195664177724211e-09
37.491674433988855,0.025979644032242507,1.000000000353606,9083.415264351781,9083.41526756373,1.505499950025759,1.5054999485697353,3.010999900051518,3.0109998971394707,3.0109998971394707,-2.9120474920318884e-09
38.36718178112641,0.025401869139624934,1.000000000322418,9396.255101397775,9396.255104427297,1.505628608629355,1.5056286073025438,3.01125721725871,3.0112572146050876,3.0112572146050876,-2.65362265494673e-09
39.263134017068396,0.02483661603629958,1.000000000293981,9720.090864135502,9720.090866993025,1.5057598794491822,1.5057598782400967,3.0115197588983644,3.0115197564801934,3.0115197564801934,-2.4181709967763254e-09
40.18000857182091,0.02428362777671422,1.000000000268052,10055.312835557434,10055.312838252781,1.505893841458138,1.505893840356313,3.011787682916276,3.011787680712626,3.011787680712626,-2.203650151244574e-09
41.118294024358285,0.023742652050951298,1.0000000002444098,10402.325273779436,10402.325276321866,1.5060305740026387,1.5060305729985533,3.0120611480052775,3.0120611459971065,3.0120611459971065,-2.0081709628527733e-09
42.07849036297398,0.023213441129763947,1.000000000222853,10761.546918241691,10761.546920639936,1.5061701568877062,1.5061701559726781,3.0123403137754123,3.0123403119453562,3.0123403119453562,-1.83005610665532e-09
43.06110925171165,0.02269575180886198,1.0000000002031975,11133.411514566506,11133.411516828786,1.506312670458758,1.5063126696248759,3.012625340917516,3.0126253392497517,3.0126253392497517,-1.6677641490048245e-09
44.06667430301786,0.02218934535253771,1.0000000001852756,11518.368358778369,11518.36836091244,1.5064581956803085,1.5064581949203666,3.012916391360617,3.012916389840733,3.012916389840733,-1.5198837743923832e-09
45.095721356761445,0.021693987436717212,1.0000000001689342,11916.882861619457,11916.882863632627,1.506606814211766,1.5066068135192017,3.013213628423532,3.0132136270384033,3.0132136270384033,-1.3851284563770605e-09
46.14879876576934,0.02120944809151773,1.0000000001540343,12329.437133723131,12329.437135622287,1.506758608480504,1.506758607849339,3.013517216961008,3.013517215698678,3.013517215698678,-1.2623302403369507e-09
47.226467688029544,0.02073550164338935,1.0000000001404485,12756.530592436915,12756.530594228552,1.5069136617523806,1.5069136611771627,3.0138273235047612,3.0138273223543255,3.0138273223543255,-1.1504357466662896e-09
48.32930238571752,0.020271926656914033,1.0000000001280611,13198.680591118558,13198.680592808796,1.5070720581998536,1.507072057675618,3.014144116399707,3.014144115351236,3.014144115351236,-1.0484710877278758e-09
49.457890531206395,0.01981850587633139,1.0000000001167662,13656.42307176145,13656.423073356058,1.507233882967853,1.507233882490071,3.014467765935706,3.014467764980142,3.014467764980142,-9.555640723135639e-10
50.61283352022214,0.0193750261668582,1.0000000001064673,14130.313241838418,14130.313243342835,1.5073992222375365,1.5073992218020944,3.014798444475073,3.014798443604189,3.014798443604189,-8.708842536009342e-10
51.79474679231202,0.01894127845586372,1.000000000097077,14620.926276289532,14620.92627770889,1.5075681632880644,1.5075681628912048,3.015136326576129,3.0151363257824095,3.0151363257824095,-7.937193124973874e-10
53.004260158796725,0.018517057673960384,1.0000000000885148,15128.858045615612,15128.858046954738,1.5077407945565164,1.5077407941948155,3.015481589113033,3.015481588389631,3.015481588389631,-7.234017829205186e-10
54.24201813838024,0.018102162696066217,1.0000000000807079,15654.72587107727,15654.725872340727,1.5079172056960584,1.5079172053663987,3.0158344113921167,3.0158344107327975,3.0158344107327975,-6.593192658499447e-10
55.508680300597995,0.017696396282491447,1.0000000000735894,16199.169308040287,16199.169309232373,1.5080974876324649,1.508097487332002,3.0161949752649297,3.016194974664004,3.016194974664004,-6.009255315575501e-10
56.804921617284286,0.017299565020100112,1.0000000000670988,16762.85095854807,16762.85095967284,1.5082817326190996,1.5082817323452542,3.016563465238199,3.0165634646905084,3.0165634646905084,-5.476907816159837e-10
58.131432822247135,0.016911479263593425,1.0000000000611808,17346.45731424653,17346.4573153078,1.508470034290437,1.508470034040844,3.016940068580874,3.016940068081688,3.016940068081688,-4.991860258485303e-10
59.48892077934331,0.0165319530769591,1.0000000000557847,17950.69963083196,17950.699631833337,1.5086624877142125,1.5086624874867158,3.017324975428425,3.0173249749734317,3.0173249749734317,-4.5499337630872105e-10
60.87810885914756,0.016160804175129023,1.0000000000508644,18576.31483523827,18576.314836183145,1.508859189442277,1.5088591892349243,3.017718378884554,3.0177183784698487,3.0177183784698487,-4.147051591019135e-10
62.299737324418345,0.015797853865883935,1.0000000000463782,19224.0664668304,19224.066467721983,1.5090602375602213,1.5090602373712299,3.0181204751204427,3.0181204747424597,3.0181204747424597,-3.77982978250202e-10
63.75456372456507,0.015442926992042163,1.0000000000422877,19894.745653921273,19894.745654762573,1.5092657317358427,1.5092657315635785,3.0185314634716853,3.018531463127157,3.018531463127157,-3.4452840580456723e-10
65.24336329932622,0.015095851873966842,1.0000000000385578,20589.172126982554,20589.17212777643,1.5094757732664987,1.5094757731094863,3.0189515465329975,3.0189515462189727,3.0189515462189727,-3.1402480615838613e-10
66.76692939187556,0.014756460252423477,1.0000000000351572,21308.195269976506,21308.195270725646,1.5096904651254146,1.5096904649823033,3.019380930250829,3.0193809299646066,3.0193809299646066,-2.8622260117572296e-10
68.32607387157405,0.01442458723181831,1.0000000000320564,22052.695211292175,22052.695211999104,1.5099099120069752,1.509909911876523,3.0198198240139504,3.019819823753046,3.019819823753046,-2.6090463123296104e-10
69.92162756659374,0.014100071223845273,1.0000000000292288,22823.58395583098,22823.58395649809,1.5101342203710542,1.5101342202521475,3.0202684407421083,3.020268440504295,3.020268440504295,-2.3781332458838733e-10
71.55444070664575,0.013782753891567153,1.000000000026651,23621.806559850404,23621.80656047994,1.5103634984864098,1.5103634983780299,3.0207269969728197,3.0207269967560597,3.0207269967560597,-2.1675994332781556e-10
73.22538337604526,0.0134724800939557,1.0000000000243003,24448.342350237795,24448.3423508319,1.5105978564731768,1.5105978563743885,3.0211957129463536,3.021195712748777,3.021195712748777,-1.975766217299224e-10
74.93534597735741,0.013169097830912397,1.0000000000221572,25304.206189957862,25304.206190518533,1.5108374063444832,1.510837406254431,3.0216748126889663,3.021674812508862,3.021674812508862,-1.8010437585758154e-10
76.6852397058701,0.01287245818879075,1.0000000000202027,26190.449791486837,26190.449792015956,1.5110822620472097,1.5110822619651263,3.0221645240944195,3.0221645239302526,3.0221645239302526,-1.641669022944825e-10
78.47599703514607,0.01258241528643897,1.000000000018421,27108.16308012176,27108.163080621118,1.5113325395019115,1.51133253942709,3.022665079003823,3.02266507885418,3.02266507885418,-1.496429646863362e-10
80.30857221391504,0.01229882622178011,1.0000000000167961,28058.475609132158,28058.475609603433,1.511588356641901,1.5115883565736972,3.023176713283802,3.0231767131473943,3.0231767131473943,-1.3640777396517478e-10
82.18394177456805,0.01202155101894596,1.0000000000153149,29042.558028800362,29042.558029245145,1.51184983345152,1.5118498333893504,3.02369966690304,3.023699666778701,3.023699666778701,-1.2433920559828948e-10
84.10310505352605,0.011750452575978804,1.000000000013964,30061.6236114837,30061.623611903484,1.5121170920035802,1.5121170919469091,3.0242341840071605,3.0242341838938183,3.0242341838938183,-1.1334222449477238e-10
86.06708472376158,0.011485396613113989,1.0000000000127325,31116.92983492044,31116.929835316634,1.512390256495985,1.5123902564443277,3.02478051299197,3.0247805128886553,3.0247805128886553,-1.0331469013635797e-10
88.07692733975452,0.011226251621655407,1.0000000000116094,32209.780026091383,32209.780026465316,1.512669453287521,1.5126694532404306,3.025338906575042,3.025338906480861,3.025338906480861,-9.418066326816188e-11
90.1337038951742,0.010972888813454151,1.0000000000105855,33341.52506804843,33341.52506840137,1.5129548109328066,1.5129548108898816,3.025909621865613,3.025909621779763,3.025909621779763,-8.584999378058455e-11
92.23851039358476,0.01072518207099976,1.0000000000096518,34513.56517222064,34513.56517255376,1.5132464602163884,1.5132464601772564,3.026492920432777,3.026492920354513,3.026492920354513,-7.826406189792579e-11
94.39246843247663,0.010483007898132418,1.0000000000088005,35727.35171881308,35727.3517191275,1.51354453418596,1.513544534150288,3.02708906837192,3.027089068300576,3.027089068300576,-7.134381974083226e-11
96.59672580093823,0.010246245371383009,1.0000000000080242,36984.389168026086,36984.38916832285,1.5138491681846844,1.5138491681521689,3.027698336369369,3.0276983363043377,3.0276983363043377,-6.503109162281362e-11
98.8524570912828,0.010014776091947574,1.0000000000073166,38286.23704493345,38286.23704521357,1.514160499882593,1.514160499852955,3.028320999765186,3.02832099970591,3.02832099970591,-5.927613955236666e-11
101.16086432495807,0.009788484138301268,1.0000000000066713,39634.51200098098,39634.51200124539,1.5144786693070258,1.514478669280006,3.0289573386140516,3.028957338560012,3.028957338560012,-5.403943958981472e-11
103.52317759307378,0.009567256019455964,1.000000000006083,41030.88995519183,41030.88995544141,1.514803818872085,1.5148038188474535,3.02960763774417,3.029607637694907,3.029607637694907,-4.9262816048667446e-11
105.94065571188499,0.009350980628865396,1.0000000000055465,42477.108318292994,42477.10831852858,1.5151360934070561,1.5151360933846032,3.0302721868141123,3.0302721867692064,3.0302721867692064,-4.490585681082848e-11
108.41458689358328,0.009139549198980213,1.0000000000050573,43974.96830311745,43974.96830333985,1.5154756401837581,1.5154756401632878,3.0309512803675163,3.0309512803265757,3.0309512803265757,-4.094058425607727e-11
110.94628943275218,0.008932855256455062,1.0000000000046112,45526.33732477684,45526.337324986765,1.5158226089427738,1.5158226089241105,3.0316452178855475,3.031645217848221,3.031645217848221,-3.732658626631746e-11
113.53711240885178,0.008730794578008908,1.0000000000042044,47133.15149424884,47133.15149444701,1.5161771519185105,1.516177151901498,3.032354303837021,3.032354303802996,3.032354303802996,-3.40252270802921e-11
116.18843640510991,0.008533265146938983,1.0000000000038336,48797.41820918147,48797.41820936854,1.5165394238630376,1.5165394238475292,3.0330788477260753,3.0330788476950583,3.0330788476950583,-3.1016966772767773e-11
118.90167424419899,0.008340167110288548,1.0000000000034954,50521.2188458752,50521.21884605179,1.5169095820686376,1.5169095820545015,3.033819164137275,3.033819164109003,3.033819164109003,-2.8272051366684536e-11
121.6782717410923,0.008151402736667672,1.0000000000031872,52306.71155657708,52306.7115567438,1.5172877863890162,1.5172877863761307,3.0345755727780324,3.0345755727522614,3.0345755727522614,-2.5770940936808984e-11
124.51970847350319,0.007966876374725622,1.0000000000029061,54156.134176399966,54156.13417655735,1.517674199259099,1.517674199247347,3.035348398518198,3.035348398494694,3.035348398494694,-2.3503865520524414e-11
127.42749857031322,0.007786494412273447,1.0000000000026497,56071.80724436067,56071.80724450924,1.5180689857133445,1.518068985702633,3.036137971426689,3.036137971405266,3.036137971405266,-2.142286348316702e-11
130.40319151841288,0.0076101652360542164,1.000000000002416,58056.137143230895,58056.137143371154,1.518472313402505,1.518472313392742,3.03694462680501,3.036944626785484,3.036944626785484,-1.9526158467897403e-11
133.44837298838382,0.007437799192158308,1.000000000002203,60111.619363095044,60111.619363227466,1.5188843526087483,1.5188843525998454,3.0377687052174966,3.037768705199691,3.037768705199691,-1.780575686893826e-11
136.56466567946097,0.007269308547080666,1.0000000000020086,62240.841893720615,62240.84189384564,1.5193052762590709,1.5193052762509553,3.0386105525181417,3.0386105525019107,3.0386105525019107,-1.623101653080994e-11
139.75373018422897,0.007104607449416264,1.0000000000018314,64446.48875107331,64446.48875119134,1.5197352599369016,1.5197352599295053,3.0394705198738032,3.0394705198590106,3.0394705198590106,-1.4792611580105586e-11
143.0172658735088,0.006943611892190106,1.00000000000167,66731.34364353496,66731.34364364641,1.5201744818918188,1.5201744818850738,3.0403489637836376,3.0403489637701475,3.0403489637701475,-1.3490097927615352e-11
146.357011801908,0.006786239675817395,1.0000000000015226,69098.29378362976,69098.29378373496,1.5206231230472806,1.5206231230411327,3.0412462460945613,3.0412462460822653,3.0412462460822653,-1.2295942042328534e-11
149.77474763452,0.00663241037168912,1.0000000000013884,71550.33385131933,71550.33385141866,1.521081367006273,1.5210813670006693,3.042162734012546,3.0421627340013386,3.0421627340013386,-1.120747938898603e-11
153.27229459526117,0.006482045286378448,1.0000000000012659,74090.57011518712,74090.5701152809,1.5215494000547731,1.5215494000496594,3.0430988001095463,3.043098800099319,3.043098800099319,-1.0227374502846942e-11
156.85151643735446,0.006335067426462537,1.0000000000011542,76722.22471811646,76722.224718205,1.5220274111629213,1.522027411158264,3.0440548223258426,3.044054822316528,3.044054822316528,-9.314771176605063e-12
160.51432043647614,0.00619140146395441,1.0000000000010525,79448.64013435482,79448.64013443845,1.5225155919838007,1.522515591979556,3.0450311839676014,3.045031183959112,3.045031183959112,-8.489209335493797e-12
164.26265840709303,0.006050973702339283,1.0000000000009597,82273.28380515987,82273.28380523881,1.5230141368496963,1.5230141368458252,3.0460282736993927,3.0460282736916504,3.0460282736916504,-7.742251284525992e-12
168.0985277425362,0.005913712043209311,1.000000000000875,85199.75296054545,85199.75296062001,1.5235232427657328,1.5235232427622014,3.0470464855314656,3.047046485524403,3.047046485524403,-7.062794793455396e-12
172.0239724793599,0.005779545953490868,1.0000000000007978,88231.77963497226,88231.77963504265,1.5240431094007587,1.5240431093975377,3.0480862188015174,3.0480862187950755,3.0480862187950755,-6.441958078085008e-12
176.04108438655524,0.00564840643325805,1.0000000000007274,91373.23588518063,91373.23588524711,1.5245739390753605,1.5245739390724258,3.049147878150721,3.0491478781448516,3.0491478781448516,-5.869527086588278e-12
180.15200408020237,0.005520225984125822,1.0000000000006632,94628.1392187301,94628.13921879286,1.5251159367468732,1.5251159367442002,3.0502318734937464,3.0502318734884004,3.0502318734884004,-5.345945908175054e-12
184.3589221641486,0.005394938578216529,1.0000000000006048,98000.65824218247,98000.65824224174,1.5256693099912602,1.52566930998882,3.0513386199825203,3.05133861997764,3.05133861997764,-4.880096327042338e-12
188.66408039732545,0.005272479627692865,1.0000000000005513,101495.11853827533,101495.11853833128,1.5262342689817234,1.5262342689794965,3.052468537963447,3.052468537958993,3.052468537958993,-4.453770685586278e-12
193.06977288832496,0.005152785954850566,1.0000000000005027,105116.00878184357,105116.00878189641,1.5268110264639112,1.5268110264618877,3.0536220529278224,3.0536220529237754,3.0536220529237754,-4.046984969363621e-12
197.57834731786994,0.005035795762763963,1.0000000000004585,108867.98710468551,108867.98710473542,1.527399797727574,1.52739979772573,3.054799595455148,3.05479959545146,3.05479959545146,-3.68771679859492e-12
202.19220618983516,0.004921448606477238,1.000000000000418,112755.88772003278,112755.88772007993,1.5280008005745336,1.5280008005728496,3.056001601149067,3.056001601145699,3.056001601145699,-3.367972567502875e-12
206.913808111479,0.004809685364734511,1.0000000000003813,116784.72781775292,116784.72781779744,1.5286142552828088,1.52861425528127,3.0572285105656176,3.05722851056254,3.05722851056254,-3.077538224260934e-12
211.74566910357117,0.004700448212241487,1.0000000000003475,120959.7147419232,120959.71474196523,1.5292403845667517,1.5292403845653486,3.0584807691335034,3.058480769130697,3.058480769130697,-2.8061997170425457e-12
216.69036394111808,0.004593680592451418,1.0000000000003169,125286.25346294032,125286.25346298004,1.5298794135330402,1.529879413531763,3.0597588270660805,3.059758827063526,3.059758827063526,-2.55440113505756e-12
221.75052752539295,0.004489327190868281,1.0000000000002889,129769.95435687095,129769.95435690843,1.5305315696323725,1.5305315696312067,3.061063139264745,3.0610631392624135,3.0610631392624135,-2.3314683517128287e-12
226.92885628800764,0.0043873339088597646,1.0000000000002633,134416.64130533463,134416.64130537002,1.5311970826067005,1.5311970826056411,3.062394165213401,3.0623941652112823,3.0623941652112823,-2.1187496201946487e-12
232.22810962777245,0.004287647837972792,1.0000000000002403,139232.360129808,139232.36012984143,1.53187618443185,1.5318761844308828,3.0637523688637,3.0637523688617656,3.0637523688617656,-1.9344525981068728e-12
237.65111138110728,0.004190217234744311,1.000000000000219,144223.38737486818,144223.38737489976,1.5325691092553575,1.5325691092544724,3.065138218510715,3.065138218508945,3.065138218508945,-1.7701395904623496e-12
243.2007513267945,0.00409499149599986,1.0000000000001996,149396.23945556438,149396.2394555942,1.5332760933293643,1.5332760933285616,3.0665521866587286,3.0665521866571233,3.0665521866571233,-1.6053824936079764e-12
248.87998672586673,0.004001921134632762,1.000000000000182,154757.6821847828,154757.68218481098,1.533997374938404,1.5339973749376739,3.067994749876808,3.0679947498753477,3.0679947498753477,-1.4601653219870059e-12
254.691843897454,0.003910957755856511,1.000000000000166,160314.74069720772,160314.74069723432,1.5347331943219116,1.5347331943212446,3.069466388643823,3.069466388642489,3.069466388642489,-1.334043986389588e-12
260.63941983143474,0.0038220540339229674,1.0000000000001514,166074.70978724022,166074.70978726537,1.5354837935912993,1.5354837935906902,3.0709675871825985,3.0709675871813804,3.0709675871813804,-1.2181367026187218e-12
266.7258838387403,0.0037351636892992064,1.0000000000001381,172045.1646790182,172045.16467904198,1.5362494166414158,1.53624941664086,3.0724988332828316,3.07249883328172,3.07249883328172,-1.1115552922547067e-12
272.95447924020016,0.0036502414662956157,1.000000000000126,178233.97224752995,178233.9722475524,1.537030309056238,1.5370303090557305,3.074060618112476,3.074060618111461,3.074060618111461,-1.0151879337172431e-12
279.3285250948253,0.0035672431111380305,1.0000000000001148,184649.30271067444,184649.30271069563,1.5378267180086216,1.5378267180081577,3.075653436017243,3.0756534360163155,3.0756534360163155,-9.277023593767808e-13
285.85141796844715,0.0034861253504767306,1.0000000000001046,191299.64181303603,191299.64181305605,1.5386388921539447,1.5386388921535241,3.0772777843078893,3.0772777843070482,3.0772777843070482,-8.411049634560186e-13
292.52663374366415,0.0034068458703249965,1.0000000000000955,198193.8035231072,198193.80352312612,1.539467081517486,1.5394670815171043,3.078934163034972,3.0789341630342086,3.0789341630342086,-7.633893517322576e-13
299.357729472049,0.003329363295420233,1.000000000000087,205340.94326667712,205340.94326669502,1.5403115373753697,1.5403115373750171,3.0806230747507395,3.0806230747500343,3.0806230747500343,-7.052136652418994e-13
306.3483452696084,0.0032536371690005104,1.0000000000000793,212750.5717201659,212750.57172018275,1.541172512128925,1.541172512128606,3.08234502425785,3.082345024257212,3.082345024257212,-6.3815619455454e-13
313.5022062565112,0.0031796279329894105,1.0000000000000724,220432.56918878725,220432.5691888032,1.5420502591722989,1.542050259172009,3.0841005183445978,3.084100518344018,3.084100518344018,-5.795364188543317e-13
320.8231245421074,0.003107296908582341,1.000000000000066,228397.2005955539,228397.20059556898,1.5429450327531713,1.5429450327529055,3.0858900655063426,3.085890065505811,3.085890065505811,-5.31574784190525e-13
328.315001256304,0.0030366062772272727,1.0000000000000602,236655.13110836656,236655.1311083808,1.54385708782643,1.5438570878261884,3.08771417565286,3.0877141756523767,3.0877141756523767,-4.831690603168681e-13
335.9818286283781,0.002967519061993088,1.0000000000000548,245217.44243367953,245217.44243369298,1.5447866799006529,1.5447866799004306,3.0895733598013058,3.0895733598008612,3.0895733598008612,-4.445332990599127e-13
343.8276921143307,0.0028999991093187523,1.00000000000005,254095.64980655618,254095.6498065689,1.5457340648772713,1.5457340648770683,3.0914681297545425,3.0914681297541367,3.0914681297541367,-4.0589753780295723e-13
351.8567725739259,0.0028340110711364995,1.0000000000000455,263301.7197083299,263301.7197083419,1.5466994988822753,1.5466994988820917,3.0933989977645506,3.0933989977641834,3.0933989977641834,-3.672617765460018e-13
360.073348498562,0.002769520387362466,1.0000000000000415,272848.0883445113,272848.08834452264,1.5476832380903427,1.5476832380901784,3.0953664761806854,3.0953664761803568,3.0953664761803568,-3.2862601528904634e-13
368.48179829116765,0.0027064932687481313,1.000000000000038,282747.68091712455,282747.6809171353,1.548685538541275,1.5486855385411253,3.09737107708255,3.0973710770822507,3.0973710770822507,-2.993161274389422e-13
377.08660259934516,0.0026448966800859926,1.0000000000000346,293013.93172724755,293013.9317272577,1.549706655948635,1.549706655948495,3.09941331189727,3.09941331189699,3.09941331189699,-2.7977620220553945e-13
385.8923467029899,0.0025846983237631255,1.0000000000000315,303660.8051451801,303660.80514518963,1.5507468455004862,1.550746845500356,3.1014936910009725,3.101493691000712,3.101493691000712,-2.6068036618198676e-13
394.90372295766934,0.00252586662365618,1.0000000000000286,314702.8174874358,314702.81748744485,1.5518063616521516,1.5518063616520357,3.103612723304303,3.1036127233040713,3.1036127233040713,-2.318145675417327e-13
404.12553329506005,0.002468370709361541,1.0000000000000262,326155.05984157097,326155.05984157947,1.5528854579109186,1.5528854579108171,3.105770915821837,3.1057709158216342,3.1057709158216342,-2.0294876890147862e-13
413.5626917817706,0.0024121804007544625,1.000000000000024,338033.22188177746,338033.2218817856,1.5539843866126226,1.5539843866125262,3.1079687732252452,3.1079687732250525,3.1079687732250525,-1.9273471707492718e-13
423.2202272379271,0.0023572661928709555,1.0000000000000218,350353.616720202,350353.6167202096,1.5551033986900618,1.55510339868997,3.1102067973801235,3.11020679737994,3.11020679737994,-1.8340884366807586e-13
433.1032859169001,0.002303599241106479,1.0000000000000198,363133.20684101613,363133.20684102335,1.5562427434332198,1.5562427434331425,3.1124854868664396,3.112485486866285,3.112485486866285,-1.545430450278218e-13
443.21713424760856,0.002251151346725396,1.0000000000000182,376389.6311665011,376389.6311665079,1.5574026682412594,1.5574026682411872,3.114805336482519,3.1148053364823745,3.1148053364823745,-1.4432899320127035e-13
453.5671616408702,0.0021998949426752647,1.0000000000000164,390141.2333067208,390141.2333067272,1.5585834183663005,1.5585834183662328,3.117166836732601,3.1171668367324656,3.1171668367324656,-1.354472090042691e-13
464.1588833612773,0.002149803079700243,1.000000000000015,404407.09104674053,404407.0910467467,1.55978523664899,1.559785236648932,3.11957047329798,3.119570473297864,3.119570473297864,-1.1590728377086634e-13
474.99794346614027,0.0021008494127477974,1.0000000000000138,419207.0471279263,419207.0471279321,1.5610083632459018,1.5610083632458438,3.1220167264918035,3.1220167264916876,3.1220167264916876,-1.1590728377086634e-13
486.09011781306305,0.002053008187663095,1.0000000000000124,434561.7413824888,434561.7413824942,1.5622530353488164,1.5622530353487634,3.124506070697633,3.1245060706975267,3.1245060706975267,-1.0613732115416497e-13
497.44131713774516,0.002006254228165536,1.0000000000000113,450492.6442832149,450492.64428322,1.5635194868959592,1.5635194868959157,3.1270389737919184,3.1270389737918314,3.1270389737918314,-8.704148513061227e-14
509.0575902036676,0.0019605629231018735,1.0000000000000104,467022.0919732713,467022.0919732761,1.5648079482752906,1.564807948275252,3.129615896550581,3.129615896550504,3.129615896550504,-7.72715225139109e-14
520.9451270253212,0.0019159102139706093,1.0000000000000095,484173.3228439693,484173.3228439739,1.5661186460199692,1.5661186460199306,3.1322372920399384,3.132237292039861,3.132237292039861,-7.72715225139109e-14
533.1102621667033,0.0018722725827123054,1.0000000000000087,501970.5157316095,501970.5157316138,1.5674518024961281,1.5674518024960944,3.1349036049922563,3.134903604992189,3.134903604992189,-6.750155989720952e-14
545.5594781168514,0.001829627039760539,1.000000000000008,520438.8298078802,520438.8298078844,1.5688076355831406,1.568807635583107,3.1376152711662813,3.137615271166214,3.137615271166214,-6.705747068735946e-14
558.2994087441914,0.0017879511123484368,1.000000000000007,539604.4462417419,539604.4462417457,1.5701863583465567,1.5701863583465276,3.1403727166931135,3.1403727166930553,3.1403727166930553,-5.81756864903582e-14
571.3368428315569,0.0017472228330656459,1.0000000000000067,559494.6117144551,559494.6117144589,1.5715881787039465,1.5715881787039225,3.143176357407893,3.143176357407845,3.143176357407845,-4.796163466380676e-14
584.6787276937589,0.0017074207286607863,1.000000000000006,580137.6838732256,580137.6838732291,1.5730132990838852,1.573013299083861,3.1460265981677704,3.146026598167722,3.146026598167722,-4.8405723873656825e-14
598.3321728796283,0.0016685238090844877,1.0000000000000056,601563.1788129677,601563.1788129711,1.5744619160783722,1.5744619160783482,3.1489238321567443,3.1489238321566964,3.1489238321566964,-4.796163466380676e-14
612.3044539605178,0.0016305115567681434,1.0000000000000049,623801.820679936,623801.820679939,1.5759342200889814,1.5759342200889572,3.151868440177963,3.1518684401779145,3.1518684401779145,-4.8405723873656825e-14
626.6030164072656,0.0015933639161336945,1.0000000000000044,646885.5934953453,646885.5934953482,1.5774303949670876,1.577430394967073,3.154860789934175,3.154860789934146,3.154860789934146,-2.930988785010413e-14
641.2354795576917,0.0015570612833297548,1.0000000000000042,670847.7953017618,670847.7953017646,1.578950617648535,1.5789506176485206,3.15790123529707,3.1579012352970413,3.1579012352970413,-2.886579864025407e-14
656.2096406767555,0.0015215844961894644,1.0000000000000038,695723.0947399078,695723.0947399104,1.5804950577831571,1.5804950577831378,3.1609901155663143,3.1609901155662756,3.1609901155662756,-3.863576125695545e-14
671.5334791115134,0.001486914824405625,1.0000000000000033,721547.5901685399,721547.5901685423,1.5820638773595725,1.582063877359558,3.164127754719145,3.164127754719116,3.164127754719116,-2.930988785010413e-14
687.2151605431108,0.0014530339599186418,1.000000000000003,748358.8714454417,748358.8714454441,1.5836572303257355,1.583657230325726,3.167314460651471,3.167314460651452,3.167314460651452,-1.9095836023552692e-14
703.2630413380643,0.0014199240075129461,1.0000000000000029,776196.0844930988,776196.0844931011,1.5852752622057367,1.5852752622057271,3.1705505244114733,3.1705505244114542,3.1705505244114542,-1.9095836023552692e-14
719.6856730011514,0.0013875674756176294,1.0000000000000027,805099.9987784562,805099.9987784585,1.5869181097133904,1.5869181097133809,3.173836219426781,3.1738362194267618,3.1738362194267618,-1.9095836023552692e-14
736.4918067322958,0.001355947267307056,1.0000000000000024,835113.0778423056,835113.0778423077,1.5885859003631861,1.5885859003631766,3.1771718007263723,3.177171800726353,3.177171800726353,-1.9095836023552692e-14
753.6903980898542,0.001325046671497388,1.0000000000000022,866279.5530201636,866279.5530201657,1.5902787520791926,1.590278752079183,3.180557504158385,3.180557504158366,3.180557504158366,-1.9095836023552692e-14
771.2906117627992,0.0012948493543349447,1.000000000000002,898645.500503263,898645.5005032646,1.5919967728025726,1.591996772802563,3.183993545605145,3.183993545605126,3.183993545605126,-1.9095836023552692e-14
789.3018264543567,0.001265339350772403,1.0000000000000018,932258.9218952924,932258.921895294,1.5937400600983693,1.5937400600983598,3.1874801201967387,3.1874801201967196,3.1874801201967196,-1.9095836023552692e-14
807.7336398796702,0.0012365010563289884,1.0000000000000016,967169.8284277889,967169.8284277903,1.5955087007622715,1.5955087007622666,3.191017401524543,3.191017401524533,3.191017401524533,-9.769962616701378e-15
826.5958738801795,0.0012083192190307868,1.0000000000000016,1003430.3290048557,1003430.3290048572,1.597302770428102,1.5973027704280973,3.194605540856204,3.1946055408561946,3.1946055408561946,-9.325873406851315e-15
845.89857965743,0.001180778931527432,1.0000000000000013,1041094.7222558858,1041094.7222558871,1.5991223331768014,1.5991223331767965,3.198244666353603,3.198244666353593,3.198244666353593,-9.769962616701378e-15
865.6520431290936,0.0011538656233814975,1.0000000000000013,1080219.592783382,1080219.5927833833,1.600967441147706,1.6009674411477013,3.201934882295412,3.2019348822954026,3.2019348822954026,-9.325873406851315e-15
885.8667904100814,0.00112756505352693,1.000000000000001,1120863.9118018667,1120863.911801868,1.6028381341529634,1.6028381341529585,3.205676268305927,3.205676268305917,3.205676268305917,-9.769962616701378e-15
906.5535934216358,0.0011018633028930282,1.000000000000001,1163089.142372995,1163089.142372996,1.6047344392959448,1.6047344392959402,3.2094688785918897,3.2094688785918803,3.2094688785918803,-9.325873406851315e-15
927.7234756314059,0.0010767467671904554,1.0000000000000009,1206959.3494517456,1206959.3494517468,1.6066563705945514,1.6066563705945465,3.2133127411891027,3.213312741189093,3.213312741189093,-9.769962616701378e-15
949.387717927582,0.0010522021498558531,1.0000000000000009,1252541.3149687154,1252541.3149687166,1.60860392861033,1.60860392861033,3.21720785722066,3.21720785722066,3.21720785722066,0.0
971.5578646301848,0.0010282164551517457,1.0000000000000009,1299904.6581840212,1299904.6581840222,1.6105771000843487,1.610577100084344,3.2211542001686975,3.221154200168688,3.221154200168688,-9.325873406851315e-15
994.2457296427398,0.001004776981418415,1.0000000000000007,1349121.9615595632,1349121.961559564,1.6125758575808002,1.6125758575807954,3.2251517151616005,3.2251517151615907,3.2251517151615907,-9.769962616701378e-15
1017.4634027476063,0.000981871314474535,1.0000000000000007,1400268.9024079423,1400268.9024079433,1.6146001591393142,1.6146001591393142,3.2292003182786284,3.2292003182786284,3.2292003182786284,0.0
1041.2232560483044,0.0009594873211634155,1.0000000000000007,1453424.390588495,1453424.3905884956,1.616649947936998,1.6166499479369933,3.233299895873996,3.2332998958739867,3.2332998958739867,-9.325873406851315e-15
1065.537950562304,0.0009376131430417232,1.0000000000000004,1508670.7125337424,1508670.7125337431,1.6187251519612211,1.6187251519612162,3.2374503039224423,3.2374503039224325,3.2374503039224325,-9.769962616701378e-15
1090.4204429677527,0.0009162371902076844,1.0000000000000004,1566093.6819027471,1566093.6819027478,1.6208256836941832,1.6208256836941832,3.2416513673883665,3.2416513673883665,3.2416513673883665,0.0
1115.883992507748,0.0008953481352657696,1.0000000000000004,1625782.79717194,1625782.7971719406,1.6229514398103129,1.6229514398103129,3.2459028796206257,3.2459028796206257,3.2459028796206257,0.0
1141.9421680558648,0.000874934907424924,1.0000000000000004,1687831.4064886514,1687831.406488652,1.6251023008875471,1.6251023008875471,3.2502046017750943,3.2502046017750943,3.2502046017750943,0.0
1168.6088553466498,0.0008549866867275206,1.0000000000000004,1752336.8801277042,1752336.880127705,1.6272781311335578,1.6272781311335578,3.2545562622671156,3.2545562622671156,3.2545562622671156,0.0
1195.8982643749769,0.0008354928984062003,1.0000000000000004,1819400.7909076663,1819400.790907667,1.6294787781279747,1.62947877812797,3.2589575562559494,3.25895755625594,3.25895755625594,-9.325873406851315e-15
1223.8249369681923,0.0008164432073658614,1.0000000000000002,1889129.1029400176,1889129.102940018,1.6317040725816632,1.6317040725816583,3.2634081451633263,3.2634081451633166,3.2634081451633166,-9.769962616701378e-15
1252.4037545350718,0.0007978275127881139,1.0000000000000002,1961632.3691020545,1961632.3691020547,1.6339538281141037,1.6339538281141037,3.2679076562282074,3.2679076562282074,3.2679076562282074,0.0
1281.649945995757,0.0007796359428555327,1.0000000000000002,2037025.9376428826,2037025.937642883,1.636227841049907,1.636227841049907,3.272455682099814,3.272455682099814,3.272455682099814,0.0
1311.5790958968503,0.0007618588495931567,1.0000000000000002,2115430.1683508856,2115430.168350886,1.6385258902354864,1.6385258902354864,3.277051780470973,3.277051780470973,3.277051780470973,0.0
1342.207152716012,0.0007444868038246856,1.0000000000000002,2196970.6587313926,2196970.658731393,1.6408477368768875,1.6408477368768875,3.281695473753775,3.281695473753775,3.281695473753775,0.0
1373.5504373605122,0.0007275105902408756,1.0000000000000002,2281778.48066439,2281778.4806643906,1.6431931243997477,1.6431931243997477,3.2863862487994955,3.2863862487994955,3.2863862487994955,0.0
1405.6256518642135,0.000710921202577737,1.0000000000000002,2369990.4280340225,2369990.428034023,1.6455617783323404,1.6455617783323404,3.291123556664681,3.291123556664681,3.291123556664681,0.0
1438.44988828766,0.0006947098389021235,1.0000000000000002,2461749.275845001,2461749.2758450015,1.6479534062126073,1.6479534062126073,3.2959068124252147,3.2959068124252147,3.2959068124252147,0.0
1472.0406378260013,0.0006788678970023922,1.0000000000000002,2557204.0513651157,2557204.051365116,1.6503676975200638,1.6503676975200638,3.3007353950401277,3.3007353950401277,3.3007353950401277,0.0
1506.4158001295912,0.000663386969881854,1.0000000000000002,2656510.317858413,2656510.3178584133,1.6528043236334091,1.6528043236334091,3.3056086472668182,3.3056086472668182,3.3056086472668182,0.0
1541.5936928422702,0.0006482588413527564,1.0000000000000002,2759830.4715002975,2759830.471500298,1.6552629378146249,1.6552629378146249,3.3105258756292497,3.3105258756292497,3.3105258756292497,0.0
1577.5930613623614,0.0006334754817286334,1.0000000000000002,2867334.0520933494,2867334.0520933503,1.657743175220303,1.6577431752202982,3.315486350440606,3.3154863504405965,3.3154863504405965,-9.325873406851315e-15
1614.433088831602,0.0006190290436128632,1.0,2979198.0682319608,2979198.0682319608,1.6602446529408799,1.660244652940875,3.3204893058817597,3.32048930588175,3.32048930588175,-9.769962616701378e-15
1652.1334063573684,0.0006049118577813215,1.0,3095607.3375944006,3095607.3375944006,1.662766970068397,1.662766970068397,3.325533940136794,3.325533940136794,3.325533940136794,0.0
1690.7141034735782,0.0005911164291570963,1.0,3216754.843072543,3216754.843072543,1.6653097077933428,1.6653097077933428,3.3306194155866855,3.3306194155866855,3.3306194155866855,0.0
1730.195738845891,0.0005776354328752301,1.0,3342842.1054831953,3342842.1054831953,1.6678724295310638,1.6678724295310638,3.3357448590621277,3.3357448590621277,3.3357448590621277,0.0
1770.599351226898,0.0005644617104355243,1.0,3474079.5736397826,3474079.5736397826,1.670454681078161,1.670454681078161,3.340909362156322,3.340909362156322,3.340909362156322,0.0
1811.9464706671222,0.0005515882659414777,1.0,3610687.0325997,3610687.0325997,1.6730559907992046,1.6730559907992046,3.3461119815984093,3.3461119815984093,3.3461119815984093,0.0
1854.2591299878504,0.0005390082624234538,1.0,3752894.0309412475,3752894.0309412475,1.6756758698440277,1.6756758698440277,3.3513517396880554,3.3513517396880554,3.3513517396880554,0.0
1897.5598765218504,0.000526715018244246,1.0,3900940.327963776,3900940.327963776,1.67831381239578,1.67831381239578,3.35662762479156,3.35662762479156,3.35662762479156,0.0
1941.8717841282548,0.0005147020035852181,1.0,4055076.3617470334,4055076.3617470334,1.6809692959498195,1.6809692959498195,3.361938591899639,3.361938591899639,3.361938591899639,0.0
1987.2184654880534,0.0005029628370112373,1.0,4215563.739049715,4215563.739049715,1.6836417816234595,1.6836417816234595,3.367283563246919,3.367283563246919,3.367283563246919,0.0
2033.6240846866704,0.0004914912821126851,1.0,4382675.748072922,4382675.748072922,1.6863307144964639,1.6863307144964639,3.3726614289929278,3.3726614289929278,3.3726614289929278,0.0
2081.1133700903906,0.0004802812442228288,1.0,4556697.895162914,4556697.895162914,1.6890355239821224,1.6890355239821224,3.378071047964245,3.378071047964245,3.378071047964245,0.0
2129.711627523478,0.00046932676720889635,1.0,4737928.466577792,4737928.466577792,1.691755624228623,1.691755624228623,3.383511248457246,3.383511248457246,3.383511248457246,0.0
2179.4447537529836,0.00045862203033523275,1.0,4926679.116495613,4926679.116495613,1.6944904145503534,1.6944904145503534,3.388980829100707,3.388980829100707,3.388980829100707,0.0
2230.339250288494,0.00044816134519692967,1.0,5123275.482497128,5123275.482497128,1.6972392798886595,1.6972392798886595,3.394478559777319,3.394478559777319,3.394478559777319,0.0
2282.4222375040977,0.00043793915272238626,1.0,5328057.829813792,5328057.829813792,1.7000015913015065,1.7000015913015065,3.400003182603013,3.400003182603013,3.400003182603013,0.0
2335.7214690901214,0.00042795002024326954,1.0,5541381.725692825,5541381.725692825,1.7027767064813693,1.7027767064813693,3.4055534129627385,3.4055534129627385,3.4055534129627385,0.0
2390.2653468423896,0.00041818863863037065,1.0,5763618.745294737,5763618.745294737,1.705563970300613,1.705563970300613,3.411127940601226,3.411127940601226,3.411127940601226,0.0
2446.0829357967955,0.00040864981949391497,1.0,5995157.210604751,5995157.210604751,1.7083627153835048,1.7083627153835048,3.4167254307670096,3.4167254307670096,3.4167254307670096,0.0
2503.20397971732,0.0003993284924468821,1.0,6236402.963909945,6236402.963909945,1.711172262703917,1.711172262703917,3.422344525407834,3.422344525407834,3.422344525407834,0.0
2561.658916945727,0.00039021970242994236,1.0,6487780.177466472,6487780.177466472,1.7139919222076927,1.7139919222076927,3.4279838444153854,3.4279838444153854,3.4279838444153854,0.0
2621.478896621353,0.00038131860709664467,1.0,6749732.2010576995,6749732.2010576995,1.7168209934585543,1.7168209934585543,3.4336419869171086,3.4336419869171086,3.4336419869171086,0.0
2682.695795279722,0.00037262047425750425,1.0,7022722.449224615,7022722.449224615,1.7196587663063474,1.7196587663063474,3.439317532612695,3.439317532612695,3.439317532612695,0.0
2745.342233838714,0.000364120679381697,1.0,7307235.33003277,7307235.33003277,1.7225045215763377,1.7225045215763377,3.4450090431526754,3.4450090431526754,3.4450090431526754,0.0
2809.4515949814063,0.00035581470315506925,1.0,7603777.217328592,7603777.217328592,1.7253575317781982,1.7253575317781982,3.4507150635563963,3.4507150635563963,3.4507150635563963,0.0
2875.058040944877,0.00034769812909320424,1.0,7912877.468529688,7912877.468529688,1.7282170618332466,1.7282170618332466,3.4564341236664933,3.4564341236664933,3.4564341236664933,0.0
2942.196531724371,0.00033976664120833147,1.0,8235089.49008941,8235089.49008941,1.7310823698184394,1.7310823698184394,3.462164739636879,3.462164739636879,3.462164739636879,0.0
3010.9028437025863,0.00033201602172886895,1.0,8570991.852877488,8570991.852877488,1.7339527077255394,1.7339527077255394,3.467905415451079,3.467905415451079,3.467905415451079,0.0
3081.213588714002,0.00032444214887042655,1.0,8921189.459823698,8921189.459823698,1.7368273222338488,1.7368273222338488,3.4736546444676977,3.4736546444676977,3.4736546444676977,0.0
3153.1662335543615,0.00031704099465712743,1.0,9286314.768281834,9286314.768281834,1.739705455494823,1.739705455494823,3.479410910989646,3.479410910989646,3.479410910989646,0.0
3226.799119945805,0.0003098086227921117,1.0,9667029.069687858,9667029.069687858,1.742586345926845,1.742586345926845,3.48517269185369,3.48517269185369,3.48517269185369,0.0
3302.1514849681753,0.0003027411865761387,1.0,10064023.82920598,10064023.82920598,1.7454692290184004,1.7454692290184004,3.490938458036801,3.490938458036801,3.490938458036801,0.0
3379.2634819674313,0.0002958349268732049,1.0,10478022.08818443,10478022.08818443,1.7483533381378613,1.7483533381378613,3.4967066762757226,3.4967066762757226,3.4967066762757226,0.0
3458.176201952377,0.00028908617012212177,1.0,10909779.932375466,10909779.932375466,1.7512379053480602,1.7512379053480602,3.5024758106961205,3.5024758106961205,3.5024758106961205,0.0
3538.9316954909846,0.00028249132639303684,1.0,11360088.029012542,11360088.029012542,1.7541221622238141,1.7541221622238141,3.5082443244476282,3.5082443244476282,3.5082443244476282,0.0
3621.5729951180674,0.0002760468874878829,1.0,11829773.235984316,11829773.235984316,1.757005340670556,1.757005340670556,3.514010681341112,3.514010681341112,3.514010681341112,0.0
3706.144138266228,0.0002697494250837746,1.0,12319700.286497325,12319700.286497325,1.7598866737422179,1.7598866737422179,3.5197733474844357,3.5197733474844357,3.5197733474844357,0.0
3792.690190732246,0.0002635955889183938,1.0,12830773.552778777,12830773.552778777,1.7627653964565118,1.7627653964565118,3.5255307929130235,3.5255307929130235,3.5255307929130235,0.0
3881.257270691532,0.0002575821050164132,1.0,13363938.892539302,13363938.892539302,1.7656407466057786,1.7656407466057786,3.5312814932115573,3.5312814932115573,3.5312814932115573,0.0
3971.892573273302,0.00025170577395605014,1.0,13920185.582089283,13920185.582089283,1.768511965561575,1.768511965561575,3.53702393112315,3.53702393112315,3.53702393112315,0.0
4064.6443957096276,0.00024596346917484343,1.0,14500548.340187201,14500548.340187201,1.7713782990711995,1.7713782990711995,3.542756598142399,3.542756598142399,3.542756598142399,0.0
4159.562163071842,0.0002403521353137712,1.0,15106109.446890732,15106109.446890732,1.7742389980443936,1.7742389980443936,3.548477996088787,3.548477996088787,3.548477996088787,0.0
4256.696454607867,0.0002348687865988558,1.0,15738000.961881336,15738000.961881336,1.7770933193284943,1.7770933193284943,3.5541866386569887,3.5541866386569887,3.5541866386569887,0.0
4356.099030694599,0.00022951050525940933,1.0,16397407.046945518,16397407.046945518,1.7799405264703354,1.7799405264703354,3.559881052940671,3.559881052940671,3.559881052940671,0.0
4457.822860419707,0.00022427443998209666,1.0,17085566.397515923,17085566.397515923,1.7827798904632859,1.7827798904632859,3.5655597809265718,3.5655597809265718,3.5655597809265718,0.0
4561.9221498074585,0.00021915780440001523,1.0,17803774.78840633,17803774.78840633,1.7856106904778242,1.7856106904778242,3.5712213809556483,3.5712213809556483,3.5712213809556483,0.0
4668.452370703785,0.00021415787561599624,1.0,18553387.73911835,18553387.73911835,1.788432214574152,1.788432214574152,3.576864429148304,3.576864429148304,3.576864429148304,0.0
4777.470290335773,0.00020927199275936738,1.0,19335823.30434877,19335823.30434877,1.7912437603953824,1.7912437603953824,3.5824875207907647,3.5824875207907647,3.5824875207907647,0.0
4889.034001561443,0.00020449755557541905,1.0,20152564.995594103,20152564.995594103,1.794044635839938,1.794044635839938,3.588089271679876,3.588089271679876,3.588089271679876,0.0
5003.202953825999,0.00019983202304683562,1.0,21005164.840026833,21005164.840026833,1.7968341597118471,1.7968341597118471,3.5936683194236942,3.5936683194236942,3.5936683194236942,0.0
5120.037984840882,0.0001952729120463791,1.0,21895246.58310746,21895246.58310746,1.7996116623477276,1.7996116623477276,3.5992233246954553,3.5992233246954553,3.5992233246954553,0.0
5239.601353002634,0.0001908177960201159,1.0,22824509.04170352,22824509.04170352,1.8023764862193148,1.8023764862193148,3.6047529724386296,3.6047529724386296,3.6047529724386296,0.0
5361.956770568817,0.00018646430370050063,1.0,23794729.61480497,23794729.61480497,1.8051279865104912,1.8051279865104912,3.6102559730209824,3.6102559730209824,3.6102559730209824,0.0
5487.169437608599,0.000182210117848646,1.0,24807767.959259808,24807767.959259808,1.8078655316678518,1.8078655316678518,3.6157310633357036,3.6157310633357036,3.6157310633357036,0.0
5615.306076746267,0.00017805297402511525,1.0,25865569.838305548,25865569.838305548,1.8105885039239475,1.8105885039239475,3.621177007847895,3.621177007847895,3.621177007847895,0.0
5746.434968715974,0.00017399065938860175,1.0,26970171.151036512,26970171.151036512,1.8132962997924253,1.8132962997924253,3.6265925995848507,3.6265925995848507,3.6265925995848507,0.0
5880.625988746757,0.0001700210115218628,1.0,28123702.151333034,28123702.151333034,1.8159883305343918,1.8159883305343918,3.6319766610687836,3.6319766610687836,3.6319766610687836,0.0
6017.950643797328,0.00016614191728429005,1.0,29328391.865181573,29328391.865181573,1.818664022595418,1.818664022595418,3.637328045190836,3.637328045190836,3.637328045190836,0.0
6158.482110660254,0.00016235131169052246,1.0,30586572.71573301,30586572.71573301,1.8213228180126992,1.8213228180126992,3.6426456360253985,3.6426456360253985,3.6426456360253985,0.0
6302.295274956011,0.00015864717681450814,1.0,31900685.36589117,31900685.36589117,1.823964174791977,1.823964174791977,3.647928349583954,3.647928349583954,3.647928349583954,0.0
6449.466771037621,0.00015502754071844326,1.0,33273283.788683534,33273283.788683534,1.8265875672539373,1.8265875672539373,3.6531751345078747,3.6531751345078747,3.6531751345078747,0.0
6600.075022827088,0.00015149047640602683,1.0,34707040.57615018,34707040.57615018,1.8291924863498734,1.8291924863498734,3.658384972699747,3.658384972699747,3.658384972699747,0.0
6754.20028560558,0.00014803410079947815,1.0,36204752.49799584,36204752.49799584,1.831778439946517,1.831778439946517,3.663556879893034,3.663556879893034,3.663556879893034,0.0
6911.924688779365,0.00014465657373978607,1.0,37769346.32177672,37769346.32177672,1.8343449530800147,1.8343449530800147,3.6686899061600293,3.6686899061600293,3.6686899061600293,0.0
7073.332279644439,0.00014135609700966162,1.0,39403884.90695298,39403884.90695298,1.836891568179126,1.836891568179126,3.673783136358252,3.673783136358252,3.673783136358252,0.0
7238.509068173247,0.000138130913378679,1.0,41111573.5857196,41111573.5857196,1.8394178452578005,1.8394178452578005,3.678835690515601,3.678835690515601,3.678835690515601,0.0
7407.543072847155,0.00013497930567010836,1.0,42895766.84413462,42895766.84413462,1.8419233620773792,1.8419233620773792,3.6838467241547583,3.6838467241547583,3.6838467241547583,0.0
7580.524367559246,0.00013189959584894594,1.0,44759975.317705795,44759975.317705795,1.8444077142787396,1.8444077142787396,3.6888154285574792,3.6888154285574792,3.6888154285574792,0.0
7757.545129612414,0.00012889014413066332,1.0,46707873.116263546,46707873.116263546,1.8468705154847886,1.8468705154847886,3.6937410309695773,3.6937410309695773,3.6937410309695773,0.0
7938.699688838224,0.00012594934811020856,1.0,48743305.49364677,48743305.49364677,1.8493113973737727,1.8493113973737727,3.6986227947475454,3.6986227947475454,3.6986227947475454,0.0
8124.084577862957,0.00012307564191079695,1.0,50870296.87846543,50870296.87846543,1.8517300097239502,1.8517300097239502,3.7034600194479004,3.7034600194479004,3.7034600194479004,0.0
8313.798583547334,0.00012026749535204869,1.0,53093059.28296528,53093059.28296528,1.854126020430233,1.854126020430233,3.708252040860466,3.708252040860466,3.708252040860466,0.0
8507.942799627444,0.00011752341313703319,1.0,55416001.10782874,55416001.10782874,1.8564991154934636,1.8564991154934636,3.712998230986927,3.712998230986927,3.712998230986927,0.0
8706.620680585118,0.00011484193405778947,1.0,57843736.36158848,57843736.36158848,1.85884899898306,1.85884899898306,3.71769799796612,3.71769799796612,3.71769799796612,0.0
8909.938096776097,0.00011222163021890946,1.0,60381094.31420642,60381094.31420642,1.8611753929737958,1.8611753929737958,3.7223507859475915,3.7223507859475915,3.7223507859475915,0.0
9118.003390845663,0.00010966110627877107,1.0,63033129.605300404,63033129.605300404,1.8634780374575501,1.8634780374575501,3.7269560749151003,3.7269560749151003,3.7269560749151003,0.0
9330.927435461663,0.00010715899870802293,1.0,65805132.82846429,65805132.82846429,1.8657566902308902,1.8657566902308902,3.7315133804617804,3.7315133804617804,3.7315133804617804,0.0
9548.823692395657,0.00010471397506493035,1.0,68702641.61413956,68702641.61413956,1.8680111267593964,1.8680111267593964,3.736022253518793,3.736022253518793,3.736022253518793,0.0
9771.808272983888,0.00010232473328719817,1.0,71731452.23456126,71731452.23456126,1.8702411400196701,1.8702411400196701,3.7404822800393402,3.7404822800393402,3.7404822800393402,0.0
10000.0,9.999000099990002e-05,1.0,74897631.75540459,74897631.75540459,1.8724465403199952,1.8724465403199952,3.7448930806399905,3.7448930806399905,3.7448930806399905,0.0
