z,a,H_km_s_Mpc,E,E2,epsilon_H,y_for_selected_Hc,m_BIH_exact,m_late_y_to_0,w_eff_late
0.0,1.0,67.36,1.0,1.0,0.47313411206155215,5e-111,0.9462682241231043,0.9462682241231043,-0.6845772586256319
0.0001,0.9999000099990001,67.36318727474844,1.0000473170241753,1.0000946362872511,0.4732313000531491,5.000473181436256e-111,0.9464626001062982,0.9464626001062982,-0.6845124666312339
0.00010233520470972575,0.9998976752667127,67.36326170995436,1.0000484220598924,1.0000968464644808,0.4732335696042215,5.000484232322403e-111,0.946467139208443,0.946467139208443,-0.6845109535971856
0.00010472494122981487,0.999895286024935,67.36333788364949,1.0000495529045352,1.0000991082645607,0.4732358921545479,5.000495541322804e-111,0.9464717843090958,0.9464717843090958,-0.6845094052303013
0.00010717048298967114,0.999892841001292,67.36341583644412,1.0000507101609875,1.0001014228934955,0.47323826894179744,5.000507114467476e-111,0.9464765378835949,0.9464765378835949,-0.6845078207054685
0.00010967313315588178,0.9998903388937214,67.36349560989747,1.0000518944462213,1.000103791585476,0.4732407012325423,5.00051895792738e-111,0.9464814024650846,0.9464814024650846,-0.6845061991783051
0.00011223422532664173,0.9998877783697812,67.36357724653985,1.000053106391625,1.0001062156035387,0.47324319032293344,5.000531078017693e-111,0.9464863806458669,0.9464863806458669,-0.684504539784711
0.0001148551242423938,0.9998851580659421,67.3636607898955,1.0000543466433418,1.0001086962402415,0.4732457375393907,5.000543481201207e-111,0.9464914750787814,0.9464914750787814,-0.6845028416404062
0.00011753722651306367,0.999882476586863,67.36374628450568,1.000055615862614,1.0001112348183518,0.4732483442393101,5.0005561740917595e-111,0.9464966884786202,0.9464966884786202,-0.6845011038404599
0.00012028196136227776,0.9998797325046479,67.3638337759525,1.0000569147261358,1.0001138326915577,0.47325101181178764,5.000569163457788e-111,0.9465020236235753,0.9465020236235753,-0.6844993254588083
0.00012309079138896018,0.9998769243580892,67.36392331088335,1.0000582439264156,1.000116491245186,0.4732537416783583,5.00058245622593e-111,0.9465074833567166,0.9465074833567166,-0.6844975055477611
0.000125965213346714,0.9998740506518897,67.36401493703569,1.000059604172145,1.0001192118969473,0.4732565352937558,5.000596059484736e-111,0.9465130705875116,0.9465130705875116,-0.6844956431374962
0.0001289067589414027,0.9998711098558694,67.3641087032626,1.0000609961885778,1.0001219960976906,0.4732593941466854,5.000609980488453e-111,0.9465187882933708,0.9465187882933708,-0.6844937372355431
0.00013191699564735717,0.9998681004041511,67.36420465955888,1.000062420717917,1.0001248453321798,0.4732623197606194,5.0006242266608995e-111,0.9465246395212388,0.9465246395212388,-0.6844917868262537
0.00013499752754264296,0.9998650206943299,67.36430285708774,1.0000638785197111,1.0001277611198873,0.4732653136946084,5.000638805599438e-111,0.9465306273892168,0.9465306273892168,-0.6844897908702611
0.00013814999616383223,0.9998618690866212,67.36440334820811,1.0000653703712605,1.0001307450158066,0.4732683775441113,5.000653725079033e-111,0.9465367550882225,0.9465367550882225,-0.6844877483039258
0.00014137608138073613,0.9998586439029904,67.36450618650265,1.0000668970680322,1.0001337986112822,0.4732715129418466,5.000668993056411e-111,0.9465430258836932,0.9465430258836932,-0.6844856580387689
0.0001446775022915648,0.9998553434262603,67.36461142680635,1.0000684594240847,1.0001369235348623,0.4732747215586634,5.000684617674311e-111,0.9465494431173268,0.9465494431173268,-0.6844835189608911
0.000148056018138991,0.9998519658992004,67.36471912523582,1.0000700582725033,1.000140121453168,0.47327800510442974,5.000700607265841e-111,0.9465560102088595,0.9465560102088595,-0.6844813299303802
0.0001515134292476053,0.999848509523594,67.36482933921926,1.000071694465844,1.0001433940717848,0.4732813653289454,5.0007169703589235e-111,0.9465627306578908,0.9465627306578908,-0.6844790897807032
0.00015505157798326253,0.9998449724592815,67.3649421275272,1.0000733688765915,1.0001467431361752,0.4732848040228745,5.000733715680876e-111,0.946569608045749,0.946569608045749,-0.6844767973180836
0.00015867234973483178,0.9998413528231854,67.36505755030386,1.0000750823976226,1.0001501704326117,0.4732883230186993,5.000750852163058e-111,0.9465766460373986,0.9465766460373986,-0.6844744513208671
0.0001623776739188721,0.9998376486883096,67.36517566909926,1.000076835942685,1.000153677789132,0.4732919241916969,5.000768388945661e-111,0.9465838483833938,0.9465838483833938,-0.6844720505388687
0.0001661695250077689,0.9998338580827157,67.36529654690217,1.000078630446885,1.000157267076517,0.4732956094609398,5.0007863353825855e-111,0.9465912189218796,0.9465912189218796,-0.6844695936927068
0.0001700499235818794,0.999829978988478,67.36542024817378,1.0000804668671879,1.0001609402092924,0.4732993807903173,5.0008047010464615e-111,0.9465987615806346,0.9465987615806346,-0.6844670794731218
0.00017402093740624848,0.9998260093406115,67.36554683888205,1.0000823461829285,1.0001646991467505,0.47330324018958225,5.000823495733754e-111,0.9466064803791645,0.9466064803791645,-0.6844645065402786
0.0001780846825324681,0.9998219470259748,67.36567638653715,1.0000842693963352,1.0001685458940017,0.47330718971542424,5.000842729470007e-111,0.9466143794308485,0.9466143794308485,-0.6844618735230505
0.00018224332442626665,0.9998177898821513,67.36580896022734,1.0000862375330661,1.0001724825030442,0.473311231472563,5.000862412515221e-111,0.946622462945126,0.946622462945126,-0.6844591790182913
0.0001864990791214298,0.9998135356962995,67.36594463065606,1.0000882516427563,1.0001765110738652,0.4733153676148721,5.0008825553693245e-111,0.9466307352297442,0.9466307352297442,-0.6844564215900852
0.0001908542144006686,0.9998091822039799,67.3660834701797,1.00009031279958,1.0001806337555617,0.47331960034652665,5.0009031687778076e-111,0.9466392006930533,0.9466392006930533,-0.6844535997689822
0.0001953110510040631,0.9998047270879536,67.3662255528462,1.0000924221028238,1.0001848527474926,0.47332393192317773,5.0009242637374624e-111,0.9466478638463555,0.9466478638463555,-0.6844507120512149
0.00019987196386572507,0.9998001679769533,67.36637095443477,1.000094580677476,1.0001891703004564,0.4733283646531543,5.000945851502282e-111,0.9466567293063086,0.9466567293063086,-0.684447756897897
0.00020453938337933905,0.9997955024444245,67.36651975249633,1.0000967896748267,1.0001935887178948,0.4733329008986951,5.000967943589473e-111,0.9466658017973902,0.9466658017973902,-0.6844447327342033
0.00020931579669325738,0.9997907280072406,67.366672026395,1.0000990502730849,1.0001981103571262,0.4733375430772057,5.000990551785632e-111,0.9466750861544114,0.9466750861544114,-0.6844416379485295
0.00021420374903583831,0.999785842124384,67.36682785735051,1.0001013636780065,1.0002027376306084,0.47334229366254826,5.001013688153041e-111,0.9466845873250965,0.9466845873250965,-0.6844384708916345
0.00021920584507173258,0.9997808421956,67.36698732848183,1.0001037311235426,1.0002074730072312,0.4733471551863603,5.0010373650361564e-111,0.9466943103727206,0.9466943103727206,-0.6844352298757599
0.00022432475028984203,0.9997757255600179,67.36715052485133,1.000106153872496,1.0002123190136367,0.4733521302394036,5.001061595068184e-111,0.9467042604788072,0.9467042604788072,-0.6844319131737309
0.00022956319242369095,0.9997704894947407,67.36731753351054,1.0001086332171993,1.0002172782355747,0.4733572214729448,5.001086391177872e-111,0.9467144429458896,0.9467144429458896,-0.6844285190180368
0.00023492396290496578,0.9997651312134012,67.36748844354663,1.0001111704802055,1.0002223533192867,0.47336243160016933,5.0011117665964325e-111,0.9467248632003387,0.9467248632003387,-0.684425045599887
0.00024040991835099718,0.9997596478646862,67.36766334613007,1.000113767014995,1.000227546972924,0.4733677633976274,5.001137734864619e-111,0.9467355267952547,0.9467355267952547,-0.6844214910682485
0.00024602398208697777,0.9997540365308252,67.36784233456342,1.0001164242067015,1.0002328619679992,0.47337321970671326,5.001164309839995e-111,0.9467464394134265,0.9467464394134265,-0.6844178535288579
0.0002517691457037277,0.9997482942260438,67.36802550433131,1.000119143472852,1.0002383011408713,0.47337880343518113,5.001191505704355e-111,0.9467576068703623,0.9467576068703623,-0.6844141310432126
0.00025764847065183746,0.9997424178949836,67.36821295315148,1.0001219262641254,1.0002438673942646,0.4733845175586941,5.001219336971323e-111,0.9467690351173882,0.9467690351173882,-0.6844103216275372
0.00026366508987303583,0.9997364044110816,67.36840478102718,1.0001247740651305,1.0002495636988282,0.47339036512241045,5.001247818494142e-111,0.9467807302448209,0.9467807302448209,-0.6844064232517264
0.0002698222094696539,0.9997302505749162,67.36860109030059,1.0001276883951988,1.000255393094724,0.4733963492426073,5.00127696547362e-111,0.9467926984852146,0.9467926984852146,-0.6844024338382617
0.0002761231104130753,0.999723953112512,67.36880198570773,1.0001306708092004,1.0002613586932612,0.4734024731083409,5.001306793466306e-111,0.9468049462166818,0.9468049462166818,-0.684398351261106
0.00028257115029208267,0.999717508673607,67.36900757443448,1.000133722898374,1.0002674636785613,0.4734087399831474,5.0013373183928076e-111,0.9468174799662948,0.9468174799662948,-0.6843941733445684
0.00028916976510202994,0.999710913829878,67.36921796617392,1.0001368462911806,1.0002737113092688,0.4734151532067824,5.001368556546343e-111,0.9468303064135648,0.9468303064135648,-0.684389897862145
0.0002959224710757957,0.9997041650731266,67.36943327318531,1.0001400426541762,1.0002801049202974,0.47342171619700096,5.0014005246014864e-111,0.9468434323940019,0.9468434323940019,-0.6843855225353327
0.00030283286655749455,0.9996972588134239,67.36965361035392,1.0001433136929025,1.0002866479246197,0.47342843245137894,5.001433239623098e-111,0.9468568649027579,0.9468568649027579,-0.684381045032414
0.0003099046339199427,0.9996901913772079,67.3698790952528,1.000146661152803,1.0002933438150996,0.47343530554917884,5.001466719075498e-111,0.9468706110983577,0.9468706110983577,-0.6843764629672141
0.0003171415415268999,0.9996829590053429,67.3701098482057,1.0001500868201558,1.0003001961663651,0.47344233915325684,5.001500980831825e-111,0.9468846783065137,0.9468846783065137,-0.6843717738978288
0.00032454744574113325,0.9996755578511295,67.37034599235152,1.0001535925230332,1.0003072086367295,0.47344953701201536,5.0015360431836476e-111,0.9468990740240307,0.9468990740240307,-0.6843669753253231
0.0003321262929793748,0.9996679839782711,67.37058765371033,1.0001571801322793,1.0003143849701526,0.47345690296140175,5.001571924850762e-111,0.9469138059228035,0.9469138059228035,-0.6843620646923989
0.0003398821218152667,0.9996602333587917,67.37083496125096,1.0001608515625142,1.0003217289982538,0.4734644409269528,5.001608644991267e-111,0.9469288818539056,0.9469288818539056,-0.6843570393820315
0.00034781906513141304,0.9996523018709068,67.37108804696005,1.00016460877316,1.0003292446423682,0.4734721549258878,5.00164622321184e-111,0.9469443098517756,0.9469443098517756,-0.6843518967160749
0.00035594135232168623,0.9996441852968448,67.3713470459129,1.0001684537694908,1.0003369359156542,0.4734800490692496,5.00168467957827e-111,0.9469600981384992,0.9469600981384992,-0.6843466339538335
0.0003642533115449638,0.9996358793206184,67.37161209634581,1.0001723886037086,1.000344806925248,0.4734881275640966,5.001724034626239e-111,0.9469762551281932,0.9469762551281932,-0.6843412482906023
0.0003727593720314938,0.9996273795257424,67.37188333973032,1.000176415376044,1.000352861874473,0.47349639471574567,5.001764309372364e-111,0.9469927894314913,0.9469927894314913,-0.6843357368561696
0.00038146406644311775,0.9996186813929034,67.37216092084903,1.0001805362358822,1.0003611050650967,0.47350485493006655,5.0018055253254846e-111,0.9470097098601331,0.9470097098601331,-0.684330096713289
0.0003903720332886092,0.9996097802975702,67.37244498787322,1.000184753382916,1.0003695408996445,0.4735135127158322,5.0018477044982224e-111,0.9470270254316644,0.9470270254316644,-0.6843243248561119
0.00039948801939541706,0.9996006715075532,67.3727356924425,1.000189069068327,1.0003781738837667,0.4735223726871211,5.001890869418834e-111,0.9470447453742422,0.9470447453742422,-0.684318418208586
0.00040881688243912893,0.999591350180506,67.37303318974607,1.0001934855959926,1.0003870086286613,0.4735314395657778,5.0019350431433054e-111,0.9470628791315556,0.9470628791315556,-0.6843123736228147
0.0004183635935320019,0.9995818113613697,67.373337638606,1.0001980053237234,1.000396049853555,0.4735407181839299,5.001980249267774e-111,0.9470814363678598,0.9470814363678598,-0.6843061878773801
0.00042813323987193956,0.9995720499797568,67.37364920156259,1.0002026306645277,1.0004053023882415,0.4735502134865651,5.002026511941209e-111,0.9471004269731302,0.9471004269731302,-0.6842998576756232
0.00043813102745333054,0.9995620608472777,67.37396804496152,1.0002073640879086,1.0004147711756821,0.473559930534167,5.002073855878411e-111,0.947119861068334,0.947119861068334,-0.6842933796438886
0.00044836228384119057,0.9995518386548031,67.37429433904329,1.000212208121189,1.000424461274665,0.47356987450541266,5.0021223063733244e-111,0.9471397490108253,0.9471397490108253,-0.684286750329725
0.0004588324610100845,0.9995413779696647,67.37462825803458,1.0002171653508696,1.0004343778625286,0.4735800506999351,5.002171889312644e-111,0.9471601013998702,0.9471601013998702,-0.6842799662000433
0.000469547138249343,0.999530673232791,67.37496998024183,1.0002222384240176,1.0004445262379522,0.4735904645411466,5.002222631189762e-111,0.9471809290822932,0.9471809290822932,-0.6842730236392356
0.0004805120251361242,0.9995197187557772,67.3753196881471,1.0002274300496898,1.000454911823807,0.47360112157913303,5.002274559119036e-111,0.9472022431582661,0.9472022431582661,-0.6842659189472446
0.0004917329645779015,0.9995085087178873,67.37567756850615,1.0002327430003881,1.0004655401700806,0.4736120274936112,5.002327700850403e-111,0.9472240549872224,0.9472240549872224,-0.6842586483375925
0.0005032159359259994,0.9994970371629888,67.37604381244871,1.0002381801135498,1.0004764169568663,0.4736231880969572,5.0023820847843294e-111,0.9472463761939144,0.9472463761939144,-0.6842512079353619
0.0005149670581618344,0.9994852979964147,67.37641861558139,1.000243744293073,1.0004875479974265,0.47363460933730694,5.002437739987132e-111,0.9472692186746139,0.9472692186746139,-0.6842435937751288
0.0005269925931575656,0.9994732849817558,67.3768021780927,1.0002494385108773,1.0004989392413255,0.47364629730172564,5.002494696206626e-111,0.9472925946034513,0.9472925946034513,-0.6842358017988496
0.000539298949012887,0.9994609917375765,67.37719470486083,1.000255265808504,1.000510596777641,0.47365825821945573,5.002552983888204e-111,0.9473165164389115,0.9473165164389115,-0.6842278278536962
0.000551892683469738,0.9994484117340585,67.37759640556382,1.0002612292987503,1.0005225268382472,0.4736704984652364,5.0026126341912345e-111,0.9473409969304728,0.9473409969304728,-0.6842196676898424
0.0005647805074067557,0.9994355382895646,67.37800749479239,1.0002673321673454,1.0005347358011787,0.47368302456270384,5.002673679005893e-111,0.9473660491254077,0.9473660491254077,-0.6842113169581974
0.0005779692884153313,0.9994223645671247,67.37842819216543,1.000273577674665,1.000547230194074,0.47369584318786995,5.00273615097037e-111,0.9473916863757399,0.9473916863757399,-0.6842027712080867
0.0005914660544591746,0.9994088835708428,67.37885872244824,1.0002799691574857,1.0005600166977007,0.4737089611726812,5.0028000834885034e-111,0.9474179223453624,0.9474179223453624,-0.6841940258848792
0.0006052779976193349,0.9993950881422187,67.37929931567348,1.000286510030782,1.0005731021495619,0.47372238550866275,5.002865510747809e-111,0.9474447710173255,0.9474447710173255,-0.6841850763275581
0.000619412477926676,0.9993809709563872,67.37975020726518,1.0002932037895662,1.0005864935475945,0.4737361233506463,5.002932467737973e-111,0.9474722467012926,0.9474722467012926,-0.6841759177662359
0.0006338770272838487,0.9993665245182715,67.38021163816542,1.0003000540107694,1.0006001980539483,0.4737501820205856,5.0030009902697405e-111,0.9475003640411712,0.9475003640411712,-0.6841665453196095
0.0006486793534788508,0.9993517411586473,67.3806838549643,1.0003070643551708,1.0006142229988597,0.4737645690114609,5.0030711149942995e-111,0.9475291380229218,0.9475291380229218,-0.6841569539923593
0.0006638273442923082,0.9993366130301182,67.38116711003273,1.0003142385693695,1.0006285758846176,0.47377929199127455,5.003142879423087e-111,0.9475585839825491,0.9475585839825491,-0.6841471386724836
0.0006793290717006702,0.9993211321029977,67.38166166165854,1.000321580487805,1.0006432643896201,0.47379435880714066,5.003216321948101e-111,0.9475887176142813,0.9475887176142813,-0.6841370941285729
0.0006951927961775605,0.9993052901610978,67.38216777418577,1.0003290940348244,1.0006582963725323,0.47380977748947,5.003291481862663e-111,0.94761955497894,0.94761955497894,-0.68412681500702
0.0007114269710955731,0.9992890787974223,67.38268571815722,1.0003367832267995,1.0006736798765408,0.47382555625625195,5.003368399382704e-111,0.9476511125125039,0.9476511125125039,-0.6841162958291653
0.0007280402472308569,0.999272489409759,67.38321577046047,1.0003446521742942,1.0006894231337098,0.4738417035174384,5.0034471156685485e-111,0.9476834070348767,0.9476834070348767,-0.6841055309883743
0.0007450414773728916,0.9992555131961753,67.38375821447728,1.0003527050842826,1.0007055345694418,0.4738582278794272,5.0035276728472094e-111,0.9477164557588544,0.9477164557588544,-0.6840945147470485
0.0007624397210419137,0.9992381411504068,67.38431334023663,1.0003609462624203,1.0007220228070448,0.4738751381496548,5.0036101140352254e-111,0.9477502762993096,0.9477502762993096,-0.6840832412335635
0.0007802442493165044,0.9992203640571444,67.38488144457128,1.0003693801153692,1.0007388966724082,0.4738924433412911,5.0036944833620394e-111,0.9477848866825822,0.9477848866825822,-0.6840717044391393
0.0007984645497739086,0.999202172487212,67.38546283127818,1.0003780111531795,1.0007561651987908,0.4739101526780476,5.0037808259939544e-111,0.9478203053560952,0.9478203053560952,-0.6840598982146349
0.0008171103315457204,0.9991835567926342,67.38605781128258,1.0003868439917247,1.0007738376317232,0.4739282755990979,5.003869188158617e-111,0.9478565511981958,0.9478565511981958,-0.6840478162672681
0.0008361915304916318,0.9991645071015939,67.38666670280614,1.000395883355198,1.000791923434027,0.4739468217641107,5.003959617170134e-111,0.9478936435282214,0.9478936435282214,-0.6840354521572596
0.0008557183144940002,0.9991450133132725,67.38728983153902,1.0004051340786673,1.0008104322909561,0.47396580105840336,5.004052161454782e-111,0.9479316021168067,0.9479316021168067,-0.6840227992943977
0.0008757010888760508,0.9991250650925751,67.38792753081597,1.0004146011106885,1.000829374115458,0.47398522359821377,5.0041468705772906e-111,0.9479704471964275,0.9479704471964275,-0.6840098509345242
0.000896150501946605,0.9991046518647342,67.38858014179678,1.0004242895159854,1.000848759053564,0.47400509973609717,5.004243795267821e-111,0.9480101994721943,0.9480101994721943,-0.6839966001759352
0.0009170774506742931,0.9990837628097923,67.38924801365083,1.0004342044781893,1.0008685974899074,0.47402544006644753,5.0043429874495386e-111,0.9480508801328951,0.9480508801328951,-0.6839830399557016
0.000938493086494272,0.9990623868569584,67.38993150374634,1.0004443513026475,1.0008889000533752,0.4740462554311494,5.004444500266875e-111,0.9480925108622988,0.9480925108622988,-0.6839691630459004
0.0009604088212505379,0.9990405126788366,67.39063097784377,1.0004547354192959,1.0009096776228934,0.47406755692536195,5.004548388114466e-111,0.9481351138507239,0.9481351138507239,-0.6839549620497587
0.000982836333277003,0.9990181286855255,67.39134681029412,1.0004653623856017,1.0009309413333531,0.4740893559034364,5.004654706666766e-111,0.9481787118068729,0.9481787118068729,-0.683940429397709
0.0010057875736205835,0.9989952230185815,67.39207938424185,1.0004762378895762,1.0009527025816798,0.4741116639849739,5.004763512908398e-111,0.9482233279699478,0.9482233279699478,-0.6839255573433507
0.0010292747724096078,0.9989717835448482,67.3928290918326,1.0004873677528592,1.000974973033045,0.47413449306102395,5.0048748651652236e-111,0.9482689861220479,0.9482689861220479,-0.6839103379593174
0.001053310445370937,0.9989477978501442,67.39359633442602,1.000498757933878,1.0009977646272326,0.47415785530042875,5.0049888231361625e-111,0.9483157106008575,0.9483157106008575,-0.6838947631330474
0.0010779074004992736,0.9989232532328096,67.39438152281357,1.0005104145310804,1.0010210895851543,0.4741817631563145,5.005105447925771e-111,0.948363526312629,0.948363526312629,-0.683878824562457
0.0011030787448822151,0.9988981366971069,67.39518507744161,1.0005223437862472,1.0010449604155254,0.4742062293727359,5.0052248020776266e-111,0.9484124587454718,0.9484124587454718,-0.6838625137515094
0.0011288378916846883,0.998872434946473,67.39600742863969,1.0005345520878814,1.0010693899216976,0.47423126699147444,5.0053469496084876e-111,0.9484625339829489,0.9484625339829489,-0.6838458220056838
0.0011551985672964792,0.9988461343766186,67.39684901685455,1.0005470459746815,1.0010943912086612,0.47425688935899796,5.005471956043306e-111,0.9485137787179959,0.9485137787179959,-0.6838287404273347
0.0011821748186466722,0.9988192210684725,67.39771029288944,1.0005598321390952,1.0011199776902142,0.47428311013358104,5.005599888451072e-111,0.9485662202671621,0.9485662202671621,-0.683811259910946
0.0012097810206889014,0.9987916807809694,67.39859171814953,1.000572917430961,1.0011461630963046,0.47430994329259196,5.005730815481523e-111,0.9486198865851839,0.9486198865851839,-0.683793371138272
0.0012380318840613967,0.998763498943671,67.39949376489281,1.0005863088612352,1.0011729614805511,0.47433740313995215,5.005864807402756e-111,0.9486748062799043,0.9486748062799043,-0.6837750645733652
0.0012669424629259062,0.9987346606492276,67.40041691648732,1.0006000136058093,1.0012003872279456,0.4743655043137668,5.0060019361397286e-111,0.9487310086275336,0.9487310086275336,-0.6837563304574887
0.0012965281629896688,0.998705150645665,67.40136166767444,1.0006140390094187,1.0012284550627424,0.4743942617941379,5.0061422753137126e-111,0.9487885235882758,0.9487885235882758,-0.6837371588039081
0.0013268047497147243,0.9986749533285025,67.40232852483858,1.0006283925896464,1.0012571800565397,0.47442369091115577,5.006285900282698e-111,0.9488473818223115,0.9488473818223115,-0.6837175393925627
0.0013577883567189276,0.9986440527326931,67.40331800628324,1.000643082041022,1.0012865776365554,0.4744538073530813,5.006432888182777e-111,0.9489076147061626,0.9489076147061626,-0.6836974617646125
0.0013894954943731374,0.9986124325243824,67.40433064251377,1.0006581152392187,1.0013166635941055,0.47448462717471823,5.006583317970528e-111,0.9489692543494365,0.9489692543494365,-0.6836769152168545
0.0014219430585991676,0.9985800759924871,67.40536697652706,1.0006735002453542,1.0013474540932887,0.47451616680597863,5.0067372704664446e-111,0.9490323336119573,0.9490323336119573,-0.6836558887960142
0.0014551483398731937,0.9985469660400813,67.40642756410797,1.0006892453103915,1.001378965679881,0.47454844306065447,5.006894828399405e-111,0.9490968861213089,0.9490968861213089,-0.683634371292897
0.0014891290324394086,0.9985130851755943,67.40751297413324,1.0007053588796502,1.0014112152904495,0.4745814731453883,5.007056076452246e-111,0.9491629462907766,0.9491629462907766,-0.6836123512364078
0.0015239032437388289,0.9984784155038106,67.40862378888235,1.0007218495974222,1.0014442202616858,0.4746152746688581,5.007221101308429e-111,0.9492305493377162,0.9492305493377162,-0.6835898168874279
0.001559489504058283,0.9984429387166702,67.40976060435628,1.0007387263117025,1.0014779983399686,0.47464986565117545,5.007389991699842e-111,0.9492997313023509,0.9492997313023509,-0.6835667562325497
0.0015959067764047309,0.9984066360838664,67.41092403060364,1.0007559980790326,1.0015125676911607,0.4746852645335028,5.0075628384558034e-111,0.9493705290670056,0.9493705290670056,-0.6835431569776649
0.0016331744666101668,0.9983694884432318,67.41211469205494,1.0007736741694617,1.001547946910644,0.4747214901878975,5.00773973455322e-111,0.949442980375795,0.949442980375795,-0.6835190065414016
0.0016713124336724876,0.9983314761909156,67.41333322786483,1.0007917640716275,1.0015841550336002,0.47475856192738425,5.007920775168e-111,0.9495171238547685,0.9495171238547685,-0.6834942920484105
0.0017103410003378413,0.9982925792713392,67.41458029226268,1.0008102774979615,1.0016212115455465,0.4747964995162657,5.0081060577277335e-111,0.9495929990325314,0.9495929990325314,-0.6834690003224895
0.0017502809639301012,0.9982527771669344,67.41585655491161,1.000829224390018,1.0016591363931253,0.4748353231806705,5.008295681965627e-111,0.949670646361341,0.949670646361341,-0.683443117879553
0.0017911536074332302,0.9982120488876515,67.41716270127638,1.0008486149239368,1.0016979499951626,0.4748750536193533,5.008489749975813e-111,0.9497501072387066,0.9497501072387066,-0.6834166309204311
0.0018329807108324356,0.9981703729602395,67.41849943299992,1.0008684595160322,1.0017376732539955,0.47491571201474175,5.008688366269977e-111,0.9498314240294835,0.9498314240294835,-0.6833895253235055
0.0018757845627201612,0.9981277274172876,67.4198674682895,1.0008887688285257,1.001778327567082,0.4749573200442478,5.00889163783541e-111,0.9499146400884956,0.9499146400884956,-0.6833617866371682
0.001919587972173111,0.9980840897860294,67.42126754231168,1.000909553775411,1.0018199348388923,0.47499989989183794,5.00909967419446e-111,0.9499997997836759,0.9499997997836759,-0.6833334000721081
0.0019644142809066268,0.9980394370768982,67.42270040759752,1.0009308255284668,1.001862517493098,0.4750434742598791,5.00931258746549e-111,0.9500869485197582,0.9500869485197582,-0.683304350493414
0.0020102873757128856,0.9979937457718345,67.42416683445721,1.0009525955234146,1.0019060984850607,0.4750880663812589,5.0095304924253026e-111,0.9501761327625178,0.9501761327625178,-0.6832746224124941
0.0020572317011895574,0.9979469918123369,67.42566761140502,1.0009748754662264,1.0019507013146274,0.4751337000317901,5.009753506573137e-111,0.9502674000635802,0.9502674000635802,-0.6832441999788066
0.002105272272765707,0.9978991505872522,67.42720354559452,1.0009976773395861,1.0019963500392461,0.4751803995429064,5.00998175019623e-111,0.9503607990858128,0.9503607990858128,-0.6832130669713957
0.002154434690031882,0.9978501969202996,67.42877546326469,1.0010210134095114,1.0020430692874052,0.4752281898146536,5.010215346437027e-111,0.9504563796293072,0.9504563796293072,-0.683181206790231
0.0022047451503814743,0.9978001050573247,67.43038421019658,1.0010448962321346,1.0020908842724052,0.47527709632898624,5.010454421362025e-111,0.9505541926579725,0.9505541926579725,-0.6831486024473425
0.002256230462970635,0.9977488486532745,67.43203065218157,1.0010693386606526,1.0021398208064765,0.47532714516337554,5.010699104032382e-111,0.9506542903267511,0.9506542903267511,-0.6831152365577496
0.0023089180630041927,0.9976964007588934,67.43371567550065,1.0010943538524444,1.0021899053152432,0.4753783630047339,5.010949526576215e-111,0.9507567260094678,0.9507567260094678,-0.6830810913301775
0.002362836026355175,0.997642733807129,67.43544018741603,1.0011199552763663,1.0022411648525535,0.47543077716366794,5.011205824262769e-111,0.9508615543273359,0.9508615543273359,-0.6830461485575547
0.0024180130845257207,0.9975878195992456,67.43720511667428,1.0011461567202238,1.0022936271156748,0.47548441558906296,5.011468135578374e-111,0.9509688311781259,0.9509688311781259,-0.6830103896072914
0.0024744786399573527,0.9975316292906385,67.43901141402225,1.00117297229843,1.0023473204608728,0.4755393068830103,5.0117366023043635e-111,0.9510786137660207,0.9510786137660207,-0.6829737954113264
0.0025322627816987946,0.9974741333763438,67.44086005273556,1.001200416459851,1.0024022739193788,0.4755954803160831,5.012011369596895e-111,0.9511909606321662,0.9511909606321662,-0.6829363464559446
0.0025913963014396572,0.9974153016762368,67.44275202916005,1.001228503995844,1.002458517213756,0.4756529658429698,5.0122925860687786e-111,0.9513059316859396,0.9513059316859396,-0.6828980227713535
0.002651910709918538,0.997355103319914,67.4446883632668,1.0012572500484977,1.0025160807746798,0.4757117941184739,5.012580403873399e-111,0.9514235882369478,0.9514235882369478,-0.6828588039210174
0.00271383825371428,0.9972935067312519,67.44667009922064,1.0012866701190712,1.0025749957581378,0.4757719965138883,5.012874978790689e-111,0.9515439930277766,0.9515439930277766,-0.6828186689907412
0.002777211932429355,0.9972304796126374,67.44869830596294,1.001316780076647,1.0026352940630643,0.4758336051337527,5.013176470315321e-111,0.9516672102675054,0.9516672102675054,-0.6827775965774983
0.002842065516274511,0.9971659889288635,67.45077407780873,1.0013475961669942,1.0026970083494178,0.47589665283300175,5.0134850417470885e-111,0.9517933056660035,0.9517933056660035,-0.6827355647779989
0.002908433564064048,0.9971000008906812,67.45289853505868,1.001379135021655,1.0027601720567179,0.4759611732345187,5.013800860283591e-111,0.9519223464690374,0.9519223464690374,-0.6826925511769875
0.002976351441631319,0.997032480938007,67.45507282462623,1.001411413667254,1.0028248194230482,0.4760272007470941,5.014124097115241e-111,0.9520544014941882,0.9520544014941882,-0.6826485328352706
0.003045855340674284,0.9969633937227728,67.45729812068049,1.001444449535043,1.0028909855045454,0.4760947705838112,5.0144549275227265e-111,0.9521895411676224,0.9521895411676224,-0.6826034862774593
0.0031169822980411433,0.9968927030914175,67.45957562530496,1.0014782604706793,1.0029587061953777,0.47616391878085607,5.014793530976889e-111,0.9523278375617121,0.9523278375617121,-0.6825573874794293
0.0031897702154663216,0.9968203720670105,67.46190656917275,1.001512864744251,1.0030280182482363,0.47623468221677095,5.015140091241182e-111,0.9524693644335419,0.9524693644335419,-0.682510211855486
0.0032642578797673237,0.9967463628309996,67.46429221223877,1.0015482810605518,1.0030989592953463,0.47630709863215864,5.015494796476731e-111,0.9526141972643173,0.9526141972643173,-0.6824619342452276
0.0033404849835132443,0.9966706367045798,67.4667338444492,1.0015845285696139,1.0031715678700155,0.4763812066498467,5.015857839350078e-111,0.9527624132996934,0.9527624132996934,-0.6824125289001022
0.0034184921461759272,0.996593154129675,67.46923278646851,1.0016216268775016,1.003245883428733,0.47645704579552334,5.016229417143665e-111,0.9529140915910467,0.9529140915910467,-0.6823619694696511
0.003498320935775036,0.9965138746495232,67.47179039042516,1.0016595960573806,1.003321946373835,0.476534656518858,5.016609731869175e-111,0.953069313037716,0.953069313037716,-0.682310228987428
0.0035800138910285803,0.9964327568888619,67.47440804067568,1.0016984566608622,1.0033997980767533,0.4766140802151145,5.016998990383766e-111,0.953228160430229,0.953228160430229,-0.6822572798565903
0.003663614544020716,0.9963497585337043,67.47708715458809,1.0017382297296331,1.003479480901859,0.4766953592472712,5.017397404509295e-111,0.9533907184945424,0.9533907184945424,-0.6822030938351525
0.0037491674433988856,0.9962648363107007,67.47982918334513,1.0017789368073802,1.003561038230925,0.47677853696865824,5.0178051911546254e-111,0.9535570739373165,0.9535570739373165,-0.6821476420208945
0.003836718178112645,0.996177945966077,67.48263561276775,1.0018205999520153,1.0036445144882158,0.4768636577461247,5.0182225724410796e-111,0.9537273154922494,0.9537273154922494,-0.6820908948359168
0.0039263134017068395,0.9960890422441434,67.48550796415932,1.0018632417482085,1.003729955166229,0.47695076698374755,5.018649775831147e-111,0.9539015339674951,0.9539015339674951,-0.6820328220108349
0.004018000857182091,0.9959980788653672,67.48844779517142,1.0019068853202409,1.0038174068521062,0.47703991114709565,5.0190870342605316e-111,0.9540798222941913,0.9540798222941913,-0.6819733925686029
0.004111829402435829,0.9959050085040002,67.4914567006914,1.0019515543451811,1.0039069172547244,0.4771311377880619,5.019534586273623e-111,0.9542622755761238,0.9542622755761238,-0.6819125748079587
0.004207849036297403,0.9958097827652558,67.49453631375266,1.0019972730663993,1.0039985352325003,0.4772244955702753,5.019992676162502e-111,0.9544489911405506,0.9544489911405506,-0.6818503362864832
0.004306110925171174,0.9957123521620271,67.49768830646796,1.0020440663074224,1.0040923108219137,0.4773200342951091,5.0204615541095696e-111,0.9546400685902182,0.9546400685902182,-0.6817866438032606
0.004406667430301786,0.9956126660911402,67.50091439098675,1.0020919594861453,1.0041882952667822,0.47741780492829433,5.020941476333912e-111,0.9548356098565887,0.9548356098565887,-0.681721463381137
0.004509572135676145,0.9955106728091319,67.50421632047664,1.0021409786294038,1.004286541048299,0.47751785962716004,5.021432705241495e-111,0.9550357192543201,0.9550357192543201,-0.68165476024856
0.004614879876576938,0.9954063194075484,67.50759589013036,1.002191150387921,1.0043871019158646,0.4776202517685075,5.0219355095793226e-111,0.955240503537015,0.955240503537015,-0.681586498820995
0.004722646768802954,0.9952995517877586,67.51105493819824,1.0022425020516366,1.0044900329187245,0.47772503597713634,5.0224501645936225e-111,0.9554500719542727,0.9554500719542727,-0.681516642681909
0.004832930238571752,0.9951903146352655,67.5145953470474,1.0022950615654307,1.0045953904384506,0.4778322681550405,5.022976952192253e-111,0.955664536310081,0.955664536310081,-0.6814451545633063
0.00494578905312064,0.9950785513935229,67.51821904424818,1.0023488575452522,1.0047032322222724,0.4779420055112829,5.0235161611113604e-111,0.9558840110225658,0.9558840110225658,-0.6813719963258114
0.005061283352022219,0.994964204237236,67.5219280036885,1.002403919294663,1.004813617417301,0.47805430659257153,5.0240680870865065e-111,0.9561086131851431,0.9561086131851431,-0.6812971289382856
0.005179474679231213,0.9948472140451493,67.52572424671705,1.002460276821809,1.0049266066056577,0.47816923131454836,5.024633033028289e-111,0.9563384626290967,0.9563384626290967,-0.6812205124569677
0.005300426015879673,0.994727520372307,67.52960984331624,1.0025179608568324,1.0050422618405415,0.478286840993811,5.025211309202707e-111,0.956573681987622,0.956573681987622,-0.6811421060041261
0.005424201813838024,0.9946050614217835,67.53358691330536,1.0025770028697352,1.0051606466832608,0.4784071983806808,5.0258032334163054e-111,0.9568143967613616,0.9568143967613616,-0.6810618677462128
0.005550868030059805,0.9944797740158742,67.53765762757519,1.0026374350887053,1.0052818262412577,0.47853036769273877,5.026409131206288e-111,0.9570607353854775,0.9570607353854775,-0.6809797548715075
0.005680492161728429,0.994351593566742,67.54182420935463,1.0026992905189227,1.005405867207151,0.4786564146491418,5.027029336035755e-111,0.9573128292982837,0.9573128292982837,-0.6808957235672388
0.005813143282224713,0.994220454046509,67.54608893551061,1.002762602961856,1.0055328378988369,0.4787854065057436,5.0276641894941845e-111,0.9575708130114872,0.9575708130114872,-0.680809728996171
0.005948892077934331,0.9940862879567908,67.55045413788177,1.002827407035062,1.005662808300666,0.4789174120910315,5.028314041503329e-111,0.957834824182063,0.957834824182063,-0.6807217252726456
0.0060878108859147625,0.9939490262976607,67.55492220464737,1.0028937381925085,1.0057958501057436,0.47905250184290793,5.0289792505287185e-111,0.9581050036858159,0.9581050036858159,-0.6806316654380613
0.006229973732441847,0.9938085985360456,67.55949558173191,1.0029616327454263,1.0059320367593714,0.47919074784632354,5.0296601837968565e-111,0.9583814956926471,0.9583814956926471,-0.6805395014357842
0.0063754563724565064,0.9936649325735375,67.56417677424707,1.0030311278837154,1.0060714435036784,0.4793322238717935,5.030357217518391e-111,0.958664447743587,0.958664447743587,-0.680445184085471
0.0065243363299326215,0.9935179547136216,67.56896834797143,1.0031022616979133,1.0062141474234687,0.47947700541480887,5.031070737117345e-111,0.9589540108296177,0.9589540108296177,-0.6803486630567941
0.006676692939187563,0.993367589628311,67.57387293086953,1.0031750732017448,1.0063602274933259,0.47962516973616937,5.031801137466631e-111,0.9592503394723387,0.9592503394723387,-0.6802498868425537
0.006832607387157405,0.9932137603241826,67.57889321465116,1.0032496023552726,1.0065097646260126,0.4797767959032539,5.032548823130064e-111,0.9595535918065078,0.9595535918065078,-0.6801488027311641
0.006992162756659375,0.9930563881078099,67.58403195637217,1.0033258900886606,1.006662841722203,0.4799319648322538,5.0333142086110145e-111,0.9598639296645076,0.9598639296645076,-0.6800453567784974
0.007155444070664574,0.9928953925505838,67.58929198007789,1.003403978326572,1.0068195437215919,0.48009075933139006,5.034097718607959e-111,0.9601815186627801,0.9601815186627801,-0.6799394937790733
0.007322538337604534,0.9927306914529194,67.59467617849053,1.0034839100132205,1.0069799576554213,0.4802532641451365,5.034899788277105e-111,0.960506528290273,0.960506528290273,-0.6798311572365756
0.007493534597735756,0.9925622008078416,67.6001875147417,1.0035657291380895,1.0071441727004653,0.48041956599947083,5.035720863502326e-111,0.9608391319989417,0.9608391319989417,-0.6797202893336861
0.00766852397058701,0.9923898347639459,67.60582902415162,1.003649480762346,1.0073122802345267,0.48058975364818024,5.036561401172633e-111,0.9611795072963605,0.9611795072963605,-0.6796068309012131
0.007847599703514606,0.9922135055877266,67.61160381605605,1.0037352110459627,1.0074843738934833,0.48076391792024287,5.0374218694674165e-111,0.9615278358404857,0.9615278358404857,-0.6794907213865047
0.008030857221391512,0.9920331236252745,67.61751507568268,1.003822967275574,1.0076605496299385,0.4809421517683096,5.038302748149692e-111,0.9618843035366192,0.9618843035366192,-0.6793718988211269
0.008218394177456807,0.9918485972633324,67.62356606607828,1.0039127978930862,1.0078409057735245,0.4811245503183128,5.0392045288676225e-111,0.9622491006366256,0.9622491006366256,-0.6792502997877914
0.008410310505352604,0.9916598328897115,67.62976013008817,1.004004752525062,1.008025543092911,0.4813112109202261,5.0401277154645536e-111,0.9626224218404522,0.9626224218404522,-0.6791258593865159
0.008606708472376158,0.991466734853061,67.63610069238948,1.004098882012908,1.0082145648595717,0.48150223320000257,5.041072824297859e-111,0.9630044664000051,0.9630044664000051,-0.6789985111999983
0.008807692733975461,0.991269205421991,67.64259126158002,1.004195238443884,1.0084080769133688,0.481697719112716,5.0420403845668446e-111,0.963395438225432,0.963395438225432,-0.6788681872581893
0.009013370389517439,0.991067144743545,67.64923543232423,1.0042938751829606,1.008606187730008,0.48189777299693387,5.0430309386500416e-111,0.9637955459938677,0.9637955459938677,-0.678734818002044
0.009223851039358476,0.9908604508010198,67.6560368875581,1.0043948469055537,1.0088090084904306,0.48210250163034923,5.044045042452153e-111,0.9642050032606985,0.9642050032606985,-0.6785983322464338
0.009439246843247663,0.9906490193711347,67.66299940075467,1.004498209631156,1.009016653152198,0.48231201428669934,5.04508326576099e-111,0.9646240285733987,0.9646240285733987,-0.6784586571422004
0.009659672580093832,0.9904327439805439,67.6701268382522,1.0046040207579008,1.0092292385229407,0.48252642279400076,5.046146192614704e-111,0.9650528455880015,0.9650528455880015,-0.6783157181373328
0.009885245709128281,0.9902115158616988,67.67742316164657,1.0047123390980786,1.0094468843359325,0.48274584159412737,5.0472344216796626e-111,0.9654916831882547,0.9654916831882547,-0.6781694389372483
0.010116086432495808,0.9899852239080524,67.68489243025043,1.004823224914644,1.0096697133278654,0.48297038780376683,5.048348566639327e-111,0.9659407756075337,0.9659407756075337,-0.6780197414641554
0.010352317759307377,0.9897537546286169,67.69253880362047,1.0049367399587361,1.0098978513188923,0.48320018127677805,5.049489256594463e-111,0.9664003625535561,0.9664003625535561,-0.6778665458154813
0.01059406557118851,0.9895169921018676,67.70036654415553,1.0050529475082473,1.0101314272950157,0.48343534466798765,5.050657136475078e-111,0.9668706893359753,0.9668706893359753,-0.6777097702213415
0.01084145868935835,0.9892748179290002,67.70838001976745,1.005171912407474,1.0103705734928985,0.4836760034984544,5.0518528674644935e-111,0.9673520069969088,0.9673520069969088,-0.6775493310010303
0.011094628943275219,0.989027111186546,67.71658370662682,1.0052937011078804,1.0106154254871804,0.48392228622223005,5.053077127435902e-111,0.9678445724444601,0.9678445724444601,-0.6773851425185133
0.011353711240885177,0.9887737483783445,67.72498219198638,1.0054183817100117,1.0108661222803788,0.4841743242946571,5.0543306114018936e-111,0.9683486485893142,0.9683486485893142,-0.6772171171368953
0.011618843640511002,0.9885146033868861,67.73358017708406,1.0055460240065923,1.0111228063954663,0.4844322522422282,5.055614031977331e-111,0.9688645044844564,0.9688645044844564,-0.6770451651718479
0.011890167424419899,0.9882495474240213,67.74238248012844,1.0056766995268474,1.0113856239712127,0.48469620773404776,5.056928119856064e-111,0.9693924154680955,0.9693924154680955,-0.6768691948439682
0.01216782717410923,0.987978448981054,67.75139403936923,1.0058104815820847,1.011654724860385,0.48496633165492553,5.058273624301926e-111,0.9699326633098511,0.9699326633098511,-0.6766891122300496
0.012451970847350318,0.98770117377822,67.76061991625528,1.0059474453125783,1.0119302627309026,0.48524276818013956,5.059651313654513e-111,0.9704855363602791,0.9704855363602791,-0.6765048212132403
0.012742749857031334,0.987417584713561,67.77006529868322,1.006087667735796,1.0122123951700535,0.48552566485190335,5.061061975850268e-111,0.9710513297038067,0.9710513297038067,-0.6763162234320644
0.013040319151841315,0.9871275418112092,67.7797355043393,1.006231227796011,1.0125012837918677,0.4858151726575721,5.062506418959339e-111,0.9716303453151443,0.9716303453151443,-0.6761232182282852
0.013344837298838383,0.9868309021690878,67.78963598413766,1.0063782064153453,1.0127970943477673,0.48611144610962603,5.063985471738836e-111,0.9722228922192521,0.9722228922192521,-0.6759257025935826
0.013656466567946095,0.9865275199060443,67.79977232575811,1.0065286865462904,1.0130999968406003,0.48641464332746853,5.0654999842030016e-111,0.9728292866549371,0.9728292866549371,-0.6757235711150209
0.01397537301842291,0.9862172461084329,67.8101502572865,1.0066827532257496,1.0134101656421755,0.4867249261210717,5.067050828210877e-111,0.9734498522421434,0.9734498522421434,-0.6755167159192855
0.014301726587350879,0.9858999287761547,67.82077565096118,1.006840493630659,1.0137277796144288,0.48704246007651547,5.068638898072146e-111,0.9740849201530309,0.9740849201530309,-0.6753050266156564
0.014635701180190797,0.9855754127681817,67.83165452702906,1.0070019971352295,1.014053022234341,0.4873674146434504,5.070265111171705e-111,0.9747348292869008,0.9747348292869008,-0.6750883902376997
0.014977474763452,0.9852435397475766,67.84279305771452,1.007167355369871,1.0143860817227401,0.48769996322453035,5.071930408613701e-111,0.9753999264490607,0.9753999264490607,-0.6748666911836465
0.015327229459526134,0.9849041481260332,67.85419757130533,1.0073366622818487,1.0147271511771354,0.48804028326684773,5.073635755885676e-111,0.9760805665336955,0.9760805665336955,-0.6746398111554348
0.015685151643735476,0.9845570730079578,67.86587455635919,1.0075100141977313,1.0150764287087126,0.4883885563554166,5.075382143543564e-111,0.9767771127108332,0.9767771127108332,-0.674407629096389
0.016051432043647614,0.9842021461341162,67.8778306660348,1.00768750988769,1.0154341175836537,0.4887449683087418,5.077170587918267e-111,0.9774899366174836,0.9774899366174836,-0.6741700211275055
0.016426265840709303,0.983839195824871,67.89007272255209,1.0078692506317115,1.0158004263689278,0.4891097092765123,5.079002131844638e-111,0.9782194185530246,0.9782194185530246,-0.6739268604823252
0.016809852774253637,0.9834680469230408,67.9026077217851,1.0080553402877837,1.0161755690827192,0.48948297383946393,5.080877845413597e-111,0.9789659476789279,0.9789659476789279,-0.6736780174403574
0.017202397247935992,0.9830885207364065,67.91544283799288,1.0082458853621272,1.0165597653496599,0.48986496111144867,5.082798826748298e-111,0.9797299222228973,0.9797299222228973,-0.6734233592590342
0.017604108438655525,0.9827004349798999,67.92858542869239,1.0084409950815378,1.0169532405610422,0.49025587484375477,5.084766202805212e-111,0.9805117496875095,0.9805117496875095,-0.6731627501041635
0.018015200408020238,0.9823036037175086,67.94204303967842,1.0086407814679101,1.0173562260401965,0.4906559235317167,5.0867811302009834e-111,0.9813118470634334,0.9813118470634334,-0.6728960509788555
0.018435892216414878,0.9818978373039338,67.95582341019572,1.0088453594150195,1.0177689592132197,0.491065320523659,5.088844796066099e-111,0.982130641047318,0.982130641047318,-0.672623119650894
0.018866408039732583,0.9814829423260397,67.96993447826804,1.0090548467676372,1.01819168378526,0.49148428413221223,5.0909584189262996e-111,0.9829685682644245,0.9829685682644245,-0.6723438105785251
0.019306977288832496,0.9810587215441362,67.98438438619013,1.0092693644030601,1.018624649922557,0.491913037748048,5.093123249612785e-111,0.983826075496096,0.983826075496096,-0.6720579748346347
0.019757834731786994,0.9806249738331417,67.99918148618745,1.0094890363151343,1.0190681144404585,0.49235180995606803,5.095340572202293e-111,0.9847036199121361,0.9847036199121361,-0.6717654600292879
0.020219220618983534,0.9801814941236686,68.01433434625018,1.0097139897008638,1.0195223409976362,0.4928008346540946,5.09761170498818e-111,0.9856016693081892,0.9856016693081892,-0.6714661102306037
0.0206913808111479,0.9797280733430859,68.02985175614711,1.0099443550496898,1.019987600296734,0.4932603511741007,5.09993800148367e-111,0.9865207023482014,0.9865207023482014,-0.6711597658839328
0.02117456691035712,0.9792644983566107,68.04574273362553,1.0101802662355335,1.0204641702916932,0.4937306044060197,5.102320851458467e-111,0.9874612088120394,0.9874612088120394,-0.6708462637293202
0.02166903639411181,0.9787905519084822,68.06201653080413,1.0104218606117004,1.0209523364020106,0.4942118449241792,5.1047616820100524e-111,0.9884236898483584,0.9884236898483584,-0.6705254367172139
0.022175052752539316,0.9783060125632829,68.07868264076512,1.010669279108746,1.0214523917341922,0.4947043291163923,5.107261958670961e-111,0.9894086582327846,0.9894086582327846,-0.6701971139224052
0.02269288562880081,0.9778106546474622,68.09575080435282,1.010922666335404,1.0219646373106825,0.4952083193157547,5.1098231865534134e-111,0.9904166386315094,0.9904166386315094,-0.6698611204561635
0.023222810962777247,0.977304248191138,68.1132310171859,1.0111821706826885,1.0224893823065537,0.495724083935175,5.112446911532769e-111,0.99144816787035,0.99144816787035,-0.6695172773765501
0.02376511113811073,0.9767865588702361,68.13113353689103,1.01144794443128,1.0230269442942617,0.4962518976046871,5.1151347214713096e-111,0.9925037952093742,0.9925037952093742,-0.6691654015968753
0.024320075132679475,0.9762573479490487,68.14946889056542,1.0117201438623131,1.0235776494967794,0.49679204131157095,5.117888247483899e-111,0.9935840826231419,0.9935840826231419,-0.668805305792286
0.024887998672586672,0.9757163722232858,68.16824788247665,1.0119989293716842,1.024141833049435,0.4973448025433252,5.120709165247176e-111,0.9946896050866504,0.9946896050866504,-0.6684367983044499
0.0254691843897454,0.9751633839637004,68.18748160200835,1.0122844655880099,1.0247198392708028,0.4979104754335193,5.123599196354013e-111,0.9958209508670386,0.9958209508670386,-0.6680596830443204
0.02606394198314347,0.9745981308603752,68.20718143186015,1.012576921494361,1.0253120219429972,0.49848936091056195,5.1265601097149864e-111,0.9969787218211239,0.9969787218211239,-0.6676737593929587
0.026672588383874055,0.9740203559677575,68.22735905651149,1.0128764705539117,1.0259187446017493,0.4990817668494129,5.1295937230087454e-111,0.9981635336988258,0.9981635336988258,-0.6672788221003914
0.027295447924020073,0.9734297976505402,68.24802647095854,1.0131832908396456,1.0265403808366538,0.4996880082262673,5.132701904183269e-111,0.9993760164525346,0.9993760164525346,-0.6668746611824885
0.02793285250948253,0.972826189530483,68.26919598973404,1.0134975651682607,1.027177314601993,0.5003084072762412,5.135886573009965e-111,1.0006168145524823,1.0006168145524823,-0.6664610618158393
0.028585141796844713,0.9722092604342805,68.29088025622082,1.0138194812384325,1.0278299405385645,0.5009432936540772,5.139149702692822e-111,1.0018865873081544,1.0018865873081544,-0.6660378042306152
0.029252663374366446,0.9715787343425835,68.31309225226889,1.014149231773588,1.0284986643069587,0.5015930045978951,5.142493321534795e-111,1.0031860091957903,1.0031860091957903,-0.6656046636014032
0.029935772947204904,0.9709343303402866,68.33584530812804,1.0144870146693594,1.029183902932749,0.5022578850960032,5.145919514663745e-111,1.0045157701920064,1.0045157701920064,-0.6651614099359979
0.030634834526960843,0.9702757625682022,68.35915311270686,1.0148330331458857,1.0298860851640785,0.5029382880567833,5.149430425820392e-111,1.0058765761135666,1.0058765761135666,-0.6647078079621445
0.03135022062565112,0.969602740176239,68.3830297241706,1.0151874959051455,1.0306056518421596,0.5036345744816636,5.1530282592107976e-111,1.0072691489633272,1.0072691489633272,-0.6642436170122243
0.032082312454210775,0.9689149672782189,68.40748958089009,1.015550617293499,1.0313430562852066,0.5043471136411823,5.156715281426035e-111,1.0086942272823647,1.0086942272823647,-0.6637685909058784
0.03283150012563047,0.9682121429084638,68.43254751275498,1.0159226174696405,1.0320987646863657,0.5050762832541436,5.1604938234318275e-111,1.010152566508287,1.010152566508287,-0.663282477830571
0.03359818286283781,0.9674939609802928,68.45821875286452,1.016303722578155,1.0328732565262158,0.5058224696698653,5.1643662826310784e-111,1.0116449393397307,1.0116449393397307,-0.6627850202200898
0.03438276921143307,0.9667601102465725,68.48451894961015,1.0166941649288919,1.0336670250004567,0.5065860680535091,5.168335125002284e-111,1.0131721361070183,1.0131721361070183,-0.662275954630994
0.03518567725739263,0.9660102742624752,68.51146417916438,1.017094183182369,1.0344805774634103,0.5073674825744755,5.1724028873170515e-111,1.014734965148951,1.014734965148951,-0.6617550116170163
0.0360073348498562,0.9652441313506004,68.53907095839128,1.0175040225414382,1.0353144358880075,0.5081671265978469,5.1765721794400386e-111,1.0163342531956938,1.0163342531956938,-0.6612219156014354
0.03684817982911676,0.9644613545686219,68.56735625819438,1.0179239349494416,1.0361691373429551,0.5089854228788476,5.1808456867147746e-111,1.0179708457576953,1.0179708457576953,-0.6606763847474348
0.037708660259934516,0.9636616116796317,68.59633751731833,1.0183541792951059,1.0370452344878085,0.509822803760288,5.185226172439044e-111,1.019645607520576,1.019645607520576,-0.6601181308264747
0.03858923467029903,0.9628445651253557,68.62603265662142,1.0187950216244273,1.037943296086717,0.5106797113729452,5.1897164804335856e-111,1.0213594227458904,1.0213594227458904,-0.6595468590847031
0.03949037229576702,0.9620098720024213,68.6564600938371,1.0192467353598145,1.0388639075416395,0.5115565978388326,5.194319537708197e-111,1.0231131956776651,1.0231131956776651,-0.658962268107445
0.040412553329506,0.96115718404187,68.6876387588426,1.0197096015267606,1.0398076714458648,0.5124539254772915,5.199038357229324e-111,1.024907850954583,1.024907850954583,-0.6583640496818057
0.04135626917817706,0.9602861475921062,68.7195881094541,1.0201839089883327,1.0407752081587147,0.5133721670138346,5.203876040793574e-111,1.0267443340276692,1.0267443340276692,-0.6577518886574436
0.042322022723792756,0.9593964036054836,68.75232814776867,1.020669954687777,1.0417671564023492,0.5143118057916568,5.208835782011745e-111,1.0286236115833136,1.0286236115833136,-0.657125462805562
0.04331032859169001,0.9584875876287429,68.7858794370736,1.0211680438995487,1.0427841738816308,0.5152733359857176,5.213920869408153e-111,1.0305466719714351,1.0305466719714351,-0.6564844426761882
0.04432171342476086,0.9575593297975087,68.82026311934494,1.0216784904890877,1.043826937928061,0.5162572628192843,5.219134689640304e-111,1.0325145256385686,1.0325145256385686,-0.6558284914538104
0.04535671616408702,0.9566112548350744,68.8555009333579,1.022201617181679,1.0448961461688397,0.5172641027828163,5.2244807308442e-111,1.0345282055656326,1.0345282055656326,-0.6551572648114559
0.046415888336127774,0.9556429820556984,68.89161523343249,1.0227377558407436,1.0459925172221605,0.5182943838550487,5.229962586110802e-111,1.0365887677100973,1.0365887677100973,-0.6544704107633008
0.047499794346614124,0.9546541253726522,68.92862900883907,1.0232872477559245,1.0471167914198949,0.5193486457261227,5.235583957099474e-111,1.0386972914522454,1.0386972914522454,-0.6537675695159182
0.048609011781306305,0.9536442933112576,68.96656590388902,1.0238504439413454,1.0482697315588902,0.5204274400225913,5.24134865779445e-111,1.0408548800451827,1.0408548800451827,-0.6530483733182724
0.049744131713774516,0.9526130890271669,69.00545023873724,1.0244277054444364,1.0494521236821528,0.5215313305341073,5.247260618410765e-111,1.0430626610682145,1.0430626610682145,-0.6523124463105952
0.050905759020366814,0.9515601103301403,69.04530703092372,1.0250194036657323,1.0506647778912537,0.5226608934415853,5.2533238894562675e-111,1.0453217868831706,1.0453217868831706,-0.6515594043722766
0.05209451270253212,0.9504849497135803,69.08616201768355,1.0256259206900764,1.0519085291913668,0.5238167175466054,5.259542645956835e-111,1.0476334350932108,1.0476334350932108,-0.6507888549689298
0.053311026216670325,0.9493871943900984,69.12804167905404,1.026247649629662,1.0531842383704055,0.5249994045018015,5.265921191852028e-111,1.049998809003603,1.049998809003603,-0.6500003969987991
0.05455594781168514,0.9482664263333829,69.17097326181137,1.026884994979385,1.0544927929138115,0.5262095690419565,5.272463964569059e-111,1.052419138083913,1.052419138083913,-0.6491936206386957
0.0558299408744192,0.9471222223266544,69.21498480426794,1.0275383729849754,1.0558351079566106,0.527447839215498,5.2791755397830525e-111,1.054895678430996,1.054895678430996,-0.6483681071896681
0.057133684283155795,0.9459541540179961,69.26010516196463,1.0282082120244156,1.0572121272744457,0.5287148566160573,5.286060636372228e-111,1.0574297132321147,1.0574297132321147,-0.6475234289226284
0.05846787276937589,0.9447617879828506,69.30636403429271,1.028894953003158,1.0586248243153704,0.530011276613734,5.293124121576852e-111,1.060022553227468,1.060022553227468,-0.6466591489241773
0.05983321728796282,0.9435446857939859,69.35379199208187,1.0295990497636858,1.0600742032742845,0.5313377685856621,5.300371016371423e-111,1.0626755371713241,1.0626755371713241,-0.645774820942892
0.06123044539605184,0.9423024040992334,69.4024205061921,1.0303209695099778,1.0615613002119806,0.5326950161454537,5.307806501059903e-111,1.0653900322909073,1.0653900322909073,-0.6448699892363643
0.06266030164072656,0.9410344947073112,69.45228197714883,1.031061193247459,1.063087184220874,0.5340837173710486,5.3154359211043685e-111,1.0681674347420973,1.0681674347420973,-0.6439441884193009
0.06412354795576918,0.9397405046820424,69.50340976586223,1.0318202162390473,1.0646529586395943,0.5355045850304712,5.323264793197971e-111,1.0710091700609423,1.0710091700609423,-0.6429969433130192
0.06562096406767555,0.9384199764452945,69.55583822547318,1.0325985484779272,1.0662597623187222,0.5369583468049373,5.33129881159361e-111,1.0739166936098745,1.0739166936098745,-0.6420277687967084
0.06715334791115142,0.9370724478889584,69.60960273437037,1.0333967151777075,1.067908770940076,0.5384457455087335,5.339543854700379e-111,1.076891491017467,1.076891491017467,-0.6410361696608444
0.06872151605431122,0.9356974524962975,69.66473973042429,1.0342152572806456,1.0696011983920717,0.5399675393052209,5.34800599196036e-111,1.0799350786104418,1.0799350786104418,-0.640021640463186
0.07032630413380643,0.9342945194729937,69.72128674648597,1.0350547319846493,1.071338298203814,0.5415245019182865,5.35669149101907e-111,1.083049003836573,1.083049003836573,-0.6389836653878089
0.07196856730011514,0.9328631738882261,69.77928244720073,1.0359157132897971,1.0731213650407094,0.5431174228384954,5.3656068252035465e-111,1.0862348456769908,1.0862348456769908,-0.6379217181076697
0.07364918067322965,0.9314029368261167,69.83876666718785,1.0367987925651403,1.0749517362645329,0.5447471075231589,5.374758681322665e-111,1.0894942150463178,1.0894942150463178,-0.6368352616512274
0.07536903980898542,0.9299133255478761,69.89978045064048,1.0377045791365866,1.0768307935610404,0.546414377589458,5.384153967805202e-111,1.092828755178916,1.092828755178916,-0.6357237482736946
0.07712906117627992,0.9283938536649907,69.9623660924015,1.0386337008966968,1.078759964638369,0.5481200709997137,5.3937998231918445e-111,1.0962401419994274,1.0962401419994274,-0.6345866193335241
0.07893018264543566,0.926844031323782,70.02656718057348,1.0395868049372547,1.0807407249996497,0.549865042237824,5.403703624998249e-111,1.099730084475648,1.099730084475648,-0.633423305174784
0.08077336398796711,0.9252633654016789,70.09242864072276,1.040564558205504,1.0827745997934157,0.5516501624758134,5.4138729989670795e-111,1.1033003249516269,1.1033003249516269,-0.6322332250161244
0.08265958738801812,0.9236513597155322,70.15999678174057,1.0415676481849847,1.0848631657456003,0.5534763197293817,5.424315828728e-111,1.1069526394587634,1.1069526394587634,-0.6310157868470789
0.084589857965743,0.9220075152423058,70.22931934342638,1.0425967836019356,1.0870080531771014,0.5553444190012444,5.435040265885507e-111,1.1106888380024889,1.1106888380024889,-0.6297703873325038
0.08656520431290936,0.9203313303524671,70.30044554586051,1.0436526951582619,1.0892109481111039,0.5572553824109938,5.44605474055552e-111,1.1145107648219876,1.1145107648219876,-0.6284964117260041
0.08858667904100823,0.918622301056404,70.37342614063691,1.0447361362921157,1.0914735944745784,0.5592101493101082,5.45736797237289e-111,1.1184202986202163,1.1184202986202163,-0.6271932337932613
0.09065535934216358,0.916879921264181,70.44831346402836,1.0458478839671668,1.0937977963986003,0.5612096763806628,5.468988981993002e-111,1.1224193527613255,1.1224193527613255,-0.6258602157462247
0.0927723475631406,0.9151036830589455,70.52516149215991,1.046988739491685,1.0961854206223876,0.5632549377161896,5.480927103111937e-111,1.1265098754323792,1.1265098754323792,-0.624496708189207
0.0949387717927582,0.9132930769842833,70.60402589826919,1.0481595293686043,1.098638399006214,0.5653469248830432,5.49319199503107e-111,1.1306938497660863,1.1306938497660863,-0.6231020500779711
0.09715578646301858,0.9114475923458174,70.68496411213457,1.0493611061777697,1.1011587311586326,0.5674866469605263,5.505793655793161e-111,1.1349732939210526,1.1349732939210526,-0.6216755686929825
0.09942457296427418,0.9095667175273288,70.76803538175595,1.0505943494916263,1.1037484871837335,0.5696751305579131,5.5187424359186684e-111,1.1393502611158262,1.1393502611158262,-0.6202165796280579
0.10174634027476064,0.9076499403216656,70.85330083737549,1.0518601668256455,1.106409810554475,0.5719134198064146,5.532049052772375e-111,1.1438268396128293,1.1438268396128293,-0.6187243867957235
0.10412232560483044,0.9056967482766975,70.94082355792911,1.0531594946248384,1.1091449211184448,0.5742025763239912,5.5457246055922256e-111,1.1484051526479824,1.1484051526479824,-0.6171982824506725
0.10655379505623053,0.9037066290565513,71.03066864002275,1.0544932992877487,1.1119561182427615,0.5765436791508171,5.559780591213809e-111,1.1530873583016341,1.1530873583016341,-0.6156375472327886
0.10904204429677526,0.9016790708183503,71.12290326953087,1.0558625782293776,1.1148457841051886,0.5789378246530619,5.574228920525942e-111,1.1578756493061237,1.1578756493061237,-0.6140414502312921
0.11158839925077481,0.8996135626046593,71.21759679591803,1.0572683609845313,1.1178163871389173,0.5813861263925325,5.589081935694585e-111,1.162772252785065,1.162772252785065,-0.6124092490716451
0.11419421680558647,0.8975095947518169,71.314820809388,1.0587117103531472,1.120870485638886,0.5838897149595798,5.60435242819443e-111,1.1677794299191595,1.1677794299191595,-0.6107401900269469
0.11686088553466509,0.8953666593143144,71.41464922096873,1.0601937235892032,1.1240107315379397,0.5864497377665401,5.620053657689698e-111,1.1728994755330802,1.1728994755330802,-0.60903350815564
0.11958982643749794,0.8931842505053577,71.51715834564492,1.0617155336348711,1.1272398743615792,0.5890673587988342,5.636199371807896e-111,1.1781347175976684,1.1781347175976684,-0.6072884274674439
0.12238249369681924,0.8909618651537188,71.6224269886539,1.0632783104016315,1.1305607653705483,0.591743758320705,5.65280382685274e-111,1.18348751664141,1.18348751664141,-0.60550416111953
0.1252403754535072,0.8886990031769599,71.73053653506469,1.064883262100129,1.1339763619010121,0.5944801325324249,5.66988180950506e-111,1.1889602650648499,1.1889602650648499,-0.60367991164505
0.12816499459957584,0.88639516807108,71.84157104276372,1.0665316366206015,1.1374897319126185,0.5972776931756478,5.687448659563094e-111,1.1945553863512957,1.1945553863512957,-0.6018148712162348
0.131157909589685,0.8840498674166004,71.95561733897507,1.068224722965782,1.1411040587553218,0.6001376670834334,5.705520293776608e-111,1.2002753341668668,1.2002753341668668,-0.5999082219443777
0.1342207152716012,0.881662613401078,72.07276512044743,1.0699638527382338,1.1448226461664448,0.6030612956713061,5.7241132308322236e-111,1.2061225913426121,1.2061225913426121,-0.5979591362191292
0.13735504373605123,0.8792329233579875,72.19310705744334,1.071750401684135,1.148648923510105,0.6060498343655647,5.743244617550524e-111,1.2120996687311294,1.2120996687311294,-0.5959667770896235
0.1405625651864215,0.876760320321887,72.31673890167215,1.073585791295608,1.1525864512718167,0.6091045519648891,5.762932256359083e-111,1.2182091039297782,1.2182091039297782,-0.5939302986900739
0.14384498882876628,0.8742443335997341,72.4437595983107,1.0754714904737337,1.1566389268217945,0.6122267299311401,5.783194634108971e-111,1.2244534598622803,1.2244534598622803,-0.5918488467125733
0.14720406378260012,0.8716844993581753,72.57427140226181,1.0774090172544806,1.1608101904612655,0.6154176616050969,5.8040509523063274e-111,1.2308353232101938,1.2308353232101938,-0.5897215589299354
0.1506415800129591,0.8690803612265929,72.70837999880392,1.0793999405998207,1.1651042317668963,0.6186786513427122,5.8255211588344816e-111,1.2373573026854243,1.2373573026854243,-0.5875475657715252
0.1541593692842272,0.8664314709156398,72.84619462879071,1.0814458822563942,1.1695251962493107,0.6220110135673297,5.847625981246553e-111,1.2440220271346594,1.2440220271346594,-0.5853259909551136
0.15775930613623615,0.8637373888509497,72.98782821856327,1.083548518684134,1.1740773923425811,0.6254160717331547,5.870386961712905e-111,1.2508321434663094,1.2508321434663094,-0.5830559521778969
0.1614433088831602,0.8609976848216522,73.13339751474285,1.0857095830573464,1.1787652987425572,0.6288951571951396,5.893826493712786e-111,1.257790314390279,1.257790314390279,-0.580736561869907
0.16521334063573684,0.8582119386432729,73.28302322407626,1.0879308673407997,1.1835935721129045,0.6324496079803217,5.917967860564524e-111,1.2648992159606434,1.2648992159606434,-0.578366928013119
0.169071410347358,0.8553797408345457,73.43683015851073,1.0902142244434492,1.1885670551788312,0.6360807674555238,5.942835275894156e-111,1.2721615349110476,1.2721615349110476,-0.5759461550296507
0.17301957388458944,0.8525006933076017,73.5949473856801,1.0925615704524956,1.1936907852296237,0.6397899828862389,5.9684539261481174e-111,1.2795799657724778,1.2795799657724778,-0.5734733447425073
0.1770599351226898,0.8495744100709416,73.75750838498857,1.094974886950543,1.198970003052354,0.6435786038814264,5.994850015261771e-111,1.2871572077628528,1.2871572077628528,-0.5709475974123823
0.18119464706671223,0.8466005179445427,73.92465120948249,1.097456223418683,1.2044101623203987,0.6474479807188832,6.022050811601993e-111,1.2948959614377664,1.2948959614377664,-0.5683680128540778
0.18542591299878522,0.8435786572863831,74.0965186537065,1.1000076997284218,1.2100169394618137,0.6513994625457996,6.050084697309068e-111,1.3027989250915992,1.3027989250915992,-0.5657336916361335
0.18975598765218504,0.8405084827296044,74.27325842774316,1.1026315087254033,1.2157962440340593,0.6554343954490958,6.078981220170296e-111,1.3108687908981915,1.3108687908981915,-0.5630437363672696
0.19418717841282548,0.8373896639294717,74.45502333764173,1.105329918907983,1.2217542296331283,0.6595541203901338,6.1087711481656426e-111,1.3191082407802677,1.3191082407802677,-0.5602972530732442
0.19872184654880534,0.8342218863192175,74.64197147244413,1.108105277203743,1.2278973053667839,0.6637599709984411,6.139486526833919e-111,1.3275199419968822,1.3275199419968822,-0.5574933526677059
0.20336240846866724,0.8310048518737967,74.8342663980223,1.1109600118471243,1.2342321479233624,0.6680532712191445,6.171160739616812e-111,1.336106542438289,1.336106542438289,-0.5546311525205703
0.2081113370090395,0.8277382798805055,75.03207735794436,1.1138966353614068,1.240765714269463,0.6724353328089377,6.203828571347314e-111,1.3448706656178755,1.3448706656178755,-0.5517097781273748
0.21297116275234781,0.8244219077153525,75.23557948159142,1.1169177476483285,1.247505255011815,0.6769074526755439,6.237526275059077e-111,1.3538149053510877,1.3538149053510877,-0.5487283648829708
0.21794447537529835,0.8210554916239997,75.44495399975087,1.1200260391887005,1.2544583284607285,0.6814709100558521,6.272291642303643e-111,1.3629418201117043,1.3629418201117043,-0.5456860599627653
0.22303392502884964,0.8176388075060236,75.66038846791642,1.123224294357429,1.2616328154347445,0.6861269635281481,6.308164077173722e-111,1.3722539270562961,1.3722539270562961,-0.542582024314568
0.22824222375040976,0.8141716517011788,75.88207699752775,1.1265153948564095,1.269036934848492,0.6908768478541809,6.345184674242461e-111,1.3817536957083618,1.3817536957083618,-0.5394154347638793
0.23357214690901212,0.8106538417762764,76.11022049538731,1.129902323268814,1.2766792601282633,0.6957217706471777,6.383396300641317e-111,1.3914435412943553,1.3914435412943553,-0.5361854862352149
0.23902653468423893,0.8070852173112226,76.34502691149494,1.1333881667383454,1.2845687365025074,0.700662908862366,6.4228436825125374e-111,1.401325817724732,1.401325817724732,-0.5328913940917559
0.2446082935796798,0.8034656406827004,76.58671149554358,1.136976120777072,1.2927146992172793,0.7057014051070737,6.4635734960863954e-111,1.4114028102141474,1.4114028102141474,-0.5295323965952843
0.25032039797173256,0.7997949978439112,76.83549706232294,1.1406694932055068,1.301126892729708,0.7108383637680714,6.505634463648538e-111,1.4216767275361428,1.4216767275361428,-0.5261077574879525
0.2561658916945727,0.7960731990987243,77.09161426628101,1.1444717082286373,1.3098154909357749,0.7160748469545133,6.549077454678876e-111,1.4321496939090266,1.4321496939090266,-0.5226167686969911
0.2621478896621353,0.7923001798685337,77.35530188549491,1.1483863106516465,1.3187911184921,0.7214118702555805,6.5939555924605e-111,1.442823740511161,1.442823740511161,-0.5190587531629463
0.2682695795279725,0.7884759014500549,77.626807115306,1.1524169702391032,1.3280648732950742,0.7268503983128071,6.6403243664753695e-111,1.4537007966256141,1.4537007966256141,-0.515433067791462
0.2745342233838714,0.7846003517622409,77.90638587187534,1.1565674862214272,1.3376483501845515,0.7323913402080242,6.688241750922757e-111,1.4647826804160484,1.4647826804160484,-0.5117391065279839
0.28094515949814064,0.7806735460804491,78.19430310591851,1.1608417919524718,1.347553665943426,0.7380355446689243,6.73776832971713e-111,1.4760710893378486,1.4760710893378486,-0.5079763035540505
0.2875058040944877,0.7766955277559369,78.49083312687945,1.165243959722082,1.357793485668797,0.7437837950954165,6.788967428343986e-111,1.487567590190833,1.487567590190833,-0.5041441366030557
0.2942196531724374,0.7726663689187259,78.79625993780527,1.169778205727513,1.3683810505950795,0.7496368044112273,6.841905252975399e-111,1.4992736088224545,1.4992736088224545,-0.5002421303925151
0.30109028437025925,0.7685861711618346,79.11087758118484,1.1744488952076133,1.3793302074543834,0.7555952097465931,6.896651037271918e-111,1.5111904194931862,1.5111904194931862,-0.4962698601689379
0.3081213588714002,0.7644550662048388,79.43499049601516,1.179260547743693,1.3906554394647548,0.7616595669594144,6.953277197323775e-111,1.5233191339188288,1.5233191339188288,-0.4922269553603904
0.31531662335543614,0.7602732165347016,79.76891388636095,1.1842178427310117,1.4023718990424912,0.7678303450038454,7.011859495212456e-111,1.5356606900076908,1.5356606900076908,-0.48811310333076974
0.32267991199458085,0.7560408160217806,80.11297410167283,1.1893256250248343,1.414495442340713,0.7741079201570601,7.072477211703563e-111,1.5482158403141202,1.5482158403141202,-0.48392805322862664
0.33021514849681755,0.7517580905089147,80.46750902913135,1.194588910765014,1.4270426657227426,0.7804925701167686,7.135213328613714e-111,1.5609851402335373,1.5609851402335373,-0.47967161992215424
0.3379263481967431,0.7474252983714685,80.83286849828414,1.200012893383078,1.4400309442856267,0.7869844679840416,7.200154721428132e-111,1.5739689359680833,1.5739689359680833,-0.47534368801063887
0.3458176201952377,0.7430427310462245,81.20941469824491,1.2056029497957974,1.453478472556328,0.7935836761480591,7.26739236278164e-111,1.5871673522961183,1.5871673522961183,-0.47094421590129387
0.3538931695490988,0.7386107135270064,81.59752260772342,1.2113646467892432,1.4674043074908276,0.8002901400915725,7.337021537454137e-111,1.600580280183145,1.600580280183145,-0.4664732399389516
0.3621572995118075,0.7341296048249322,81.99758043815685,1.2173037475973403,1.4818284139145292,0.8071036821381264,7.409142069572647e-111,1.6142073642762529,1.6142073642762529,-0.46193087857458237
0.3706144138266228,0.729599798391217,82.40999009021512,1.2234262186789655,1.4967717125511117,0.8140239951644211,7.48385856275556e-111,1.6280479903288423,1.6280479903288423,-0.45731733655705253
0.3792690190732246,0.7250217225004679,82.83516762395327,1.2297382366976435,1.5122561307962297,0.8210506363035922,7.561280653981146e-111,1.6421012726071844,1.6421012726071844,-0.45263290913093857
0.3881257270691536,0.7203958405924581,83.27354374288731,1.2362461957079471,1.528304656402372,0.8281830206676288,7.64152328201186e-111,1.6563660413352577,1.6563660413352577,-0.4478779862215808
0.39718925732733024,0.7157226515704038,83.72556429227244,1.242956714552738,1.5449413942517365,0.8354204151196204,7.724706971258684e-111,1.6708408302392408,1.6708408302392408,-0.44305305658691974
0.4064644395709628,0.711002690053825,84.19169077186605,1.249876644475446,1.562191626405201,0.8427619321290064,7.810958132026004e-111,1.6855238642580128,1.6855238642580128,-0.4381587119139957
0.41595621630718427,0.706236526584135,84.67240086346315,1.25701307695165,1.580081875627455,0.8502065237454444,7.900409378137273e-111,1.7004130474908887,1.7004130474908887,-0.43319565083637046
0.4256696454607871,0.7014247677811731,85.16818897349614,1.2643733517443014,1.5986399726011191,0.8577529757293326,7.993199863005594e-111,1.7155059514586652,1.7155059514586652,-0.4281646828471116
0.4356099030694608,0.6965680564489779,85.6795667909988,1.271965065187037,1.6178951270562631,0.8653999018793415,8.089475635281314e-111,1.730799803758683,1.730799803758683,-0.423066732080439
0.4457822860419706,0.691667071629186,86.20706386124222,1.2797960787001517,1.637878003056285,0.8731457385995278,8.189390015281423e-111,1.7462914771990556,1.7462914771990556,-0.41790284093364816
0.45619221498074586,0.6867225286005407,86.75122817535971,1.2878745275439387,1.6586207986965233,0.8809887397506714,8.293103993482617e-111,1.7619774795013428,1.7619774795013428,-0.4126741734995524
0.46684523707037895,0.6817351788231086,87.31262677628969,1.2962088298142769,1.680157330488497,0.8889269718323393,8.400786652442485e-111,1.7778539436646785,1.7778539436646785,-0.4073820187784405
0.4777470290335773,0.6767058098259104,87.8918463813785,1.3048076956855479,1.702523122720229,0.8969583095438406,8.512615613601147e-111,1.7939166190876812,1.7939166190876812,-0.40202779363743957
0.48890340015614425,0.6716352450368023,88.48949402200189,1.3136801369062039,1.7257555021019026,0.9050804317736013,8.628777510509512e-111,1.8101608635472026,1.8101608635472026,-0.3966130454842658
0.5003202953825999,0.6665243435535795,89.10619770058034,1.3228354765525585,1.7498936980260344,0.9132908180675483,8.749468490130173e-111,1.8265816361350966,1.8265816361350966,-0.39113945462163446
0.5120037984840887,0.6613739998554133,89.74260706538534,1.3322833590466945,1.7749789487927436,0.9215867456277759,8.874894743963718e-111,1.8431734912555517,1.8431734912555517,-0.38560883624814946
0.5239601353002644,0.656185143453881,90.39939410355696,1.3420337604447292,1.801054614173421,0.9299652868930722,9.005273070867105e-111,1.8599305737861445,1.8599305737861445,-0.3800231420712852
0.5361956770568816,0.6509587384830092,91.07725385277902,1.352096999002064,1.8281662947103872,0.9384233077527052,9.140831473551936e-111,1.8768466155054104,1.8768466155054104,-0.3743844614981965
0.5487169437608599,0.6456957832279078,91.7769051320893,1.3624837460227033,1.8563619581760582,0.9469574664442204,9.281809790880291e-111,1.8939149328884408,1.8939149328884408,-0.36869502237051976
0.5615306076746273,0.6403973095917488,92.49909129233363,1.3732050370002025,1.8856920736427274,0.9555642131848107,9.428460368213638e-111,1.9111284263696213,1.9111284263696213,-0.36295719121012626
0.5746434968715973,0.6350643825010152,93.24458098681174,1.3842722830583691,1.9162097536436298,0.9642397905840526,9.581048768218149e-111,1.9284795811681053,1.9284795811681053,-0.35717347294396495
0.5880625988746757,0.6296980992491193,94.01416896270189,1.3956972827004437,1.947970904937402,0.9729802348834683,9.739854524687011e-111,1.9459604697669366,1.9459604697669366,-0.3513465100776878
0.6017950643797327,0.6242995887786885,94.80867687389707,1.4074922338761442,1.9810343884216586,0.9817813780653429,9.905171942108291e-111,1.9635627561306859,1.9635627561306859,-0.34547908128977134
0.615848211066026,0.6188700109029848,95.62895411593402,1.4196697463766927,2.015462188777263,0.9906388508696383,1.0077310943886315e-110,1.9812777017392766,1.9812777017392766,-0.3395740994202411
0.6302295274956023,0.6134105554671335,96.4758786837494,1.4322428545687262,2.0513195944631732,0.999548086753509,1.0256597972315868e-110,1.999096173507018,1.999096173507018,-0.33363460883099394
0.6449466771037621,0.6079224414500098,97.35035805305559,1.4452250304788536,2.0886753887226037,1.0085043268230054,1.0443376943613016e-110,2.017008653646011,2.017008653646011,-0.3276637821179964
0.6600075022827089,0.6024069160078375,98.25333008618976,1.4586301972415345,2.127602052304878,1.0175026257609052,1.0638010261524388e-110,2.0350052515218104,2.0350052515218104,-0.3216649161593965
0.6754200285605587,0.5968652534607412,99.1857639633562,1.472472742923934,2.1681759786539336,1.026537858768397,1.084087989326967e-110,2.053075717536794,2.053075717536794,-0.31564142748773527
0.6911924688779366,0.5912987542236838,100.14866114025293,1.4867675347424723,2.2104777023642086,1.0356047295314537,1.1052388511821041e-110,2.0712094590629073,2.0712094590629073,-0.3095968469790309
0.7073332279644439,0.5857087436834126,101.14305633314892,1.5015299336868901,2.254592141757757,1.0446977792153314,1.1272960708788783e-110,2.0893955584306627,2.0893955584306627,-0.30353481385644576
0.7238509068173248,0.5800965710232209,102.17001853255606,1.516775809568825,2.300608856493165,1.0538113964826763,1.1503044282465824e-110,2.1076227929653526,2.1076227929653526,-0.29745906901154917
0.7407543072847163,0.574463607997519,103.23065204672521,1.5325215565131416,2.348622321177462,1.062939828522339,1.1743111605887311e-110,2.125879657044678,2.125879657044678,-0.291373447651774
0.7580524367559262,0.5688112476583836,104.32609757628133,1.54878410891154,2.3987322160169127,1.0720771930672266,1.1993661080084566e-110,2.144154386134453,2.144154386134453,-0.28528187128851556
0.7757545129612413,0.5631409030364247,105.4575333214049,1.5655809578593363,2.4510437356117567,1.0812174913704937,1.2255218678058782e-110,2.1624349827409874,2.1624349827409874,-0.27918833908633756
0.7938699688838223,0.5574540057784777,106.6261761230606,1.582930168097693,2.505667917073791,1.0903546221001326,1.2528339585368955e-110,2.180709244200265,2.180709244200265,-0.2730969185999116
0.8124084577862966,0.5517520047447888,107.83328263987154,1.6008503954850288,2.562721988724573,1.0994823961027291,1.2813609943622868e-110,2.1989647922054583,2.1989647922054583,-0.26701173593151395
0.8313798583547334,0.5460363645685038,109.08015056233806,1.6193609050228335,2.6223297407163706,1.1085945519779028,1.3111648703581853e-110,2.2171891039558056,2.2171891039558056,-0.26093696534806476
0.8507942799627445,0.5403085641804174,110.36811986620354,1.6384815894626417,2.6846219190080247,1.1176847723958554,1.342310959504012e-110,2.235369544791711,2.235369544791711,-0.2548768184027631
0.8706620680585118,0.5345700953020668,111.69857410687302,1.6582329885224618,2.749736644224135,1.1267467010816845,1.3748683221120676e-110,2.253493402163369,2.253493402163369,-0.24883553261221036
0.8909938096776107,0.5288224609103753,113.07294175689836,1.6786363087425529,2.8178198570288235,1.1357739603817543,1.4089099285144114e-110,2.2715479207635085,2.2715479207635085,-0.24281735974549712
0.9118003390845681,0.5230671736771594,114.49269758865015,1.6997134440120272,2.889025791755227,1.1447601693196388,1.444512895877613e-110,2.2895203386392775,2.2895203386392775,-0.23682655378690753
0.9330927435461663,0.5173057543869043,115.95936410440657,1.721486996799385,2.963517480149366,1.153698962042066,1.481758740074683e-110,2.307397924084132,2.307397924084132,-0.23086735863862273
0.9548823692395657,0.5115397303363027,117.47451301619708,1.7439803001216907,3.041467287212542,1.1625840065490127,1.5207336436062714e-110,2.3251680130980255,2.3251680130980255,-0.22494399563399148
0.9771808272983898,0.5057706337191197,119.0397667778473,1.767217440288707,3.1230574812605703,1.1714090235967638,1.5615287406302848e-110,2.3428180471935276,2.3428180471935276,-0.21906065093549076
1.0,0.5,120.65680017178103,1.7912232804599322,3.208480840461641,1.1801678056584626,1.6042404202308202e-110,2.360335611316925,2.360335611316925,-0.21322146289435828
1.0233520470972575,0.49422936628088054,122.32734195324188,1.816023485054066,3.297941298267915,1.1888542358235135,1.6489706491339575e-110,2.377708471647027,2.377708471647027,-0.20743050945099106
1.0472494122981475,0.4884602696636978,124.05317655470294,1.8416445450520034,3.3916546303198007,1.197462306515248,1.6958273151599006e-110,2.394924613030496,2.394924613030496,-0.2016917956565013
1.0717048298967093,0.4826942456130963,125.83614585333787,1.8681138042360135,3.4898491855771505,1.2059861379055767,1.744924592788575e-110,2.4119722758111535,2.4119722758111535,-0.19600924139628217
1.0967313315588179,0.4769328263228406,127.67815100452916,1.8954594864092809,3.5927666646189347,1.2144199959059963,1.7963833323094674e-110,2.4288399918119925,2.4288399918119925,-0.19038666939600246
1.1223422532664173,0.4711775390896249,129.5811543444897,1.9237107236414743,3.7006629482532047,1.2227583096162553,1.8503314741266025e-110,2.4455166192325106,2.4455166192325106,-0.18482779358916313
1.1485512424239368,0.4654299046979337,131.54718136517477,1.9528975855875113,3.8138089797935306,1.2309956881152846,1.9069044898967654e-110,2.461991376230569,2.461991376230569,-0.17933620792314364
1.1753722651306366,0.4596914358195825,133.57832276475187,1.9830511099280268,3.9324917045867793,1.2391269364835598,1.9662458522933898e-110,2.4782538729671195,2.4782538729671195,-0.17391537567762683
1.2028196136227776,0.45396363543149626,135.6767365769956,2.014203333981526,4.057015070622295,1.247147070951908,2.028507535311148e-110,2.494294141903816,2.494294141903816,-0.1685686193653947
1.2309079138896017,0.44824799525521153,137.84465038306408,2.04638732753955,4.187701094314461,1.2550513330787978,2.0938505471572304e-110,2.5101026661575956,2.5101026661575956,-0.16329911128080143
1.259652133467139,0.4425459942215228,140.0843636091999,2.0796372269774333,4.324890995830388,1.2628352028662406,2.162445497915194e-110,2.5256704057324812,2.5256704057324812,-0.15810986475583955
1.2890675894140244,0.4368590969635758,142.39824991399027,2.11398827069463,4.468946408634472,1.2704944107335558,2.2344732043172356e-110,2.5409888214671117,2.5409888214671117,-0.15300372617762947
1.3191699564735717,0.4311887523416163,144.78875966890354,2.1494768359397796,4.620250668241686,1.2780249482782104,2.3101253341208427e-110,2.556049896556421,2.556049896556421,-0.14798336781452637
1.3499752754264296,0.4255363920024812,147.25842253590335,2.18614047707695,4.779210185514234,1.285423077763619,2.3896050927571172e-110,2.570846155527238,2.570846155527238,-0.1430512814909206
1.3814999616383208,0.4199034289767796,149.80985014602825,2.2240179653507757,4.9462559102030035,1.2926853402850915,2.4731279551015015e-110,2.585370680570183,2.585370680570183,-0.13820977314327232
1.4137608138073614,0.4142912563165873,152.44573888290083,2.2631493302093353,5.121844890826964,1.2998085625767513,2.5609224454134812e-110,2.5996171251535025,2.5996171251535025,-0.13346095828216586
1.446775022915648,0.4087012457763163,155.16887277521812,2.3035759022449245,5.306461937403517,1.3067898624342231,2.653230968701759e-110,2.6135797248684463,2.6135797248684463,-0.12880675837718458
1.48056018138991,0.4031347465392591,157.98212650235834,2.3453403578141083,5.50062139399161,1.3136266527399145,2.7503106969958044e-110,2.627253305479829,2.627253305479829,-0.12424889817339035
1.5151342924760514,0.397593083992163,160.8884685173176,2.388486765399608,5.704869028489082,1.3203166440896437,2.852434514244541e-110,2.6406332881792873,2.6406332881792873,-0.11978890394023756
1.5505157798326221,0.39207755854999066,163.89096429128278,2.4330606337779512,5.919784047639965,1.3268578460311213,2.9598920238199824e-110,2.6537156920622427,2.6537156920622427,-0.11542810264591907
1.5867234973483177,0.38658944453286653,166.992779684232,2.479108962058076,6.145981245756671,1.33324856693612,3.0729906228783354e-110,2.66649713387224,2.66649713387224,-0.11116762204258668
1.623776739188721,0.3811299890970154,170.19718444604482,2.526680291657435,6.384113296250099,1.3394874125389904,3.19205664812505e-110,2.678974825077981,2.678974825077981,-0.1070083916406731
1.6616952500776871,0.375700411221312,173.5075558527052,2.5758247602836284,6.634873195690211,1.345573283184347,3.317436597845106e-110,2.691146566368694,2.691146566368694,-0.10295114454376864
1.700499235818794,0.3703019007508806,176.92738248227326,2.6265941579909926,6.898996870792411,1.3515053698361528,3.449498435396206e-110,2.7030107396723055,2.7030107396723055,-0.09899642010923149
1.7402093740624849,0.36493561749898495,180.4602681354113,2.679041985383184,7.177265959445874,1.3572831489089727,3.5886329797229366e-110,2.7145662978179455,2.7145662978179455,-0.09514456739401822
1.7808468253246812,0.3596026904082514,184.10993590536637,2.7332235140345364,7.470510777671301,1.3629063759897853,3.7352553888356505e-110,2.7258127519795705,2.7258127519795705,-0.09139574934014316
1.8224332442626647,0.35430421677209273,187.8802324024177,2.7891958492045386,7.779613485219828,1.3683750785253244,3.8898067426099134e-110,2.7367501570506487,2.7367501570506487,-0.08774994764978372
1.8649907912142942,0.3490412615169912,191.77513213793563,2.8470179949218473,8.105511463408815,1.373689547555499,4.052755731704408e-110,2.747379095110998,2.747379095110998,-0.0842069682963339
1.908542144006686,0.34381485654611893,195.79874207332557,2.906750921516116,8.449200919734789,1.3788503285779388,4.2246004598673946e-110,2.7577006571558775,2.7577006571558775,-0.08076644761470753
1.953110510040631,0.338626000144587,199.9553063392735,2.968457635678051,8.811740734815325,1.3838582116321156,4.405870367407662e-110,2.7677164232642313,2.7677164232642313,-0.07742785891192294
1.9987196386572486,0.3334756564464209,204.24921113086805,3.032203253130464,9.19425656829497,1.388714220693883,4.597128284147484e-110,2.777428441387766,2.777428441387766,-0.0741905195374114
2.0453938337933906,0.3283647549631977,208.68498978432248,3.0980550739952863,9.597945241507938,1.3934196024725654,4.79897262075397e-110,2.7868392049451307,2.7868392049451307,-0.07105359835162306
2.0931579669325737,0.32329419017408967,213.26732804120354,3.166082660944233,10.024079415931716,1.3979758147030956,5.012039707965858e-110,2.7959516294061912,2.7959516294061912,-0.06801612353126962
2.142037490358383,0.3182648211768916,218.00106950625633,3.2363579202235204,10.474012587793512,1.4023845140250628,5.2370062938967545e-110,2.8047690280501256,2.8047690280501256,-0.06507699064995809
2.1920584507173233,0.3132774713994597,222.89122130509494,3.3089551856457087,10.949184420611626,1.4066475435390586,5.474592210305812e-110,2.8132950870781173,2.8132950870781173,-0.06223497097396091
2.2432475028984156,0.30833292837081444,227.94295994824964,3.383951305645036,11.451126438976745,1.4107669201284183,5.725563219488371e-110,2.8215338402568366,2.8215338402568366,-0.059488719914387755
2.2956319242369094,0.30343194355102204,233.16163740826894,3.461425733495679,11.9814681085061,1.4147448216314313,5.99073405425305e-110,2.8294896432628627,2.8294896432628627,-0.05683678557904581
2.349239629049658,0.2985752322188271,238.55278741680303,3.5414606207957693,12.541943328647156,1.4185835739454435,6.270971664323579e-110,2.837167147890887,2.837167147890887,-0.05427761736970427
2.4040991835099694,0.2937634734158654,244.1221319888463,3.6241409143237275,13.134397366875223,1.422285638140072,6.567198683437611e-110,2.844571276280144,2.844571276280144,-0.05180957457328539
2.4602398208697775,0.28899730994617495,249.87558818155523,3.7095544563770075,13.760794264826517,1.4258535976520688,6.880397132413257e-110,2.8517071953041375,2.8517071953041375,-0.049430934898620826
2.517691457037277,0.28427734842959623,255.81927509533634,3.7977920887074874,14.42322474904918,1.4292901456293334,7.21161237452459e-110,2.858580291258667,2.858580291258667,-0.047139902913777676
2.5764847065183747,0.2796041594075421,261.95952112518074,3.888947760171923,15.123914681346218,1.4325980724862473,7.561957340673109e-110,2.8651961449724945,2.8651961449724945,-0.044934618342501786
2.6366508987303554,0.2749782774995325,268.30287147050046,3.9831186382200188,15.865234086135697,1.435780253726948,7.932617043067849e-110,2.871560507453896,2.871560507453896,-0.042813164182034735
2.698222094696533,0.2704002016087834,274.8560959120462,4.080405224347479,16.6497067948822,1.4388396380875192,8.324853397441101e-110,2.8776792761750385,2.8776792761750385,-0.04077357460832054
2.761231104130753,0.26587039517506783,281.62619686479496,4.180911473646006,17.48002075046482,1.4417792360423551,8.740010375232409e-110,2.8835584720847103,2.8835584720847103,-0.03881384263842991
2.825711502920827,0.26138928647299386,288.6204177160335,4.2847449185871955,18.359039017358796,1.4446021087142573,9.179519508679398e-110,2.8892042174285146,2.8892042174285146,-0.036931927523828456
2.8916976510202965,0.25695726895377585,295.84625145821906,4.392016797182587,19.289811546733993,1.4473113572222258,9.644905773366997e-110,2.8946227144444516,2.8946227144444516,-0.03512576185184946
2.9592247107579572,0.2525747016285315,303.3114496265475,4.502842185667273,20.275587749024822,1.4499101124954188,1.0137793874512413e-109,2.8998202249908376,2.8998202249908376,-0.03339325833638751
3.0283286655749455,0.2482419094910853,311.0240315515474,4.617340135860265,21.319829930226092,1.4524015255764633,1.0659914965113046e-109,2.9048030511529266,2.9048030511529266,-0.03173231628235784
3.0990463391994267,0.24395918397821945,318.99229393741615,4.735633817360691,22.42622765213019,1.4547887584322463,1.1213113826065095e-109,2.9095775168644926,2.9095775168644926,-0.030140827711835794
3.1714154152689953,0.2397267834652988,327.22482077719974,4.857850664744651,23.598713080960053,1.4570749752854801,1.1799356540480026e-109,2.9141499505709603,2.9141499505709603,-0.028616683143013244
3.2454744574113255,0.23554493379516153,335.73049361636663,4.984122529934184,24.841477393397533,1.4592633344758519,1.2420738696698764e-109,2.9185266689517038,2.9185266689517038,-0.027157777016098783
3.321262929793748,0.23141382883816547,344.51850217674723,5.1145858399160815,26.158988313870086,1.4613569808553155,1.3079494156935045e-109,2.922713961710631,2.922713961710631,-0.025762012763122955
3.3988212181526674,0.22733363108127427,353.5983553532663,5.249381759995046,27.556008862168685,1.463359038718227,1.3778004431084343e-109,2.926718077436454,2.926718077436454,-0.02442730752118205
3.4781906513141263,0.22330447224406352,362.9798925963841,5.388656362772923,29.03761739605311,1.4652726052634422,1.451880869802655e-109,2.9305452105268843,2.9305452105268843,-0.023151596491038595
3.559413523216862,0.21932645391955083,372.67329569361823,5.532560803052527,30.609229039473217,1.4671007445822908,1.530461451973661e-109,2.9342014891645816,2.9342014891645816,-0.021932836945139478
3.6425331154496376,0.21539964823775914,382.6891009640468,5.681251498872429,32.27661859344022,1.4688464821634457,1.6138309296720114e-109,2.9376929643268914,2.9376929643268914,-0.020769011891036193
3.727593720314938,0.21152409854994542,393.03821188022044,5.834890318886883,34.045945033439864,1.4705127999031558,1.7022972516719933e-109,2.9410255998063115,2.9410255998063115,-0.019658133397896127
3.814640664431174,0.20769982013146668,403.7319121324189,5.993644776312633,35.9237777046197,1.4721026316070884,1.796188885230985e-109,2.944205263214177,2.944205263214177,-0.018598245595274343
3.9037203328860843,0.2039268009012761,414.78187915078456,6.157688229673168,37.91712433385547,1.4736188589681034,1.8958562166927735e-109,2.947237717936207,2.947237717936207,-0.01758742735459773
3.9948801939541703,0.20020500215608883,426.20019810141986,6.327200090579273,40.033460986226366,1.4750643080026682,2.0016730493113182e-109,2.9501286160053364,2.9501286160053364,-0.016623794664887837
4.088168824391289,0.1965343593172997,437.99937637313803,6.502366038793617,42.280764102456594,1.4764417459272976,2.1140382051228292e-109,2.952883491854595,2.952883491854595,-0.015705502715134934
4.183635935320015,0.19291478268877776,450.1923585721906,6.683378244836558,44.667544763554595,1.4777538784553381,2.23337723817773e-109,2.9555077569106762,2.9555077569106762,-0.014830747696441215
4.281332398719396,0.1893461582237235,462.7925420429046,6.870435600399415,47.20288533923567,1.4790033474935915,2.360144266961784e-109,2.958006694987183,2.958006694987183,-0.013997768337605687
4.3813102745333055,0.18582834829882117,475.8137929328509,7.063743956841611,49.89647868781638,1.4801927292177186,2.494823934390819e-109,2.960385458435437,2.960385458435437,-0.013204847188187596
4.483622838411906,0.18236119249397661,489.2704628218491,7.26351637205833,52.75867008715941,1.4813245325049664,2.63793350435797e-109,2.962649065009933,2.962649065009933,-0.012450311663355751
4.58832461010084,0.1789445083760006,503.17740593479357,7.469973366015344,55.800502088978604,1.4824011977025995,2.7900251044489303e-109,2.964802395405199,2.964802395405199,-0.011732534864933641
4.69547138249342,0.17557809228464774,517.5499969590543,7.68334318525912,59.03376250246776,1.4834250957104234,2.9516881251233875e-109,2.9668501914208467,2.9668501914208467,-0.011049936193051058
4.805120251361242,0.17226172011949453,532.4041494879424,7.903862076721236,62.471035727832124,1.4843985273559155,3.1235517863916064e-109,2.968797054711831,2.968797054711831,-0.010400981762722972
4.917329645779016,0.1689951481262035,547.7563351125087,8.131774571147695,66.12575767596428,1.4853237230407939,3.3062878837982133e-109,2.9706474460815877,2.9706474460815877,-0.009784184639470728
5.032159359259988,0.16577811368078277,563.623603184788,8.367333776496258,70.01227452729513,1.4862028426382499,3.5006137263647564e-109,2.9724056852764997,2.9724056852764997,-0.00919810490783346
5.149670581618343,0.1626103360705283,580.0236012763888,8.610801681656604,74.14590560082019,1.487037975620586,3.70729528004101e-109,2.974075951241172,2.974075951241172,-0.008641349586275937
5.269925931575656,0.1594915172703956,596.9745963572383,8.862449470861614,78.5430106235753,1.487831141397602,3.9271505311787654e-109,2.975662282795204,2.975662282795204,-0.008112572401598683
5.39298949012887,0.15642134271361707,614.4954967201887,9.122557849171448,83.22106171147959,1.4885842898467387,4.1610530855739806e-109,2.9771685796934775,2.9771685796934775,-0.00761047343550747
5.518926834697374,0.15339948205545748,632.6058746780838,9.391417379425233,88.19872039457033,1.4892993020167298,4.409936019728515e-109,2.9785986040334596,2.9785986040334596,-0.007133798655513446
5.647805074067546,0.15042558992905863,651.325990060894,9.66932883107028,93.49592004336695,1.4899779909872826,4.674796002168347e-109,2.979955981974565,2.979955981974565,-0.006681339341811587
5.779692884153313,0.1474993066923983,670.6768145414983,9.956603541293028,99.13395407848886,1.4906221028681192,4.956697703924442e-109,2.9812442057362385,2.9812442057362385,-0.006251931421253798
5.9146605445917455,0.14462025916545435,690.6800568197176,10.253563788891295,105.13557037286282,1.4912333179215604,5.256778518643141e-109,2.982466635843121,2.982466635843121,-0.0058444547189596685
6.052779976193343,0.1417880613567274,711.3581886953142,10.560543181343737,111.52507228502571,1.4918132517936695,5.5762536142512855e-109,2.983626503587339,2.983626503587339,-0.0054578321375536865
6.19412477926676,0.1390023151783478,732.7344720617107,10.877887055547962,118.32842679325792,1.492363456839852,5.916421339662896e-109,2.984726913679704,2.984726913679704,-0.005091028773431927
6.338770272838487,0.13626261114905022,754.8329868533862,11.20595289271654,125.57338023378222,1.4928854235316482,6.278669011689109e-109,2.9857708470632964,2.9857708470632964,-0.004743050978901153
6.486793534788508,0.13356852908436037,777.6786599810852,11.545110747937725,133.28958218214717,1.493380581932327,6.664479109107359e-109,2.986761163864654,2.986761163864654,-0.004412945378448718
6.638273442923075,0.13091963877340743,801.2972952901621,11.895743694925208,141.50871805535283,1.4938503032297075,7.075435902767643e-109,2.987700606459415,2.987700606459415,-0.0040997978468616525
6.7932907170066885,0.12831550064182493,825.7156045787134,12.25824828650109,150.2646510535069,1.49429590131549,7.513232552675345e-109,2.98859180263098,2.98859180263098,-0.0038027324563399967
6.951927961775605,0.12575566640026598,850.9612397134371,12.633035031375254,159.59357410395435,1.4947186344011387,7.979678705197718e-109,2.9894372688022774,2.9894372688022774,-0.003520910399240851
7.114269710955731,0.12323967967811313,877.0628258825199,13.02052888780463,169.5341725181549,1.495119706661168,8.476708625907744e-109,2.990239413322336,2.990239413322336,-0.0032535288925547023
7.280402472308562,0.12076707664201275,904.0499960263159,13.421169774737468,180.1277981223266,1.495500269895421,9.00638990611633e-109,2.991000539790842,2.991000539790842,-0.002999820069719328
7.450414773728917,0.11833738659892191,931.9534264879745,13.835413101068506,191.41865567721806,1.4958614252026488,9.5709327838609e-109,2.9917228504052975,2.9917228504052975,-0.002759049864900831
7.624397210419138,0.11595013258339952,960.8048739277527,14.263730313654287,203.45400246066023,1.4962042246583838,1.0172700123033012e-108,2.9924084493167675,2.9924084493167675,-0.0025305168944108614
7.802442493165045,0.11360483192892017,990.6372135463289,14.706609464761415,216.28436194901002,1.4965296729907653,1.0814218097450501e-108,2.9930593459815307,2.9930593459815307,-0.002313551339489739
7.984645497739079,0.11130099682304023,1021.4844786640049,15.164555799643779,229.96375260050976,1.4968387292485907,1.1498187630025488e-108,2.9936774584971815,2.9936774584971815,-0.0021075138342728783
8.171103315457186,0.1090381348462815,1053.3819017044523,15.638092364971085,244.54993281536696,1.497132308456455,1.2227496640768349e-108,2.99426461691291,2.99426461691291,-0.0019117943623633282
8.361915304916318,0.10681574949464238,1086.3659566333656,16.12776063885638,260.1046632242451,1.4974112832523991,1.3005233161212256e-108,2.9948225665047983,2.9948225665047983,-0.0017258111650672037
8.557183144940002,0.10463334068568567,1120.4744029042065,16.63412118325722,276.69398753928664,1.4976764855040114,1.3834699376964332e-108,2.995352971008023,2.995352971008023,-0.0015490096639924067
8.7570108887605,0.10249040524818323,1155.7463309651664,17.157754319554133,294.3885332901785,1.4979287078994055,1.4719426664508927e-108,2.995857415798811,2.995857415798811,-0.0013808614003963937
8.961505019466049,0.10038643739534063,1192.2222093833248,17.699260828137245,313.26383386243356,1.49816870550996,1.5663191693121676e-108,2.99633741101992,2.99633741101992,-0.0012208629933599946
9.17077450674293,0.09832092918164972,1229.9439336440962,18.25926267286366,333.4006733566322,1.4983971973221384,1.6670033667831606e-108,2.9967943946442768,2.9967943946442768,-0.0010685351185744096
9.38493086494272,0.0962933709434488,1268.9548766861567,18.83840375127905,354.8854558962045,1.4986148677360793,1.7744272794810224e-108,2.9972297354721587,2.9972297354721587,-0.0009234215092804865
9.604088212505369,0.09430325172330263,1309.2999412341392,19.437350671528193,377.8106011279575,1.4988223680290316,1.8890530056397876e-108,2.997644736058063,2.997644736058063,-0.0007850879806455824
9.82836333277001,0.09235005967833454,1351.0256139937437,20.056793556914247,402.2749677846768,1.4990203177820378,2.0113748389233842e-108,2.9980406355640756,2.9980406355640756,-0.0006531214786414941
10.057875736205835,0.09043328247267127,1394.1800217761934,20.69744687910026,428.3843073131771,1.4992093062685654,2.141921536565885e-108,2.998418612537131,2.998418612537131,-0.0005271291542897627
10.292747724096078,0.08855240765418272,1438.8129896213954,21.36005032098271,456.2517497149137,1.4993898938040926,2.281258748574568e-108,2.998779787608185,2.998779787608185,-0.00040673746393826704
10.53310445370936,0.08670692301571697,1484.9761009917497,22.045369670305075,485.99832390040694,1.499562613055885,2.4299916195020344e-108,2.99912522611177,2.99912522611177,-0.00029159129607669865
10.779074004992736,0.08489631694105454,1532.7227601110492,22.754197745116524,517.7535150238659,1.4997279703124533,2.58876757511933e-108,2.9994559406249066,2.9994559406249066,-0.0001813531250310918
11.030787448822151,0.08312007873581899,1582.1082565257077,23.4873553522225,551.655861441575,1.499886446712382,2.758279307207875e-108,2.999772893424764,2.999772893424764,-7.570219174535264e-05
11.288378916846883,0.08137769894359617,1633.1898319683912,24.245692279815785,587.8535941275188,1.5000384994324185,2.9392679706375934e-108,3.000076998864837,3.000076998864837,2.5666288278936022e-05
11.551985672964781,0.07966866964753314,1686.0267496069043,25.030088325518175,626.5053215832413,1.5001845628348724,3.132526607916206e-108,3.000369125669745,3.000369125669745,0.00012304188991496545
11.8217481864667,0.07799248475769441,1740.6803657643538,25.841454361109765,667.780763497319,1.5003250495745424,3.3389038174865943e-108,3.0006500991490848,3.0006500991490848,0.00021669971636151253
12.097810206889013,0.07634864028446779,1797.2142041996772,26.680733435268365,711.8615366438473,1.5004603516655068,3.559307683219236e-108,3.0009207033310137,3.0009207033310137,0.0003069011103378205
12.380318840613969,0.07473663459832128,1855.6940330408481,27.54890191568955,758.9419967602835,1.5005908415082458,3.7947099838014166e-108,3.0011816830164917,3.0011816830164917,0.00039389433883063596
12.66942462925905,0.07315596867621815,1916.187944466564,28.44697067200956,809.230140414172,1.5007168728776692,4.0461507020708594e-108,3.0014337457553384,3.0014337457553384,0.0004779152517795371
12.965281629896689,0.07160614633500934,1978.7664372355403,29.375986301002676,862.948571156697,1.5008387818727005,4.314742855783485e-108,3.001677563745401,3.001677563745401,0.0005591879151336521
13.268047497147244,0.0700866744521239,2043.5025021663091,30.3370323955806,920.3355345705068,1.5009568878281672,4.601677672852534e-108,3.0019137756563343,3.0019137756563343,0.0006379252187780349
13.577883567189277,0.06859706317388344,2110.4717106741978,31.331230859177523,981.646027151078,1.501071494189796,4.908230135755389e-108,3.002142988379592,3.002142988379592,0.0007143294598639383
13.89495494373136,0.06713682611177395,2179.752306475909,32.35974326716017,1047.152984316518,1.5011828893531833,5.235764921582589e-108,3.0023657787063667,3.0023657787063667,0.0007885929021222982
14.219430585991645,0.06570548052700642,2251.4253005763712,33.42377227696513,1117.148553222423,1.5012913474676457,5.585742766112113e-108,3.0025826949352914,3.0025826949352914,0.0008608983117637248
14.551483398731937,0.06430254750370243,2325.574569656631,34.52456308872671,1191.9454564674706,1.5013971292058994,5.9597272823373525e-108,3.002794258411799,3.002794258411799,0.0009314194705996037
14.891290324394086,0.06292755211104159,2402.286957985903,35.663404958223026,1271.8784532142067,1.5015004825005513,6.359392266071033e-108,3.0030009650011027,3.0030009650011027,0.0010003216670342319
15.239032437388273,0.06158002355470571,2481.652382985583,36.84163276403775,1357.3059047202198,1.5016016432483947,6.786529523601099e-108,3.0032032864967895,3.0032032864967895,0.0010677621655965641
15.59489504058283,0.06025949531795767,2563.763944577477,38.06062863090079,1448.6114517793449,1.501700835983532,7.243057258896723e-108,3.003401671967064,3.003401671967064,0.0011338906556879191
15.95906776404731,0.05896550529268881,2648.7180384535964,39.32182361124698,1546.2058121140203,1.50179827452035,7.731029060570102e-108,3.0035965490407,3.0035965490407,0.001198849680233316
16.331744666101667,0.05769759590076655,2736.614473409903,40.62669942710664,1650.528706340467,1.501894162567374,8.252643531702334e-108,3.003788325134748,3.003788325134748,0.0012627750449161201
16.713124336724857,0.056455314206014275,2827.556592891495,41.97679027451744,1762.0509217508222,1.5019886943130392,8.810254608754109e-108,3.0039773886260783,3.0039773886260783,0.0013257962086927755
17.10341000337838,0.0552382120171495,2921.6514009023676,43.37368469273111,1881.276523824457,1.5020820549843987,9.406382619122283e-108,3.0041641099687975,3.0041641099687975,0.0013880366562657453
17.502809639301013,0.05404584598200392,3019.009692438455,44.81902750057089,2008.7452260969294,1.5021744213797934,1.0043726130484648e-107,3.004348842759587,3.004348842759587,0.0014496142531956746
17.911536074332304,0.05287777767334567,3119.746188608501,46.314521802382735,2145.034929783386,1.502265962376486,1.0725174648916929e-107,3.004531924752972,3.004531924752972,0.0015106415843240129
18.32980710832434,0.05173357366661731,3223.9796766135964,47.861931066116334,2290.7644453776716,1.5023568394142537,1.145382222688836e-107,3.0047136788285074,3.0047136788285074,0.0015712262761691242
18.75784562720161,0.050612805609901626,3331.833154762262,49.463081276161844,2446.5964093321927,1.502447206955918,1.2232982046660963e-107,3.004894413911836,3.004894413911836,0.0016314713039453643
19.19587972173111,0.04951505028641971,3443.4339827047825,51.11986316366957,2613.2404098723014,1.5025372129257677,1.3066202049361504e-107,3.0050744258515354,3.0050744258515354,0.0016914752838450564
19.644142809066267,0.04843988966985982,3558.914037077327,52.83423451718122,2791.4563370165038,1.50262699912681,1.3957281685082522e-107,3.00525399825362,3.00525399825362,0.0017513327512066468
20.102873757128833,0.0473869109728331,3678.409872753245,54.608222576503046,2982.057972964897,1.5027167016377718,1.4910289864824487e-107,3.0054334032755436,3.0054334032755436,0.0018111344251812156
20.572317011895528,0.04635570668874254,3802.062889906596,56.44392651286514,3185.91684018972,1.5028064511907342,1.59295842009486e-107,3.0056129023814684,3.0056129023814684,0.0018709674604895365
21.05272272765707,0.04534587462734776,3930.0195071004314,58.34351999852184,3403.966325817918,1.5028963735302723,1.701983162908959e-107,3.0057927470605446,3.0057927470605446,0.0019309156868481114
21.54434690031882,0.044357017944301504,4062.43134062031,60.30925386906636,3637.2061022434955,1.502986589754947,1.818603051121748e-107,3.005973179509894,3.005973179509894,0.0019910598366312815
22.04745150381472,0.04338874516492568,4199.455390281982,62.343458881858396,3886.706865353968,1.5030772166419557,1.9433534326769843e-107,3.0061544332839114,3.0061544332839114,0.002051477761303877
22.56230462970635,0.04244067020249125,4341.25423195037,64.44854857408507,4153.615413306202,1.5031683669557412,2.0768077066531015e-107,3.0063367339114824,3.0063367339114824,0.002112244637160865
23.089180630041927,0.04151241237125713,4487.996217016213,66.62702222411244,4439.160090452372,1.5032601497413207,2.219580045226186e-107,3.0065202994826414,3.0065202994826414,0.002173433160880478
23.628360263551752,0.04060359639451636,4639.855679085983,68.88146791992256,4744.656622803321,1.5033526706030689,2.3723283114016598e-107,3.0067053412061377,3.0067053412061377,0.002235113735379324
24.18013084525718,0.039713852407893886,4797.013148149965,71.21456573856837,5071.514373332875,1.5034460319696754,2.5357571866664374e-107,3.006892063939351,3.006892063939351,0.0022973546464502004
24.744786399573478,0.03884281595812997,4959.6555725037715,73.62909104073294,5421.243047484541,1.5035403333459558,2.7106215237422698e-107,3.0070806666919117,3.0070806666919117,0.0023602222306371434
25.322627816987946,0.03799012799757879,5127.976548708744,76.127917884631,5795.459881449122,1.503635671552174,2.8977299407245605e-107,3.007271343104348,3.007271343104348,0.0024237810347826905
25.913963014396572,0.03715543487464441,5302.176559887387,78.71402256364885,6195.897348150621,1.5037321409515156,3.09794867407531e-107,3.0074642819030313,3.0074642819030313,0.0024880939676770186
26.51910709918535,0.03633838832036825,5482.463222661536,81.39048727229121,6624.4114184209975,1.5038298336663216,3.312205709210499e-107,3.0076596673326432,3.0076596673326432,0.002553222444214409
27.1383825371428,0.03553864543137813,5669.051543052094,84.16050390516766,7082.990417571741,1.5039288397836537,3.54149520878587e-107,3.0078576795673073,3.0078576795673073,0.002619226522435847
27.77211932429355,0.03475586864939965,5862.16418167165,87.0273779939378,7573.76452049973,1.504029247550765,3.786882260249865e-107,3.00805849510153,3.00805849510153,0.002686165033843446
28.42065516274511,0.033989725737524824,6062.031728553933,89.99453278732086,8099.015931608171,1.504131143561007,4.0495079658040845e-107,3.008262287122014,3.008262287122014,0.002754095707337978
29.08433564064045,0.03323988975342756,6268.89298797663,93.06551347946304,8661.189799196116,1.5042346129306756,4.330594899598058e-107,3.0084692258613512,3.0084692258613512,0.002823075287117005
29.763514416313132,0.03250603901970721,6482.99527364828,96.24399159216568,9262.90591759286,1.5043397394672997,4.63145295879643e-107,3.0086794789345994,3.0086794789345994,0.002893159644866472
30.45855340674284,0.03178785709153618,6704.594714643734,99.53376951668251,9906.971274200076,1.504446605829831,4.953485637100039e-107,3.008893211659662,3.008893211659662,0.0029644038865539457
31.169822980411436,0.03108503272178125,6933.956572487334,102.93878522101149,10596.393502777531,1.50455529368118,5.298196751388766e-107,3.00911058736236,3.00911058736236,0.0030368624541199374
31.897702154663182,0.030397259823761038,7171.355569798649,106.46311712883981,11334.395308789066,1.5046658838335307,5.667197654394533e-107,3.0093317676670615,3.0093317676670615,0.0031105892223537435
32.64257879767324,0.029724237431797626,7417.076230930873,110.11098917652721,12124.429937433293,1.5047784563868276,6.062214968716647e-107,3.0095569127736552,3.0095569127736552,0.003185637591218482
33.404849835132445,0.029065669659713262,7671.413235048845,113.88677605476315,12970.197760147772,1.5048930908608333,6.485098880073886e-107,3.0097861817216667,3.0097861817216667,0.003262060573888892
34.184921461759274,0.028421265657416626,7934.671782111201,117.79500864179336,13875.664060920171,1.505009866321112,6.937832030460085e-107,3.010019732642224,3.010019732642224,0.003339910880741259
34.983209357750326,0.027790739565719497,8207.16797223807,121.84037963536328,14845.078109689448,1.5051288614992961,7.422539054844722e-107,3.0102577229985923,3.0102577229985923,0.003419240999530837
35.80013891028573,0.027173810469516935,8489.229198965293,126.02774939081492,15882.993616514052,1.5052501549079595,7.941496808257026e-107,3.010500309815919,3.010500309815919,0.003500103271973032
36.63614544020716,0.02657020234945972,8781.194556904902,130.36215197305378,16994.29066704557,1.5053738249504194,8.497145333522784e-107,3.0107476499008388,3.0107476499008388,0.0035825499669461802
37.491674433988855,0.025979644032242507,9083.415264351781,134.84880143040056,18184.1992472156,1.505499950025759,9.092099623607799e-107,3.010999900051518,3.010999900051518,0.003666633350505988
38.36718178112641,0.025401869139624934,9396.255101397775,139.49309829866056,19458.324472959775,1.505628608629355,9.729162236479887e-107,3.01125721725871,3.01125721725871,0.003752405752903476
39.263134017068396,0.02483661603629958,9720.090864135502,144.30063634405437,20822.67364929902,1.5057598794491822,1.0411336824649512e-106,3.0115197588983644,3.0115197588983644,0.003839919632788069
40.18000857182091,0.02428362777671422,10055.312835557434,149.2772095539999,22283.685292228805,1.505893841458138,1.11418426461144e-106,3.011787682916276,3.011787682916276,0.003929227638758581
41.118294024358285,0.023742652050951298,10402.325273779436,154.42881938508663,23848.260256671707,1.5060305740026387,1.1924130128335854e-106,3.0120611480052775,3.0120611480052775,0.004020382668425748
42.07849036297398,0.023213441129763947,10761.546918241691,159.76168227793485,25523.7951242758,1.5061701568877062,1.2761897562137902e-106,3.0123403137754123,3.0123403137754123,0.00411343792513752
43.06110925171165,0.02269575180886198,11133.411514566506,165.2822374490277,27318.218016156774,1.506312670458758,1.3659109008078388e-106,3.012625340917516,3.012625340917516,0.00420844697250522
44.06667430301786,0.02218934535253771,11518.368358778369,170.99715496998766,29240.027007829973,1.5064581956803085,1.4620013503914987e-106,3.012916391360617,3.012916391360617,0.004305463786872243
45.095721356761445,0.021693987436717212,11916.882861619457,176.91334414518195,31298.33133663159,1.506606814211766,1.5649165668315794e-106,3.013213628423532,3.013213628423532,0.004404542807843859
46.14879876576934,0.02120944809151773,12329.437133723131,183.0379621989776,33502.895605954356,1.506758608480504,1.6751447802977173e-106,3.013517216961008,3.013517216961008,0.004505738987002683
47.226467688029544,0.02073550164338935,12756.530592436915,189.378423284396,35864.18720568386,1.5069136617523806,1.793209360284193e-106,3.0138273235047612,3.0138273235047612,0.004609107834920412
48.32930238571752,0.020271926656914033,13198.680591118558,195.94240782539427,38393.42718441313,1.5070720581998536,1.9196713592206564e-106,3.014144116399707,3.014144116399707,0.004714705466569047
49.457890531206395,0.01981850587633139,13656.42307176145,202.7378722054847,41102.64482640744,1.507233882967853,2.0551322413203722e-106,3.014467765935706,3.014467765935706,0.004822588645235326
50.61283352022214,0.0193750261668582,14130.313241838418,209.773058815891,44004.73620497526,1.5073992222375365,2.2002368102487637e-106,3.014798444475073,3.014798444475073,0.004932814825024279
51.79474679231202,0.01894127845586372,14620.926276289532,217.05650647698238,47113.52700399229,1.5075681632880644,2.3556763501996147e-106,3.015136326576129,3.015136326576129,0.005045442192042948
53.004260158796725,0.018517057673960384,15128.858045615612,224.59706124726264,50443.83992090665,1.5077407945565164,2.522191996045332e-106,3.015481589113033,3.015481589113033,0.005160529704344219
54.24201813838024,0.018102162696066217,15654.72587107727,232.40388763475755,54011.566987749015,1.5079172056960584,2.700578349387451e-106,3.0158344113921167,3.0158344113921167,0.0052781371307055736
55.508680300597995,0.017696396282491447,16199.169308040287,240.4864802262513,57833.747171611154,1.5080974876324649,2.8916873585805582e-106,3.0161949752649297,3.0161949752649297,0.005398325088309841
56.804921617284286,0.017299565020100112,16762.85095854807,248.85467575041673,61928.64964284505,1.5082817326190996,3.096432482142253e-106,3.016563465238199,3.016563465238199,0.005521155079399653
58.131432822247135,0.016911479263593425,17346.45731424653,257.51866559154587,66315.86312805042,1.508470034290437,3.3157931564025217e-106,3.016940068580874,3.016940068580874,0.005646689526958015
59.48892077934331,0.0165319530769591,17950.69963083196,266.48900877125834,71016.3917958878,1.5086624877142125,3.55081958979439e-106,3.017324975428425,3.017324975428425,0.005774991809474939
60.87810885914756,0.016160804175129023,18576.31483523827,275.7766454162451,76052.75815703737,1.508859189442277,3.802637907851869e-106,3.017718378884554,3.017718378884554,0.0059061262948512105
62.299737324418345,0.015797853865883935,19224.0664668304,285.39291073085514,81449.11349542986,1.5090602375602213,4.072455674771492e-106,3.0181204751204427,3.0181204751204427,0.0060401583734808195
63.75456372456507,0.015442926992042163,19894.745653921273,295.34954949408063,87231.35638635639,1.5092657317358427,4.361567819317819e-106,3.0185314634716853,3.0185314634716853,0.006177154490561776
65.24336329932622,0.015095851873966842,20589.172126982554,305.65873110128496,93427.25989844762,1.5094757732664987,4.671362994922381e-106,3.0189515465329975,3.0189515465329975,0.006317182177665748
66.76692939187556,0.014756460252423477,21308.195269976506,316.33306517186026,100066.60812102439,1.5096904651254146,5.00333040605122e-106,3.019380930250829,3.019380930250829,0.00646031008360981
68.32607387157405,0.01442458723181831,22052.695211292175,327.38561774483634,107181.3427061681,1.5099099120069752,5.359067135308405e-106,3.0198198240139504,3.0198198240139504,0.006606608004650072
69.92162756659374,0.014100071223845273,22823.58395583098,338.8299280853768,114805.72016634163,1.5101342203710542,5.740286008317082e-106,3.0202684407421083,3.0202684407421083,0.006756146914036032
71.55444070664575,0.013782753891567153,23621.806559850404,350.68002612604516,122976.4807237637,1.5103634984864098,6.148824036188185e-106,3.0207269969728197,3.0207269969728197,0.006908998990939885
73.22538337604526,0.0134724800939557,24448.342350237795,362.9504505676632,131733.02956726975,1.5105978564731768,6.586651478363487e-106,3.0211957129463536,3.0211957129463536,0.007065237648784528
74.93534597735741,0.013169097830912397,25304.206189957862,375.6562676656452,141117.63143648286,1.5108374063444832,7.055881571824144e-106,3.0216748126889663,3.0216748126889663,0.007224937562988698
76.6852397058701,0.01287245818879075,26190.449791486837,388.8130907287238,151175.6195220228,1.5110822620472097,7.55878097610114e-106,3.0221645240944195,3.0221645240944195,0.007388174698139904
78.47599703514607,0.01258241528643897,27108.16308012176,402.43710035810216,161955.6197446372,1.5113325395019115,8.097780987231859e-106,3.022665079003823,3.022665079003823,0.007555026334607584
80.30857221391504,0.01229882622178011,28058.475609132158,416.5450654562375,173509.79155594122,1.511588356641901,8.67548957779706e-106,3.023176713283802,3.023176713283802,0.007725571094600703
82.18394177456805,0.01202155101894596,29042.558028800362,431.15436503563484,185894.08648928144,1.51184983345152,9.294704324464071e-106,3.02369966690304,3.02369966690304,0.007899888967680013
84.10310505352605,0.011750452575978804,30061.6236114837,446.2830108593186,199168.5257816587,1.5121170920035802,9.958426289082935e-106,3.0242341840071605,3.0242341840071605,0.008078061335720088
86.06708472376158,0.011485396613113989,31116.92983492044,461.94967094596853,213397.49848708863,1.512390256495985,1.0669874924354432e-105,3.02478051299197,3.02478051299197,0.008260170997323346
88.07692733975452,0.011226251621655407,32209.780026091383,478.1736939740407,228650.08160877952,1.512669453287521,1.1432504080438974e-105,3.025338906575042,3.025338906575042,0.008446302191680521
90.1337038951742,0.010972888813454151,33341.52506804843,494.9751346206715,245000.38389275185,1.5129548109328066,1.2250019194637595e-105,3.025909621865613,3.025909621865613,0.008636540621871136
92.23851039358476,0.01072518207099976,34513.56517222064,512.3747798726342,262527.9150495304,1.5132464602163884,1.3126395752476519e-105,3.026492920432777,3.026492920432777,0.008830973477592208
94.39246843247663,0.010483007898132418,35727.35171881308,530.3941763481752,281317.98230405914,1.51354453418596,1.4065899115202955e-105,3.02708906837192,3.02708906837192,0.009029689457306533
96.59672580093823,0.010246245371383009,36984.389168026086,549.055658670221,301462.1163177902,1.5138491681846844,1.5073105815889508e-105,3.027698336369369,3.027698336369369,0.009232778789789675
98.8524570912828,0.010014776091947574,38286.23704493345,568.3823789330975,323058.52868164727,1.514160499882593,1.615292643408236e-105,3.028320999765186,3.028320999765186,0.009440333255062106
101.16086432495807,0.009788484138301268,39634.51200098098,588.3983373067248,346212.60334531823,1.5144786693070258,1.7310630167265913e-105,3.0289573386140516,3.0289573386140516,0.009652446204683862
103.52317759307378,0.009567256019455964,41030.88995519183,609.1284138241067,371037.42452787224,1.514803818872085,1.8551871226393607e-105,3.02960763774417,3.02960763774417,0.009869212581389952
105.94065571188499,0.009350980628865396,42477.108318292994,630.5984013998366,397654.34384802944,1.5151360934070561,1.988271719240147e-105,3.0302721868141123,3.0302721868141123,0.010090728938037419
108.41458689358328,0.009139549198980213,43974.96830311745,652.8350401294158,426193.5896207759,1.5154756401837581,2.1309679481038797e-105,3.0309512803675163,3.0309512803675163,0.010317093455838755
110.94628943275218,0.008932855256455062,45526.33732477684,675.8660529212714,456794.9214913788,1.5158226089427738,2.283974607456894e-105,3.0316452178855475,3.0316452178855475,0.01054840596184925
113.53711240885178,0.008730794578008908,47133.15149424884,699.7201825155707,489608.33381962357,1.5161771519185105,2.448041669098118e-105,3.032354303837021,3.032354303837021,0.010784767945673623
116.18843640510991,0.008533265146938983,48797.41820918147,724.4272299462808,524794.8114876417,1.5165394238630376,2.623974057438208e-105,3.0330788477260753,3.0330788477260753,0.011026282575358426
118.90167424419899,0.008340167110288548,50521.2188458752,750.0180945052731,562527.1420853208,1.5169095820686376,2.8126357104266037e-105,3.033819164137275,3.033819164137275,0.011273054712425123
121.6782717410923,0.008151402736667672,52306.71155657708,776.5248152698498,602990.7887298744,1.5172877863890162,3.0149539436493716e-105,3.0345755727780324,3.0345755727780324,0.011525190926010787
124.51970847350319,0.007966876374725622,54156.134176399966,803.9806142577193,646384.8281022196,1.517674199259099,3.2319241405110978e-105,3.035348398518198,3.035348398518198,0.011782799506065977
127.42749857031322,0.007786494412273447,56071.80724436067,832.4199412761383,692922.9586341694,1.5180689857133445,3.4646147931708475e-105,3.036137971426689,3.036137971426689,0.012045990475562984
130.40319151841288,0.0076101652360542164,58056.137143230895,861.8785205349004,742834.5841594287,1.518472313402505,3.714172920797145e-105,3.03694462680501,3.03694462680501,0.012314875601669995
133.44837298838382,0.007437799192158308,60111.619363095044,892.3933990958291,796365.9787498077,1.5188843526087483,3.9818298937490374e-105,3.0377687052174966,3.0377687052174966,0.012589568405832141
136.56466567946097,0.007269308547080666,62240.841893720615,924.0029972345698,853781.5388984683,1.5193052762590709,4.268907694492341e-105,3.0386105525181417,3.0386105525181417,0.012870184172713905
139.75373018422897,0.007104607449416264,64446.48875107331,956.7471607938437,915365.1296870811,1.5197352599369016,4.5768256484354054e-105,3.0394705198738032,3.0394705198738032,0.013156839957934485
143.0172658735088,0.006943611892190106,66731.34364353496,990.6672156106735,981421.5320858045,1.5201744818918188,4.907107660429023e-105,3.0403489637836376,3.0403489637836376,0.013449654594545946
146.357011801908,0.006786239675817395,69098.29378362976,1025.8060241037672,1052277.9990875784,1.5206231230472806,5.261389995437892e-105,3.0412462460945613,3.0412462460945613,0.013748748698187097
149.77474763452,0.00663241037168912,71550.33385131933,1062.2080441110352,1128285.928974191,1.521081367006273,5.641429644870954e-105,3.042162734012546,3.042162734012546,0.014054244670848703
153.27229459526117,0.006482045286378448,74090.57011518712,1099.9193900710677,1209822.6646543096,1.5215494000547731,6.0491133232715475e-105,3.0430988001095463,3.0430988001095463,0.014366266703182085
156.85151643735446,0.006335067426462537,76722.22471811646,1138.987896646622,1297293.428707496,1.5220274111629213,6.4864671435374785e-105,3.0440548223258426,3.0440548223258426,0.01468494077528093
160.51432043647614,0.00619140146395441,79448.64013435482,1179.463184892441,1391133.4045166206,1.5225155919838007,6.9556670225831006e-105,3.0450311839676014,3.0450311839676014,0.015010394655867065
164.26265840709303,0.006050973702339283,82273.28380515987,1221.396731074226,1491809.974678805,1.5230141368496963,7.459049873394025e-105,3.0460282736993927,3.0460282736993927,0.015342757899797554
168.0985277425362,0.005913712043209311,85199.75296054545,1264.8419382503778,1599825.1287569727,1.5235232427657328,7.99912564378486e-105,3.0470464855314656,3.0470464855314656,0.015682161843821874
172.0239724793599,0.005779545953490868,88231.77963497226,1309.854210732961,1715718.0533748686,1.5240431094007587,8.578590266874341e-105,3.0480862188015174,3.0480862188015174,0.01602873960050588
176.04108438655524,0.00564840643325805,91373.23588518063,1356.4910315495938,1840067.918674481,1.5245739390753605,9.200339593372405e-105,3.049147878150721,3.049147878150721,0.016382626050240434
180.15200408020237,0.005520225984125822,94628.1392187301,1404.812043033404,1973496.8762516864,1.5251159367468732,9.867484381258432e-105,3.0502318734937464,3.0502318734937464,0.016743957831248713
184.3589221641486,0.005394938578216529,98000.65824218247,1454.8791306737303,2116673.284869949,1.5256693099912602,1.0583366424349746e-104,3.0513386199825203,3.0513386199825203,0.017112873327506772
188.66408039732545,0.005272479627692865,101495.11853827533,1506.7565103663203,2270315.181531291,1.5262342689817234,1.1351575907656456e-104,3.052468537963447,3.052468537963447,0.017489512654482287
193.06977288832496,0.005152785954850566,105116.00878184357,1560.5108192078915,2435194.0168648846,1.5268110264639112,1.2175970084324423e-104,3.0536220529278224,3.0536220529278224,0.017874017642607543
197.57834731786994,0.005035795762763963,108867.98710468551,1616.211209986424,2612138.6752857803,1.527399797727574,1.3060693376428901e-104,3.054799595455148,3.054799595455148,0.01826653181838256
202.19220618983516,0.004921448606477238,112755.88772003278,1673.9294495254273,2802039.8019885,1.5280008005745336,1.40101990099425e-104,3.056001601149067,3.056001601149067,0.018667200383022386
206.913808111479,0.004809685364734511,116784.72781775292,1733.740021047401,3005854.460581442,1.5286142552828088,1.5029272302907214e-104,3.0572285105656176,3.0572285105656176,0.019076170188539132
211.74566910357117,0.004700448212241487,120959.7147419232,1795.7202307292637,3224611.14705036,1.5292403845667517,1.61230557352518e-104,3.0584807691335034,3.0584807691335034,0.01949358971116788
216.69036394111808,0.004593680592451418,125286.25346294032,1859.9503186303493,3459415.187773138,1.5298794135330402,1.7297075938865693e-104,3.0597588270660805,3.0597588270660805,0.01991960902202683
221.75052752539295,0.004489327190868281,129769.95435687095,1926.513574181576,3711454.55150587,1.5305315696323725,1.855727275752935e-104,3.061063139264745,3.061063139264745,0.020354379754915053
226.92885628800764,0.0043873339088597646,134416.64130533463,1995.4964564331153,3982006.10763712,1.5311970826067005,1.99100305381856e-104,3.062394165213401,3.062394165213401,0.020798055071133748
232.22810962777245,0.004287647837972792,139232.360129808,2066.9887192667456,4272442.365575982,1.53187618443185,2.1362211827879908e-104,3.0637523688637,3.0637523688637,0.02125078962123328
237.65111138110728,0.004190217234744311,144223.38737486818,2141.083541788423,4584238.7329172585,1.5325691092553575,2.2921193664586296e-104,3.065138218510715,3.065138218510715,0.021712739503571665
243.2007513267945,0.00409499149599986,149396.23945556438,2217.8776641265495,4918981.333031439,1.5332760933293643,2.4594906665157193e-104,3.0665521866587286,3.0665521866587286,0.02218406221957614
248.87998672586673,0.004001921134632762,154757.6821847828,2297.4715288714788,5278375.42597505,1.533997374938404,2.6391877129875252e-104,3.067994749876808,3.067994749876808,0.02266491662560255
254.691843897454,0.003910957755856511,160314.74069720772,2379.9694284027273,5664254.480131605,1.5347331943219116,2.8321272400658024e-104,3.069466388643823,3.069466388643823,0.023155462881274458
260.63941983143474,0.0038220540339229674,166074.70978724022,2465.479658361642,6078589.945795039,1.5354837935912993,3.03929497289752e-104,3.0709675871825985,3.0709675871825985,0.02365586239419959
266.7258838387403,0.0037351636892992064,172045.1646790182,2554.114677538869,6523501.786019479,1.5362494166414158,3.2617508930097403e-104,3.0724988332828316,3.0724988332828316,0.024166277760943933
272.95447924020016,0.0036502414662956157,178233.97224752995,2645.99127445858,7001269.824510939,1.537030309056238,3.50063491225547e-104,3.074060618112476,3.074060618112476,0.024686872704158702
279.3285250948253,0.0035672431111380305,184649.30271067444,2741.230740954193,7514345.9751522755,1.5378267180086216,3.7571729875761375e-104,3.075653436017243,3.075653436017243,0.025217812005747797
285.85141796844715,0.0034861253504767306,191299.64181303603,2839.959053043884,8065367.422965915,1.5386388921539447,4.032683711482958e-104,3.0772777843078893,3.0772777843078893,0.025759261435963188
292.52663374366415,0.0034068458703249965,198193.8035231072,2942.307059428551,8657170.831963087,1.539467081517486,4.328585415981543e-104,3.078934163034972,3.078934163034972,0.026311387678324083
299.357729472049,0.003329363295420233,205340.94326667712,3048.4106779494823,9292807.661436424,1.5403115373753697,4.6464038307182114e-104,3.0806230747507395,3.0806230747507395,0.026874358250246422
306.3483452696084,0.0032536371690005104,212750.5717201659,3158.4111003587573,9975560.678869415,1.541172512128925,4.987780339434708e-104,3.08234502425785,3.08234502425785,0.02744834141928343
313.5022062565112,0.0031796279329894105,220432.56918878725,3272.4550057717825,10708961.764800796,1.5420502591722989,5.354480882400398e-104,3.0841005183445978,3.0841005183445978,0.02803350611486599
320.8231245421074,0.003107296908582341,228397.2005955539,3390.6947831881516,11496811.112739347,1.5429450327531713,5.748405556369672e-104,3.0858900655063426,3.0858900655063426,0.028630021835447605
328.315001256304,0.0030366062772272727,236655.13110836656,3513.288763485252,12343197.93563173,1.54385708782643,6.171598967815864e-104,3.08771417565286,3.08771417565286,0.029238058550953294
335.9818286283781,0.002967519061993088,245217.44243367953,3640.401461307594,13252522.799490467,1.5447866799006529,6.626261399745235e-104,3.0895733598013058,3.0895733598013058,0.029857786600435254
343.8276921143307,0.0028999991093187523,254095.64980655618,3772.20382729448,14229521.714655124,1.5457340648772713,7.114760857327561e-104,3.0914681297545425,3.0914681297545425,0.030489376584847516
351.8567725739259,0.0028340110711364995,263301.7197083299,3908.87351110941,15279292.125852806,1.5466994988822753,7.639646062926404e-104,3.0933989977645506,3.0933989977645506,0.031132999254850136
360.073348498562,0.002769520387362466,272848.0883445113,4050.595135755809,16407320.953808624,1.5476832380903427,8.203660476904311e-104,3.0953664761806854,3.0953664761806854,0.03178882539356187
368.48179829116765,0.0027064932687481313,282747.68091712455,4197.560583686529,17619514.853718795,1.548685538541275,8.809757426859396e-104,3.09737107708255,3.09737107708255,0.032457025694183406
377.08660259934516,0.0026448966800859926,293013.93172724755,4349.969295238236,18922232.86951543,1.549706655948635,9.461116434757714e-104,3.09941331189727,3.09941331189727,0.0331377706324234
385.8923467029899,0.0025846983237631255,303660.8051451801,4508.02857994626,20322321.677612294,1.5507468455004862,1.0161160838806146e-103,3.1014936910009725,3.1014936910009725,0.033831230333657425
394.90372295766934,0.00252586662365618,314702.8174874358,4671.953941321791,21827153.629832216,1.5518063616521516,1.0913576814916106e-103,3.103612723304303,3.103612723304303,0.03453757443476779
404.12553329506005,0.002468370709361541,326155.05984157097,4841.969415700281,23444667.82257692,1.5528854579109186,1.1722333911288463e-103,3.105770915821837,3.105770915821837,0.03525697194061239
413.5626917817706,0.0024121804007544625,338033.22188177746,5018.307925798359,25183414.438130625,1.5539843866126226,1.2591707219065314e-103,3.1079687732252452,3.1079687732252452,0.03598959107508182
423.2202272379271,0.0023572661928709555,350353.616720202,5201.211649646704,27052602.624420594,1.5551033986900618,1.3526301312210294e-103,3.1102067973801235,3.1102067973801235,0.03673559912670776
433.1032859169001,0.002303599241106479,363133.20684101613,5390.932405597033,29062152.20171621,1.5562427434332198,1.4531076100858104e-103,3.1124854868664396,3.1124854868664396,0.03749516228881311
443.21713424760856,0.002251151346725396,376389.6311665011,5587.732054134517,31222749.508802354,1.5574026682412594,1.5611374754401173e-103,3.114805336482519,3.114805336482519,0.038268445494172854
453.5671616408702,0.0021998949426752647,390141.2333067208,5791.882917261294,33545907.7272632,1.5585834183663005,1.6772953863631596e-103,3.117166836732601,3.117166836732601,0.03905561224420029
464.1588833612773,0.002149803079700243,404407.09104674053,6003.6682162520865,36044032.05083551,1.55978523664899,1.8022016025417754e-103,3.11957047329798,3.11957047329798,0.03985682443266003
474.99794346614027,0.0021008494127477974,419207.0471279263,6223.382528621234,38730490.09754803,1.5610083632459018,1.9365245048774012e-103,3.1220167264918035,3.1220167264918035,0.0406722421639345
486.09011781306305,0.002053008187663095,434561.7413824888,6451.332265179466,41619687.99574562,1.5622530353488164,2.0809843997872812e-103,3.124506070697633,3.124506070697633,0.04150202356587762
497.44131713774516,0.002006254228165536,450492.6442832149,6687.836168099983,44727152.61134627,1.5635194868959592,2.236357630567313e-103,3.1270389737919184,3.1270389737919184,0.04234632459730614
509.0575902036676,0.0019605629231018735,467022.0919732713,6933.225830957115,48069620.42305098,1.5648079482752906,2.403481021152549e-103,3.129615896550581,3.129615896550581,0.04320529885019364
520.9451270253212,0.0019159102139706093,484173.3228439693,7187.8462417453875,51665133.594973296,1.5661186460199692,2.583256679748664e-103,3.1322372920399384,3.1322372920399384,0.04407909734664606
533.1102621667033,0.0018722725827123054,501970.5157316095,7452.05634993482,55533143.84260387,1.5674518024961281,2.776657192130193e-103,3.1349036049922563,3.1349036049922563,0.04496786833075217
545.5594781168514,0.001829627039760539,520438.8298078802,7726.229658668056,59694624.7384819,1.5688076355831406,2.984731236924095e-103,3.1376152711662813,3.1376152711662813,0.04587175705542701
558.2994087441914,0.0017879511123484368,539604.4462417419,8010.7548432562635,64172193.158753686,1.5701863583465567,3.2086096579376845e-103,3.1403727166931135,3.1403727166931135,0.046790905564371155
571.3368428315569,0.0017472228330656459,559494.6117144551,8306.036397186092,68990240.6313801,1.5715881787039465,3.4495120315690054e-103,3.143176357407893,3.143176357407893,0.0477254524692976
584.6787276937589,0.0017074207286607863,580137.6838732256,8612.495306906556,74175075.41148746,1.5730132990838852,3.7087537705743725e-103,3.1460265981677704,3.1460265981677704,0.048675532722590065
598.3321728796283,0.0016685238090844877,601563.1788129677,8930.56975672458,79755076.17972372,1.5744619160783722,3.9877538089861867e-103,3.1489238321567443,3.1489238321567443,0.04964127738558144
612.3044539605178,0.0016305115567681434,623801.820679936,9260.71586520095,85760858.33598457,1.5759342200889814,4.288042916799229e-103,3.151868440177963,3.151868440177963,0.05062281339265429
626.6030164072656,0.0015933639161336945,646885.5934953453,9603.408454503346,92225453.94402634,1.5774303949670876,4.611272697201317e-103,3.154860789934175,3.154860789934175,0.0516202633113918
641.2354795576917,0.0015570612833297548,670847.7953017618,9959.141854242307,99184506.47292091,1.578950617648535,4.959225323646044e-103,3.15790123529707,3.15790123529707,0.0526337450990233
656.2096406767555,0.0015215844961894644,695723.0947399078,10328.43074138818,106676481.57965238,1.5804950577831571,5.33382407898262e-103,3.1609901155663143,3.1609901155663143,0.05366337185543801
671.5334791115134,0.001486914824405625,721547.5901685399,10711.811017941507,114742895.28409307,1.5820638773595725,5.737144764204654e-103,3.164127754719145,3.164127754719145,0.05470925157304829
687.2151605431108,0.0014530339599186418,748358.8714454417,11109.84072810929,123428561.00395595,1.5836572303257355,6.171428050197798e-103,3.167314460651471,3.167314460651471,0.05577148688382372
703.2630413380643,0.0014199240075129461,776196.0844930988,11523.101016821538,132781857.04387356,1.5852752622057367,6.639092852193678e-103,3.1705505244114733,3.1705505244114733,0.05685017480382437
719.6856730011514,0.0013875674756176294,805099.9987784562,11952.197131509149,142855016.2704555,1.5869181097133904,7.142750813522776e-103,3.173836219426781,3.173836219426781,0.05794540647559354
736.4918067322958,0.001355947267307056,835113.0778423056,12397.75946915537,153704439.8550316,1.5885859003631861,7.685221992751582e-103,3.1771718007263723,3.1771718007263723,0.05905726690879076
753.6903980898542,0.001325046671497388,866279.5530201636,12860.444670726894,165391037.12882778,1.5902787520791926,8.26955185644139e-103,3.180557504158385,3.180557504158385,0.060185834719461706
771.2906117627992,0.0012948493543349447,898645.500503263,13340.936765190958,177980593.77282378,1.5919967728025726,8.899029688641189e-103,3.183993545605145,3.183993545605145,0.06133118186838171
789.3018264543567,0.001265339350772403,932258.9218952924,13839.948365428925,191544170.7577388,1.5937400600983693,9.57720853788694e-103,3.1874801201967387,3.1874801201967387,0.06249337339891281
807.7336398796702,0.0012365010563289884,967169.8284277889,14358.2219184648,206158536.659883,1.5955087007622715,1.0307926832994148e-102,3.191017401524543,3.191017401524543,0.06367246717484765
826.5958738801795,0.0012083192190307868,1003430.3290048557,14896.531012542395,221906636.20763737,1.597302770428102,1.1095331810381868e-102,3.194605540856204,3.194605540856204,0.06486851361873458
845.89857965743,0.001180778931527432,1041094.7222558858,15455.681743703768,238878098.16265795,1.5991223331768014,1.1943904908132895e-102,3.198244666353603,3.198244666353603,0.06608155545120087
865.6520431290936,0.0011538656233814975,1080219.592783382,16036.514144646406,257169785.91144425,1.600967441147706,1.285848929557221e-102,3.201934882295412,3.201934882295412,0.06731162743180397
885.8667904100814,0.00112756505352693,1120863.9118018667,16639.903678768806,276886394.4387036,1.6028381341529634,1.384431972193518e-102,3.205676268305927,3.205676268305927,0.0685587561019756
906.5535934216358,0.0011018633028930282,1163089.142372995,17266.762802449448,298141097.6760519,1.6047344392959448,1.4907054883802593e-102,3.2094688785918897,3.2094688785918897,0.06982295953062989
927.7234756314059,0.0010767467671904554,1206959.3494517456,17918.042598749194,321056250.5705908,1.6066563705945514,1.6052812528529538e-102,3.2133127411891027,3.2133127411891027,0.07110424706303431
949.387717927582,0.0010522021498558531,1252541.3149687154,18594.734485877605,345764150.6002859,1.60860392861033,1.7288207530014291e-102,3.21720785722066,3.21720785722066,0.07240261907355339
971.5578646301848,0.0010282164551517457,1299904.6581840212,19297.872003919554,372407863.87966216,1.6105771000843487,1.8620393193983105e-102,3.2211542001686975,3.2211542001686975,0.07371806672289916
994.2457296427398,0.001004776981418415,1349121.9615595632,20028.532683485202,401142121.4534349,1.6125758575808002,2.005710607267175e-102,3.2251517151616005,3.2251517151616005,0.07505057172053342
1017.4634027476063,0.000981871314474535,1400268.9024079423,20787.84000011791,432134291.8705022,1.6146001591393142,2.160671459352511e-102,3.2292003182786284,3.2292003182786284,0.07640010609287606
1041.2232560483044,0.0009594873211634155,1453424.390588495,21576.96541847528,465565436.6700781,1.616649947936998,2.32782718335039e-102,3.233299895873996,3.233299895873996,0.0777666319579986
1065.537950562304,0.0009376131430417232,1508670.7125337424,22397.130530489052,501631455.99976474,1.6187251519612211,2.508157279998824e-102,3.2374503039224423,3.2374503039224423,0.07915010130748068
1090.4204429677527,0.0009162371902076844,1566093.6819027471,23249.60929190539,540544332.2262535,1.6208256836941832,2.7027216611312675e-102,3.2416513673883665,3.2416513673883665,0.08055045579612208
1115.883992507748,0.0008953481352657696,1625782.79717194,24135.73036181621,582533480.0982969,1.6229514398103129,2.912667400491484e-102,3.2459028796206257,3.2459028796206257,0.0819676265402085
1141.9421680558648,0.000874934907424924,1687831.4064886514,25056.87955000967,627847212.7836928,1.6251023008875471,3.1392360639184642e-102,3.2502046017750943,3.2502046017750943,0.08340153392503136
1168.6088553466498,0.0008549866867275206,1752336.8801277042,26014.50237719276,676754333.9329677,1.6272781311335578,3.3837716696648386e-102,3.2545562622671156,3.2545562622671156,0.08485208742237194
1195.8982643749769,0.0008354928984062003,1819400.7909076663,27010.106753379845,729545866.8289756,1.6294787781279747,3.6477293341448776e-102,3.2589575562559494,3.2589575562559494,0.0863191854186498
1223.8249369681923,0.0008164432073658614,1889129.1029400176,28045.265779988385,786536932.6701876,1.6317040725816632,3.932684663350937e-102,3.2634081451633263,3.2634081451633263,0.08780271505444204
1252.4037545350718,0.0007978275127881139,1961632.3691020545,29121.6206814438,848068791.1138954,1.6339538281141037,4.240343955569477e-102,3.2679076562282074,3.2679076562282074,0.08930255207606907
1281.649945995757,0.0007796359428555327,2037025.9376428826,30240.883872370585,914511057.3822033,1.636227841049907,4.572555286911017e-102,3.272455682099814,3.272455682099814,0.09081856069993788
1311.5790958968503,0.0007618588495931567,2115430.1683508856,31404.8421667293,986264111.5171788,1.6385258902354864,4.931320557585893e-102,3.277051780470973,3.277051780470973,0.09235059349032437
1342.207152716012,0.0007444868038246856,2196970.6587313926,32615.360135561055,1063761716.7723453,1.6408477368768875,5.318808583861726e-102,3.281695473753775,3.281695473753775,0.09389849125125838
1373.5504373605122,0.0007275105902408756,2281778.48066439,33874.383620314584,1147473865.6562371,1.6431931243997477,5.737369328281185e-102,3.2863862487994955,3.2863862487994955,0.09546208293316516
1405.6256518642135,0.000710921202577737,2369990.4280340225,35183.943409056155,1237909873.8116663,1.6455617783323404,6.18954936905833e-102,3.291123556664681,3.291123556664681,0.0970411855548936
1438.44988828766,0.0006947098389021235,2461749.275845001,36546.15908320963,1335621743.7352662,1.6479534062126073,6.678108718676329e-102,3.2959068124252147,3.2959068124252147,0.09863560414173822
1472.0406378260013,0.0006788678970023922,2557204.0513651157,37963.24304283129,1441207822.3290782,1.6503676975200638,7.206039111645392e-102,3.3007353950401277,3.3007353950401277,0.10024513168004257
1506.4158001295912,0.000663386969881854,2656510.317858413,39437.504718800665,1555316778.4454248,1.6528043236334091,7.776583892227122e-102,3.3056086472668182,3.3056086472668182,0.10186954908893942
1541.5936928422702,0.0006482588413527564,2759830.4715002975,40971.35498070513,1678651928.954951,1.6552629378146249,8.393259644774755e-102,3.3105258756292497,3.3105258756292497,0.1035086252097499
1577.5930613623614,0.0006334754817286334,2867334.0520933494,42567.31074960436,1811975944.453383,1.657743175220303,9.059879722266914e-102,3.315486350440606,3.315486350440606,0.10516211681353527
1614.433088831602,0.0006190290436128632,2979198.0682319608,44227.99982529633,1956115968.546412,1.6602446529408799,9.78057984273206e-102,3.3204893058817597,3.3204893058817597,0.10682976862725324
1652.1334063573684,0.0006049118577813215,3095607.3375944006,45956.16593815915,2111969187.7356195,1.662766970068397,1.0559845938678097e-101,3.325533940136794,3.325533940136794,0.10851131337893127
1690.7141034735782,0.0005911164291570963,3216754.843072543,47754.67403611257,2280508892.295364,1.6653097077933428,1.140254446147682e-101,3.3306194155866855,3.3306194155866855,0.11020647186222843
1730.195738845891,0.0005776354328752301,3342842.1054831953,49626.5158177434,2462791072.208736,1.6678724295310638,1.2313955361043678e-101,3.3357448590621277,3.3357448590621277,0.1119149530207093
1770.599351226898,0.0005644617104355243,3474079.5736397826,51574.81552315592,2659961596.247565,1.670454681078161,1.3299807981237823e-101,3.340909362156322,3.340909362156322,0.11363645405210732
1811.9464706671222,0.0005515882659414777,3610687.0325997,53602.835994651134,2873264026.669467,1.6730559907992046,1.436632013334734e-101,3.3461119815984093,3.3461119815984093,0.1153706605328031
1854.2591299878504,0.0005390082624234538,3752894.0309412475,55713.98501991163,3104048126.798938,1.6756758698440277,1.552024063399469e-101,3.3513517396880554,3.3513517396880554,0.11711724656268507
1897.5598765218504,0.000526715018244246,3900940.327963776,57911.82197095867,3353779123.9960113,1.67831381239578,1.6768895619980055e-101,3.35662762479156,3.35662762479156,0.11887587493051988
1941.8717841282548,0.0005147020035852181,4055076.3617470334,60200.06475277663,3624047796.2384987,1.6809692959498195,1.8120238981192496e-101,3.361938591899639,3.361938591899639,0.12064619729987958
1987.2184654880534,0.0005029628370112373,4215563.739049715,62582.59707615373,3916581456.796206,1.6836417816234595,1.958290728398103e-101,3.367283563246919,3.367283563246919,0.12242785441563964
2033.6240846866704,0.0004914912821126851,4382675.748072922,65063.476069966186,4233255918.3070626,1.6863307144964639,2.1166279591535312e-101,3.3726614289929278,3.3726614289929278,0.12422047633097599
2081.1133700903906,0.0004802812442228288,4556697.895162914,67646.94024885561,4576108525.03224,1.6890355239821224,2.2880542625161207e-101,3.378071047964245,3.378071047964245,0.12602368265474828
2129.711627523478,0.00046932676720889635,4737928.466577792,70337.41785299571,4947352350.22692,1.691755624228623,2.47367617511346e-101,3.383511248457246,3.383511248457246,0.12783708281908202
2179.4447537529836,0.00045862203033523275,4926679.116495613,73139.53557742893,5349391664.481994,1.6944904145503534,2.6746958322409966e-101,3.388980829100707,3.388980829100707,0.12966027636690236
2230.339250288494,0.00044816134519692967,5123275.482497128,76058.1277092804,5784838790.641207,1.6972392798886595,2.8924193953206024e-101,3.394478559777319,3.394478559777319,0.13149285325910642
2282.4222375040977,0.00043793915272238626,5328057.829813792,79098.24569200998,6256532471.553575,1.7000015913015065,3.128266235776787e-101,3.400003182603013,3.400003182603013,0.13333439420100435
2335.7214690901214,0.00042795002024326954,5541381.725692825,82265.16813676998,6767557888.571035,1.7027767064813693,3.3837789442855174e-101,3.4055534129627385,3.4055534129627385,0.13518447098757957
2390.2653468423896,0.00041818863863037065,5763618.745294737,85564.41130188148,7321268481.437544,1.705563970300613,3.660634240718772e-101,3.411127940601226,3.411127940601226,0.13704264686707535
2446.0829357967955,0.00040864981949391497,5995157.210604751,89001.74006242208,7921309734.138947,1.7083627153835048,3.9606548670694736e-101,3.4167254307670096,3.4167254307670096,0.13890847692233654
2503.20397971732,0.0003993284924468821,6236402.963909945,92583.17939296237,8571645106.509453,1.711172262703917,4.285822553254726e-101,3.422344525407834,3.422344525407834,0.14078150846927806
2561.658916945727,0.00039021970242994236,6487780.177466472,96315.02638756638,9276584308.037607,1.7139919222076927,4.6382921540188043e-101,3.4279838444153854,3.4279838444153854,0.14266128147179513
2621.478896621353,0.00038131860709664467,6749732.2010576995,100203.86284230552,10040814128.519577,1.7168209934585543,5.0204070642597884e-101,3.4336419869171086,3.4336419869171086,0.14454732897236955
2682.695795279722,0.00037262047425750425,7022722.449224615,104256.56842673122,10869432060.11769,1.7196587663063474,5.4347160300588433e-101,3.439317532612695,3.439317532612695,0.14643917753756486
2745.342233838714,0.000364120679381697,7307235.33003277,108480.33447198292,11767982967.153284,1.7225045215763377,5.883991483576641e-101,3.4450090431526754,3.4450090431526754,0.14833634771755855
2809.4515949814063,0.00035581470315506925,7603777.217328592,112882.67840452185,12742499083.778706,1.7253575317781982,6.371249541889352e-101,3.4507150635563963,3.4507150635563963,0.15023835451879886
2875.058040944877,0.00034769812909320424,7912877.468529688,117471.45885584454,13799543645.720375,1.7282170618332466,6.899771822860188e-101,3.4564341236664933,3.4564341236664933,0.15214470788883117
2942.196531724371,0.00033976664120833147,8235089.49008941,122254.89147994967,14946258490.77427,1.7310823698184394,7.473129245387136e-101,3.462164739636879,3.462164739636879,0.15405491321229303
3010.9028437025863,0.00033201602172886895,8570991.852877488,127241.5655118392,16190415993.903667,1.7339527077255394,8.095207996951834e-101,3.467905415451079,3.467905415451079,0.15596847181702622
3081.213588714002,0.00032444214887042655,8921189.459823698,132440.46110189575,17540475736.88276,1.7368273222338488,8.77023786844138e-101,3.4736546444676977,3.4736546444676977,0.15788488148923263
3153.1662335543615,0.00031704099465712743,9286314.768281834,137860.9674626163,19005646349.728554,1.739705455494823,9.502823174864276e-101,3.479410910989646,3.479410910989646,0.15980363699654876
3226.799119945805,0.0003098086227921117,9667029.069687858,143512.9018659124,20595953001.975,1.742586345926845,1.02979765009875e-100,3.48517269185369,3.48517269185369,0.16172423061789654
3302.1514849681753,0.0003027411865761387,10064023.82920598,149406.52953096764,22322311066.487907,1.7454692290184004,1.1161155533243954e-100,3.490938458036801,3.490938458036801,0.16364615267893368
3379.2634819674313,0.0002958349268732049,10478022.08818443,155552.5844445432,24196606527.376747,1.7483533381378613,1.2098303263688372e-100,3.4967066762757226,3.4967066762757226,0.16556889209190762
3458.176201952377,0.00028908617012212177,10909779.932375466,161962.29115759302,26231783757.016937,1.7512379053480602,1.3115891878508468e-100,3.5024758106961205,3.5024758106961205,0.1674919368987069
3538.9316954909846,0.00028249132639303684,11360088.029012542,168647.38760410543,28441941345.689373,1.7541221622238141,1.422097067284469e-100,3.5082443244476282,3.5082443244476282,0.16941477481587608
3621.5729951180674,0.0002760468874878829,11829773.235984316,175620.14899026597,30842436731.363213,1.757005340670556,1.5421218365681606e-100,3.514010681341112,3.514010681341112,0.17133689378037054
3706.144138266228,0.0002697494250837746,12319700.286497325,182893.4128042952,33450000447.202328,1.7598866737422179,1.6725000223601166e-100,3.5197733474844357,3.5197733474844357,0.17325778249481183
3792.690190732246,0.0002635955889183938,12830773.552778777,190480.60499968493,36282860881.046,1.7627653964565118,1.8141430440522998e-100,3.5255307929130235,3.5255307929130235,0.17517693097100784
3881.257270691532,0.0002575821050164132,13363938.892539302,198395.76740705615,39360880525.03472,1.7656407466057786,1.968044026251736e-100,3.5312814932115573,3.5312814932115573,0.17709383107051901
3971.892573273302,0.00025170577395605014,13920185.582089283,206653.58643244184,42705704785.39071,1.768511965561575,2.1352852392695356e-100,3.53702393112315,3.53702393112315,0.17900797704104998
4064.6443957096276,0.00024596346917484343,14500548.340187201,215269.4231025416,46340924522.90107,1.7713782990711995,2.317046226145054e-100,3.542756598142399,3.542756598142399,0.18091886604746632
4159.562163071842,0.0002403521353137712,15106109.446890732,224259.34452034935,50292253604.69675,1.7742389980443936,2.5146126802348366e-100,3.548477996088787,3.548477996088787,0.18282599869626237
4256.696454607867,0.0002348687865988558,15738000.961881336,233640.15679752576,54587722868.37243,1.7770933193284943,2.7293861434186206e-100,3.5541866386569887,3.5541866386569887,0.18472887955232964
4356.099030694599,0.00022951050525940933,16397407.046945518,243429.43953303917,59257892031.369576,1.7799405264703354,2.9628946015684785e-100,3.559881052940671,3.559881052940671,0.18662701764689027
4457.822860419707,0.00022427443998209666,17085566.397515923,253645.58191086582,64336081222.90174,1.7827798904632859,3.2168040611450874e-100,3.5655597809265718,3.5655597809265718,0.188519926975524
4561.9221498074585,0.00021915780440001523,17803774.78840633,264307.8204929681,69858623973.74303,1.7856106904778242,3.4929311986871515e-100,3.5712213809556483,3.5712213809556483,0.1904071269852161
4668.452370703785,0.00021415787561599624,18553387.73911835,275436.2787873864,75865143672.24286,1.788432214574152,3.793257183612143e-100,3.576864429148304,3.576864429148304,0.19228814304943476
4777.470290335773,0.00020927199275936738,19335823.30434877,287052.00867501146,82398855684.35884,1.7912437603953824,4.1199427842179427e-100,3.5824875207907647,3.5824875207907647,0.19416250693025483
4889.034001561443,0.00020449755557541905,20152564.995594103,299177.0337825728,89506897542.93869,1.794044635839938,4.4753448771469344e-100,3.588089271679876,3.588089271679876,0.1960297572266254
5003.202953825999,0.00019983202304683562,21005164.840026833,311834.39489351,97240689838.60153,1.7968341597118471,4.862034491930076e-100,3.5936683194236942,3.5936683194236942,0.19788943980789808
5120.037984840882,0.0001952729120463791,21895246.58310746,325048.19749268796,105656330693.24548,1.7996116623477276,5.282816534662275e-100,3.5992233246954553,3.5992233246954553,0.19974110823181834
5239.601353002634,0.0001908177960201159,22824509.04170352,338843.6615454798,114815026969.54764,1.8023764862193148,5.740751348477382e-100,3.6047529724386296,3.6047529724386296,0.20158432414620986
5361.956770568817,0.00018646430370050063,23794729.61480497,353247.1736164633,124783565668.01978,1.8051279865104912,6.239178283400989e-100,3.6102559730209824,3.6102559730209824,0.20341865767366074
5487.169437608599,0.000182210117848646,24807767.959259808,368286.3414379425,135634829289.74477,1.8078655316678518,6.781741464487238e-100,3.6157310633357036,3.6157310633357036,0.20524368777856794
5615.306076746267,0.00017805297402511525,25865569.838305548,383990.0510437284,147448359300.56516,1.8105885039239475,7.372417965028258e-100,3.621177007847895,3.621177007847895,0.2070590026159651
5746.434968715974,0.00017399065938860175,26970171.151036512,400388.52658902184,160310972224.12787,1.8132962997924253,8.015548611206391e-100,3.6265925995848507,3.6265925995848507,0.20886419986161697
5880.625988746757,0.0001700210115218628,28123702.151333034,417513.3929829726,174317433320.1541,1.8159883305343918,8.715871666007706e-100,3.6319766610687836,3.6319766610687836,0.2106588870229278
6017.950643797328,0.00016614191728429005,29328391.865181573,435397.7414664723,189571193274.10504,1.818664022595418,9.47855966370525e-100,3.637328045190836,3.637328045190836,0.2124426817302787
6158.482110660254,0.00016235131169052246,30586572.71573301,454076.1982739461,206185193838.92004,1.8213228180126992,1.0309259691946003e-99,3.6426456360253985,3.6426456360253985,0.21421521200846616
6302.295274956011,0.00015864717681450814,31900685.36589117,473584.9965245126,224282748933.1226,1.823964174791977,1.121413744665613e-99,3.647928349583954,3.647928349583954,0.21597611652798476
6449.466771037621,0.00015502754071844326,33273283.788683534,493962.05149470805,243998508316.86063,1.8265875672539373,1.219992541584303e-99,3.6531751345078747,3.6531751345078747,0.21772504483595823
6600.075022827088,0.00015149047640602683,34707040.57615018,515247.0394321583,265479511643.6041,1.8291924863498734,1.3273975582180205e-99,3.658384972699747,3.658384972699747,0.2194616575665822
6754.20028560558,0.00014803410079947815,36204752.49799584,537481.4800771354,288886341425.9081,1.831778439946517,1.4444317071295404e-99,3.663556879893034,3.663556879893034,0.22118562663101127
6911.924688779365,0.00014465657373978607,37769346.32177672,560708.8230667565,314394384264.90717,1.8343449530800147,1.5719719213245358e-99,3.6686899061600293,3.6686899061600293,0.22289663538667637
7073.332279644439,0.00014135609700966162,39403884.90695298,584974.5384048838,342195210582.0069,1.836891568179126,1.7109760529100344e-99,3.673783136358252,3.673783136358252,0.22459437878608401
7238.509068173247,0.000138130913378679,41111573.5857196,610326.211189424,372498084064.8374,1.8394178452578005,1.862490420324187e-99,3.678835690515601,3.678835690515601,0.22627856350520026
7407.543072847155,0.00013497930567010836,42895766.84413462,636813.640797723,405531613106.0513,1.8419233620773792,2.0276580655302567e-99,3.6838467241547583,3.6838467241547583,0.22794890805158619
7580.524367559246,0.00013189959584894594,44759975.317705795,664488.944740288,441545557682.0614,1.8444077142787396,2.207727788410307e-99,3.6888154285574792,3.6888154285574792,0.229605142852493
7757.545129612414,0.00012889014413066332,46707873.116263546,693406.6674029623,480812806398.8825,1.8468705154847886,2.404064031994412e-99,3.6937410309695773,3.6937410309695773,0.2312470103231925
7938.699688838224,0.00012594934811020856,48743305.49364677,723623.8939080577,523631539834.66,1.8493113973737727,2.6181576991732994e-99,3.6986227947475454,3.6986227947475454,0.2328742649158484
8124.084577862957,0.00012307564191079695,50870296.87846543,755200.3693358882,570327597845.062,1.8517300097239502,2.85163798922531e-99,3.7034600194479004,3.7034600194479004,0.23448667314930005
8313.798583547334,0.00012026749535204869,53093059.28296528,788198.6235594609,621257070181.0287,1.854126020430233,3.1062853509051433e-99,3.708252040860466,3.708252040860466,0.2360840136201554
8507.942799627444,0.00011752341313703319,55416001.10782874,822684.1019570774,676809131612.9229,1.8564991154934636,3.384045658064614e-99,3.712998230986927,3.712998230986927,0.23766607699564246
8706.620680585118,0.00011484193405778947,57843736.36158848,858725.302280114,737409144776.0731,1.85884899898306,3.687045723880366e-99,3.71769799796612,3.71769799796612,0.23923266598870674
8909.938096776097,0.00011222163021890946,60381094.31420642,896393.9179662473,803522056166.8794,1.8611753929737958,4.017610280834396e-99,3.7223507859475915,3.7223507859475915,0.2407835953158639
9118.003390845663,0.00010966110627877107,63033129.605300404,935764.9882022032,875656113145.0695,1.8634780374575501,4.378280565725348e-99,3.7269560749151003,3.7269560749151003,0.24231869163836683
9330.927435461663,0.00010715899870802293,65805132.82846429,976917.0550543986,954366932456.1589,1.8657566902308902,4.771834662280794e-99,3.7315133804617804,3.7315133804617804,0.2438377934872602
9548.823692395657,0.00010471397506493035,68702641.61413956,1019932.3280008842,1040261953701.3032,1.8680111267593964,5.201309768506515e-99,3.736022253518793,3.736022253518793,0.24534075117293086
9771.808272983888,0.00010232473328719817,71731452.23456126,1064896.8562137955,1134005314374.025,1.8702411400196701,5.6700265718701255e-99,3.7404822800393402,3.7404822800393402,0.24682742667978008
10000.0,9.999000099990002e-05,74897631.75540459,1111900.7089579066,1236323186581.0952,1.8724465403199952,6.181615932905477e-99,3.7448930806399905,3.7448930806399905,0.24829769354666342
